antecedente,consecuente,contador
freq ceros=1 ^ freq unos=1 ^ freq dos=1 ^ width=1 ^ simetria=1 ^ actividad=1 ^ transitoriedad=2,entropia=1,1
freq dos=1 ^ width=2 ^ actividad=1 ^ transitoriedad=1,entropia=1,1
freq unos=1 ^ freq dos=1,width=1 ^ simetria=1 ^ actividad=1 ^ entropia=1 ^ transitoriedad=2,1
freq dos=1 ^ width=2 ^ transitoriedad=1 ^ time entropy=1,pasos=1 ^ entropia=1,1
sensitividad=4,freq ceros=1 ^ freq unos=1 ^ freq dos=1 ^ actividad=1 ^ transitoriedad=2,1
freq ceros=1 ^ freq unos=1 ^ freq dos=1 ^ actividad=1 ^ transitoriedad=2,width=1,2
freq ceros=1 ^ freq unos=1 ^ width=2 ^ simetria=1,pasos=1 ^ actividad=5 ^ transitoriedad=2 ^ time entropy=1,1
simetria=2,freq ceros=1 ^ width=1 ^ pasos=1 ^ actividad=1 ^ entropia=1 ^ transitoriedad=2 ^ time entropy=1,1
freq unos=1 ^ width=2 ^ entropia=1 ^ transitoriedad=1,pasos=1 ^ simetria=2,1
freq ceros=1 ^ freq unos=1 ^ freq dos=1 ^ width=1 ^ simetria=1 ^ actividad=1 ^ entropia=1 ^ transitoriedad=2,time entropy=1,1
width=1,freq ceros=1 ^ freq unos=1 ^ freq dos=1 ^ actividad=1 ^ transitoriedad=2 ^ time entropy=1,1
width=2 ^ actividad=1 ^ transitoriedad=1 ^ time entropy=1,entropia=1,1
entropia=1,freq unos=1 ^ freq dos=1 ^ width=1 ^ actividad=1 ^ transitoriedad=2,1
freq unos=1 ^ freq dos=1 ^ width=2 ^ simetria=1 ^ transitoriedad=2,freq ceros=1 ^ actividad=5 ^ entropia=1 ^ time entropy=1,1
width=2 ^ actividad=1 ^ transitoriedad=1,time entropy=1,1
freq ceros=1 ^ freq unos=1 ^ freq dos=1 ^ width=1 ^ actividad=1 ^ transitoriedad=2,time entropy=1,1
width=2 ^ actividad=1 ^ transitoriedad=1,freq ceros=1 ^ entropia=1,1
freq unos=1 ^ freq dos=1 ^ width=1 ^ simetria=1 ^ actividad=1 ^ transitoriedad=2,freq ceros=1 ^ entropia=1 ^ time entropy=1,2
freq unos=1 ^ freq dos=1 ^ width=1 ^ simetria=1 ^ actividad=1 ^ entropia=1 ^ transitoriedad=2,freq ceros=1 ^ time entropy=1,2
freq ceros=1 ^ freq unos=1 ^ freq dos=1 ^ actividad=1 ^ transitoriedad=2,pasos=1 ^ entropia=1 ^ time entropy=1,2
freq unos=1 ^ freq dos=1 ^ width=1 ^ actividad=1 ^ transitoriedad=2,freq ceros=1 ^ pasos=1 ^ entropia=1 ^ time entropy=1,3
freq ceros=3 ^ freq unos=1 ^ freq dos=5 ^ pasos=1 ^ actividad=4 ^ transitoriedad=1 ^ time entropy=4,sensitividad=4,1
freq unos=1 ^ width=2 ^ transitoriedad=1 ^ time entropy=1,pasos=1,1
width=2 ^ actividad=1 ^ entropia=1 ^ transitoriedad=1,time entropy=4,1
width=2 ^ entropia=1 ^ transitoriedad=1,simetria=1 ^ actividad=1 ^ time entropy=1,1
freq unos=1 ^ width=2 ^ actividad=1 ^ transitoriedad=1 ^ time entropy=1,entropia=1,1
freq ceros=1 ^ freq unos=1 ^ freq dos=1 ^ actividad=1 ^ transitoriedad=2,simetria=1 ^ entropia=1 ^ time entropy=1,1
freq unos=1 ^ freq dos=1 ^ simetria=1 ^ actividad=1 ^ transitoriedad=2,width=1 ^ entropia=1,1
freq ceros=1 ^ width=2 ^ transitoriedad=1,pasos=2,2
freq unos=1 ^ freq dos=1 ^ width=2 ^ transitoriedad=1 ^ time entropy=1,freq ceros=1 ^ entropia=1,1
freq ceros=1 ^ width=4 ^ actividad=1 ^ entropia=1 ^ transitoriedad=1,pasos=1,1
freq ceros=1 ^ freq unos=1 ^ simetria=1 ^ actividad=1 ^ entropia=1 ^ transitoriedad=2,width=1,1
freq ceros=1 ^ freq unos=1 ^ freq dos=1 ^ actividad=1 ^ entropia=1 ^ transitoriedad=2,width=1 ^ simetria=2 ^ time entropy=1,1
freq unos=1 ^ width=2 ^ actividad=1 ^ transitoriedad=1 ^ time entropy=1,entropia=1 ^ sensitividad=1,1
freq ceros=1 ^ freq unos=1 ^ freq dos=1 ^ width=1 ^ actividad=1 ^ transitoriedad=2,pasos=1 ^ entropia=1 ^ time entropy=1,9
width=1 ^ simetria=1 ^ actividad=1 ^ entropia=1 ^ transitoriedad=2,time entropy=5,1
freq unos=2 ^ freq dos=5 ^ width=5 ^ entropia=3 ^ transitoriedad=1,freq ceros=2 ^ pasos=2 ^ simetria=2 ^ actividad=2,1
freq dos=1 ^ width=2 ^ actividad=1 ^ transitoriedad=1 ^ time entropy=1,freq ceros=1 ^ simetria=2 ^ entropia=1,1
freq ceros=1 ^ freq unos=1 ^ freq dos=1 ^ width=2 ^ transitoriedad=2,entropia=1,1
freq ceros=1 ^ freq unos=1 ^ freq dos=1 ^ actividad=1 ^ transitoriedad=2,width=1 ^ entropia=1,44
freq unos=1 ^ width=2 ^ simetria=1 ^ time entropy=1,freq ceros=1 ^ transitoriedad=2,1
freq ceros=1 ^ freq unos=1 ^ freq dos=1 ^ actividad=1 ^ entropia=1 ^ transitoriedad=2,width=1 ^ pasos=1 ^ time entropy=1,2
freq ceros=1 ^ freq unos=1 ^ freq dos=1 ^ width=1 ^ actividad=1 ^ transitoriedad=2,entropia=5,1
freq ceros=1 ^ width=2 ^ transitoriedad=1,entropia=5,1
freq ceros=1 ^ freq unos=1 ^ freq dos=1 ^ simetria=1 ^ actividad=1 ^ transitoriedad=2,entropia=1 ^ time entropy=1,1
freq unos=1 ^ freq dos=1 ^ width=1 ^ actividad=1 ^ transitoriedad=2 ^ time entropy=1,freq ceros=1 ^ entropia=1,1
freq ceros=1 ^ freq unos=1 ^ freq dos=1 ^ simetria=1 ^ actividad=1 ^ transitoriedad=2,width=1 ^ entropia=1 ^ time entropy=1,102
freq ceros=1 ^ freq unos=1 ^ freq dos=1 ^ actividad=1 ^ transitoriedad=2 ^ time entropy=1,width=1 ^ pasos=1 ^ simetria=1 ^ entropia=1,1
width=2,freq ceros=1 ^ freq unos=1 ^ freq dos=1 ^ actividad=1 ^ transitoriedad=2 ^ time entropy=1,1
width=2 ^ transitoriedad=1 ^ time entropy=1,freq ceros=1,1
freq unos=5 ^ freq dos=4 ^ pasos=1 ^ simetria=1 ^ actividad=2 ^ transitoriedad=1 ^ sensitividad=4 ^ time entropy=1,width=2 ^ entropia=1,1
freq dos=1 ^ width=2 ^ transitoriedad=1 ^ time entropy=1,simetria=2 ^ entropia=1,1
freq ceros=1 ^ freq unos=1 ^ freq dos=1 ^ width=1 ^ actividad=1 ^ transitoriedad=2,pasos=1 ^ simetria=2 ^ entropia=1 ^ time entropy=1,1
freq ceros=1 ^ freq unos=1 ^ freq dos=1 ^ actividad=1 ^ transitoriedad=2,width=1 ^ pasos=2 ^ entropia=1 ^ time entropy=1,1
freq ceros=1 ^ freq unos=1 ^ freq dos=1 ^ width=1 ^ actividad=1 ^ entropia=1 ^ transitoriedad=2,pasos=2,1
freq unos=1 ^ freq dos=1 ^ width=1 ^ simetria=1 ^ actividad=1 ^ transitoriedad=2,entropia=1,1
freq ceros=1 ^ freq unos=1 ^ freq dos=1 ^ width=2 ^ transitoriedad=2,pasos=1 ^ actividad=5 ^ entropia=1,1
entropia=5 ^ sensitividad=4,freq ceros=1 ^ freq unos=5 ^ width=5 ^ actividad=5 ^ time entropy=4,1
freq ceros=1 ^ freq dos=1 ^ width=1 ^ actividad=1 ^ transitoriedad=2,pasos=1 ^ entropia=1,1
freq unos=1 ^ width=2 ^ transitoriedad=1 ^ time entropy=1,simetria=2 ^ entropia=1,1
freq ceros=1 ^ freq unos=1 ^ width=1 ^ actividad=1 ^ entropia=1 ^ transitoriedad=2,freq dos=1 ^ pasos=2 ^ simetria=1,1
freq ceros=1 ^ freq unos=1 ^ freq dos=1 ^ width=1 ^ simetria=1 ^ actividad=1 ^ transitoriedad=2 ^ sensitividad=1,pasos=1 ^ entropia=1 ^ time entropy=1,1
freq unos=1 ^ freq dos=1 ^ simetria=1 ^ actividad=1 ^ transitoriedad=2 ^ time entropy=1,freq ceros=1 ^ width=1 ^ entropia=1,1
freq unos=1 ^ freq dos=1 ^ simetria=1 ^ actividad=1 ^ transitoriedad=2,freq ceros=1 ^ width=1 ^ time entropy=1,1
freq ceros=1 ^ freq unos=1 ^ freq dos=1 ^ width=1 ^ actividad=1 ^ transitoriedad=2,pasos=1 ^ time entropy=1,1
width=2 ^ entropia=1 ^ transitoriedad=1,freq ceros=1 ^ freq unos=1 ^ pasos=1 ^ simetria=1 ^ time entropy=1,1
freq unos=1 ^ width=2 ^ transitoriedad=1 ^ time entropy=1,freq ceros=1 ^ simetria=2 ^ entropia=1,1
freq unos=1 ^ transitoriedad=1 ^ time entropy=4,freq ceros=3 ^ sensitividad=4,1
freq unos=1 ^ width=2 ^ actividad=1 ^ transitoriedad=1,entropia=1,4
width=2 ^ entropia=1 ^ transitoriedad=1,simetria=1 ^ time entropy=1,1
freq ceros=2 ^ simetria=2,freq dos=5 ^ pasos=2 ^ actividad=3,1
width=2 ^ entropia=1 ^ transitoriedad=1,pasos=1 ^ simetria=1 ^ actividad=1,1
time entropy=1,freq dos=1 ^ width=1 ^ pasos=1 ^ simetria=1 ^ actividad=1 ^ transitoriedad=2,1
freq unos=1 ^ transitoriedad=1 ^ sensitividad=5,freq ceros=1 ^ pasos=2 ^ actividad=3,1
freq unos=1 ^ freq dos=1 ^ width=2 ^ transitoriedad=1,simetria=1 ^ actividad=1,1
freq unos=1 ^ width=2 ^ transitoriedad=1,freq ceros=1 ^ pasos=1 ^ entropia=1,1
freq unos=1 ^ freq dos=1 ^ width=1 ^ actividad=1 ^ transitoriedad=2 ^ time entropy=1,simetria=1,1
freq unos=1 ^ freq dos=1 ^ simetria=1 ^ actividad=1 ^ transitoriedad=2,freq ceros=1 ^ width=1 ^ pasos=1 ^ entropia=1 ^ time entropy=1,2
freq unos=1,pasos=2 ^ entropia=5 ^ transitoriedad=1 ^ time entropy=3,1
entropia=1 ^ sensitividad=3,freq ceros=3 ^ freq dos=2 ^ pasos=2 ^ simetria=1 ^ actividad=4 ^ transitoriedad=2 ^ time entropy=1,1
freq ceros=1 ^ freq unos=1 ^ freq dos=1 ^ width=1 ^ actividad=1 ^ transitoriedad=2,entropia=1,10
freq ceros=1 ^ freq unos=1 ^ freq dos=1 ^ simetria=1 ^ actividad=1 ^ transitoriedad=2,width=1,2
freq unos=1 ^ transitoriedad=1,freq ceros=1 ^ width=4 ^ pasos=2 ^ actividad=2,1
freq unos=4 ^ width=2 ^ pasos=1 ^ simetria=1 ^ actividad=2 ^ entropia=2 ^ transitoriedad=1 ^ time entropy=5,freq dos=3,1
freq ceros=1 ^ freq unos=1 ^ freq dos=1 ^ actividad=1 ^ transitoriedad=2 ^ time entropy=1,width=1 ^ simetria=1 ^ entropia=1,3
freq ceros=1 ^ freq unos=3 ^ freq dos=1 ^ width=1 ^ pasos=2 ^ actividad=5,entropia=2,1
freq unos=1 ^ width=2 ^ transitoriedad=1,entropia=1,2
freq unos=1 ^ entropia=1 ^ transitoriedad=1,freq dos=3 ^ width=3 ^ pasos=2 ^ actividad=3,1
freq unos=1 ^ width=4 ^ simetria=1 ^ transitoriedad=1 ^ sensitividad=2,freq ceros=1 ^ pasos=2,1
pasos=1,freq ceros=1 ^ freq unos=1 ^ freq dos=1 ^ width=1 ^ simetria=2 ^ actividad=1 ^ transitoriedad=2 ^ time entropy=1,1
freq unos=3 ^ freq dos=5 ^ width=4 ^ transitoriedad=1 ^ time entropy=4,freq ceros=2,1
freq unos=1 ^ actividad=4 ^ entropia=1 ^ transitoriedad=1,freq ceros=1 ^ width=2 ^ pasos=2,1
freq unos=1 ^ width=2 ^ transitoriedad=1,pasos=1 ^ simetria=2 ^ entropia=1,1
freq ceros=2 ^ freq unos=4 ^ freq dos=4 ^ pasos=2 ^ simetria=1 ^ actividad=1 ^ time entropy=3,entropia=5 ^ sensitividad=4,1
pasos=2,freq unos=3 ^ simetria=1 ^ actividad=2 ^ entropia=1 ^ transitoriedad=1,1
freq ceros=1 ^ freq unos=1 ^ freq dos=1 ^ actividad=1 ^ transitoriedad=2 ^ time entropy=1,width=1 ^ entropia=1,1
width=2 ^ entropia=1 ^ transitoriedad=1,simetria=2 ^ actividad=1,1
freq unos=4 ^ transitoriedad=1 ^ time entropy=1,freq ceros=1 ^ width=1 ^ pasos=1 ^ simetria=2 ^ entropia=2,1
freq unos=1 ^ width=4,pasos=2 ^ actividad=2 ^ entropia=4 ^ transitoriedad=2,1
sensitividad=4,freq ceros=1 ^ freq unos=1 ^ freq dos=1 ^ width=1 ^ actividad=1 ^ transitoriedad=2 ^ time entropy=1,1
freq ceros=3 ^ freq dos=5 ^ actividad=4 ^ transitoriedad=1 ^ time entropy=4,width=2 ^ pasos=1 ^ sensitividad=4,1
freq ceros=1 ^ freq unos=3 ^ pasos=2 ^ entropia=1 ^ transitoriedad=1 ^ sensitividad=4,freq dos=3 ^ time entropy=1,1
freq ceros=1 ^ width=2 ^ transitoriedad=1,entropia=1,1
freq ceros=1 ^ width=1 ^ actividad=1 ^ entropia=1 ^ transitoriedad=2,freq unos=1,1
freq unos=4 ^ transitoriedad=1,freq ceros=4 ^ width=2 ^ pasos=2 ^ time entropy=5,1
freq ceros=5 ^ freq dos=1 ^ width=2 ^ simetria=1 ^ sensitividad=5,entropia=2 ^ transitoriedad=2,1
freq ceros=1 ^ freq unos=1 ^ freq dos=1 ^ actividad=1 ^ transitoriedad=2,width=1 ^ entropia=1 ^ time entropy=1,52
freq ceros=1 ^ freq unos=1 ^ freq dos=1 ^ actividad=1 ^ transitoriedad=2,width=1 ^ pasos=1 ^ entropia=1 ^ time entropy=1,15
freq unos=1 ^ transitoriedad=1,freq dos=3 ^ width=3 ^ pasos=2,1
width=2 ^ transitoriedad=1 ^ time entropy=1,pasos=1 ^ simetria=2 ^ entropia=1,1
freq ceros=1 ^ freq unos=1 ^ freq dos=1 ^ actividad=1 ^ entropia=1 ^ transitoriedad=2,width=1,3
time entropy=1,freq unos=1 ^ freq dos=1 ^ width=1 ^ simetria=1 ^ actividad=1 ^ transitoriedad=2,1
width=2 ^ entropia=1 ^ transitoriedad=1,freq unos=2 ^ pasos=1,1
freq ceros=5 ^ width=2 ^ actividad=3 ^ transitoriedad=1 ^ time entropy=1,freq unos=4 ^ freq dos=3 ^ pasos=1 ^ entropia=2 ^ sensitividad=1,1
freq dos=1 ^ width=2 ^ pasos=2 ^ simetria=1 ^ actividad=1,freq ceros=5 ^ freq unos=5 ^ entropia=2 ^ transitoriedad=2 ^ sensitividad=3,1
freq ceros=5 ^ freq unos=5 ^ entropia=1 ^ transitoriedad=1,pasos=2 ^ simetria=2 ^ actividad=3 ^ time entropy=3,1
freq unos=1 ^ width=2 ^ entropia=1 ^ transitoriedad=1,sensitividad=4,1
freq ceros=1 ^ freq unos=1 ^ simetria=1 ^ actividad=1 ^ transitoriedad=2,width=1 ^ entropia=1 ^ time entropy=1,1
freq ceros=4 ^ freq unos=1 ^ entropia=1 ^ transitoriedad=1,pasos=2 ^ time entropy=4,1
freq ceros=1 ^ width=1 ^ simetria=1 ^ actividad=1 ^ entropia=1 ^ transitoriedad=2,time entropy=4,1
freq unos=2 ^ width=4 ^ pasos=2 ^ simetria=1 ^ entropia=3 ^ time entropy=4,actividad=3,1
freq ceros=4 ^ freq unos=1 ^ freq dos=4 ^ actividad=4 ^ sensitividad=3,width=5 ^ entropia=2 ^ transitoriedad=1 ^ time entropy=5,1
freq unos=1 ^ width=2 ^ transitoriedad=1 ^ time entropy=1,freq ceros=1 ^ entropia=1,1
freq unos=4 ^ freq dos=5 ^ simetria=2 ^ entropia=3 ^ time entropy=1,pasos=1 ^ actividad=4 ^ sensitividad=4,1
freq unos=1 ^ freq dos=1 ^ width=1 ^ actividad=1 ^ transitoriedad=2 ^ time entropy=1,pasos=1 ^ entropia=1,1
freq dos=1 ^ width=2 ^ transitoriedad=1,entropia=1,1
width=4 ^ simetria=2,freq ceros=4 ^ actividad=3 ^ transitoriedad=1 ^ sensitividad=5,1
freq unos=1 ^ freq dos=1 ^ entropia=5,pasos=2 ^ simetria=2 ^ sensitividad=2,1
freq ceros=1 ^ freq dos=1 ^ width=1 ^ actividad=1 ^ transitoriedad=2,pasos=1 ^ entropia=1 ^ time entropy=1,2
freq ceros=1 ^ freq unos=1 ^ freq dos=1 ^ width=1 ^ simetria=1 ^ actividad=1 ^ transitoriedad=2,entropia=1 ^ time entropy=1,9
simetria=1 ^ transitoriedad=1,pasos=2 ^ actividad=2 ^ entropia=3 ^ sensitividad=5,1
width=2 ^ entropia=1 ^ transitoriedad=1,pasos=1 ^ simetria=2,1
freq unos=4 ^ freq dos=3 ^ width=5 ^ actividad=5 ^ transitoriedad=1,freq ceros=4 ^ pasos=2 ^ simetria=1 ^ entropia=3,1
simetria=1 ^ transitoriedad=1,freq ceros=1 ^ freq unos=4 ^ pasos=2 ^ actividad=1 ^ entropia=3,1
freq ceros=1 ^ freq unos=1 ^ freq dos=1 ^ width=2,actividad=5 ^ entropia=1 ^ transitoriedad=2,1
pasos=1,freq ceros=1 ^ freq unos=1 ^ freq dos=1 ^ width=1 ^ actividad=1 ^ transitoriedad=2 ^ time entropy=1,1
simetria=1 ^ transitoriedad=1 ^ sensitividad=2,freq ceros=1 ^ pasos=2 ^ actividad=1 ^ entropia=2,1
freq unos=1 ^ freq dos=1 ^ width=1 ^ simetria=1 ^ actividad=1 ^ transitoriedad=2 ^ time entropy=1,freq ceros=1,1
freq unos=3 ^ width=1 ^ pasos=2 ^ actividad=4 ^ entropia=3 ^ transitoriedad=1 ^ sensitividad=2,freq ceros=3,1
freq unos=2 ^ width=3 ^ entropia=2 ^ transitoriedad=1 ^ time entropy=1,freq ceros=1,1
freq unos=1 ^ freq dos=1 ^ simetria=1 ^ actividad=1 ^ transitoriedad=2,freq ceros=1 ^ width=1 ^ entropia=1 ^ time entropy=1,19
simetria=2 ^ transitoriedad=2,freq ceros=4 ^ width=3 ^ pasos=2 ^ actividad=5 ^ sensitividad=4,1
freq ceros=1 ^ freq unos=1 ^ freq dos=1 ^ width=2 ^ transitoriedad=2,pasos=1 ^ time entropy=1,1
freq unos=1 ^ freq dos=5 ^ transitoriedad=1,pasos=2,1
freq ceros=1 ^ freq unos=1 ^ freq dos=1 ^ simetria=1 ^ actividad=1 ^ transitoriedad=2,width=1 ^ entropia=1,29
freq unos=2 ^ pasos=2 ^ transitoriedad=2 ^ sensitividad=4,entropia=5,1
transitoriedad=1,freq ceros=5 ^ freq unos=5 ^ freq dos=3 ^ width=1 ^ simetria=2,1
width=2 ^ actividad=1 ^ transitoriedad=1,simetria=2,2
freq ceros=1 ^ freq unos=1 ^ freq dos=1 ^ width=2,simetria=2 ^ entropia=1 ^ transitoriedad=2 ^ time entropy=1,1
pasos=2 ^ simetria=2 ^ entropia=3 ^ sensitividad=3,transitoriedad=1 ^ time entropy=2,1
freq unos=1 ^ entropia=5 ^ transitoriedad=1,freq ceros=2 ^ width=2 ^ pasos=2 ^ simetria=1 ^ actividad=2 ^ sensitividad=3,1
freq ceros=1 ^ freq unos=1 ^ freq dos=1 ^ width=1 ^ simetria=1 ^ actividad=1 ^ transitoriedad=2,pasos=1 ^ entropia=1 ^ time entropy=1,2
width=2 ^ entropia=1,freq ceros=1 ^ freq unos=1 ^ freq dos=1 ^ pasos=1 ^ simetria=2 ^ actividad=1 ^ transitoriedad=2 ^ time entropy=1,2
freq dos=5 ^ transitoriedad=1 ^ time entropy=1,freq unos=1 ^ pasos=2,1
freq unos=4 ^ freq dos=1 ^ simetria=1 ^ transitoriedad=1 ^ time entropy=4,freq ceros=3,1
freq ceros=1 ^ freq unos=1 ^ width=1 ^ actividad=1 ^ transitoriedad=2 ^ time entropy=1,pasos=1 ^ simetria=1 ^ entropia=1,1
freq ceros=1 ^ freq unos=4 ^ width=4 ^ transitoriedad=1 ^ time entropy=1,pasos=2,1
freq unos=1 ^ freq dos=1 ^ width=1 ^ actividad=1 ^ transitoriedad=2,freq ceros=1 ^ pasos=1 ^ simetria=2 ^ entropia=1,1
freq unos=1 ^ actividad=4 ^ entropia=1,freq ceros=4 ^ freq dos=1 ^ pasos=2 ^ simetria=2 ^ transitoriedad=1 ^ sensitividad=2 ^ time entropy=4,1
width=2 ^ entropia=1 ^ transitoriedad=1,freq dos=1 ^ pasos=2 ^ simetria=2,1
freq unos=1 ^ entropia=3 ^ transitoriedad=2,freq ceros=1 ^ width=4 ^ pasos=2 ^ sensitividad=2,1
freq ceros=1 ^ freq unos=1 ^ freq dos=1 ^ width=2 ^ transitoriedad=2,pasos=1 ^ simetria=2 ^ time entropy=1,1
freq ceros=1 ^ freq unos=1 ^ width=2 ^ simetria=1 ^ actividad=1 ^ entropia=1,transitoriedad=1 ^ time entropy=1,1
freq unos=1 ^ freq dos=1 ^ width=1 ^ actividad=1 ^ transitoriedad=2,freq ceros=1 ^ entropia=1 ^ time entropy=1,2
freq unos=1 ^ width=2 ^ entropia=1 ^ transitoriedad=1,pasos=2,1
simetria=2 ^ entropia=1,freq unos=1 ^ freq dos=1 ^ width=1 ^ pasos=1 ^ actividad=1 ^ transitoriedad=2,1
freq unos=1 ^ width=2 ^ transitoriedad=1 ^ time entropy=1,actividad=4,1
width=2 ^ actividad=1 ^ transitoriedad=1,freq ceros=1 ^ simetria=2 ^ time entropy=1,1
freq dos=1 ^ width=1 ^ entropia=1,freq ceros=1 ^ pasos=2 ^ simetria=1 ^ actividad=1 ^ transitoriedad=2 ^ time entropy=1,1
freq dos=1,freq ceros=1 ^ width=1 ^ actividad=1 ^ entropia=1 ^ transitoriedad=2 ^ time entropy=1,1
freq unos=1 ^ freq dos=1 ^ width=1 ^ actividad=1 ^ transitoriedad=2,freq ceros=1 ^ pasos=1 ^ entropia=1,1
freq unos=1 ^ freq dos=1 ^ width=2 ^ transitoriedad=1,simetria=2,2
freq unos=1 ^ freq dos=1 ^ width=2 ^ simetria=1,entropia=1 ^ transitoriedad=2,1
freq unos=1,freq ceros=1 ^ pasos=2 ^ entropia=5 ^ transitoriedad=1,1
freq ceros=1 ^ freq unos=1 ^ freq dos=1 ^ width=2 ^ transitoriedad=1,pasos=1 ^ entropia=1 ^ time entropy=1,2
freq ceros=1 ^ freq unos=1 ^ freq dos=1 ^ simetria=1 ^ actividad=1 ^ entropia=1 ^ transitoriedad=2,width=1 ^ time entropy=1,4
simetria=2,freq ceros=1 ^ freq dos=1 ^ width=1 ^ actividad=1 ^ entropia=1 ^ transitoriedad=2 ^ time entropy=1,1
freq unos=1 ^ freq dos=1 ^ width=1 ^ simetria=1 ^ actividad=1 ^ entropia=1 ^ transitoriedad=2,pasos=1 ^ time entropy=1,1
width=2 ^ transitoriedad=1 ^ time entropy=1,freq ceros=1 ^ simetria=2 ^ entropia=1,1
simetria=1 ^ actividad=1 ^ entropia=1,freq ceros=1 ^ freq unos=4 ^ freq dos=3 ^ pasos=2 ^ transitoriedad=2,1
freq unos=1 ^ freq dos=1 ^ simetria=1 ^ actividad=1 ^ entropia=1 ^ transitoriedad=2 ^ time entropy=1,freq ceros=1 ^ width=1,2
freq ceros=1 ^ freq unos=1 ^ freq dos=1 ^ actividad=1 ^ transitoriedad=2,entropia=1,2
freq dos=1 ^ width=2 ^ actividad=1 ^ transitoriedad=1 ^ time entropy=1,entropia=1,1
width=2 ^ actividad=1 ^ transitoriedad=1,time entropy=4,1
freq ceros=1 ^ freq unos=1 ^ freq dos=1 ^ simetria=1 ^ actividad=1 ^ entropia=1 ^ transitoriedad=2,width=1,4
freq ceros=1 ^ freq unos=1 ^ width=2 ^ actividad=1 ^ entropia=1 ^ transitoriedad=1,simetria=1,1
freq dos=1 ^ width=2 ^ transitoriedad=1,simetria=2,1
freq ceros=1 ^ freq unos=1 ^ freq dos=1 ^ actividad=1 ^ transitoriedad=2,entropia=1 ^ time entropy=1,3
freq unos=1 ^ freq dos=1 ^ width=1 ^ actividad=1 ^ transitoriedad=2 ^ time entropy=1,entropia=1,3
freq unos=1 ^ freq dos=1 ^ width=2 ^ transitoriedad=1 ^ time entropy=1,actividad=3,1
freq unos=1 ^ freq dos=1 ^ width=2 ^ transitoriedad=1,simetria=2 ^ entropia=1,1
entropia=1,freq ceros=1 ^ width=1 ^ simetria=1 ^ actividad=1 ^ transitoriedad=2 ^ time entropy=1,1
time entropy=1,freq unos=1 ^ freq dos=1 ^ width=1 ^ simetria=1 ^ actividad=1 ^ entropia=1 ^ transitoriedad=2,1
freq ceros=1 ^ width=2 ^ transitoriedad=1,sensitividad=4,1
freq unos=1 ^ width=2 ^ actividad=1 ^ transitoriedad=1,pasos=1 ^ entropia=1,1
width=2 ^ entropia=1 ^ transitoriedad=1,simetria=1 ^ actividad=1,1
width=2 ^ entropia=1 ^ transitoriedad=1,simetria=1,1
entropia=5,freq ceros=1 ^ freq dos=1 ^ width=1 ^ pasos=1 ^ simetria=2 ^ actividad=1 ^ transitoriedad=2,1
freq ceros=1 ^ freq unos=1 ^ freq dos=1 ^ width=2 ^ transitoriedad=2,pasos=1 ^ simetria=2 ^ actividad=5 ^ entropia=1 ^ time entropy=1,1
freq ceros=1 ^ freq unos=1 ^ freq dos=1 ^ width=2,entropia=1 ^ transitoriedad=2,2
freq ceros=1 ^ freq unos=1 ^ freq dos=1 ^ actividad=1 ^ transitoriedad=2,width=1 ^ pasos=1 ^ simetria=2 ^ entropia=1 ^ time entropy=1,1
freq ceros=1 ^ freq unos=1 ^ width=2 ^ actividad=1 ^ transitoriedad=1,pasos=1,1
freq ceros=1 ^ width=2 ^ transitoriedad=1,freq unos=2,1
time entropy=1,freq ceros=1 ^ freq unos=1 ^ width=1 ^ simetria=1 ^ actividad=1 ^ transitoriedad=2,1
freq ceros=1 ^ width=2 ^ entropia=1 ^ transitoriedad=1,pasos=1,1
freq unos=1 ^ width=2,freq ceros=1 ^ pasos=2 ^ simetria=1 ^ entropia=5,1
sensitividad=5,freq ceros=1 ^ freq unos=1 ^ freq dos=1 ^ width=1 ^ pasos=1 ^ actividad=1 ^ entropia=1 ^ transitoriedad=2 ^ time entropy=1,1
sensitividad=1,freq ceros=1 ^ freq unos=1 ^ freq dos=1 ^ pasos=1 ^ actividad=1 ^ entropia=1 ^ transitoriedad=2 ^ time entropy=1,1
freq unos=1 ^ width=3 ^ transitoriedad=1 ^ time entropy=1,freq ceros=1 ^ pasos=2,1
width=2 ^ actividad=1 ^ transitoriedad=1,pasos=1 ^ simetria=2,1
freq ceros=1 ^ freq unos=1 ^ freq dos=1 ^ actividad=1 ^ transitoriedad=2,simetria=1,1
freq dos=1 ^ width=2 ^ actividad=1 ^ transitoriedad=1 ^ time entropy=1,pasos=1 ^ simetria=2 ^ entropia=1,1
freq dos=1 ^ width=2 ^ transitoriedad=1,pasos=1 ^ simetria=2,1
width=2 ^ entropia=1 ^ transitoriedad=1,freq ceros=1 ^ pasos=1 ^ time entropy=1,1
freq ceros=1 ^ freq unos=1 ^ freq dos=1 ^ width=2,pasos=1 ^ entropia=1 ^ transitoriedad=2 ^ time entropy=1,1
freq ceros=1 ^ width=2 ^ entropia=1 ^ transitoriedad=1,pasos=2,1
pasos=1 ^ simetria=1 ^ transitoriedad=1,freq ceros=4 ^ freq unos=3 ^ width=1 ^ actividad=2 ^ entropia=3 ^ sensitividad=5 ^ time entropy=4,1
width=2 ^ entropia=1 ^ transitoriedad=1,freq ceros=1 ^ freq dos=1 ^ pasos=1 ^ actividad=1 ^ time entropy=1,2
freq unos=1 ^ width=2 ^ transitoriedad=1,pasos=1 ^ simetria=2,2
width=2 ^ entropia=1 ^ transitoriedad=1,freq unos=1 ^ pasos=1 ^ simetria=1 ^ actividad=1,1
freq ceros=1 ^ freq unos=1 ^ width=1 ^ actividad=1 ^ entropia=1 ^ transitoriedad=2,time entropy=1,1
freq ceros=1 ^ freq unos=1 ^ freq dos=1 ^ width=1 ^ actividad=1 ^ entropia=1 ^ transitoriedad=2,time entropy=1,1
freq unos=1 ^ width=2 ^ actividad=1 ^ transitoriedad=1 ^ time entropy=1,freq ceros=1 ^ pasos=1,1
width=2 ^ entropia=1 ^ transitoriedad=1 ^ time entropy=1,pasos=1 ^ simetria=1,1
entropia=1,freq ceros=1 ^ freq dos=1 ^ width=1 ^ simetria=1 ^ actividad=1 ^ transitoriedad=2,1
freq dos=1 ^ width=1 ^ simetria=1 ^ actividad=1 ^ entropia=1 ^ transitoriedad=2,freq ceros=1 ^ time entropy=1,1
freq ceros=1 ^ freq unos=1 ^ freq dos=1 ^ width=1 ^ actividad=1 ^ entropia=1 ^ transitoriedad=2,simetria=2,1
width=2 ^ entropia=1 ^ transitoriedad=1,freq unos=1 ^ pasos=1 ^ simetria=2,1
pasos=1,freq ceros=1 ^ freq unos=1 ^ freq dos=1 ^ actividad=1 ^ transitoriedad=2,1
freq ceros=1 ^ width=2 ^ entropia=1 ^ transitoriedad=1,freq dos=1 ^ pasos=1 ^ actividad=1,1
freq ceros=1 ^ freq unos=1 ^ width=2 ^ simetria=1 ^ transitoriedad=2,entropia=1 ^ time entropy=1,1
freq ceros=1 ^ width=2 ^ simetria=1 ^ actividad=1 ^ entropia=1,transitoriedad=2 ^ time entropy=1,1
freq ceros=1 ^ width=2 ^ transitoriedad=1,actividad=5,1
freq ceros=3 ^ transitoriedad=1 ^ time entropy=4,pasos=2 ^ simetria=1 ^ actividad=2 ^ entropia=3,1
width=2 ^ actividad=1 ^ entropia=1 ^ transitoriedad=1,simetria=2,1
time entropy=2,freq unos=1 ^ freq dos=3 ^ pasos=2 ^ transitoriedad=2,1
width=2,freq ceros=1 ^ freq unos=1 ^ simetria=1 ^ actividad=1 ^ entropia=1 ^ transitoriedad=2 ^ time entropy=1,1
pasos=2,freq ceros=1 ^ freq unos=1 ^ freq dos=1 ^ width=1 ^ actividad=1 ^ transitoriedad=2 ^ time entropy=1,1
freq ceros=1 ^ freq unos=1 ^ freq dos=1 ^ actividad=1 ^ entropia=1 ^ transitoriedad=2,width=1 ^ time entropy=1,7
width=2,freq ceros=1 ^ simetria=1 ^ actividad=1 ^ entropia=1 ^ transitoriedad=2 ^ time entropy=1,1
pasos=1 ^ simetria=2,freq unos=1 ^ freq dos=1 ^ width=1 ^ actividad=1 ^ entropia=1 ^ transitoriedad=2,1
pasos=2,width=1 ^ simetria=1 ^ actividad=1 ^ transitoriedad=2,1
width=2 ^ entropia=1 ^ transitoriedad=1,freq ceros=1 ^ freq dos=1 ^ time entropy=1,1
freq unos=1 ^ freq dos=1 ^ width=2 ^ transitoriedad=1 ^ time entropy=1,pasos=1 ^ entropia=1,1
freq unos=1 ^ freq dos=1 ^ width=1 ^ actividad=1 ^ entropia=1 ^ transitoriedad=2,time entropy=2,1
freq ceros=1 ^ width=2 ^ actividad=1 ^ transitoriedad=1,pasos=1 ^ entropia=1 ^ time entropy=1,1
entropia=1,width=1 ^ pasos=1 ^ simetria=1 ^ actividad=1 ^ transitoriedad=2,1
freq unos=1 ^ freq dos=1 ^ width=1 ^ actividad=1 ^ transitoriedad=2 ^ time entropy=1,pasos=1 ^ simetria=1 ^ entropia=1,1
freq unos=1 ^ freq dos=1 ^ width=2 ^ actividad=1 ^ transitoriedad=1,freq ceros=1 ^ entropia=1,1
pasos=1,width=1 ^ simetria=1 ^ actividad=1 ^ transitoriedad=2,1
freq ceros=1 ^ freq unos=1 ^ freq dos=1 ^ width=1 ^ actividad=1 ^ transitoriedad=2,entropia=1 ^ time entropy=1,9
freq ceros=1 ^ freq unos=1 ^ freq dos=1 ^ width=1 ^ actividad=1 ^ transitoriedad=2,pasos=1 ^ entropia=1,2
freq unos=1 ^ width=2 ^ actividad=1 ^ transitoriedad=1 ^ time entropy=1,freq ceros=1,2
freq ceros=1 ^ freq unos=1 ^ width=2 ^ entropia=1 ^ transitoriedad=1,pasos=1,1
freq unos=1 ^ freq dos=1 ^ width=2 ^ actividad=1 ^ transitoriedad=1,pasos=1 ^ entropia=1,2
freq unos=1 ^ freq dos=1 ^ simetria=1 ^ actividad=1 ^ transitoriedad=2,freq ceros=1 ^ width=1 ^ entropia=1,2
width=2 ^ actividad=1 ^ transitoriedad=1,freq unos=3,1
freq ceros=1 ^ freq unos=1 ^ freq dos=1 ^ simetria=1 ^ actividad=1 ^ transitoriedad=2,entropia=1,1
width=2 ^ entropia=1 ^ transitoriedad=1,freq ceros=1 ^ freq dos=1 ^ pasos=1 ^ simetria=1 ^ actividad=1 ^ time entropy=1,1
width=2,freq ceros=1 ^ freq unos=1 ^ pasos=1 ^ simetria=1 ^ actividad=1 ^ transitoriedad=2 ^ time entropy=1,1
freq unos=1 ^ freq dos=1 ^ width=1 ^ actividad=1 ^ transitoriedad=2,entropia=1,1
freq ceros=1 ^ freq unos=1 ^ freq dos=1 ^ width=2,pasos=1 ^ simetria=2 ^ actividad=5 ^ transitoriedad=2 ^ time entropy=1,1
freq unos=1 ^ freq dos=3 ^ pasos=1 ^ simetria=2 ^ entropia=1 ^ transitoriedad=1,sensitividad=5 ^ time entropy=2,1
freq ceros=1 ^ freq unos=1 ^ freq dos=1 ^ actividad=1 ^ transitoriedad=2,width=1 ^ time entropy=1,1
width=2 ^ actividad=1 ^ transitoriedad=1 ^ time entropy=1,simetria=2 ^ entropia=1,1
freq unos=1 ^ freq dos=1 ^ simetria=1 ^ actividad=1 ^ transitoriedad=2,freq ceros=1 ^ pasos=1 ^ time entropy=1,1
freq ceros=1 ^ freq unos=1 ^ freq dos=1 ^ actividad=1 ^ transitoriedad=2,width=1 ^ simetria=1 ^ entropia=1,2
freq unos=1 ^ freq dos=1 ^ simetria=1 ^ actividad=1 ^ entropia=1 ^ transitoriedad=2,freq ceros=1 ^ width=1 ^ time entropy=1,10
width=2 ^ actividad=1 ^ transitoriedad=1 ^ time entropy=1,freq ceros=1 ^ entropia=1,1
freq dos=5,freq ceros=1 ^ freq unos=1 ^ width=1 ^ simetria=1 ^ actividad=1 ^ transitoriedad=2 ^ time entropy=1,1
width=2 ^ actividad=1 ^ transitoriedad=1,freq ceros=1 ^ simetria=2 ^ entropia=1,1
freq ceros=1 ^ freq unos=1 ^ freq dos=1 ^ width=2 ^ transitoriedad=2,simetria=2 ^ entropia=1 ^ time entropy=1,1
entropia=1,freq unos=1 ^ freq dos=1 ^ width=1 ^ simetria=1 ^ actividad=1 ^ transitoriedad=2,1
entropia=5,freq ceros=1 ^ freq unos=1 ^ freq dos=1 ^ width=1 ^ actividad=1 ^ transitoriedad=2 ^ time entropy=1,1
freq ceros=1 ^ freq unos=1 ^ freq dos=1 ^ width=1 ^ actividad=1 ^ transitoriedad=2 ^ time entropy=1,pasos=1 ^ simetria=1 ^ entropia=1,1
