antecedente,consecuente,jaccard,cosine,phi,kappa
freq unos=1 ^ freq dos=1 ^ width=1 ^ actividad=1 ^ time entropy=1,freq ceros=1 ^ entropia=1 ^ transitoriedad=1,0.641732,0.397890,0.215634,0.238175
freq unos=1 ^ freq dos=1 ^ width=1 ^ actividad=1 ^ time entropy=1,entropia=1 ^ transitoriedad=1,0.640270,0.399663,0.216606,0.239383
freq ceros=1 ^ freq unos=1 ^ freq dos=1 ^ width=1 ^ actividad=1 ^ time entropy=1,entropia=1 ^ transitoriedad=1,0.640149,0.399814,0.216685,0.239478
freq ceros=1 ^ freq unos=1 ^ freq dos=1 ^ actividad=1 ^ entropia=1 ^ time entropy=1,width=1 ^ transitoriedad=1,0.630556,0.411849,0.223289,0.247442
freq ceros=1 ^ freq unos=1 ^ freq dos=1 ^ width=1 ^ actividad=1 ^ entropia=1 ^ time entropy=1,transitoriedad=1,0.629516,0.413159,0.224007,0.248311
freq ceros=1 ^ freq unos=1 ^ freq dos=1 ^ width=1 ^ actividad=1 ^ entropia=1 ^ time entropy=1,transitoriedad=1,0.629516,0.413159,0.224007,0.248311
freq ceros=1 ^ freq unos=1 ^ freq dos=1 ^ width=1 ^ actividad=1 ^ entropia=1 ^ time entropy=1,transitoriedad=1,0.629516,0.413159,0.224007,0.248311
freq ceros=1 ^ freq unos=1 ^ freq dos=1 ^ width=1 ^ actividad=1 ^ entropia=1 ^ time entropy=1,transitoriedad=1,0.629516,0.413159,0.224007,0.248311
freq ceros=1 ^ freq unos=1 ^ freq dos=1 ^ width=1 ^ actividad=1 ^ entropia=1 ^ time entropy=1,transitoriedad=1,0.629516,0.413159,0.224007,0.248311
freq ceros=1 ^ freq unos=1 ^ freq dos=1 ^ actividad=1 ^ entropia=1 ^ time entropy=1,width=1 ^ transitoriedad=1,0.630556,0.411849,0.223289,0.247442
freq ceros=1 ^ freq unos=1 ^ freq dos=1 ^ actividad=1 ^ time entropy=1,width=1 ^ entropia=1 ^ transitoriedad=1,0.640197,0.399754,0.216653,0.239439
freq unos=1 ^ freq dos=1 ^ width=1 ^ actividad=1 ^ time entropy=1,freq ceros=1 ^ entropia=1 ^ transitoriedad=1,0.641732,0.397890,0.215634,0.238175
freq unos=1 ^ freq dos=1 ^ width=1 ^ actividad=1 ^ time entropy=1,freq ceros=1 ^ entropia=1 ^ transitoriedad=1,0.641732,0.397890,0.215634,0.238175
freq ceros=1 ^ freq unos=1 ^ freq dos=1 ^ actividad=1 ^ time entropy=1,width=1 ^ entropia=1 ^ transitoriedad=1,0.640197,0.399754,0.216653,0.239439
freq ceros=1 ^ freq unos=1 ^ freq dos=1 ^ actividad=1 ^ entropia=1 ^ time entropy=1,width=1 ^ transitoriedad=1,0.630556,0.411849,0.223289,0.247442
freq ceros=1 ^ freq unos=1 ^ freq dos=1 ^ width=1 ^ actividad=1 ^ entropia=1 ^ time entropy=1,transitoriedad=1,0.629516,0.413159,0.224007,0.248311
freq ceros=1 ^ freq unos=1 ^ freq dos=1 ^ width=1 ^ simetria=1 ^ actividad=1 ^ entropia=1,transitoriedad=1 ^ time entropy=1,0.613387,0.436694,0.232387,0.256353
freq ceros=1 ^ width=1 ^ entropia=1,freq unos=1 ^ freq dos=1 ^ actividad=1 ^ transitoriedad=1,0.600649,0.450128,0.245845,0.274783
freq ceros=1 ^ width=1 ^ entropia=1,freq unos=1 ^ freq dos=1 ^ actividad=1 ^ transitoriedad=1,0.600649,0.450128,0.245845,0.274783
freq ceros=1 ^ width=1 ^ entropia=1,freq unos=1 ^ freq dos=1 ^ actividad=1 ^ transitoriedad=1,0.600649,0.450128,0.245845,0.274783
freq ceros=1 ^ width=1 ^ entropia=1,freq unos=1 ^ freq dos=1 ^ actividad=1 ^ transitoriedad=1,0.600649,0.450128,0.245845,0.274783
freq ceros=1 ^ freq unos=1 ^ freq dos=1 ^ width=1 ^ simetria=1 ^ actividad=1 ^ entropia=1,transitoriedad=1 ^ time entropy=1,0.613387,0.436694,0.232387,0.256353
freq ceros=1 ^ freq unos=1 ^ freq dos=1 ^ width=1 ^ actividad=1 ^ entropia=1 ^ time entropy=1,transitoriedad=1,0.629516,0.413159,0.224007,0.248311
freq ceros=1 ^ freq unos=1 ^ freq dos=1 ^ actividad=1 ^ entropia=1 ^ time entropy=1,width=1 ^ transitoriedad=1,0.630556,0.411849,0.223289,0.247442
freq ceros=1 ^ freq unos=1 ^ freq dos=1 ^ actividad=1 ^ time entropy=1,width=1 ^ entropia=1 ^ transitoriedad=1,0.640197,0.399754,0.216653,0.239439
freq ceros=1 ^ freq unos=1 ^ freq dos=1 ^ width=1 ^ actividad=1 ^ entropia=1 ^ time entropy=1,transitoriedad=1,0.629516,0.413159,0.224007,0.248311
freq ceros=1 ^ freq unos=1 ^ freq dos=1 ^ width=1 ^ simetria=1 ^ actividad=1,entropia=1 ^ transitoriedad=1 ^ time entropy=1,0.613969,0.435948,0.231986,0.255869
freq ceros=1 ^ width=1 ^ entropia=1,freq unos=1 ^ freq dos=1 ^ actividad=1 ^ transitoriedad=1,0.600649,0.450128,0.245845,0.274783
freq ceros=1 ^ width=1 ^ entropia=1,freq unos=1 ^ freq dos=1 ^ transitoriedad=1 ^ time entropy=1,0.575005,0.483482,0.263306,0.296366
freq ceros=1 ^ width=1 ^ entropia=1,freq unos=1 ^ freq dos=1 ^ actividad=1 ^ transitoriedad=1 ^ time entropy=1,0.560856,0.502255,0.273103,0.308530
freq ceros=1 ^ width=1,freq unos=1 ^ freq dos=1 ^ actividad=1 ^ transitoriedad=1,0.550423,0.516361,0.282696,0.320417
freq ceros=1 ^ width=1 ^ entropia=1,freq unos=1 ^ freq dos=1 ^ actividad=1 ^ transitoriedad=1 ^ time entropy=1,0.560856,0.502255,0.273103,0.308530
freq ceros=1 ^ width=1 ^ entropia=1,freq unos=1 ^ freq dos=1 ^ transitoriedad=1 ^ time entropy=1,0.575005,0.483482,0.263306,0.296366
freq ceros=1 ^ width=1 ^ entropia=1,freq unos=1 ^ freq dos=1 ^ actividad=1 ^ transitoriedad=1,0.600649,0.450128,0.245845,0.274783
freq ceros=1 ^ freq unos=1 ^ freq dos=1 ^ width=1 ^ simetria=1 ^ actividad=1 ^ entropia=1,transitoriedad=1 ^ time entropy=1,0.613387,0.436694,0.232387,0.256353
freq ceros=1 ^ freq unos=1 ^ freq dos=1 ^ width=1 ^ actividad=1 ^ entropia=1 ^ time entropy=1,transitoriedad=1,0.629516,0.413159,0.224007,0.248311
freq ceros=1 ^ freq unos=1 ^ freq dos=1 ^ simetria=1 ^ actividad=1 ^ entropia=1,width=1 ^ transitoriedad=1 ^ time entropy=1,0.613387,0.436694,0.232387,0.256353
freq ceros=1 ^ width=1 ^ entropia=1,freq unos=1 ^ freq dos=1 ^ transitoriedad=1 ^ time entropy=1,0.575005,0.483482,0.263306,0.296366
freq ceros=1 ^ width=1 ^ entropia=1,freq unos=1 ^ freq dos=1 ^ actividad=1 ^ transitoriedad=1 ^ time entropy=1,0.560856,0.502255,0.273103,0.308530
width=1 ^ simetria=1 ^ actividad=1 ^ time entropy=1,entropia=1 ^ transitoriedad=1,0.514860,0.564925,0.302530,0.345475
width=1 ^ entropia=1,freq unos=1 ^ freq dos=1 ^ actividad=1 ^ transitoriedad=1 ^ time entropy=1,0.481345,0.612419,0.334383,0.385957
width=1 ^ entropia=1,freq unos=1 ^ freq dos=1 ^ actividad=1 ^ transitoriedad=1 ^ time entropy=1,0.481345,0.612419,0.334383,0.385957
freq ceros=1 ^ freq dos=1 ^ width=1 ^ simetria=1 ^ actividad=1,entropia=1 ^ transitoriedad=1,0.508743,0.573476,0.306927,0.351032
freq ceros=1 ^ width=1 ^ pasos=1 ^ actividad=1 ^ time entropy=1,entropia=1 ^ transitoriedad=1,0.531479,0.542443,0.291010,0.330607
freq ceros=1 ^ width=1 ^ entropia=1,freq unos=1 ^ freq dos=1 ^ transitoriedad=1 ^ time entropy=1,0.575005,0.483482,0.263306,0.296366
freq ceros=1 ^ freq unos=1 ^ freq dos=1 ^ width=1 ^ simetria=1 ^ actividad=1 ^ entropia=1,transitoriedad=1 ^ time entropy=1,0.613387,0.436694,0.232387,0.256353
freq ceros=1 ^ width=1 ^ entropia=1,freq unos=1 ^ freq dos=1 ^ transitoriedad=1 ^ time entropy=1,0.575005,0.483482,0.263306,0.296366
width=1 ^ simetria=1 ^ actividad=1,entropia=1 ^ transitoriedad=1,0.527248,0.547782,0.293704,0.334339
freq ceros=1 ^ freq unos=1 ^ freq dos=1 ^ width=1 ^ simetria=1 ^ actividad=1 ^ time entropy=1,entropia=1 ^ transitoriedad=1,0.488128,0.602676,0.321908,0.370042
entropia=1,freq unos=1 ^ freq dos=1 ^ actividad=1,0.399233,0.737702,0.430654,0.509128
width=2,transitoriedad=2,0.286196,0.930118,0.795459,0.919574
width=1,pasos=1,0.168360,1.235143,1.362240,1.065186
freq ceros=1 ^ freq dos=1 ^ width=1 ^ pasos=1 ^ actividad=1 ^ time entropy=1,entropia=1 ^ transitoriedad=1,0.463583,0.638327,0.340136,0.393271
freq ceros=1 ^ width=1 ^ simetria=1 ^ actividad=1,entropia=1 ^ transitoriedad=1,0.527076,0.548012,0.293822,0.334492
freq ceros=1 ^ width=1 ^ entropia=1,freq unos=1 ^ freq dos=1 ^ transitoriedad=1 ^ time entropy=1,0.575005,0.483482,0.263306,0.296366
width=1 ^ simetria=1 ^ actividad=1,entropia=1 ^ transitoriedad=1,0.527248,0.547782,0.293704,0.334339
freq ceros=1 ^ freq unos=1 ^ freq dos=1 ^ simetria=1 ^ actividad=1 ^ entropia=1 ^ time entropy=1,width=1 ^ transitoriedad=1,0.480813,0.613186,0.327624,0.377326
freq ceros=1 ^ freq unos=1 ^ freq dos=1 ^ width=1 ^ pasos=1 ^ actividad=1 ^ entropia=1 ^ time entropy=1,transitoriedad=1,0.395773,0.741789,0.392977,0.461479
freq unos=1 ^ freq dos=1 ^ width=1 ^ actividad=1,entropia=1,0.269346,0.962030,0.540406,0.651219
entropia=2,pasos=1,0.130587,1.277349,0.931586,0.990604
pasos=1,freq unos=1 ^ freq dos=1 ^ transitoriedad=1,0.046994,1.653876,1.569406,1.058942
freq ceros=1 ^ freq dos=1 ^ width=1 ^ pasos=1 ^ actividad=1 ^ time entropy=1,entropia=1 ^ transitoriedad=1,0.463583,0.638327,0.340136,0.393271
freq ceros=1 ^ width=1 ^ simetria=1 ^ actividad=1,entropia=1 ^ transitoriedad=1,0.527076,0.548012,0.293822,0.334492
freq unos=1 ^ freq dos=1 ^ simetria=1 ^ actividad=1,width=1 ^ entropia=1 ^ transitoriedad=1,0.493342,0.595234,0.318093,0.365190
freq unos=1 ^ freq dos=1 ^ width=1 ^ pasos=1 ^ actividad=1 ^ time entropy=1,entropia=1 ^ transitoriedad=1,0.402551,0.731062,0.387175,0.453960
freq ceros=1 ^ width=1 ^ pasos=2 ^ simetria=1 ^ actividad=1 ^ time entropy=1,freq unos=1 ^ freq dos=1 ^ transitoriedad=1,0.290128,0.924340,0.477305,0.569715
freq ceros=1 ^ width=1 ^ pasos=1 ^ simetria=2 ^ actividad=1 ^ time entropy=2,transitoriedad=1,0.113978,1.324787,0.679360,0.813549
freq ceros=1 ^ width=1 ^ pasos=1 ^ actividad=1 ^ entropia=1 ^ time entropy=2,simetria=2 ^ transitoriedad=1,0.231969,1.051703,0.536242,0.636143
freq dos=1 ^ width=1 ^ pasos=1 ^ simetria=1 ^ actividad=1,entropia=1 ^ transitoriedad=1 ^ time entropy=1,0.374595,0.778777,0.406669,0.477208
freq ceros=1 ^ freq unos=1 ^ freq dos=1 ^ simetria=1 ^ actividad=1 ^ time entropy=1,width=1 ^ entropia=1 ^ transitoriedad=1,0.488165,0.602624,0.321880,0.370006
freq ceros=1 ^ freq dos=1 ^ width=1 ^ pasos=1 ^ actividad=1 ^ time entropy=1,entropia=1 ^ transitoriedad=1,0.463583,0.638327,0.340136,0.393271
freq unos=1 ^ freq dos=1 ^ pasos=1 ^ simetria=1 ^ actividad=1,width=1 ^ entropia=1 ^ transitoriedad=1 ^ time entropy=1,0.358393,0.803789,0.419047,0.494533
freq ceros=1 ^ width=1 ^ pasos=1 ^ actividad=1 ^ time entropy=2,simetria=2 ^ transitoriedad=1,0.241789,1.031102,0.526006,0.623458
freq ceros=1 ^ freq unos=1 ^ width=1 ^ pasos=1 ^ simetria=2 ^ actividad=1 ^ entropia=1 ^ time entropy=2,freq dos=2 ^ transitoriedad=1,0.221555,1.144530,0.578149,0.643661
freq ceros=1 ^ width=1 ^ actividad=1 ^ time entropy=2,simetria=2 ^ transitoriedad=1,0.319988,0.886314,0.454179,0.528866
freq ceros=1 ^ freq unos=1 ^ width=1 ^ pasos=1 ^ actividad=1 ^ entropia=1 ^ time entropy=1,transitoriedad=1,0.455161,0.650687,0.346807,0.401875
freq ceros=1 ^ freq unos=1 ^ width=1 ^ pasos=1 ^ actividad=1 ^ entropia=1 ^ time entropy=1,transitoriedad=1,0.455161,0.650687,0.346807,0.401875
freq unos=1 ^ freq dos=1 ^ pasos=1 ^ simetria=1 ^ actividad=1,width=1 ^ entropia=1 ^ transitoriedad=1 ^ time entropy=1,0.358393,0.803789,0.419047,0.494533
freq ceros=1 ^ width=1 ^ actividad=1 ^ time entropy=2,simetria=2 ^ transitoriedad=1,0.319988,0.886314,0.454179,0.528866
freq ceros=1 ^ width=1 ^ actividad=1 ^ time entropy=2,simetria=2 ^ transitoriedad=1,0.319988,0.886314,0.454179,0.528866
freq unos=1 ^ freq dos=1 ^ width=1 ^ pasos=1 ^ actividad=1,freq ceros=1 ^ entropia=1 ^ transitoriedad=1,0.419945,0.704028,0.373462,0.436147
freq ceros=1 ^ freq dos=1 ^ width=1 ^ pasos=1 ^ actividad=1 ^ time entropy=1,entropia=1 ^ transitoriedad=1,0.463583,0.638327,0.340136,0.393271
freq unos=1 ^ freq dos=1 ^ width=1 ^ pasos=1 ^ actividad=1,freq ceros=1 ^ entropia=1 ^ transitoriedad=1,0.419945,0.704028,0.373462,0.436147
freq ceros=1 ^ width=1 ^ pasos=1 ^ simetria=1 ^ actividad=1,entropia=1 ^ transitoriedad=1 ^ time entropy=1,0.388382,0.760833,0.398075,0.462926
freq ceros=1 ^ freq dos=1 ^ width=1 ^ pasos=1 ^ actividad=1 ^ time entropy=1,entropia=1 ^ transitoriedad=1,0.463583,0.638327,0.340136,0.393271
freq unos=1 ^ freq dos=1 ^ width=1 ^ simetria=1 ^ actividad=1 ^ time entropy=1,freq ceros=1 ^ entropia=1 ^ transitoriedad=1,0.489363,0.600958,0.320977,0.368822
freq ceros=1 ^ freq unos=1 ^ freq dos=1 ^ simetria=1 ^ actividad=1 ^ time entropy=1,width=1 ^ entropia=1 ^ transitoriedad=1,0.488165,0.602624,0.321880,0.370006
freq unos=1 ^ freq dos=1 ^ width=1 ^ simetria=1 ^ actividad=1 ^ time entropy=1,freq ceros=1 ^ entropia=1 ^ transitoriedad=1,0.489363,0.600958,0.320977,0.368822
width=1 ^ simetria=1 ^ actividad=1 ^ time entropy=1,freq ceros=1 ^ entropia=1 ^ transitoriedad=1,0.516069,0.563298,0.301645,0.344316
width=1 ^ simetria=1 ^ actividad=1 ^ time entropy=1,freq ceros=1 ^ entropia=1 ^ transitoriedad=1,0.516069,0.563298,0.301645,0.344316
width=1 ^ simetria=1 ^ actividad=1,freq ceros=1 ^ entropia=1 ^ transitoriedad=1,0.528345,0.546386,0.292944,0.333300
freq ceros=1 ^ freq unos=1 ^ freq dos=1 ^ width=1 ^ actividad=1 ^ time entropy=1,entropia=1 ^ transitoriedad=1,0.640149,0.399814,0.216685,0.239478
freq ceros=1 ^ freq unos=1 ^ freq dos=1 ^ actividad=1 ^ entropia=1 ^ time entropy=1,width=1 ^ transitoriedad=1,0.630556,0.411849,0.223289,0.247442
freq ceros=1 ^ freq unos=1 ^ freq dos=1 ^ width=1 ^ actividad=1 ^ entropia=1 ^ time entropy=1,transitoriedad=1,0.629516,0.413159,0.224007,0.248311
freq ceros=1 ^ freq unos=1 ^ freq dos=1 ^ width=1 ^ actividad=1 ^ entropia=1 ^ time entropy=1,transitoriedad=1,0.629516,0.413159,0.224007,0.248311
freq ceros=1 ^ width=1 ^ entropia=1,freq dos=1 ^ actividad=1 ^ transitoriedad=1 ^ time entropy=1,0.615626,0.430887,0.235718,0.262434
freq ceros=1 ^ width=1 ^ entropia=1,freq unos=1 ^ freq dos=1 ^ actividad=1 ^ transitoriedad=1,0.600649,0.450128,0.245845,0.274783
freq ceros=1 ^ width=1 ^ entropia=1,freq unos=1 ^ freq dos=1 ^ actividad=1 ^ transitoriedad=1,0.600649,0.450128,0.245845,0.274783
freq ceros=1 ^ width=1 ^ entropia=1,freq dos=1 ^ actividad=1 ^ transitoriedad=1 ^ time entropy=1,0.615626,0.430887,0.235718,0.262434
freq ceros=1 ^ freq unos=1 ^ freq dos=1 ^ width=1 ^ actividad=1 ^ entropia=1 ^ time entropy=1,transitoriedad=1,0.629516,0.413159,0.224007,0.248311
freq ceros=1 ^ freq unos=1 ^ freq dos=1 ^ width=1 ^ actividad=1 ^ entropia=1 ^ time entropy=1,transitoriedad=1,0.629516,0.413159,0.224007,0.248311
freq unos=1 ^ freq dos=1 ^ width=1 ^ actividad=1 ^ entropia=1 ^ time entropy=1,freq ceros=1 ^ transitoriedad=1,0.633688,0.407964,0.221160,0.244832
freq ceros=1 ^ freq unos=1 ^ freq dos=1 ^ actividad=1 ^ time entropy=1,width=1 ^ entropia=1 ^ transitoriedad=1,0.640197,0.399754,0.216653,0.239439
freq ceros=1 ^ freq unos=1 ^ freq dos=1 ^ width=1 ^ actividad=1 ^ entropia=1 ^ time entropy=1,transitoriedad=1,0.629516,0.413159,0.224007,0.248311
freq ceros=1 ^ freq unos=1 ^ freq dos=1 ^ width=1 ^ actividad=1 ^ entropia=1 ^ time entropy=1,transitoriedad=1,0.629516,0.413159,0.224007,0.248311
freq ceros=1 ^ width=1 ^ entropia=1,freq unos=1 ^ freq dos=1 ^ actividad=1 ^ transitoriedad=1,0.600649,0.450128,0.245845,0.274783
freq ceros=1 ^ width=1 ^ entropia=1,freq unos=1 ^ freq dos=1 ^ transitoriedad=1 ^ time entropy=1,0.575005,0.483482,0.263306,0.296366
freq ceros=1 ^ width=1 ^ entropia=1,freq unos=1 ^ freq dos=1 ^ transitoriedad=1 ^ time entropy=1,0.575005,0.483482,0.263306,0.296366
freq ceros=1 ^ width=1 ^ entropia=1,freq unos=1 ^ freq dos=1 ^ transitoriedad=1 ^ time entropy=1,0.575005,0.483482,0.263306,0.296366
freq ceros=1 ^ width=1 ^ entropia=1,freq unos=1 ^ freq dos=1 ^ transitoriedad=1 ^ time entropy=1,0.575005,0.483482,0.263306,0.296366
freq ceros=1 ^ width=1 ^ entropia=1,freq unos=1 ^ freq dos=1 ^ transitoriedad=1 ^ time entropy=1,0.575005,0.483482,0.263306,0.296366
freq ceros=1 ^ width=1 ^ entropia=1,freq unos=1 ^ freq dos=1 ^ actividad=1 ^ transitoriedad=1,0.600649,0.450128,0.245845,0.274783
freq ceros=1 ^ freq unos=1 ^ freq dos=1 ^ width=1 ^ simetria=1 ^ actividad=1,entropia=1 ^ transitoriedad=1 ^ time entropy=1,0.613969,0.435948,0.231986,0.255869
freq ceros=1 ^ freq unos=1 ^ freq dos=1 ^ width=1 ^ actividad=1 ^ entropia=1 ^ time entropy=1,transitoriedad=1,0.629516,0.413159,0.224007,0.248311
freq ceros=1 ^ freq unos=1 ^ freq dos=1 ^ simetria=1 ^ actividad=1 ^ entropia=1,width=1 ^ transitoriedad=1 ^ time entropy=1,0.613387,0.436694,0.232387,0.256353
freq ceros=1 ^ width=1 ^ entropia=1,freq unos=1 ^ freq dos=1 ^ actividad=1 ^ transitoriedad=1,0.600649,0.450128,0.245845,0.274783
freq ceros=1 ^ width=1 ^ entropia=1,freq unos=1 ^ freq dos=1 ^ actividad=1 ^ transitoriedad=1 ^ time entropy=1,0.560856,0.502255,0.273103,0.308530
width=1 ^ entropia=1,freq dos=1 ^ transitoriedad=1 ^ time entropy=1,0.540813,0.529253,0.291259,0.331240
width=1,actividad=1 ^ transitoriedad=1,0.511780,0.569224,0.324682,0.373575
width=1,actividad=1 ^ transitoriedad=1,0.511780,0.569224,0.324682,0.373575
width=1,freq ceros=1 ^ entropia=1 ^ transitoriedad=1,0.535139,0.536936,0.307636,0.351929
freq ceros=1 ^ width=1 ^ entropia=1,freq unos=1 ^ freq dos=1 ^ actividad=1 ^ transitoriedad=1 ^ time entropy=1,0.560856,0.502255,0.273103,0.308530
freq ceros=1 ^ width=1 ^ entropia=1,freq unos=1 ^ freq dos=1 ^ actividad=1 ^ transitoriedad=1,0.600649,0.450128,0.245845,0.274783
freq ceros=1 ^ freq unos=1 ^ freq dos=1 ^ width=1 ^ simetria=1 ^ actividad=1 ^ entropia=1,transitoriedad=1 ^ time entropy=1,0.613387,0.436694,0.232387,0.256353
freq ceros=1 ^ width=1 ^ entropia=1,freq unos=1 ^ freq dos=1 ^ transitoriedad=1 ^ time entropy=1,0.575005,0.483482,0.263306,0.296366
freq ceros=1 ^ width=1 ^ entropia=1,freq unos=1 ^ freq dos=1 ^ actividad=1 ^ transitoriedad=1 ^ time entropy=1,0.560856,0.502255,0.273103,0.308530
freq ceros=1 ^ width=1 ^ simetria=1 ^ actividad=1 ^ time entropy=1,entropia=1 ^ transitoriedad=1,0.514777,0.565041,0.302590,0.345551
entropia=1,freq unos=1 ^ freq dos=1,0.451997,0.660216,0.392317,0.456137
width=2,pasos=1 ^ simetria=2 ^ transitoriedad=2,0.291603,0.920958,0.779866,0.905888
entropia=1,pasos=1,0.241770,1.060461,1.295059,1.064864
freq ceros=1 ^ freq dos=1 ^ width=1 ^ pasos=1 ^ actividad=1,transitoriedad=1,0.501905,0.583096,0.312237,0.357757
freq ceros=1 ^ width=1 ^ pasos=1 ^ actividad=1 ^ time entropy=1,entropia=1 ^ transitoriedad=1,0.531479,0.542443,0.291010,0.330607
freq ceros=1 ^ width=1 ^ entropia=1,freq unos=1 ^ freq dos=1 ^ transitoriedad=1 ^ time entropy=1,0.575005,0.483482,0.263306,0.296366
width=1 ^ simetria=1 ^ actividad=1,freq ceros=1 ^ entropia=1 ^ transitoriedad=1,0.528345,0.546386,0.292944,0.333300
freq ceros=1 ^ freq unos=1 ^ simetria=1 ^ actividad=1 ^ time entropy=1,width=1 ^ entropia=1 ^ transitoriedad=1,0.499842,0.586010,0.313363,0.359184
width=1,freq ceros=1 ^ freq unos=1 ^ actividad=1 ^ entropia=1 ^ transitoriedad=1,0.435002,0.680906,0.382658,0.448109
width=2,pasos=1 ^ simetria=2 ^ transitoriedad=2,0.291603,0.920958,0.779866,0.905888
width=2 ^ transitoriedad=2,pasos=1,0.263326,0.973702,0.894003,0.977763
entropia=1,freq unos=1 ^ freq dos=1 ^ time entropy=1,0.417965,0.710174,0.417348,0.490203
freq ceros=1 ^ freq unos=1 ^ freq dos=1 ^ width=1 ^ simetria=1 ^ actividad=1 ^ time entropy=1,entropia=1 ^ transitoriedad=1,0.488128,0.602676,0.321908,0.370042
freq ceros=1 ^ width=1 ^ pasos=1 ^ actividad=1 ^ time entropy=1,entropia=1 ^ transitoriedad=1,0.531479,0.542443,0.291010,0.330607
freq ceros=1 ^ freq dos=1 ^ simetria=1 ^ actividad=1 ^ time entropy=1,width=1 ^ entropia=1 ^ transitoriedad=1,0.501611,0.583510,0.312080,0.357557
freq unos=1 ^ freq dos=1 ^ width=1 ^ pasos=1 ^ actividad=1,freq ceros=1 ^ entropia=1 ^ transitoriedad=1,0.419945,0.704028,0.373462,0.436147
width=1,freq unos=1 ^ freq dos=1 ^ actividad=1 ^ entropia=1 ^ transitoriedad=1 ^ time entropy=1,0.343523,0.827784,0.456818,0.544346
freq ceros=1 ^ freq unos=1 ^ freq dos=1 ^ width=1 ^ actividad=1 ^ time entropy=1,entropia=1,0.251321,0.997362,0.557228,0.672175
entropia=1,pasos=1 ^ sensitividad=1,0.314687,1.021639,0.653840,0.666001
freq ceros=1 ^ freq unos=1 ^ freq dos=1 ^ width=1 ^ pasos=1 ^ actividad=1 ^ entropia=1,transitoriedad=1,0.411944,0.716343,0.380129,0.444836
freq unos=1 ^ freq dos=1 ^ width=1 ^ simetria=1 ^ actividad=1 ^ time entropy=1,freq ceros=1 ^ entropia=1 ^ transitoriedad=1,0.489363,0.600958,0.320977,0.368822
freq ceros=1 ^ freq dos=1 ^ width=1 ^ pasos=1 ^ actividad=1 ^ time entropy=1,entropia=1 ^ transitoriedad=1,0.463583,0.638327,0.340136,0.393271
freq unos=1 ^ freq dos=1 ^ pasos=1 ^ simetria=1 ^ actividad=1,width=1 ^ entropia=1 ^ transitoriedad=1 ^ time entropy=1,0.358393,0.803789,0.419047,0.494533
freq ceros=1 ^ freq dos=1 ^ width=1 ^ actividad=1 ^ entropia=1,pasos=2 ^ simetria=1 ^ transitoriedad=1 ^ time entropy=1,0.260400,0.980984,0.507182,0.608095
freq ceros=1 ^ freq unos=1 ^ width=1 ^ actividad=1 ^ time entropy=2,pasos=2 ^ simetria=2 ^ entropia=1 ^ transitoriedad=1,0.211386,1.299881,0.656286,0.657348
freq ceros=1 ^ width=1 ^ pasos=1 ^ actividad=1 ^ time entropy=2,freq dos=2 ^ simetria=2 ^ transitoriedad=1,0.330322,0.987753,0.501623,0.511296
freq ceros=1 ^ freq unos=1 ^ width=1 ^ pasos=1 ^ actividad=1 ^ entropia=1 ^ time entropy=1,transitoriedad=1,0.455161,0.650687,0.346807,0.401875
freq unos=1 ^ freq dos=1 ^ width=1 ^ pasos=1 ^ actividad=1,freq ceros=1 ^ entropia=1 ^ transitoriedad=1,0.419945,0.704028,0.373462,0.436147
freq unos=1 ^ freq dos=1 ^ pasos=1 ^ simetria=1 ^ actividad=1,width=1 ^ entropia=1 ^ transitoriedad=1 ^ time entropy=1,0.358393,0.803789,0.419047,0.494533
freq ceros=1 ^ width=1 ^ actividad=1 ^ entropia=1 ^ time entropy=2,simetria=2 ^ transitoriedad=1,0.310227,0.904179,0.463113,0.540138
freq ceros=1 ^ width=1 ^ pasos=1 ^ actividad=1 ^ time entropy=2,freq dos=2 ^ simetria=2 ^ entropia=1 ^ transitoriedad=1,0.324400,1.008094,0.511710,0.517871
freq ceros=1 ^ width=1 ^ pasos=1 ^ simetria=1 ^ actividad=1 ^ entropia=1,freq unos=1 ^ freq dos=1 ^ transitoriedad=1 ^ time entropy=1,0.411746,0.753948,0.394102,0.436655
freq ceros=1 ^ freq unos=1 ^ width=1 ^ pasos=1 ^ actividad=1 ^ entropia=1 ^ time entropy=1,transitoriedad=1,0.455161,0.650687,0.346807,0.401875
freq dos=1 ^ width=1 ^ pasos=1 ^ simetria=1 ^ actividad=1,entropia=1 ^ transitoriedad=1 ^ time entropy=1,0.374595,0.778777,0.406669,0.477208
freq ceros=1 ^ freq unos=1 ^ freq dos=1 ^ simetria=1 ^ actividad=1,width=1 ^ pasos=2 ^ entropia=1 ^ transitoriedad=1 ^ time entropy=1,0.386523,0.812969,0.420630,0.458414
freq ceros=1 ^ width=1 ^ pasos=1 ^ simetria=1 ^ actividad=1 ^ entropia=1,freq unos=1 ^ freq dos=1 ^ transitoriedad=1 ^ time entropy=1,0.411746,0.753948,0.394102,0.436655
freq ceros=1 ^ freq dos=1 ^ width=1 ^ pasos=1 ^ actividad=1 ^ time entropy=1,entropia=1 ^ transitoriedad=1,0.463583,0.638327,0.340136,0.393271
freq ceros=1 ^ freq unos=1 ^ width=1 ^ pasos=1 ^ actividad=1 ^ time entropy=1,entropia=1 ^ transitoriedad=1,0.462746,0.639668,0.340833,0.394084
freq dos=1 ^ width=1 ^ pasos=1 ^ actividad=1 ^ time entropy=1,freq ceros=1 ^ entropia=1 ^ transitoriedad=1,0.464660,0.636958,0.339405,0.392181
freq unos=1 ^ width=1 ^ simetria=1 ^ actividad=1 ^ time entropy=1,freq ceros=1 ^ entropia=1 ^ transitoriedad=1,0.501059,0.584348,0.312462,0.357999
freq ceros=1 ^ freq unos=1 ^ freq dos=1 ^ width=1 ^ pasos=1 ^ actividad=1,entropia=1 ^ transitoriedad=1 ^ time entropy=1,0.499065,0.600779,0.317737,0.355042
width=1 ^ simetria=1 ^ actividad=1,freq ceros=1 ^ entropia=1 ^ transitoriedad=1,0.528345,0.546386,0.292944,0.333300
freq ceros=1 ^ freq unos=1 ^ freq dos=1 ^ actividad=1 ^ entropia=1 ^ time entropy=1,width=1 ^ transitoriedad=1,0.630556,0.411849,0.223289,0.247442
freq ceros=1 ^ freq unos=1 ^ freq dos=1 ^ width=1 ^ actividad=1 ^ entropia=1 ^ time entropy=1,transitoriedad=1,0.629516,0.413159,0.224007,0.248311
freq ceros=1 ^ width=1 ^ entropia=1,freq dos=1 ^ actividad=1 ^ transitoriedad=1 ^ time entropy=1,0.615626,0.430887,0.235718,0.262434
freq ceros=1 ^ width=1 ^ entropia=1,freq unos=1 ^ freq dos=1 ^ actividad=1 ^ transitoriedad=1,0.600649,0.450128,0.245845,0.274783
freq ceros=1 ^ width=1 ^ entropia=1,freq unos=1 ^ freq dos=1 ^ actividad=1 ^ transitoriedad=1,0.600649,0.450128,0.245845,0.274783
freq ceros=1 ^ width=1 ^ entropia=1,freq unos=1 ^ freq dos=1 ^ actividad=1 ^ transitoriedad=1,0.600649,0.450128,0.245845,0.274783
freq ceros=1 ^ width=1 ^ entropia=1,freq unos=1 ^ freq dos=1 ^ actividad=1 ^ transitoriedad=1,0.600649,0.450128,0.245845,0.274783
freq ceros=1 ^ width=1 ^ entropia=1,freq unos=1 ^ freq dos=1 ^ actividad=1 ^ transitoriedad=1,0.600649,0.450128,0.245845,0.274783
freq ceros=1 ^ width=1 ^ entropia=1,freq dos=1 ^ actividad=1 ^ transitoriedad=1 ^ time entropy=1,0.615626,0.430887,0.235718,0.262434
freq ceros=1 ^ freq unos=1 ^ freq dos=1 ^ width=1 ^ actividad=1 ^ entropia=1 ^ time entropy=1,transitoriedad=1,0.629516,0.413159,0.224007,0.248311
freq unos=1 ^ freq dos=1 ^ width=1 ^ actividad=1 ^ entropia=1 ^ time entropy=1,freq ceros=1 ^ transitoriedad=1,0.633688,0.407964,0.221160,0.244832
freq ceros=1 ^ freq unos=1 ^ freq dos=1 ^ width=1 ^ actividad=1 ^ entropia=1 ^ time entropy=1,transitoriedad=1,0.629516,0.413159,0.224007,0.248311
freq ceros=1 ^ width=1 ^ entropia=1,freq unos=1 ^ freq dos=1 ^ actividad=1 ^ transitoriedad=1,0.600649,0.450128,0.245845,0.274783
freq ceros=1 ^ width=1 ^ entropia=1,freq unos=1 ^ freq dos=1 ^ actividad=1 ^ transitoriedad=1,0.600649,0.450128,0.245845,0.274783
freq ceros=1 ^ width=1,freq unos=1 ^ entropia=1 ^ transitoriedad=1 ^ time entropy=1,0.577086,0.480760,0.264047,0.297269
width=1,freq ceros=1 ^ transitoriedad=1,0.541933,0.527678,0.302724,0.345719
width=1,freq ceros=1 ^ transitoriedad=1,0.541933,0.527678,0.302724,0.345719
freq ceros=1 ^ width=1,freq unos=1 ^ entropia=1 ^ transitoriedad=1 ^ time entropy=1,0.577086,0.480760,0.264047,0.297269
width=1 ^ entropia=1,freq ceros=1 ^ freq dos=1 ^ actividad=1 ^ transitoriedad=1,0.590563,0.463273,0.256635,0.287991
freq ceros=1 ^ width=1 ^ entropia=1,freq unos=1 ^ freq dos=1 ^ actividad=1 ^ transitoriedad=1,0.600649,0.450128,0.245845,0.274783
freq ceros=1 ^ freq unos=1 ^ freq dos=1 ^ width=1 ^ simetria=1 ^ actividad=1,entropia=1 ^ transitoriedad=1 ^ time entropy=1,0.613969,0.435948,0.231986,0.255869
freq ceros=1 ^ width=1 ^ entropia=1,freq unos=1 ^ freq dos=1 ^ actividad=1 ^ transitoriedad=1,0.600649,0.450128,0.245845,0.274783
freq ceros=1 ^ width=1 ^ entropia=1,freq unos=1 ^ freq dos=1 ^ transitoriedad=1 ^ time entropy=1,0.575005,0.483482,0.263306,0.296366
width=1,freq ceros=1 ^ transitoriedad=1,0.541933,0.527678,0.302724,0.345719
width=1,freq ceros=1 ^ entropia=1 ^ transitoriedad=1,0.535139,0.536936,0.307636,0.351929
entropia=1,actividad=1 ^ time entropy=1,0.511405,0.579989,0.352532,0.399493
entropia=1,actividad=1 ^ time entropy=1,0.511405,0.579989,0.352532,0.399493
width=1,freq ceros=1 ^ transitoriedad=1,0.541933,0.527678,0.302724,0.345719
freq ceros=1 ^ width=1 ^ entropia=1,freq unos=1 ^ freq dos=1 ^ transitoriedad=1 ^ time entropy=1,0.575005,0.483482,0.263306,0.296366
freq ceros=1 ^ width=1 ^ entropia=1,freq unos=1 ^ freq dos=1 ^ actividad=1 ^ transitoriedad=1,0.600649,0.450128,0.245845,0.274783
freq ceros=1 ^ width=1 ^ entropia=1,freq unos=1 ^ freq dos=1 ^ actividad=1 ^ transitoriedad=1 ^ time entropy=1,0.560856,0.502255,0.273103,0.308530
width=1 ^ simetria=1 ^ actividad=1,entropia=1 ^ transitoriedad=1,0.527248,0.547782,0.293704,0.334339
width=1,freq ceros=1 ^ actividad=1 ^ entropia=1 ^ transitoriedad=1,0.508038,0.574464,0.327436,0.377085
entropia=1,freq unos=1 ^ freq dos=1,0.451997,0.660216,0.392317,0.456137
entropia=1,freq unos=1 ^ freq dos=1,0.451997,0.660216,0.392317,0.456137
entropia=1,freq unos=1 ^ time entropy=1,0.483554,0.619352,0.373225,0.426376
freq ceros=1 ^ freq unos=1 ^ width=1 ^ pasos=1 ^ actividad=1,transitoriedad=1,0.523697,0.552662,0.296579,0.337970
freq ceros=1 ^ width=1 ^ entropia=1,freq unos=1 ^ freq dos=1 ^ actividad=1 ^ transitoriedad=1 ^ time entropy=1,0.560856,0.502255,0.273103,0.308530
freq ceros=1 ^ width=1 ^ simetria=1 ^ actividad=1,entropia=1 ^ transitoriedad=1,0.527076,0.548012,0.293822,0.334492
freq ceros=1 ^ freq unos=1 ^ freq dos=1 ^ width=1 ^ simetria=1 ^ actividad=1 ^ entropia=1 ^ time entropy=1,transitoriedad=1,0.480021,0.614329,0.328246,0.378120
entropia=1,freq unos=1 ^ freq dos=1 ^ time entropy=1,0.417965,0.710174,0.417348,0.490203
entropia=1,freq unos=1 ^ freq dos=1 ^ actividad=1 ^ time entropy=1,0.379991,0.768074,0.445796,0.529211
width=1,entropia=1,0.431759,0.779027,0.506097,0.516227
freq ceros=1 ^ freq dos=1 ^ width=1 ^ pasos=1 ^ actividad=1 ^ time entropy=1,entropia=1 ^ transitoriedad=1,0.463583,0.638327,0.340136,0.393271
width=1 ^ simetria=1 ^ actividad=1 ^ time entropy=1,freq ceros=1 ^ entropia=1 ^ transitoriedad=1,0.516069,0.563298,0.301645,0.344316
freq ceros=1 ^ freq unos=1 ^ freq dos=1 ^ simetria=1 ^ actividad=1 ^ time entropy=1,width=1 ^ entropia=1 ^ transitoriedad=1,0.488165,0.602624,0.321880,0.370006
freq unos=1 ^ freq dos=1 ^ width=1 ^ pasos=1 ^ actividad=1,entropia=1 ^ transitoriedad=1,0.419004,0.705390,0.374199,0.437167
freq dos=1 ^ width=1 ^ simetria=1 ^ actividad=1,freq ceros=1 ^ entropia=1,0.353925,0.810266,0.437406,0.519090
freq ceros=1,freq dos=1 ^ actividad=1 ^ entropia=1,0.352843,0.938156,0.560540,0.571561
width=1 ^ pasos=1 ^ time entropy=1,freq unos=1 ^ freq dos=1 ^ transitoriedad=1,0.418526,0.819810,0.443683,0.443693
freq ceros=1 ^ freq unos=1 ^ freq dos=1 ^ width=1 ^ simetria=1 ^ actividad=1 ^ entropia=1 ^ time entropy=1,transitoriedad=1,0.480021,0.614329,0.328246,0.378120
freq ceros=1 ^ freq unos=1 ^ width=1 ^ pasos=1 ^ actividad=1 ^ time entropy=1,transitoriedad=1,0.455381,0.650361,0.346641,0.401662
freq dos=1 ^ width=1 ^ pasos=1 ^ simetria=1 ^ actividad=1,entropia=1 ^ transitoriedad=1 ^ time entropy=1,0.374595,0.778777,0.406669,0.477208
freq ceros=1 ^ freq unos=1 ^ freq dos=1 ^ actividad=1,width=1 ^ pasos=2 ^ entropia=1 ^ transitoriedad=1 ^ time entropy=1,0.344796,0.831445,0.430912,0.506642
freq ceros=1 ^ freq dos=1 ^ width=1 ^ pasos=1 ^ actividad=1 ^ entropia=1,freq unos=1 ^ simetria=1 ^ transitoriedad=1 ^ time entropy=1,0.382593,0.893104,0.472535,0.472541
freq unos=1 ^ freq dos=1 ^ width=1 ^ pasos=1 ^ actividad=1 ^ time entropy=1,freq ceros=1 ^ simetria=1 ^ entropia=1 ^ transitoriedad=1,0.428730,0.786432,0.413619,0.420714
freq ceros=1 ^ freq unos=1 ^ width=1 ^ pasos=1 ^ actividad=1 ^ entropia=1 ^ time entropy=1,transitoriedad=1,0.455161,0.650687,0.346807,0.401875
freq ceros=1 ^ width=1 ^ pasos=1 ^ simetria=1 ^ actividad=1,entropia=1 ^ transitoriedad=1 ^ time entropy=1,0.388382,0.760833,0.398075,0.462926
freq ceros=1 ^ freq unos=1 ^ freq dos=1 ^ width=1 ^ simetria=1 ^ actividad=1,pasos=2 ^ entropia=1 ^ transitoriedad=1 ^ time entropy=1,0.386523,0.812969,0.420630,0.458414
freq unos=1 ^ freq dos=1 ^ width=1 ^ pasos=1 ^ actividad=1 ^ time entropy=1,freq ceros=1 ^ simetria=1 ^ entropia=1 ^ transitoriedad=1,0.428730,0.786432,0.413619,0.420714
freq ceros=1 ^ freq dos=1 ^ width=1 ^ pasos=1 ^ actividad=1 ^ time entropy=1,entropia=1 ^ transitoriedad=1,0.463583,0.638327,0.340136,0.393271
freq unos=1 ^ width=1 ^ pasos=1 ^ actividad=1 ^ entropia=1 ^ time entropy=1,freq ceros=1 ^ transitoriedad=1,0.458148,0.646415,0.344495,0.398800
freq unos=1 ^ width=1 ^ pasos=1 ^ actividad=1 ^ time entropy=1,freq ceros=1 ^ entropia=1 ^ transitoriedad=1,0.463842,0.638233,0.340064,0.392970
freq ceros=1 ^ freq unos=1 ^ freq dos=1 ^ width=1 ^ pasos=1 ^ actividad=1,entropia=1 ^ transitoriedad=1 ^ time entropy=1,0.499065,0.600779,0.317737,0.355042
freq ceros=1 ^ freq unos=1 ^ freq dos=1 ^ width=1 ^ pasos=1 ^ actividad=1 ^ entropia=1,transitoriedad=1 ^ time entropy=1,0.498598,0.601446,0.318095,0.355490
width=1 ^ simetria=1 ^ actividad=1 ^ time entropy=1,freq ceros=1 ^ entropia=1 ^ transitoriedad=1,0.516069,0.563298,0.301645,0.344316
freq ceros=1 ^ freq unos=1 ^ freq dos=1 ^ width=1 ^ actividad=1 ^ entropia=1 ^ time entropy=1,transitoriedad=1,0.629516,0.413159,0.224007,0.248311
freq ceros=1 ^ freq unos=1 ^ freq dos=1 ^ width=1 ^ actividad=1 ^ entropia=1 ^ time entropy=1,transitoriedad=1,0.629516,0.413159,0.224007,0.248311
freq ceros=1 ^ width=1 ^ entropia=1,freq dos=1 ^ actividad=1 ^ transitoriedad=1 ^ time entropy=1,0.615626,0.430887,0.235718,0.262434
width=1 ^ entropia=1,freq ceros=1 ^ freq dos=1 ^ transitoriedad=1,0.611838,0.436090,0.242285,0.270169
width=1 ^ entropia=1,transitoriedad=1 ^ time entropy=1,0.593560,0.459442,0.254622,0.285461
width=1 ^ entropia=1,transitoriedad=1 ^ time entropy=1,0.593560,0.459442,0.254622,0.285461
width=1 ^ entropia=1,freq ceros=1 ^ freq dos=1 ^ transitoriedad=1,0.611838,0.436090,0.242285,0.270169
freq ceros=1 ^ width=1 ^ entropia=1,freq dos=1 ^ actividad=1 ^ transitoriedad=1 ^ time entropy=1,0.615626,0.430887,0.235718,0.262434
freq ceros=1 ^ freq unos=1 ^ freq dos=1 ^ width=1 ^ actividad=1 ^ entropia=1 ^ time entropy=1,transitoriedad=1,0.629516,0.413159,0.224007,0.248311
freq ceros=1 ^ freq unos=1 ^ freq dos=1 ^ actividad=1 ^ entropia=1 ^ time entropy=1,width=1 ^ transitoriedad=1,0.630556,0.411849,0.223289,0.247442
freq ceros=1 ^ width=1 ^ entropia=1,freq dos=1 ^ actividad=1 ^ transitoriedad=1 ^ time entropy=1,0.615626,0.430887,0.235718,0.262434
freq ceros=1 ^ width=1 ^ entropia=1,freq unos=1 ^ freq dos=1 ^ actividad=1 ^ transitoriedad=1,0.600649,0.450128,0.245845,0.274783
width=1 ^ entropia=1,freq ceros=1 ^ freq dos=1 ^ actividad=1 ^ transitoriedad=1,0.590563,0.463273,0.256635,0.287991
entropia=1,freq dos=1 ^ time entropy=1,0.577100,0.488420,0.302061,0.337404
entropia=1,freq dos=1 ^ time entropy=1,0.577100,0.488420,0.302061,0.337404
entropia=1,freq dos=1 ^ time entropy=1,0.577100,0.488420,0.302061,0.337404
width=1 ^ entropia=1,freq ceros=1 ^ freq dos=1 ^ actividad=1 ^ transitoriedad=1,0.590563,0.463273,0.256635,0.287991
freq ceros=1 ^ width=1 ^ entropia=1,freq unos=1 ^ freq dos=1 ^ actividad=1 ^ transitoriedad=1,0.600649,0.450128,0.245845,0.274783
freq ceros=1 ^ width=1 ^ entropia=1,freq dos=1 ^ actividad=1 ^ transitoriedad=1 ^ time entropy=1,0.615626,0.430887,0.235718,0.262434
freq ceros=1 ^ width=1 ^ entropia=1,freq unos=1 ^ freq dos=1 ^ actividad=1 ^ transitoriedad=1,0.600649,0.450128,0.245845,0.274783
freq ceros=1 ^ width=1,freq unos=1 ^ entropia=1 ^ transitoriedad=1 ^ time entropy=1,0.577086,0.480760,0.264047,0.297269
width=1,freq ceros=1 ^ transitoriedad=1,0.541933,0.527678,0.302724,0.345719
width=1,freq ceros=1 ^ entropia=1 ^ transitoriedad=1,0.535139,0.536936,0.307636,0.351929
entropia=1,actividad=1 ^ time entropy=1,0.511405,0.579989,0.352532,0.399493
entropia=1,freq dos=1 ^ time entropy=1,0.577100,0.488420,0.302061,0.337404
width=1 ^ entropia=1,freq ceros=1 ^ freq unos=1 ^ freq dos=1,0.562922,0.499438,0.275639,0.311735
freq ceros=1 ^ width=1 ^ entropia=1,freq unos=1 ^ freq dos=1 ^ actividad=1 ^ transitoriedad=1,0.600649,0.450128,0.245845,0.274783
freq ceros=1 ^ width=1 ^ entropia=1,freq unos=1 ^ freq dos=1 ^ actividad=1 ^ transitoriedad=1 ^ time entropy=1,0.560856,0.502255,0.273103,0.308530
width=1,freq ceros=1 ^ entropia=1 ^ transitoriedad=1,0.535139,0.536936,0.307636,0.351929
width=1,freq ceros=1 ^ actividad=1 ^ entropia=1 ^ transitoriedad=1,0.508038,0.574464,0.327436,0.377085
entropia=1,freq unos=1 ^ time entropy=1,0.483554,0.619352,0.373225,0.426376
entropia=1,actividad=1 ^ time entropy=1,0.511405,0.579989,0.352532,0.399493
width=1,freq ceros=1 ^ entropia=1 ^ transitoriedad=1,0.535139,0.536936,0.307636,0.351929
freq ceros=1 ^ width=1 ^ entropia=1,freq unos=1 ^ freq dos=1 ^ actividad=1 ^ transitoriedad=1 ^ time entropy=1,0.560856,0.502255,0.273103,0.308530
freq ceros=1 ^ width=1 ^ simetria=1 ^ actividad=1,entropia=1 ^ transitoriedad=1,0.527076,0.548012,0.293822,0.334492
freq ceros=1 ^ entropia=1,freq dos=1 ^ actividad=1 ^ transitoriedad=1 ^ time entropy=1,0.488850,0.601790,0.331426,0.382064
entropia=1,freq unos=1 ^ freq dos=1,0.451997,0.660216,0.392317,0.456137
entropia=1,freq ceros=1,0.483049,0.681325,0.442090,0.453466
width=1,freq ceros=1,0.501372,0.664230,0.415285,0.415285
width=1 ^ simetria=1 ^ actividad=1 ^ entropia=1,freq ceros=1 ^ transitoriedad=1,0.521737,0.555488,0.297903,0.339555
freq unos=1 ^ freq dos=1 ^ simetria=1 ^ actividad=1,width=1 ^ entropia=1 ^ transitoriedad=1,0.493342,0.595234,0.318093,0.365190
freq ceros=1 ^ freq unos=1 ^ width=1 ^ pasos=1 ^ actividad=1 ^ entropia=1 ^ time entropy=1,transitoriedad=1,0.455161,0.650687,0.346807,0.401875
freq unos=1 ^ freq dos=1 ^ width=1 ^ pasos=1 ^ actividad=1,freq ceros=1 ^ entropia=1 ^ transitoriedad=1,0.419945,0.704028,0.373462,0.436147
freq ceros=1 ^ width=1 ^ pasos=1 ^ entropia=1 ^ time entropy=1,freq unos=1 ^ freq dos=1 ^ actividad=1 ^ transitoriedad=1,0.453491,0.749454,0.402458,0.403859
width=1 ^ pasos=1 ^ actividad=1,freq unos=1 ^ transitoriedad=1 ^ time entropy=1,0.498912,0.667850,0.360848,0.361270
freq unos=1 ^ freq dos=1 ^ width=1 ^ simetria=1 ^ actividad=1 ^ entropia=1 ^ time entropy=1,freq ceros=1 ^ transitoriedad=1,0.483229,0.609755,0.325760,0.374914
freq ceros=1 ^ freq unos=1 ^ width=1 ^ pasos=1 ^ actividad=1 ^ entropia=1 ^ time entropy=1,transitoriedad=1,0.455161,0.650687,0.346807,0.401875
freq ceros=1 ^ width=1 ^ pasos=1 ^ actividad=1,simetria=2 ^ entropia=1 ^ transitoriedad=1,0.439853,0.757019,0.401642,0.413075
freq ceros=1 ^ freq unos=1 ^ freq dos=1 ^ width=1 ^ actividad=1 ^ entropia=1,pasos=1 ^ transitoriedad=1 ^ time entropy=1,0.483355,0.688578,0.368292,0.372714
freq ceros=1 ^ freq unos=1 ^ freq dos=1 ^ width=1 ^ simetria=1 ^ actividad=1 ^ time entropy=1,entropia=1 ^ transitoriedad=1,0.488128,0.602676,0.321908,0.370042
freq ceros=1 ^ freq unos=1 ^ freq dos=1 ^ pasos=1 ^ actividad=1 ^ entropia=1,transitoriedad=1 ^ time entropy=1,0.498598,0.601446,0.318095,0.355490
freq ceros=1 ^ freq dos=1 ^ width=1 ^ pasos=1 ^ actividad=1 ^ entropia=1,freq unos=1 ^ transitoriedad=1 ^ time entropy=1,0.486894,0.670727,0.357981,0.368714
freq unos=1 ^ freq dos=1 ^ width=1 ^ pasos=1 ^ actividad=1,entropia=1 ^ transitoriedad=1 ^ time entropy=1,0.499174,0.600626,0.317659,0.354942
freq unos=1 ^ freq dos=1 ^ width=1 ^ pasos=1 ^ actividad=1,entropia=1 ^ transitoriedad=1 ^ time entropy=1,0.499174,0.600626,0.317659,0.354942
width=1 ^ simetria=1 ^ actividad=1,freq ceros=1 ^ entropia=1 ^ transitoriedad=1,0.528345,0.546386,0.292944,0.333300
freq ceros=1 ^ freq unos=1 ^ freq dos=1 ^ actividad=1 ^ entropia=1 ^ time entropy=1,width=1 ^ transitoriedad=1,0.630556,0.411849,0.223289,0.247442
freq ceros=1 ^ freq unos=1 ^ freq dos=1 ^ width=1 ^ actividad=1 ^ entropia=1 ^ time entropy=1,transitoriedad=1,0.629516,0.413159,0.224007,0.248311
freq ceros=1 ^ width=1,actividad=1 ^ entropia=1 ^ transitoriedad=1 ^ time entropy=1,0.620388,0.424796,0.234532,0.261014
pasos=1,simetria=2 ^ transitoriedad=2,0.900191,0.102441,0.528799,0.635912
pasos=1,simetria=2 ^ transitoriedad=2,0.900191,0.102441,0.528799,0.635912
pasos=1,simetria=2 ^ transitoriedad=2,0.900191,0.102441,0.528799,0.635912
freq ceros=1 ^ width=1,actividad=1 ^ transitoriedad=1 ^ time entropy=1,0.620925,0.424131,0.234183,0.260576
freq ceros=1 ^ freq unos=1 ^ freq dos=1 ^ actividad=1 ^ entropia=1 ^ time entropy=1,width=1 ^ transitoriedad=1,0.630556,0.411849,0.223289,0.247442
freq ceros=1 ^ freq unos=1 ^ freq dos=1 ^ width=1 ^ actividad=1 ^ time entropy=1,entropia=1 ^ transitoriedad=1,0.640149,0.399814,0.216685,0.239478
freq ceros=1 ^ width=1 ^ entropia=1,freq dos=1 ^ actividad=1 ^ transitoriedad=1 ^ time entropy=1,0.615626,0.430887,0.235718,0.262434
width=1 ^ entropia=1,freq ceros=1 ^ freq dos=1 ^ transitoriedad=1,0.611838,0.436090,0.242285,0.270169
width=1 ^ entropia=1,transitoriedad=1 ^ time entropy=1,0.593560,0.459442,0.254622,0.285461
entropia=1,freq dos=1 ^ time entropy=1,0.577100,0.488420,0.302061,0.337404
pasos=1,simetria=2 ^ transitoriedad=2,0.900191,0.102441,0.528799,0.635912
entropia=1,freq dos=1,0.630473,0.436808,0.282934,0.295856
width=1 ^ entropia=1,freq ceros=1 ^ freq dos=1 ^ transitoriedad=1,0.611838,0.436090,0.242285,0.270169
freq ceros=1 ^ freq unos=1 ^ freq dos=1 ^ width=1 ^ actividad=1 ^ entropia=1 ^ time entropy=1,transitoriedad=1,0.629516,0.413159,0.224007,0.248311
freq ceros=1 ^ width=1 ^ entropia=1,freq unos=1 ^ freq dos=1 ^ actividad=1 ^ transitoriedad=1,0.600649,0.450128,0.245845,0.274783
width=1 ^ entropia=1,actividad=1 ^ transitoriedad=1 ^ time entropy=1,0.580824,0.476071,0.263402,0.296298
entropia=1,freq dos=1 ^ time entropy=1,0.577100,0.488420,0.302061,0.337404
entropia=1,freq dos=1 ^ time entropy=1,0.577100,0.488420,0.302061,0.337404
entropia=1,freq dos=1 ^ time entropy=1,0.577100,0.488420,0.302061,0.337404
entropia=1,freq dos=1 ^ time entropy=1,0.577100,0.488420,0.302061,0.337404
freq ceros=1 ^ width=1 ^ entropia=1,freq unos=1 ^ freq dos=1 ^ actividad=1 ^ transitoriedad=1,0.600649,0.450128,0.245845,0.274783
freq ceros=1 ^ width=1 ^ entropia=1,freq unos=1 ^ freq dos=1 ^ transitoriedad=1 ^ time entropy=1,0.575005,0.483482,0.263306,0.296366
width=1,freq ceros=1 ^ transitoriedad=1,0.541933,0.527678,0.302724,0.345719
width=1,freq ceros=1 ^ transitoriedad=1,0.541933,0.527678,0.302724,0.345719
entropia=1,actividad=1,0.561348,0.544218,0.352009,0.365370
freq unos=1,entropia=1,0.564062,0.539751,0.349101,0.362498
freq ceros=1 ^ width=1 ^ entropia=1,freq unos=1 ^ freq dos=1 ^ transitoriedad=1 ^ time entropy=1,0.575005,0.483482,0.263306,0.296366
freq ceros=1 ^ width=1,freq unos=1 ^ freq dos=1 ^ actividad=1 ^ transitoriedad=1,0.550423,0.516361,0.282696,0.320417
freq ceros=1 ^ freq unos=1 ^ width=1 ^ pasos=1 ^ actividad=1 ^ entropia=1,transitoriedad=1,0.522103,0.554866,0.297714,0.339400
width=1,actividad=1 ^ transitoriedad=1,0.511780,0.569224,0.324682,0.373575
actividad=1,freq dos=1,0.545991,0.587254,0.368022,0.368080
simetria=1 ^ entropia=1,freq ceros=1 ^ freq dos=1 ^ actividad=1 ^ transitoriedad=1 ^ time entropy=1,0.559788,0.564426,0.305110,0.305124
freq ceros=1 ^ width=1 ^ simetria=1 ^ actividad=1,entropia=1 ^ transitoriedad=1,0.527076,0.548012,0.293822,0.334492
freq ceros=1 ^ freq unos=1 ^ width=1 ^ simetria=1 ^ actividad=1,entropia=1 ^ transitoriedad=1,0.508357,0.574024,0.307210,0.351385
freq ceros=1 ^ freq unos=1 ^ pasos=1 ^ actividad=1 ^ entropia=1,transitoriedad=1 ^ time entropy=1,0.517732,0.616420,0.331291,0.341991
simetria=1,freq ceros=1 ^ freq unos=1 ^ actividad=1 ^ entropia=1 ^ transitoriedad=1 ^ time entropy=1,0.541813,0.594240,0.321683,0.321744
width=1 ^ simetria=1 ^ actividad=1 ^ time entropy=1,freq ceros=1 ^ entropia=1 ^ transitoriedad=1,0.516069,0.563298,0.301645,0.344316
freq unos=1 ^ freq dos=1 ^ width=1 ^ pasos=1 ^ actividad=1,entropia=1 ^ transitoriedad=1 ^ time entropy=1,0.499174,0.600626,0.317659,0.354942
freq ceros=1 ^ freq dos=1 ^ width=1 ^ actividad=1 ^ entropia=1,pasos=1 ^ transitoriedad=1 ^ time entropy=1,0.531886,0.588849,0.315881,0.328389
width=1 ^ simetria=1 ^ actividad=1,freq ceros=1 ^ entropia=1 ^ transitoriedad=1,0.528345,0.546386,0.292944,0.333300
freq ceros=1 ^ freq unos=1 ^ width=1 ^ pasos=1 ^ actividad=1 ^ entropia=1,transitoriedad=1 ^ time entropy=1,0.538944,0.571308,0.305908,0.321531
freq dos=1 ^ width=1 ^ simetria=1 ^ actividad=1 ^ entropia=1 ^ time entropy=1,freq unos=1 ^ transitoriedad=1,0.567501,0.501922,0.267805,0.295942
freq unos=1 ^ freq dos=1 ^ width=1 ^ actividad=1 ^ time entropy=1,entropia=1 ^ transitoriedad=1,0.640270,0.399663,0.216606,0.239383
freq ceros=1 ^ width=1,transitoriedad=1 ^ time entropy=1,0.634520,0.406975,0.225077,0.249524
pasos=1,simetria=2 ^ transitoriedad=2,0.900191,0.102441,0.528799,0.635912
pasos=1,simetria=2 ^ transitoriedad=2,0.900191,0.102441,0.528799,0.635912
pasos=1,simetria=2 ^ transitoriedad=2,0.900191,0.102441,0.528799,0.635912
pasos=1,simetria=2,0.934941,0.066687,0.566456,0.609919
freq ceros=1 ^ width=1,freq unos=1 ^ actividad=1 ^ entropia=1 ^ transitoriedad=1,0.650610,0.387050,0.214492,0.236650
freq ceros=1 ^ width=1 ^ pasos=1 ^ actividad=1,transitoriedad=1,0.652248,0.384837,0.209116,0.230339
freq ceros=1 ^ width=1,entropia=1 ^ transitoriedad=1 ^ time entropy=1,0.633987,0.407623,0.225418,0.249952
freq ceros=1 ^ width=1,entropia=1 ^ transitoriedad=1 ^ time entropy=1,0.633987,0.407623,0.225418,0.249952
width=1 ^ entropia=1,freq ceros=1 ^ freq unos=1 ^ transitoriedad=1,0.631110,0.412245,0.229705,0.254387
pasos=1,simetria=2 ^ transitoriedad=2,0.900191,0.102441,0.528799,0.635912
pasos=1,simetria=2 ^ transitoriedad=2,0.900191,0.102441,0.528799,0.635912
entropia=1,time entropy=1,0.643532,0.414538,0.266955,0.282069
freq ceros=1 ^ width=1,freq unos=1 ^ actividad=1 ^ entropia=1 ^ transitoriedad=1,0.650610,0.387050,0.214492,0.236650
freq ceros=1 ^ width=1,actividad=1 ^ entropia=1 ^ transitoriedad=1 ^ time entropy=1,0.620388,0.424796,0.234532,0.261014
width=1 ^ entropia=1,freq ceros=1 ^ freq dos=1 ^ transitoriedad=1,0.611838,0.436090,0.242285,0.270169
entropia=1,time entropy=1,0.643532,0.414538,0.266955,0.282069
entropia=1,freq dos=1,0.630473,0.436808,0.282934,0.295856
entropia=1,freq dos=1,0.630473,0.436808,0.282934,0.295856
entropia=1,time entropy=1,0.643532,0.414538,0.266955,0.282069
freq ceros=1 ^ width=1 ^ entropia=1,freq unos=1 ^ freq dos=1 ^ actividad=1 ^ transitoriedad=1,0.600649,0.450128,0.245845,0.274783
width=1 ^ entropia=1,freq ceros=1 ^ freq dos=1 ^ actividad=1 ^ transitoriedad=1,0.590563,0.463273,0.256635,0.287991
entropia=1,freq dos=1 ^ time entropy=1,0.577100,0.488420,0.302061,0.337404
entropia=1,freq dos=1,0.630473,0.436808,0.282934,0.295856
actividad=1 ^ entropia=1,time entropy=1,0.622994,0.459604,0.281157,0.284648
freq ceros=1 ^ width=1 ^ entropia=1,freq unos=1 ^ freq dos=1 ^ transitoriedad=1 ^ time entropy=1,0.575005,0.483482,0.263306,0.296366
freq ceros=1 ^ width=1 ^ entropia=1,freq unos=1 ^ freq dos=1 ^ transitoriedad=1 ^ time entropy=1,0.575005,0.483482,0.263306,0.296366
simetria=1 ^ entropia=1,freq ceros=1 ^ freq unos=1 ^ freq dos=1 ^ transitoriedad=1 ^ time entropy=1,0.591927,0.512075,0.276033,0.276374
simetria=1 ^ entropia=1,freq ceros=1 ^ freq unos=1 ^ freq dos=1 ^ time entropy=1,0.593901,0.509565,0.275294,0.275295
freq dos=1 ^ width=1 ^ simetria=1 ^ actividad=1 ^ time entropy=1,freq ceros=1 ^ freq unos=1 ^ entropia=1 ^ transitoriedad=1,0.570917,0.497389,0.265354,0.292916
freq dos=1 ^ width=1 ^ simetria=1 ^ actividad=1 ^ entropia=1 ^ time entropy=1,freq ceros=1 ^ freq unos=1 ^ transitoriedad=1,0.568811,0.500207,0.266878,0.294779
simetria=1 ^ entropia=1,freq ceros=1 ^ freq unos=1 ^ freq dos=1 ^ transitoriedad=1 ^ time entropy=1,0.591927,0.512075,0.276033,0.276374
freq dos=1 ^ width=1 ^ simetria=1 ^ actividad=1 ^ time entropy=1,freq ceros=1 ^ freq unos=1 ^ entropia=1 ^ transitoriedad=1,0.570917,0.497389,0.265354,0.292916
freq dos=1 ^ width=1 ^ simetria=1 ^ actividad=1 ^ time entropy=1,freq ceros=1 ^ freq unos=1 ^ entropia=1 ^ transitoriedad=1,0.570917,0.497389,0.265354,0.292916
freq dos=1 ^ width=1 ^ simetria=1 ^ actividad=1 ^ time entropy=1,freq ceros=1 ^ freq unos=1 ^ entropia=1 ^ transitoriedad=1,0.570917,0.497389,0.265354,0.292916
freq ceros=1 ^ freq unos=1 ^ freq dos=1 ^ width=1 ^ actividad=1 ^ entropia=1,transitoriedad=1,0.674318,0.357662,0.194751,0.213278
freq ceros=1 ^ width=1,freq unos=1 ^ entropia=1 ^ transitoriedad=1,0.674873,0.357443,0.198690,0.217618
pasos=1,transitoriedad=2,0.919896,0.081783,0.483786,0.578402
pasos=1,transitoriedad=2,0.919896,0.081783,0.483786,0.578402
pasos=1,simetria=2,0.934941,0.066687,0.566456,0.609919
pasos=1 ^ transitoriedad=2,simetria=2,0.925512,0.077071,0.402613,0.413313
freq ceros=1 ^ width=1,freq unos=1 ^ entropia=1 ^ transitoriedad=1,0.674873,0.357443,0.198690,0.217618
freq ceros=1 ^ width=1,freq unos=1 ^ actividad=1 ^ transitoriedad=1,0.651827,0.385595,0.213725,0.235688
freq ceros=1 ^ entropia=1,actividad=1 ^ transitoriedad=1,0.655623,0.382610,0.216099,0.237220
pasos=1,transitoriedad=2,0.919896,0.081783,0.483786,0.578402
pasos=1 ^ transitoriedad=2,simetria=2,0.925512,0.077071,0.402613,0.413313
freq dos=1,entropia=1 ^ time entropy=1,0.697774,0.354081,0.219558,0.220980
freq ceros=1 ^ width=1,freq unos=1 ^ entropia=1 ^ transitoriedad=1,0.674873,0.357443,0.198690,0.217618
freq ceros=1 ^ width=1,freq unos=1 ^ actividad=1 ^ entropia=1 ^ transitoriedad=1,0.650610,0.387050,0.214492,0.236650
freq ceros=1 ^ entropia=1,actividad=1 ^ transitoriedad=1,0.655623,0.382610,0.216099,0.237220
freq ceros=1 ^ entropia=1,actividad=1 ^ transitoriedad=1,0.655623,0.382610,0.216099,0.237220
freq dos=1,time entropy=1,0.683978,0.375233,0.235145,0.235216
freq dos=1,time entropy=1,0.683978,0.375233,0.235145,0.235216
freq ceros=1 ^ freq unos=1 ^ freq dos=1 ^ width=1 ^ actividad=1 ^ time entropy=1,entropia=1 ^ transitoriedad=1,0.640149,0.399814,0.216685,0.239478
freq ceros=1 ^ width=1,transitoriedad=1 ^ time entropy=1,0.634520,0.406975,0.225077,0.249524
freq ceros=1 ^ width=1,transitoriedad=1 ^ time entropy=1,0.634520,0.406975,0.225077,0.249524
freq unos=1 ^ width=1,actividad=1 ^ transitoriedad=1,0.665012,0.399193,0.223833,0.225783
freq ceros=1 ^ freq dos=1 ^ width=1 ^ simetria=1 ^ actividad=1 ^ entropia=1,transitoriedad=1 ^ time entropy=1,0.628613,0.418389,0.222997,0.244283
freq ceros=1 ^ freq unos=1 ^ width=1 ^ simetria=1 ^ actividad=1,entropia=1 ^ transitoriedad=1 ^ time entropy=1,0.625892,0.422638,0.225270,0.246470
simetria=1 ^ actividad=1,freq ceros=1 ^ freq unos=1 ^ freq dos=1 ^ entropia=1 ^ transitoriedad=1 ^ time entropy=1,0.641771,0.434343,0.232682,0.233836
freq ceros=1 ^ freq unos=1 ^ freq dos=1 ^ width=1 ^ simetria=1 ^ actividad=1,entropia=1 ^ transitoriedad=1 ^ time entropy=1,0.613969,0.435948,0.231986,0.255869
simetria=1 ^ actividad=1 ^ entropia=1 ^ time entropy=1,freq ceros=1 ^ freq unos=1 ^ freq dos=1 ^ transitoriedad=1,0.622736,0.456055,0.244298,0.249320
freq ceros=1 ^ freq unos=1 ^ freq dos=1 ^ width=1 ^ simetria=1 ^ actividad=1 ^ entropia=1,transitoriedad=1 ^ time entropy=1,0.613387,0.436694,0.232387,0.256353
freq ceros=1 ^ width=1 ^ entropia=1,transitoriedad=1 ^ time entropy=1,0.691387,0.337329,0.186088,0.202810
width=1 ^ entropia=1,freq ceros=1 ^ actividad=1 ^ transitoriedad=1,0.708868,0.317547,0.178811,0.193427
pasos=1 ^ transitoriedad=2,simetria=2,0.925512,0.077071,0.402613,0.413313
pasos=1 ^ transitoriedad=2,simetria=2,0.925512,0.077071,0.402613,0.413313
transitoriedad=2,simetria=2,0.925596,0.076981,0.402382,0.413035
width=1 ^ entropia=1,freq ceros=1 ^ actividad=1 ^ transitoriedad=1,0.708868,0.317547,0.178811,0.193427
freq ceros=1 ^ width=1 ^ entropia=1,transitoriedad=1 ^ time entropy=1,0.691387,0.337329,0.186088,0.202810
width=1 ^ entropia=1,freq ceros=1 ^ actividad=1 ^ transitoriedad=1,0.708868,0.317547,0.178811,0.193427
pasos=1 ^ simetria=2,transitoriedad=2,0.934394,0.067676,0.340773,0.346305
transitoriedad=2,pasos=1 ^ simetria=2,0.934394,0.067676,0.340773,0.346305
freq dos=1 ^ entropia=1,time entropy=1,0.713270,0.333417,0.206205,0.207153
freq ceros=1 ^ freq unos=1 ^ width=1 ^ actividad=1 ^ entropia=1 ^ time entropy=1,transitoriedad=1,0.690635,0.337911,0.184281,0.200915
width=1 ^ entropia=1,freq ceros=1 ^ actividad=1 ^ transitoriedad=1,0.708868,0.317547,0.178811,0.193427
freq dos=1 ^ entropia=1,time entropy=1,0.713270,0.333417,0.206205,0.207153
freq dos=1 ^ entropia=1,time entropy=1,0.713270,0.333417,0.206205,0.207153
freq unos=1 ^ freq dos=1 ^ width=1 ^ actividad=1 ^ entropia=1,freq ceros=1 ^ transitoriedad=1,0.678631,0.352556,0.191949,0.209865
freq unos=1 ^ freq dos=1 ^ width=1 ^ actividad=1,entropia=1 ^ transitoriedad=1,0.686061,0.343423,0.186926,0.204029
freq ceros=1 ^ simetria=1,freq unos=1 ^ freq dos=1 ^ transitoriedad=1 ^ time entropy=1,0.698348,0.350631,0.187418,0.190011
freq ceros=1 ^ width=1 ^ simetria=1 ^ actividad=1 ^ entropia=1,freq dos=1 ^ transitoriedad=1 ^ time entropy=1,0.673203,0.371096,0.197951,0.208968
freq ceros=1 ^ simetria=1 ^ entropia=1,freq unos=1 ^ freq dos=1 ^ actividad=1 ^ transitoriedad=1 ^ time entropy=1,0.681163,0.376088,0.200906,0.202716
freq ceros=1 ^ freq unos=1 ^ width=1 ^ simetria=1 ^ actividad=1,freq dos=1 ^ entropia=1 ^ transitoriedad=1 ^ time entropy=1,0.659924,0.385719,0.205364,0.218880
freq ceros=1 ^ width=1 ^ entropia=1,freq unos=1 ^ transitoriedad=1,0.733903,0.288053,0.159791,0.171360
pasos=1 ^ simetria=2,transitoriedad=2,0.934394,0.067676,0.340773,0.346305
pasos=1 ^ simetria=2,transitoriedad=2,0.934394,0.067676,0.340773,0.346305
pasos=1 ^ simetria=2,transitoriedad=2,0.934394,0.067676,0.340773,0.346305
pasos=1 ^ simetria=2,transitoriedad=2,0.934394,0.067676,0.340773,0.346305
freq ceros=1 ^ width=1 ^ entropia=1,freq unos=1 ^ transitoriedad=1,0.733903,0.288053,0.159791,0.171360
freq ceros=1 ^ width=1,actividad=1 ^ entropia=1 ^ transitoriedad=1,0.759727,0.256961,0.144258,0.154389
freq ceros=1 ^ width=1,actividad=1 ^ entropia=1 ^ transitoriedad=1,0.759727,0.256961,0.144258,0.154389
freq ceros=1 ^ width=1,actividad=1 ^ entropia=1 ^ transitoriedad=1,0.759727,0.256961,0.144258,0.154389
freq ceros=1 ^ width=1 ^ entropia=1,freq unos=1 ^ transitoriedad=1,0.733903,0.288053,0.159791,0.171360
width=1 ^ entropia=1,freq ceros=1 ^ transitoriedad=1,0.742768,0.279025,0.158052,0.168362
freq ceros=1 ^ freq unos=1 ^ width=1,actividad=1 ^ transitoriedad=1,0.756809,0.276739,0.153953,0.154023
width=1 ^ actividad=1 ^ entropia=1,freq dos=1 ^ transitoriedad=1 ^ time entropy=1,0.727504,0.299243,0.163336,0.172947
freq dos=1 ^ width=1 ^ actividad=1,freq unos=1 ^ entropia=1 ^ transitoriedad=1 ^ time entropy=1,0.738337,0.299246,0.162701,0.163753
freq ceros=1 ^ width=1 ^ simetria=1 ^ actividad=1 ^ entropia=1,freq unos=1 ^ freq dos=1 ^ transitoriedad=1 ^ time entropy=1,0.701948,0.340306,0.181272,0.186858
freq ceros=1 ^ freq dos=1 ^ width=1 ^ actividad=1,transitoriedad=1,0.773417,0.241117,0.132525,0.141219
freq ceros=1 ^ width=1,entropia=1 ^ transitoriedad=1,0.799197,0.212504,0.119900,0.126702
pasos=1 ^ simetria=2,transitoriedad=2,0.934394,0.067676,0.340773,0.346305
freq ceros=1 ^ width=1,entropia=1 ^ transitoriedad=1,0.799197,0.212504,0.119900,0.126702
freq dos=1 ^ width=1 ^ actividad=1 ^ entropia=1,freq ceros=1 ^ transitoriedad=1,0.777317,0.236927,0.130211,0.138445
freq ceros=1 ^ width=1,entropia=1 ^ transitoriedad=1,0.799197,0.212504,0.119900,0.126702
freq ceros=1 ^ width=1,entropia=1 ^ transitoriedad=1,0.799197,0.212504,0.119900,0.126702
freq ceros=1 ^ freq dos=1 ^ width=1 ^ actividad=1,transitoriedad=1,0.773417,0.241117,0.132525,0.141219
freq ceros=1 ^ width=1 ^ actividad=1 ^ time entropy=1,freq dos=1 ^ entropia=1 ^ transitoriedad=1,0.792401,0.231011,0.126249,0.126623
freq ceros=1 ^ freq unos=1 ^ freq dos=1 ^ width=1 ^ actividad=1,entropia=1 ^ transitoriedad=1 ^ time entropy=1,0.766150,0.260465,0.141210,0.143740
freq ceros=1 ^ width=1 ^ entropia=1,actividad=1 ^ transitoriedad=1,0.824659,0.184916,0.103613,0.108167
freq ceros=1 ^ width=1 ^ entropia=1,actividad=1 ^ transitoriedad=1,0.824659,0.184916,0.103613,0.108167
freq ceros=1 ^ width=1 ^ entropia=1,actividad=1 ^ transitoriedad=1,0.824659,0.184916,0.103613,0.108167
freq ceros=1 ^ width=1 ^ entropia=1,actividad=1 ^ transitoriedad=1,0.824659,0.184916,0.103613,0.108167
freq ceros=1 ^ width=1 ^ entropia=1,actividad=1 ^ transitoriedad=1,0.824659,0.184916,0.103613,0.108167
freq ceros=1 ^ freq unos=1 ^ width=1 ^ actividad=1,entropia=1 ^ transitoriedad=1,0.809461,0.200938,0.110667,0.116520
freq ceros=1 ^ width=1 ^ entropia=1,transitoriedad=1,0.859293,0.148279,0.083614,0.085561
freq ceros=1 ^ width=1 ^ entropia=1,transitoriedad=1,0.859293,0.148279,0.083614,0.085561
freq ceros=1 ^ width=1 ^ entropia=1,transitoriedad=1,0.859293,0.148279,0.083614,0.085561
freq ceros=1 ^ width=1 ^ actividad=1 ^ entropia=1,transitoriedad=1,0.931172,0.070055,0.039073,0.039836
