antecedente,consecuente,jaccard,cosine,phi,kappa
freq ceros=1 ^ entropia=1 ^ transitoriedad=1,freq unos=1 ^ freq dos=1 ^ width=1 ^ actividad=1 ^ time entropy=1,0.641732,0.397890,0.215634,0.238175
entropia=1 ^ transitoriedad=1,freq unos=1 ^ freq dos=1 ^ width=1 ^ actividad=1 ^ time entropy=1,0.640270,0.399663,0.216606,0.239383
entropia=1 ^ transitoriedad=1,freq ceros=1 ^ freq unos=1 ^ freq dos=1 ^ width=1 ^ actividad=1 ^ time entropy=1,0.640149,0.399814,0.216685,0.239478
width=1 ^ transitoriedad=1,freq ceros=1 ^ freq unos=1 ^ freq dos=1 ^ actividad=1 ^ entropia=1 ^ time entropy=1,0.630556,0.411849,0.223289,0.247442
transitoriedad=1,freq ceros=1 ^ freq unos=1 ^ freq dos=1 ^ width=1 ^ actividad=1 ^ entropia=1 ^ time entropy=1,0.629516,0.413159,0.224007,0.248311
transitoriedad=1,freq ceros=1 ^ freq unos=1 ^ freq dos=1 ^ width=1 ^ actividad=1 ^ entropia=1 ^ time entropy=1,0.629516,0.413159,0.224007,0.248311
transitoriedad=1,freq ceros=1 ^ freq unos=1 ^ freq dos=1 ^ width=1 ^ actividad=1 ^ entropia=1 ^ time entropy=1,0.629516,0.413159,0.224007,0.248311
transitoriedad=1,freq ceros=1 ^ freq unos=1 ^ freq dos=1 ^ width=1 ^ actividad=1 ^ entropia=1 ^ time entropy=1,0.629516,0.413159,0.224007,0.248311
transitoriedad=1,freq ceros=1 ^ freq unos=1 ^ freq dos=1 ^ width=1 ^ actividad=1 ^ entropia=1 ^ time entropy=1,0.629516,0.413159,0.224007,0.248311
width=1 ^ transitoriedad=1,freq ceros=1 ^ freq unos=1 ^ freq dos=1 ^ actividad=1 ^ entropia=1 ^ time entropy=1,0.630556,0.411849,0.223289,0.247442
width=1 ^ entropia=1 ^ transitoriedad=1,freq ceros=1 ^ freq unos=1 ^ freq dos=1 ^ actividad=1 ^ time entropy=1,0.640197,0.399754,0.216653,0.239439
freq ceros=1 ^ entropia=1 ^ transitoriedad=1,freq unos=1 ^ freq dos=1 ^ width=1 ^ actividad=1 ^ time entropy=1,0.641732,0.397890,0.215634,0.238175
freq ceros=1 ^ entropia=1 ^ transitoriedad=1,freq unos=1 ^ freq dos=1 ^ width=1 ^ actividad=1 ^ time entropy=1,0.641732,0.397890,0.215634,0.238175
width=1 ^ entropia=1 ^ transitoriedad=1,freq ceros=1 ^ freq unos=1 ^ freq dos=1 ^ actividad=1 ^ time entropy=1,0.640197,0.399754,0.216653,0.239439
width=1 ^ transitoriedad=1,freq ceros=1 ^ freq unos=1 ^ freq dos=1 ^ actividad=1 ^ entropia=1 ^ time entropy=1,0.630556,0.411849,0.223289,0.247442
transitoriedad=1,freq ceros=1 ^ freq unos=1 ^ freq dos=1 ^ width=1 ^ actividad=1 ^ entropia=1 ^ time entropy=1,0.629516,0.413159,0.224007,0.248311
freq ceros=1 ^ freq unos=1 ^ freq dos=1 ^ simetria=1 ^ actividad=1 ^ entropia=1,width=1 ^ transitoriedad=1 ^ time entropy=1,0.613387,0.436694,0.232387,0.256353
freq unos=1 ^ freq dos=1 ^ actividad=1 ^ transitoriedad=1,freq ceros=1 ^ width=1 ^ entropia=1,0.600649,0.450128,0.245845,0.274783
freq unos=1 ^ freq dos=1 ^ actividad=1 ^ transitoriedad=1,freq ceros=1 ^ width=1 ^ entropia=1,0.600649,0.450128,0.245845,0.274783
freq unos=1 ^ freq dos=1 ^ actividad=1 ^ transitoriedad=1,freq ceros=1 ^ width=1 ^ entropia=1,0.600649,0.450128,0.245845,0.274783
freq unos=1 ^ freq dos=1 ^ actividad=1 ^ transitoriedad=1,freq ceros=1 ^ width=1 ^ entropia=1,0.600649,0.450128,0.245845,0.274783
freq ceros=1 ^ freq unos=1 ^ freq dos=1 ^ simetria=1 ^ actividad=1 ^ entropia=1,width=1 ^ transitoriedad=1 ^ time entropy=1,0.613387,0.436694,0.232387,0.256353
transitoriedad=1,freq ceros=1 ^ freq unos=1 ^ freq dos=1 ^ width=1 ^ actividad=1 ^ entropia=1 ^ time entropy=1,0.629516,0.413159,0.224007,0.248311
width=1 ^ transitoriedad=1,freq ceros=1 ^ freq unos=1 ^ freq dos=1 ^ actividad=1 ^ entropia=1 ^ time entropy=1,0.630556,0.411849,0.223289,0.247442
width=1 ^ entropia=1 ^ transitoriedad=1,freq ceros=1 ^ freq unos=1 ^ freq dos=1 ^ actividad=1 ^ time entropy=1,0.640197,0.399754,0.216653,0.239439
transitoriedad=1,freq ceros=1 ^ freq unos=1 ^ freq dos=1 ^ width=1 ^ actividad=1 ^ entropia=1 ^ time entropy=1,0.629516,0.413159,0.224007,0.248311
freq ceros=1 ^ freq unos=1 ^ freq dos=1 ^ simetria=1 ^ actividad=1,width=1 ^ entropia=1 ^ transitoriedad=1 ^ time entropy=1,0.613969,0.435948,0.231986,0.255869
freq unos=1 ^ freq dos=1 ^ actividad=1 ^ transitoriedad=1,freq ceros=1 ^ width=1 ^ entropia=1,0.600649,0.450128,0.245845,0.274783
freq unos=1 ^ freq dos=1 ^ transitoriedad=1 ^ time entropy=1,freq ceros=1 ^ width=1 ^ entropia=1,0.575005,0.483482,0.263306,0.296366
freq unos=1 ^ freq dos=1 ^ actividad=1 ^ transitoriedad=1 ^ time entropy=1,freq ceros=1 ^ width=1 ^ entropia=1,0.560856,0.502255,0.273103,0.308530
freq unos=1 ^ freq dos=1 ^ actividad=1 ^ entropia=1 ^ transitoriedad=1,freq ceros=1 ^ width=1,0.550423,0.516361,0.282696,0.320417
freq unos=1 ^ freq dos=1 ^ actividad=1 ^ transitoriedad=1 ^ time entropy=1,freq ceros=1 ^ width=1 ^ entropia=1,0.560856,0.502255,0.273103,0.308530
freq unos=1 ^ freq dos=1 ^ transitoriedad=1 ^ time entropy=1,freq ceros=1 ^ width=1 ^ entropia=1,0.575005,0.483482,0.263306,0.296366
freq unos=1 ^ freq dos=1 ^ simetria=1 ^ transitoriedad=1,freq ceros=1 ^ width=1 ^ entropia=1 ^ time entropy=1,0.590515,0.466369,0.248832,0.276278
freq ceros=1 ^ freq unos=1 ^ freq dos=1 ^ simetria=1 ^ actividad=1 ^ entropia=1,width=1 ^ transitoriedad=1 ^ time entropy=1,0.613387,0.436694,0.232387,0.256353
transitoriedad=1,freq ceros=1 ^ freq unos=1 ^ freq dos=1 ^ width=1 ^ actividad=1 ^ entropia=1 ^ time entropy=1,0.629516,0.413159,0.224007,0.248311
freq ceros=1 ^ freq unos=1 ^ freq dos=1 ^ simetria=1 ^ actividad=1 ^ entropia=1,width=1 ^ transitoriedad=1 ^ time entropy=1,0.613387,0.436694,0.232387,0.256353
freq unos=1 ^ freq dos=1 ^ transitoriedad=1 ^ time entropy=1,freq ceros=1 ^ width=1 ^ entropia=1,0.575005,0.483482,0.263306,0.296366
freq unos=1 ^ freq dos=1 ^ actividad=1 ^ transitoriedad=1 ^ time entropy=1,freq ceros=1 ^ width=1 ^ entropia=1,0.560856,0.502255,0.273103,0.308530
width=1 ^ simetria=1 ^ actividad=1 ^ time entropy=1,entropia=1 ^ transitoriedad=1,0.514860,0.564925,0.302530,0.345475
freq dos=1 ^ width=1 ^ actividad=1 ^ transitoriedad=1 ^ time entropy=1,freq ceros=1 ^ entropia=1,0.488850,0.601790,0.331426,0.382064
freq unos=1 ^ freq dos=1 ^ actividad=1 ^ transitoriedad=1 ^ time entropy=1,width=1 ^ entropia=1,0.481345,0.612419,0.334383,0.385957
freq ceros=1 ^ freq dos=1 ^ simetria=1 ^ actividad=1,width=1 ^ entropia=1 ^ transitoriedad=1,0.508781,0.573422,0.306898,0.350995
entropia=1 ^ transitoriedad=1,freq ceros=1 ^ width=1 ^ pasos=1 ^ actividad=1 ^ time entropy=1,0.531479,0.542443,0.291010,0.330607
freq unos=1 ^ freq dos=1 ^ simetria=1 ^ actividad=1 ^ transitoriedad=1,freq ceros=1 ^ width=1 ^ entropia=1 ^ time entropy=1,0.573885,0.488259,0.260158,0.290157
freq ceros=1 ^ freq unos=1 ^ freq dos=1 ^ simetria=1 ^ actividad=1 ^ entropia=1,width=1 ^ transitoriedad=1 ^ time entropy=1,0.613387,0.436694,0.232387,0.256353
freq unos=1 ^ freq dos=1 ^ transitoriedad=1 ^ time entropy=1,freq ceros=1 ^ width=1 ^ entropia=1,0.575005,0.483482,0.263306,0.296366
width=1 ^ simetria=1 ^ actividad=1,entropia=1 ^ transitoriedad=1,0.527248,0.547782,0.293704,0.334339
freq ceros=1 ^ freq unos=1 ^ freq dos=1 ^ width=1 ^ simetria=1 ^ actividad=1 ^ time entropy=1,entropia=1 ^ transitoriedad=1,0.488128,0.602676,0.321908,0.370042
freq unos=1 ^ freq dos=1 ^ actividad=1,entropia=1,0.399233,0.737702,0.430654,0.509128
width=2,transitoriedad=2,0.286196,0.930118,0.795459,0.919574
time entropy=1,pasos=1,0.175061,1.209006,1.279105,1.050199
entropia=1 ^ transitoriedad=1,freq ceros=1 ^ freq dos=1 ^ width=1 ^ pasos=1 ^ actividad=1 ^ time entropy=1,0.463583,0.638327,0.340136,0.393271
freq ceros=1 ^ width=1 ^ simetria=1 ^ actividad=1,entropia=1 ^ transitoriedad=1,0.527076,0.548012,0.293822,0.334492
freq unos=1 ^ freq dos=1 ^ simetria=1 ^ actividad=1 ^ transitoriedad=1,freq ceros=1 ^ width=1 ^ entropia=1 ^ time entropy=1,0.573885,0.488259,0.260158,0.290157
width=1 ^ simetria=1 ^ actividad=1,entropia=1 ^ transitoriedad=1,0.527248,0.547782,0.293704,0.334339
freq ceros=1 ^ freq unos=1 ^ freq dos=1 ^ simetria=1 ^ actividad=1 ^ entropia=1 ^ time entropy=1,width=1 ^ transitoriedad=1,0.480813,0.613186,0.327624,0.377326
freq ceros=1 ^ width=1 ^ actividad=1 ^ entropia=1 ^ sensitividad=1 ^ time entropy=1,transitoriedad=1,0.391983,0.747830,0.396022,0.465428
freq unos=1 ^ freq dos=1 ^ width=1 ^ actividad=1 ^ transitoriedad=1,entropia=1,0.269346,0.962030,0.540406,0.651219
simetria=2 ^ time entropy=1,pasos=1,0.127915,1.294162,0.996348,0.999494
freq ceros=1 ^ freq unos=1 ^ freq dos=1 ^ actividad=1 ^ entropia=1,pasos=1,0.045134,1.663023,1.573775,1.058519
entropia=1 ^ transitoriedad=1,freq ceros=1 ^ freq dos=1 ^ width=1 ^ pasos=1 ^ actividad=1 ^ time entropy=1,0.463583,0.638327,0.340136,0.393271
freq ceros=1 ^ width=1 ^ simetria=1 ^ actividad=1,entropia=1 ^ transitoriedad=1,0.527076,0.548012,0.293822,0.334492
freq unos=1 ^ freq dos=1 ^ simetria=1 ^ actividad=1,width=1 ^ entropia=1 ^ transitoriedad=1,0.493342,0.595234,0.318093,0.365190
width=1 ^ entropia=1 ^ transitoriedad=1,freq ceros=1 ^ freq unos=1 ^ freq dos=1 ^ pasos=1 ^ actividad=1 ^ time entropy=1,0.402488,0.731161,0.387224,0.454023
freq unos=1 ^ freq dos=1 ^ entropia=1 ^ transitoriedad=1,freq ceros=1 ^ pasos=2 ^ simetria=1 ^ actividad=1 ^ time entropy=1,0.290128,0.924340,0.477305,0.569715
width=1,freq ceros=1 ^ freq dos=1 ^ pasos=2 ^ simetria=1 ^ entropia=1 ^ transitoriedad=1 ^ time entropy=1,0.109958,1.336801,0.700122,0.834986
freq unos=1 ^ entropia=1 ^ transitoriedad=1,freq ceros=1 ^ freq dos=1 ^ width=1 ^ pasos=2 ^ simetria=1 ^ actividad=1 ^ time entropy=1,0.242895,1.014498,0.524849,0.631502
entropia=1 ^ transitoriedad=1 ^ time entropy=1,freq dos=1 ^ width=1 ^ pasos=1 ^ simetria=1 ^ actividad=1,0.374595,0.778777,0.406669,0.477208
freq ceros=1 ^ freq unos=1 ^ freq dos=1 ^ simetria=1 ^ actividad=1 ^ time entropy=1,width=1 ^ entropia=1 ^ transitoriedad=1,0.488165,0.602624,0.321880,0.370006
entropia=1 ^ transitoriedad=1,freq ceros=1 ^ freq dos=1 ^ width=1 ^ pasos=1 ^ actividad=1 ^ time entropy=1,0.463583,0.638327,0.340136,0.393271
entropia=1 ^ transitoriedad=1 ^ time entropy=1,freq unos=1 ^ freq dos=1 ^ width=1 ^ pasos=1 ^ simetria=1 ^ actividad=1,0.358393,0.803789,0.419047,0.494533
freq ceros=1 ^ freq unos=1 ^ width=1 ^ actividad=1 ^ entropia=1,freq dos=1 ^ pasos=2 ^ simetria=1 ^ transitoriedad=1 ^ time entropy=1,0.252497,0.995376,0.514729,0.618547
freq unos=1 ^ entropia=1 ^ transitoriedad=1,freq ceros=1 ^ freq dos=1 ^ width=1 ^ pasos=2 ^ simetria=1 ^ actividad=1 ^ time entropy=1,0.242895,1.014498,0.524849,0.631502
freq unos=1 ^ freq dos=1 ^ width=1 ^ actividad=1,freq ceros=1 ^ pasos=2 ^ entropia=1 ^ transitoriedad=1 ^ time entropy=1,0.344638,0.831656,0.431021,0.506824
transitoriedad=1,freq ceros=1 ^ freq unos=1 ^ width=1 ^ pasos=1 ^ actividad=1 ^ entropia=1 ^ time entropy=1,0.455161,0.650687,0.346807,0.401875
transitoriedad=1,freq ceros=1 ^ freq unos=1 ^ width=1 ^ pasos=1 ^ actividad=1 ^ entropia=1 ^ time entropy=1,0.455161,0.650687,0.346807,0.401875
entropia=1 ^ transitoriedad=1 ^ time entropy=1,freq unos=1 ^ freq dos=1 ^ width=1 ^ pasos=1 ^ simetria=1 ^ actividad=1,0.358393,0.803789,0.419047,0.494533
freq unos=1 ^ freq dos=1 ^ width=1 ^ actividad=1,freq ceros=1 ^ pasos=2 ^ entropia=1 ^ transitoriedad=1 ^ time entropy=1,0.344638,0.831656,0.431021,0.506824
freq ceros=1 ^ freq unos=1 ^ freq dos=1 ^ width=1 ^ actividad=1 ^ entropia=1,pasos=2 ^ transitoriedad=1 ^ time entropy=1,0.344796,0.831445,0.430912,0.506642
freq ceros=1 ^ freq dos=1 ^ width=1 ^ actividad=1 ^ sensitividad=1,entropia=1 ^ transitoriedad=1,0.422443,0.700336,0.371671,0.433718
entropia=1 ^ transitoriedad=1,freq ceros=1 ^ freq dos=1 ^ width=1 ^ pasos=1 ^ actividad=1 ^ time entropy=1,0.463583,0.638327,0.340136,0.393271
freq ceros=1 ^ entropia=1 ^ transitoriedad=1,freq unos=1 ^ freq dos=1 ^ width=1 ^ pasos=1 ^ actividad=1,0.419945,0.704028,0.373462,0.436147
entropia=1 ^ transitoriedad=1 ^ time entropy=1,width=1 ^ pasos=1 ^ simetria=1 ^ actividad=1,0.388453,0.760772,0.398049,0.462855
entropia=1 ^ transitoriedad=1,freq ceros=1 ^ freq dos=1 ^ width=1 ^ pasos=1 ^ actividad=1 ^ time entropy=1,0.463583,0.638327,0.340136,0.393271
freq unos=1 ^ freq dos=1 ^ width=1 ^ simetria=1 ^ actividad=1 ^ time entropy=1,freq ceros=1 ^ entropia=1 ^ transitoriedad=1,0.489363,0.600958,0.320977,0.368822
freq ceros=1 ^ freq unos=1 ^ freq dos=1 ^ simetria=1 ^ actividad=1 ^ time entropy=1,width=1 ^ entropia=1 ^ transitoriedad=1,0.488165,0.602624,0.321880,0.370006
freq unos=1 ^ freq dos=1 ^ width=1 ^ simetria=1 ^ actividad=1 ^ time entropy=1,freq ceros=1 ^ entropia=1 ^ transitoriedad=1,0.489363,0.600958,0.320977,0.368822
width=1 ^ simetria=1 ^ actividad=1 ^ time entropy=1,freq ceros=1 ^ entropia=1 ^ transitoriedad=1,0.516069,0.563298,0.301645,0.344316
width=1 ^ simetria=1 ^ actividad=1 ^ time entropy=1,freq ceros=1 ^ entropia=1 ^ transitoriedad=1,0.516069,0.563298,0.301645,0.344316
freq ceros=1 ^ freq unos=1 ^ freq dos=1 ^ simetria=1 ^ transitoriedad=1,width=1 ^ entropia=1 ^ time entropy=1,0.544606,0.527461,0.281877,0.317083
entropia=1 ^ transitoriedad=1,freq ceros=1 ^ freq unos=1 ^ freq dos=1 ^ width=1 ^ actividad=1 ^ time entropy=1,0.640149,0.399814,0.216685,0.239478
width=1 ^ transitoriedad=1,freq ceros=1 ^ freq unos=1 ^ freq dos=1 ^ actividad=1 ^ entropia=1 ^ time entropy=1,0.630556,0.411849,0.223289,0.247442
transitoriedad=1,freq ceros=1 ^ freq unos=1 ^ freq dos=1 ^ width=1 ^ actividad=1 ^ entropia=1 ^ time entropy=1,0.629516,0.413159,0.224007,0.248311
transitoriedad=1,freq ceros=1 ^ freq unos=1 ^ freq dos=1 ^ width=1 ^ actividad=1 ^ entropia=1 ^ time entropy=1,0.629516,0.413159,0.224007,0.248311
freq dos=1 ^ actividad=1 ^ transitoriedad=1 ^ time entropy=1,freq ceros=1 ^ width=1 ^ entropia=1,0.615626,0.430887,0.235718,0.262434
freq unos=1 ^ freq dos=1 ^ actividad=1 ^ transitoriedad=1,freq ceros=1 ^ width=1 ^ entropia=1,0.600649,0.450128,0.245845,0.274783
freq unos=1 ^ freq dos=1 ^ actividad=1 ^ transitoriedad=1,freq ceros=1 ^ width=1 ^ entropia=1,0.600649,0.450128,0.245845,0.274783
freq dos=1 ^ actividad=1 ^ transitoriedad=1 ^ time entropy=1,freq ceros=1 ^ width=1 ^ entropia=1,0.615626,0.430887,0.235718,0.262434
transitoriedad=1,freq ceros=1 ^ freq unos=1 ^ freq dos=1 ^ width=1 ^ actividad=1 ^ entropia=1 ^ time entropy=1,0.629516,0.413159,0.224007,0.248311
transitoriedad=1,freq ceros=1 ^ freq unos=1 ^ freq dos=1 ^ width=1 ^ actividad=1 ^ entropia=1 ^ time entropy=1,0.629516,0.413159,0.224007,0.248311
freq unos=1 ^ freq dos=1 ^ width=1 ^ actividad=1 ^ entropia=1 ^ time entropy=1,freq ceros=1 ^ transitoriedad=1,0.633688,0.407964,0.221160,0.244832
width=1 ^ entropia=1 ^ transitoriedad=1,freq ceros=1 ^ freq unos=1 ^ freq dos=1 ^ actividad=1 ^ time entropy=1,0.640197,0.399754,0.216653,0.239439
transitoriedad=1,freq ceros=1 ^ freq unos=1 ^ freq dos=1 ^ width=1 ^ actividad=1 ^ entropia=1 ^ time entropy=1,0.629516,0.413159,0.224007,0.248311
transitoriedad=1,freq ceros=1 ^ freq unos=1 ^ freq dos=1 ^ width=1 ^ actividad=1 ^ entropia=1 ^ time entropy=1,0.629516,0.413159,0.224007,0.248311
freq unos=1 ^ freq dos=1 ^ actividad=1 ^ transitoriedad=1,freq ceros=1 ^ width=1 ^ entropia=1,0.600649,0.450128,0.245845,0.274783
freq unos=1 ^ freq dos=1 ^ transitoriedad=1 ^ time entropy=1,freq ceros=1 ^ width=1 ^ entropia=1,0.575005,0.483482,0.263306,0.296366
freq unos=1 ^ freq dos=1 ^ transitoriedad=1 ^ time entropy=1,freq ceros=1 ^ width=1 ^ entropia=1,0.575005,0.483482,0.263306,0.296366
freq unos=1 ^ freq dos=1 ^ transitoriedad=1 ^ time entropy=1,freq ceros=1 ^ width=1 ^ entropia=1,0.575005,0.483482,0.263306,0.296366
freq unos=1 ^ freq dos=1 ^ transitoriedad=1 ^ time entropy=1,freq ceros=1 ^ width=1 ^ entropia=1,0.575005,0.483482,0.263306,0.296366
freq unos=1 ^ freq dos=1 ^ transitoriedad=1 ^ time entropy=1,freq ceros=1 ^ width=1 ^ entropia=1,0.575005,0.483482,0.263306,0.296366
freq unos=1 ^ freq dos=1 ^ actividad=1 ^ transitoriedad=1,freq ceros=1 ^ width=1 ^ entropia=1,0.600649,0.450128,0.245845,0.274783
freq ceros=1 ^ freq unos=1 ^ freq dos=1 ^ simetria=1 ^ actividad=1,width=1 ^ entropia=1 ^ transitoriedad=1 ^ time entropy=1,0.613969,0.435948,0.231986,0.255869
transitoriedad=1,freq ceros=1 ^ freq unos=1 ^ freq dos=1 ^ width=1 ^ actividad=1 ^ entropia=1 ^ time entropy=1,0.629516,0.413159,0.224007,0.248311
freq ceros=1 ^ freq unos=1 ^ freq dos=1 ^ simetria=1 ^ actividad=1 ^ entropia=1,width=1 ^ transitoriedad=1 ^ time entropy=1,0.613387,0.436694,0.232387,0.256353
freq unos=1 ^ freq dos=1 ^ actividad=1 ^ transitoriedad=1,freq ceros=1 ^ width=1 ^ entropia=1,0.600649,0.450128,0.245845,0.274783
freq unos=1 ^ freq dos=1 ^ actividad=1 ^ transitoriedad=1 ^ time entropy=1,freq ceros=1 ^ width=1 ^ entropia=1,0.560856,0.502255,0.273103,0.308530
freq dos=1 ^ transitoriedad=1 ^ time entropy=1,width=1 ^ entropia=1,0.540813,0.529253,0.291259,0.331240
actividad=1 ^ transitoriedad=1,width=1,0.511780,0.569224,0.324682,0.373575
actividad=1 ^ transitoriedad=1,width=1,0.511780,0.569224,0.324682,0.373575
freq ceros=1 ^ entropia=1 ^ transitoriedad=1,width=1,0.535139,0.536936,0.307636,0.351929
freq unos=1 ^ freq dos=1 ^ actividad=1 ^ transitoriedad=1 ^ time entropy=1,freq ceros=1 ^ width=1 ^ entropia=1,0.560856,0.502255,0.273103,0.308530
freq unos=1 ^ freq dos=1 ^ simetria=1 ^ transitoriedad=1,freq ceros=1 ^ width=1 ^ entropia=1 ^ time entropy=1,0.590515,0.466369,0.248832,0.276278
freq ceros=1 ^ freq unos=1 ^ freq dos=1 ^ simetria=1 ^ actividad=1 ^ entropia=1,width=1 ^ transitoriedad=1 ^ time entropy=1,0.613387,0.436694,0.232387,0.256353
freq unos=1 ^ freq dos=1 ^ transitoriedad=1 ^ time entropy=1,freq ceros=1 ^ width=1 ^ entropia=1,0.575005,0.483482,0.263306,0.296366
freq unos=1 ^ freq dos=1 ^ actividad=1 ^ transitoriedad=1 ^ time entropy=1,freq ceros=1 ^ width=1 ^ entropia=1,0.560856,0.502255,0.273103,0.308530
freq ceros=1 ^ width=1 ^ simetria=1 ^ actividad=1 ^ time entropy=1,entropia=1 ^ transitoriedad=1,0.514777,0.565041,0.302590,0.345551
freq unos=1 ^ freq dos=1,entropia=1,0.451997,0.660216,0.392317,0.456137
width=2,pasos=1 ^ simetria=2 ^ transitoriedad=2,0.291603,0.920958,0.779866,0.905888
entropia=1,pasos=1,0.241770,1.060461,1.295059,1.064864
transitoriedad=1,freq ceros=1 ^ freq dos=1 ^ width=1 ^ pasos=1 ^ actividad=1 ^ entropia=1,0.501328,0.583910,0.312655,0.358287
entropia=1 ^ transitoriedad=1,freq ceros=1 ^ width=1 ^ pasos=1 ^ actividad=1 ^ time entropy=1,0.531479,0.542443,0.291010,0.330607
freq unos=1 ^ freq dos=1 ^ simetria=1 ^ actividad=1 ^ transitoriedad=1,freq ceros=1 ^ width=1 ^ entropia=1 ^ time entropy=1,0.573885,0.488259,0.260158,0.290157
width=1 ^ simetria=1 ^ actividad=1,freq ceros=1 ^ entropia=1 ^ transitoriedad=1,0.528345,0.546386,0.292944,0.333300
freq ceros=1 ^ freq unos=1 ^ simetria=1 ^ actividad=1 ^ time entropy=1,width=1 ^ entropia=1 ^ transitoriedad=1,0.499842,0.586010,0.313363,0.359184
freq ceros=1 ^ freq unos=1 ^ actividad=1 ^ entropia=1 ^ transitoriedad=1,width=1,0.435002,0.680906,0.382658,0.448109
width=2,pasos=1 ^ simetria=2 ^ transitoriedad=2,0.291603,0.920958,0.779866,0.905888
width=2 ^ simetria=2 ^ transitoriedad=2,pasos=1,0.262713,0.974898,0.894169,0.977832
freq unos=1 ^ freq dos=1 ^ time entropy=1,entropia=1,0.417965,0.710174,0.417348,0.490203
freq ceros=1 ^ freq unos=1 ^ freq dos=1 ^ width=1 ^ simetria=1 ^ actividad=1 ^ time entropy=1,entropia=1 ^ transitoriedad=1,0.488128,0.602676,0.321908,0.370042
entropia=1 ^ transitoriedad=1,freq ceros=1 ^ width=1 ^ pasos=1 ^ actividad=1 ^ time entropy=1,0.531479,0.542443,0.291010,0.330607
freq ceros=1 ^ freq dos=1 ^ simetria=1 ^ actividad=1 ^ time entropy=1,width=1 ^ entropia=1 ^ transitoriedad=1,0.501611,0.583510,0.312080,0.357557
freq ceros=1 ^ freq dos=1 ^ width=1 ^ actividad=1 ^ sensitividad=1,entropia=1 ^ transitoriedad=1,0.422443,0.700336,0.371671,0.433718
freq ceros=1 ^ freq unos=1 ^ freq dos=1 ^ actividad=1 ^ entropia=1 ^ transitoriedad=1 ^ time entropy=1,width=1,0.343458,0.827895,0.456873,0.544417
freq dos=1 ^ simetria=1 ^ time entropy=1,entropia=1,0.250058,1.000027,0.558542,0.673686
width=2,entropia=1 ^ transitoriedad=2,0.303485,1.047263,0.656766,0.668947
transitoriedad=1,freq ceros=1 ^ freq unos=1 ^ freq dos=1 ^ width=1 ^ pasos=1 ^ actividad=1 ^ entropia=1,0.411944,0.716343,0.380129,0.444836
freq unos=1 ^ freq dos=1 ^ simetria=1 ^ actividad=1 ^ time entropy=1,freq ceros=1 ^ width=1 ^ entropia=1 ^ transitoriedad=1,0.489363,0.600958,0.320977,0.368822
entropia=1 ^ transitoriedad=1,freq ceros=1 ^ freq dos=1 ^ width=1 ^ pasos=1 ^ actividad=1 ^ time entropy=1,0.463583,0.638327,0.340136,0.393271
entropia=1 ^ transitoriedad=1 ^ time entropy=1,freq unos=1 ^ freq dos=1 ^ width=1 ^ pasos=1 ^ simetria=1 ^ actividad=1,0.358393,0.803789,0.419047,0.494533
freq ceros=1 ^ freq unos=1 ^ freq dos=1 ^ width=1 ^ entropia=1,pasos=2 ^ simetria=1 ^ actividad=1 ^ transitoriedad=1 ^ time entropy=1,0.273148,0.956345,0.494165,0.591404
freq unos=1 ^ freq dos=1 ^ width=1 ^ entropia=1 ^ transitoriedad=1 ^ sensitividad=1 ^ time entropy=1,freq ceros=1 ^ pasos=1 ^ simetria=1 ^ actividad=1,0.220253,1.278002,0.661713,0.661717
freq unos=1 ^ freq dos=1 ^ width=1 ^ actividad=1 ^ sensitividad=1,freq ceros=1 ^ pasos=2 ^ entropia=1 ^ transitoriedad=1,0.336429,0.989552,0.512311,0.514122
transitoriedad=1,freq ceros=1 ^ freq unos=1 ^ width=1 ^ pasos=1 ^ actividad=1 ^ entropia=1 ^ time entropy=1,0.455161,0.650687,0.346807,0.401875
freq ceros=1 ^ freq dos=1 ^ width=1 ^ actividad=1 ^ sensitividad=1,entropia=1 ^ transitoriedad=1,0.422443,0.700336,0.371671,0.433718
entropia=1 ^ transitoriedad=1 ^ time entropy=1,freq unos=1 ^ freq dos=1 ^ width=1 ^ pasos=1 ^ simetria=1 ^ actividad=1,0.358393,0.803789,0.419047,0.494533
freq unos=1 ^ freq dos=1 ^ width=1 ^ actividad=1 ^ time entropy=1,freq ceros=1 ^ pasos=2 ^ simetria=1 ^ entropia=1 ^ transitoriedad=1,0.316204,0.888620,0.458973,0.537929
freq ceros=1 ^ freq unos=1 ^ freq dos=1 ^ width=1 ^ simetria=1 ^ actividad=1 ^ sensitividad=1,pasos=2 ^ entropia=1 ^ transitoriedad=1 ^ time entropy=1,0.313857,1.044277,0.535747,0.535846
freq unos=1 ^ freq dos=1 ^ transitoriedad=1 ^ time entropy=1,freq ceros=1 ^ width=1 ^ pasos=1 ^ simetria=1 ^ actividad=1 ^ entropia=1,0.411746,0.753948,0.394102,0.436655
freq ceros=1 ^ freq dos=1 ^ width=1 ^ actividad=1 ^ sensitividad=1,entropia=1 ^ transitoriedad=1,0.422443,0.700336,0.371671,0.433718
entropia=1 ^ transitoriedad=1 ^ time entropy=1,freq dos=1 ^ width=1 ^ pasos=1 ^ simetria=1 ^ actividad=1,0.374595,0.778777,0.406669,0.477208
freq unos=1 ^ freq dos=1 ^ simetria=1 ^ actividad=1,freq ceros=1 ^ width=1 ^ pasos=2 ^ entropia=1 ^ transitoriedad=1 ^ time entropy=1,0.386462,0.813023,0.420657,0.458479
freq unos=1 ^ freq dos=1 ^ transitoriedad=1 ^ time entropy=1,freq ceros=1 ^ width=1 ^ pasos=1 ^ simetria=1 ^ actividad=1 ^ entropia=1,0.411746,0.753948,0.394102,0.436655
entropia=1 ^ transitoriedad=1,freq ceros=1 ^ freq dos=1 ^ width=1 ^ pasos=1 ^ actividad=1 ^ time entropy=1,0.463583,0.638327,0.340136,0.393271
entropia=1 ^ transitoriedad=1,freq ceros=1 ^ freq unos=1 ^ width=1 ^ pasos=1 ^ actividad=1 ^ time entropy=1,0.462746,0.639668,0.340833,0.394084
freq ceros=1 ^ entropia=1 ^ transitoriedad=1,freq dos=1 ^ width=1 ^ pasos=1 ^ actividad=1 ^ time entropy=1,0.464660,0.636958,0.339405,0.392181
freq unos=1 ^ width=1 ^ simetria=1 ^ actividad=1 ^ time entropy=1,freq ceros=1 ^ entropia=1 ^ transitoriedad=1,0.501059,0.584348,0.312462,0.357999
entropia=1 ^ transitoriedad=1 ^ time entropy=1,freq ceros=1 ^ freq unos=1 ^ freq dos=1 ^ pasos=1 ^ actividad=1,0.499065,0.600779,0.317737,0.355042
freq ceros=1 ^ freq unos=1 ^ freq dos=1 ^ simetria=1 ^ actividad=1 ^ transitoriedad=1,width=1 ^ entropia=1 ^ time entropy=1,0.529251,0.548500,0.292718,0.330606
width=1 ^ transitoriedad=1,freq ceros=1 ^ freq unos=1 ^ freq dos=1 ^ actividad=1 ^ entropia=1 ^ time entropy=1,0.630556,0.411849,0.223289,0.247442
transitoriedad=1,freq ceros=1 ^ freq unos=1 ^ freq dos=1 ^ width=1 ^ actividad=1 ^ entropia=1 ^ time entropy=1,0.629516,0.413159,0.224007,0.248311
freq dos=1 ^ actividad=1 ^ transitoriedad=1 ^ time entropy=1,freq ceros=1 ^ width=1 ^ entropia=1,0.615626,0.430887,0.235718,0.262434
freq unos=1 ^ freq dos=1 ^ actividad=1 ^ transitoriedad=1,freq ceros=1 ^ width=1 ^ entropia=1,0.600649,0.450128,0.245845,0.274783
freq unos=1 ^ freq dos=1 ^ actividad=1 ^ transitoriedad=1,freq ceros=1 ^ width=1 ^ entropia=1,0.600649,0.450128,0.245845,0.274783
freq unos=1 ^ freq dos=1 ^ actividad=1 ^ transitoriedad=1,freq ceros=1 ^ width=1 ^ entropia=1,0.600649,0.450128,0.245845,0.274783
freq unos=1 ^ freq dos=1 ^ actividad=1 ^ transitoriedad=1,freq ceros=1 ^ width=1 ^ entropia=1,0.600649,0.450128,0.245845,0.274783
freq unos=1 ^ freq dos=1 ^ actividad=1 ^ transitoriedad=1,freq ceros=1 ^ width=1 ^ entropia=1,0.600649,0.450128,0.245845,0.274783
freq dos=1 ^ actividad=1 ^ transitoriedad=1 ^ time entropy=1,freq ceros=1 ^ width=1 ^ entropia=1,0.615626,0.430887,0.235718,0.262434
transitoriedad=1,freq ceros=1 ^ freq unos=1 ^ freq dos=1 ^ width=1 ^ actividad=1 ^ entropia=1 ^ time entropy=1,0.629516,0.413159,0.224007,0.248311
freq unos=1 ^ freq dos=1 ^ width=1 ^ actividad=1 ^ entropia=1 ^ time entropy=1,freq ceros=1 ^ transitoriedad=1,0.633688,0.407964,0.221160,0.244832
transitoriedad=1,freq ceros=1 ^ freq unos=1 ^ freq dos=1 ^ width=1 ^ actividad=1 ^ entropia=1 ^ time entropy=1,0.629516,0.413159,0.224007,0.248311
freq unos=1 ^ freq dos=1 ^ actividad=1 ^ transitoriedad=1,freq ceros=1 ^ width=1 ^ entropia=1,0.600649,0.450128,0.245845,0.274783
freq unos=1 ^ freq dos=1 ^ actividad=1 ^ transitoriedad=1,freq ceros=1 ^ width=1 ^ entropia=1,0.600649,0.450128,0.245845,0.274783
freq unos=1 ^ entropia=1 ^ transitoriedad=1 ^ time entropy=1,freq ceros=1 ^ width=1,0.577086,0.480760,0.264047,0.297269
freq ceros=1 ^ transitoriedad=1,width=1,0.541933,0.527678,0.302724,0.345719
freq ceros=1 ^ transitoriedad=1,width=1,0.541933,0.527678,0.302724,0.345719
freq unos=1 ^ entropia=1 ^ transitoriedad=1 ^ time entropy=1,freq ceros=1 ^ width=1,0.577086,0.480760,0.264047,0.297269
freq ceros=1 ^ freq dos=1 ^ actividad=1 ^ transitoriedad=1,width=1 ^ entropia=1,0.590563,0.463273,0.256635,0.287991
freq unos=1 ^ freq dos=1 ^ actividad=1 ^ transitoriedad=1,freq ceros=1 ^ width=1 ^ entropia=1,0.600649,0.450128,0.245845,0.274783
freq ceros=1 ^ freq unos=1 ^ freq dos=1 ^ simetria=1 ^ actividad=1,width=1 ^ entropia=1 ^ transitoriedad=1 ^ time entropy=1,0.613969,0.435948,0.231986,0.255869
freq unos=1 ^ freq dos=1 ^ actividad=1 ^ transitoriedad=1,freq ceros=1 ^ width=1 ^ entropia=1,0.600649,0.450128,0.245845,0.274783
freq unos=1 ^ freq dos=1 ^ transitoriedad=1 ^ time entropy=1,freq ceros=1 ^ width=1 ^ entropia=1,0.575005,0.483482,0.263306,0.296366
freq ceros=1 ^ transitoriedad=1,width=1,0.541933,0.527678,0.302724,0.345719
freq ceros=1 ^ entropia=1 ^ transitoriedad=1,width=1,0.535139,0.536936,0.307636,0.351929
actividad=1 ^ time entropy=1,entropia=1,0.511405,0.579989,0.352532,0.399493
actividad=1 ^ time entropy=1,entropia=1,0.511405,0.579989,0.352532,0.399493
freq ceros=1 ^ transitoriedad=1,width=1,0.541933,0.527678,0.302724,0.345719
freq unos=1 ^ freq dos=1 ^ transitoriedad=1 ^ time entropy=1,freq ceros=1 ^ width=1 ^ entropia=1,0.575005,0.483482,0.263306,0.296366
freq unos=1 ^ freq dos=1 ^ simetria=1 ^ transitoriedad=1,freq ceros=1 ^ width=1 ^ entropia=1 ^ time entropy=1,0.590515,0.466369,0.248832,0.276278
freq unos=1 ^ freq dos=1 ^ actividad=1 ^ transitoriedad=1 ^ time entropy=1,freq ceros=1 ^ width=1 ^ entropia=1,0.560856,0.502255,0.273103,0.308530
width=1 ^ simetria=1 ^ actividad=1,entropia=1 ^ transitoriedad=1,0.527248,0.547782,0.293704,0.334339
freq ceros=1 ^ actividad=1 ^ entropia=1 ^ transitoriedad=1,width=1,0.508038,0.574464,0.327436,0.377085
freq unos=1 ^ freq dos=1,entropia=1,0.451997,0.660216,0.392317,0.456137
freq unos=1 ^ freq dos=1,entropia=1,0.451997,0.660216,0.392317,0.456137
freq unos=1 ^ time entropy=1,entropia=1,0.483554,0.619352,0.373225,0.426376
transitoriedad=1,freq ceros=1 ^ freq unos=1 ^ width=1 ^ pasos=1 ^ actividad=1,0.523697,0.552662,0.296579,0.337970
freq unos=1 ^ freq dos=1 ^ simetria=1 ^ actividad=1 ^ entropia=1 ^ transitoriedad=1,freq ceros=1 ^ width=1 ^ time entropy=1,0.565589,0.499293,0.266112,0.297488
freq ceros=1 ^ width=1 ^ simetria=1 ^ actividad=1,entropia=1 ^ transitoriedad=1,0.527076,0.548012,0.293822,0.334492
freq ceros=1 ^ freq unos=1 ^ freq dos=1 ^ simetria=1 ^ actividad=1 ^ entropia=1 ^ time entropy=1,transitoriedad=1,0.480021,0.614329,0.328246,0.378120
freq unos=1 ^ freq dos=1 ^ time entropy=1,entropia=1,0.417965,0.710174,0.417348,0.490203
freq unos=1 ^ freq dos=1 ^ actividad=1 ^ time entropy=1,entropia=1,0.379991,0.768074,0.445796,0.529211
entropia=1,width=1,0.431759,0.779027,0.506097,0.516227
entropia=1 ^ transitoriedad=1,freq ceros=1 ^ freq dos=1 ^ width=1 ^ pasos=1 ^ actividad=1 ^ time entropy=1,0.463583,0.638327,0.340136,0.393271
width=1 ^ simetria=1 ^ actividad=1 ^ time entropy=1,freq ceros=1 ^ entropia=1 ^ transitoriedad=1,0.516069,0.563298,0.301645,0.344316
freq ceros=1 ^ freq unos=1 ^ freq dos=1 ^ simetria=1 ^ actividad=1 ^ time entropy=1,width=1 ^ entropia=1 ^ transitoriedad=1,0.488165,0.602624,0.321880,0.370006
entropia=1 ^ transitoriedad=1,freq unos=1 ^ freq dos=1 ^ width=1 ^ pasos=1 ^ actividad=1,0.419004,0.705390,0.374199,0.437167
freq ceros=1 ^ width=1 ^ entropia=1,freq unos=1 ^ freq dos=1 ^ pasos=1 ^ actividad=1 ^ transitoriedad=1 ^ time entropy=1,0.352616,0.812460,0.431399,0.511299
freq unos=1 ^ actividad=1 ^ entropia=1,width=1,0.354586,0.931006,0.554101,0.567114
freq unos=1 ^ freq dos=1 ^ width=1 ^ time entropy=1,freq ceros=1 ^ pasos=1 ^ entropia=1 ^ transitoriedad=1,0.417313,0.822185,0.445032,0.445063
freq ceros=1 ^ freq unos=1 ^ freq dos=1 ^ width=1 ^ simetria=1 ^ actividad=1 ^ entropia=1 ^ time entropy=1,transitoriedad=1,0.480021,0.614329,0.328246,0.378120
transitoriedad=1,freq ceros=1 ^ freq unos=1 ^ width=1 ^ pasos=1 ^ actividad=1 ^ time entropy=1,0.455381,0.650361,0.346641,0.401662
entropia=1 ^ transitoriedad=1 ^ time entropy=1,freq dos=1 ^ width=1 ^ pasos=1 ^ simetria=1 ^ actividad=1,0.374595,0.778777,0.406669,0.477208
freq ceros=1 ^ freq unos=1 ^ freq dos=1 ^ actividad=1 ^ entropia=1,width=1 ^ pasos=2 ^ transitoriedad=1 ^ time entropy=1,0.344796,0.831445,0.430912,0.506642
freq unos=1 ^ simetria=1 ^ transitoriedad=1 ^ time entropy=1,freq ceros=1 ^ freq dos=1 ^ width=1 ^ pasos=1 ^ actividad=1 ^ entropia=1,0.382593,0.893104,0.472535,0.472541
freq ceros=1 ^ simetria=1 ^ entropia=1 ^ transitoriedad=1,freq unos=1 ^ freq dos=1 ^ width=1 ^ pasos=1 ^ actividad=1 ^ time entropy=1,0.428730,0.786432,0.413619,0.420714
transitoriedad=1,freq ceros=1 ^ freq unos=1 ^ width=1 ^ pasos=1 ^ actividad=1 ^ entropia=1 ^ time entropy=1,0.455161,0.650687,0.346807,0.401875
entropia=1 ^ transitoriedad=1 ^ time entropy=1,width=1 ^ pasos=1 ^ simetria=1 ^ actividad=1,0.388453,0.760772,0.398049,0.462855
freq ceros=1 ^ freq unos=1 ^ freq dos=1 ^ width=1 ^ simetria=1 ^ actividad=1 ^ entropia=1,pasos=2 ^ transitoriedad=1 ^ time entropy=1,0.386523,0.812969,0.420630,0.458414
freq ceros=1 ^ simetria=1 ^ entropia=1 ^ transitoriedad=1,freq unos=1 ^ freq dos=1 ^ width=1 ^ pasos=1 ^ actividad=1 ^ time entropy=1,0.428730,0.786432,0.413619,0.420714
entropia=1 ^ transitoriedad=1,freq ceros=1 ^ freq dos=1 ^ width=1 ^ pasos=1 ^ actividad=1 ^ time entropy=1,0.463583,0.638327,0.340136,0.393271
freq ceros=1 ^ transitoriedad=1,freq unos=1 ^ width=1 ^ pasos=1 ^ actividad=1 ^ entropia=1 ^ time entropy=1,0.458148,0.646415,0.344495,0.398800
freq ceros=1 ^ entropia=1 ^ transitoriedad=1,freq unos=1 ^ width=1 ^ pasos=1 ^ actividad=1 ^ time entropy=1,0.463842,0.638233,0.340064,0.392970
entropia=1 ^ transitoriedad=1 ^ time entropy=1,freq ceros=1 ^ freq unos=1 ^ freq dos=1 ^ pasos=1 ^ actividad=1,0.499065,0.600779,0.317737,0.355042
transitoriedad=1 ^ time entropy=1,freq ceros=1 ^ freq unos=1 ^ freq dos=1 ^ width=1 ^ pasos=1 ^ actividad=1 ^ entropia=1,0.498598,0.601446,0.318095,0.355490
freq ceros=1 ^ freq unos=1 ^ freq dos=1 ^ simetria=1 ^ actividad=1 ^ transitoriedad=1,width=1 ^ entropia=1 ^ time entropy=1,0.529251,0.548500,0.292718,0.330606
transitoriedad=1,freq ceros=1 ^ freq unos=1 ^ freq dos=1 ^ width=1 ^ actividad=1 ^ entropia=1 ^ time entropy=1,0.629516,0.413159,0.224007,0.248311
transitoriedad=1,freq ceros=1 ^ freq unos=1 ^ freq dos=1 ^ width=1 ^ actividad=1 ^ entropia=1 ^ time entropy=1,0.629516,0.413159,0.224007,0.248311
freq dos=1 ^ actividad=1 ^ transitoriedad=1 ^ time entropy=1,freq ceros=1 ^ width=1 ^ entropia=1,0.615626,0.430887,0.235718,0.262434
freq ceros=1 ^ freq dos=1 ^ transitoriedad=1,width=1 ^ entropia=1,0.611838,0.436090,0.242285,0.270169
width=1 ^ entropia=1,freq ceros=1 ^ transitoriedad=1 ^ time entropy=1,0.593403,0.459624,0.254714,0.285591
width=1 ^ entropia=1,freq ceros=1 ^ transitoriedad=1 ^ time entropy=1,0.593403,0.459624,0.254714,0.285591
freq ceros=1 ^ freq dos=1 ^ transitoriedad=1,width=1 ^ entropia=1,0.611838,0.436090,0.242285,0.270169
freq dos=1 ^ actividad=1 ^ transitoriedad=1 ^ time entropy=1,freq ceros=1 ^ width=1 ^ entropia=1,0.615626,0.430887,0.235718,0.262434
transitoriedad=1,freq ceros=1 ^ freq unos=1 ^ freq dos=1 ^ width=1 ^ actividad=1 ^ entropia=1 ^ time entropy=1,0.629516,0.413159,0.224007,0.248311
width=1 ^ transitoriedad=1,freq ceros=1 ^ freq unos=1 ^ freq dos=1 ^ actividad=1 ^ entropia=1 ^ time entropy=1,0.630556,0.411849,0.223289,0.247442
freq dos=1 ^ actividad=1 ^ transitoriedad=1 ^ time entropy=1,freq ceros=1 ^ width=1 ^ entropia=1,0.615626,0.430887,0.235718,0.262434
freq unos=1 ^ freq dos=1 ^ actividad=1 ^ transitoriedad=1,freq ceros=1 ^ width=1 ^ entropia=1,0.600649,0.450128,0.245845,0.274783
freq ceros=1 ^ freq dos=1 ^ actividad=1 ^ transitoriedad=1,width=1 ^ entropia=1,0.590563,0.463273,0.256635,0.287991
freq dos=1 ^ time entropy=1,entropia=1,0.577100,0.488420,0.302061,0.337404
freq dos=1 ^ time entropy=1,entropia=1,0.577100,0.488420,0.302061,0.337404
entropia=1,freq dos=1 ^ time entropy=1,0.577100,0.488420,0.302061,0.337404
freq ceros=1 ^ freq dos=1 ^ actividad=1 ^ transitoriedad=1,width=1 ^ entropia=1,0.590563,0.463273,0.256635,0.287991
freq unos=1 ^ freq dos=1 ^ actividad=1 ^ transitoriedad=1,freq ceros=1 ^ width=1 ^ entropia=1,0.600649,0.450128,0.245845,0.274783
freq dos=1 ^ actividad=1 ^ transitoriedad=1 ^ time entropy=1,freq ceros=1 ^ width=1 ^ entropia=1,0.615626,0.430887,0.235718,0.262434
freq unos=1 ^ freq dos=1 ^ actividad=1 ^ transitoriedad=1,freq ceros=1 ^ width=1 ^ entropia=1,0.600649,0.450128,0.245845,0.274783
freq unos=1 ^ entropia=1 ^ transitoriedad=1 ^ time entropy=1,freq ceros=1 ^ width=1,0.577086,0.480760,0.264047,0.297269
freq ceros=1 ^ transitoriedad=1,width=1,0.541933,0.527678,0.302724,0.345719
freq ceros=1 ^ entropia=1 ^ transitoriedad=1,width=1,0.535139,0.536936,0.307636,0.351929
actividad=1 ^ time entropy=1,entropia=1,0.511405,0.579989,0.352532,0.399493
freq dos=1 ^ time entropy=1,entropia=1,0.577100,0.488420,0.302061,0.337404
freq ceros=1 ^ freq unos=1 ^ freq dos=1,width=1 ^ entropia=1,0.562922,0.499438,0.275639,0.311735
freq unos=1 ^ freq dos=1 ^ actividad=1 ^ transitoriedad=1,freq ceros=1 ^ width=1 ^ entropia=1,0.600649,0.450128,0.245845,0.274783
freq unos=1 ^ freq dos=1 ^ actividad=1 ^ transitoriedad=1 ^ time entropy=1,freq ceros=1 ^ width=1 ^ entropia=1,0.560856,0.502255,0.273103,0.308530
freq ceros=1 ^ entropia=1 ^ transitoriedad=1,width=1,0.535139,0.536936,0.307636,0.351929
freq ceros=1 ^ actividad=1 ^ entropia=1 ^ transitoriedad=1,width=1,0.508038,0.574464,0.327436,0.377085
freq unos=1 ^ time entropy=1,entropia=1,0.483554,0.619352,0.373225,0.426376
actividad=1 ^ time entropy=1,entropia=1,0.511405,0.579989,0.352532,0.399493
freq ceros=1 ^ entropia=1 ^ transitoriedad=1,width=1,0.535139,0.536936,0.307636,0.351929
freq unos=1 ^ freq dos=1 ^ actividad=1 ^ transitoriedad=1 ^ time entropy=1,freq ceros=1 ^ width=1 ^ entropia=1,0.560856,0.502255,0.273103,0.308530
freq ceros=1 ^ width=1 ^ simetria=1 ^ actividad=1,entropia=1 ^ transitoriedad=1,0.527076,0.548012,0.293822,0.334492
freq dos=1 ^ width=1 ^ actividad=1 ^ transitoriedad=1 ^ time entropy=1,freq ceros=1 ^ entropia=1,0.488850,0.601790,0.331426,0.382064
freq unos=1 ^ freq dos=1,entropia=1,0.451997,0.660216,0.392317,0.456137
freq ceros=1,entropia=1,0.483049,0.681325,0.442090,0.453466
freq ceros=1,width=1,0.501372,0.664230,0.415285,0.415285
width=1 ^ simetria=1 ^ actividad=1 ^ entropia=1,freq ceros=1 ^ transitoriedad=1,0.521737,0.555488,0.297903,0.339555
freq unos=1 ^ freq dos=1 ^ simetria=1 ^ actividad=1,width=1 ^ entropia=1 ^ transitoriedad=1,0.493342,0.595234,0.318093,0.365190
transitoriedad=1,freq ceros=1 ^ freq unos=1 ^ width=1 ^ pasos=1 ^ actividad=1 ^ entropia=1 ^ time entropy=1,0.455161,0.650687,0.346807,0.401875
freq ceros=1 ^ entropia=1 ^ transitoriedad=1,freq unos=1 ^ freq dos=1 ^ width=1 ^ pasos=1 ^ actividad=1,0.419945,0.704028,0.373462,0.436147
freq unos=1 ^ freq dos=1 ^ actividad=1 ^ transitoriedad=1,freq ceros=1 ^ width=1 ^ pasos=1 ^ entropia=1 ^ time entropy=1,0.453491,0.749454,0.402458,0.403859
freq dos=1 ^ entropia=1 ^ transitoriedad=1 ^ time entropy=1,freq ceros=1 ^ width=1 ^ pasos=1 ^ actividad=1,0.504284,0.657977,0.355312,0.355926
freq unos=1 ^ freq dos=1 ^ width=1 ^ simetria=1 ^ actividad=1 ^ entropia=1 ^ time entropy=1,freq ceros=1 ^ transitoriedad=1,0.483229,0.609755,0.325760,0.374914
transitoriedad=1,freq ceros=1 ^ freq unos=1 ^ width=1 ^ pasos=1 ^ actividad=1 ^ entropia=1 ^ time entropy=1,0.455161,0.650687,0.346807,0.401875
freq ceros=1 ^ simetria=1 ^ entropia=1 ^ transitoriedad=1,freq unos=1 ^ freq dos=1 ^ width=1 ^ pasos=1 ^ actividad=1 ^ time entropy=1,0.428730,0.786432,0.413619,0.420714
freq ceros=1 ^ freq unos=1 ^ freq dos=1 ^ width=1 ^ actividad=1 ^ entropia=1,pasos=1 ^ transitoriedad=1 ^ time entropy=1,0.483355,0.688578,0.368292,0.372714
freq ceros=1 ^ freq unos=1 ^ freq dos=1 ^ simetria=1 ^ actividad=1 ^ time entropy=1,width=1 ^ entropia=1 ^ transitoriedad=1,0.488165,0.602624,0.321880,0.370006
transitoriedad=1 ^ time entropy=1,freq ceros=1 ^ freq unos=1 ^ freq dos=1 ^ pasos=1 ^ actividad=1 ^ entropia=1,0.498598,0.601446,0.318095,0.355490
freq unos=1 ^ transitoriedad=1 ^ time entropy=1,freq ceros=1 ^ freq dos=1 ^ width=1 ^ pasos=1 ^ actividad=1 ^ entropia=1,0.486894,0.670727,0.357981,0.368714
entropia=1 ^ transitoriedad=1 ^ time entropy=1,freq unos=1 ^ freq dos=1 ^ width=1 ^ pasos=1 ^ actividad=1,0.499174,0.600626,0.317659,0.354942
entropia=1 ^ transitoriedad=1 ^ time entropy=1,freq unos=1 ^ freq dos=1 ^ width=1 ^ pasos=1 ^ actividad=1,0.499174,0.600626,0.317659,0.354942
freq ceros=1 ^ freq unos=1 ^ freq dos=1 ^ simetria=1 ^ actividad=1 ^ transitoriedad=1,width=1 ^ entropia=1 ^ time entropy=1,0.529251,0.548500,0.292718,0.330606
width=1 ^ transitoriedad=1,freq ceros=1 ^ freq unos=1 ^ freq dos=1 ^ actividad=1 ^ entropia=1 ^ time entropy=1,0.630556,0.411849,0.223289,0.247442
transitoriedad=1,freq ceros=1 ^ freq unos=1 ^ freq dos=1 ^ width=1 ^ actividad=1 ^ entropia=1 ^ time entropy=1,0.629516,0.413159,0.224007,0.248311
actividad=1 ^ entropia=1 ^ transitoriedad=1 ^ time entropy=1,freq ceros=1 ^ width=1,0.620388,0.424796,0.234532,0.261014
actividad=1 ^ entropia=1 ^ transitoriedad=1 ^ time entropy=1,freq ceros=1 ^ width=1,0.620388,0.424796,0.234532,0.261014
freq ceros=1 ^ freq dos=1 ^ transitoriedad=1,width=1 ^ entropia=1,0.611838,0.436090,0.242285,0.270169
actividad=1 ^ entropia=1 ^ transitoriedad=1 ^ time entropy=1,freq ceros=1 ^ width=1,0.620388,0.424796,0.234532,0.261014
actividad=1 ^ transitoriedad=1 ^ time entropy=1,freq ceros=1 ^ width=1,0.620925,0.424131,0.234183,0.260576
width=1 ^ transitoriedad=1,freq ceros=1 ^ freq unos=1 ^ freq dos=1 ^ actividad=1 ^ entropia=1 ^ time entropy=1,0.630556,0.411849,0.223289,0.247442
entropia=1 ^ transitoriedad=1,freq ceros=1 ^ freq unos=1 ^ freq dos=1 ^ width=1 ^ actividad=1 ^ time entropy=1,0.640149,0.399814,0.216685,0.239478
freq dos=1 ^ actividad=1 ^ transitoriedad=1 ^ time entropy=1,freq ceros=1 ^ width=1 ^ entropia=1,0.615626,0.430887,0.235718,0.262434
freq ceros=1 ^ freq dos=1 ^ transitoriedad=1,width=1 ^ entropia=1,0.611838,0.436090,0.242285,0.270169
width=1 ^ entropia=1,freq ceros=1 ^ transitoriedad=1 ^ time entropy=1,0.593403,0.459624,0.254714,0.285591
freq dos=1 ^ time entropy=1,entropia=1,0.577100,0.488420,0.302061,0.337404
entropia=1,freq dos=1 ^ time entropy=1,0.577100,0.488420,0.302061,0.337404
freq dos=1,entropia=1,0.630473,0.436808,0.282934,0.295856
freq ceros=1 ^ freq dos=1 ^ transitoriedad=1,width=1 ^ entropia=1,0.611838,0.436090,0.242285,0.270169
transitoriedad=1,freq ceros=1 ^ freq unos=1 ^ freq dos=1 ^ width=1 ^ actividad=1 ^ entropia=1 ^ time entropy=1,0.629516,0.413159,0.224007,0.248311
freq unos=1 ^ freq dos=1 ^ actividad=1 ^ transitoriedad=1,freq ceros=1 ^ width=1 ^ entropia=1,0.600649,0.450128,0.245845,0.274783
actividad=1 ^ transitoriedad=1 ^ time entropy=1,width=1 ^ entropia=1,0.580824,0.476071,0.263402,0.296298
freq dos=1 ^ time entropy=1,entropia=1,0.577100,0.488420,0.302061,0.337404
entropia=1,freq dos=1 ^ time entropy=1,0.577100,0.488420,0.302061,0.337404
entropia=1,freq dos=1 ^ time entropy=1,0.577100,0.488420,0.302061,0.337404
entropia=1,freq dos=1 ^ time entropy=1,0.577100,0.488420,0.302061,0.337404
freq unos=1 ^ freq dos=1 ^ actividad=1 ^ transitoriedad=1,freq ceros=1 ^ width=1 ^ entropia=1,0.600649,0.450128,0.245845,0.274783
freq unos=1 ^ freq dos=1 ^ transitoriedad=1 ^ time entropy=1,freq ceros=1 ^ width=1 ^ entropia=1,0.575005,0.483482,0.263306,0.296366
freq ceros=1 ^ transitoriedad=1,width=1,0.541933,0.527678,0.302724,0.345719
freq ceros=1 ^ transitoriedad=1,width=1,0.541933,0.527678,0.302724,0.345719
actividad=1,entropia=1,0.561348,0.544218,0.352009,0.365370
freq unos=1,entropia=1,0.564062,0.539751,0.349101,0.362498
freq unos=1 ^ freq dos=1 ^ transitoriedad=1 ^ time entropy=1,freq ceros=1 ^ width=1 ^ entropia=1,0.575005,0.483482,0.263306,0.296366
freq unos=1 ^ freq dos=1 ^ actividad=1 ^ transitoriedad=1,freq ceros=1 ^ width=1,0.550423,0.516361,0.282696,0.320417
transitoriedad=1,freq ceros=1 ^ freq unos=1 ^ width=1 ^ pasos=1 ^ actividad=1 ^ entropia=1,0.522103,0.554866,0.297714,0.339400
actividad=1 ^ transitoriedad=1,width=1,0.511780,0.569224,0.324682,0.373575
actividad=1,freq dos=1,0.545991,0.587254,0.368022,0.368080
simetria=1 ^ entropia=1,freq ceros=1 ^ freq dos=1 ^ actividad=1 ^ transitoriedad=1 ^ time entropy=1,0.559788,0.564426,0.305110,0.305124
freq ceros=1 ^ width=1 ^ simetria=1 ^ actividad=1,entropia=1 ^ transitoriedad=1,0.527076,0.548012,0.293822,0.334492
freq ceros=1 ^ freq unos=1 ^ simetria=1 ^ actividad=1,entropia=1 ^ transitoriedad=1,0.508357,0.574024,0.307210,0.351385
simetria=1,freq ceros=1 ^ freq unos=1 ^ actividad=1 ^ entropia=1 ^ time entropy=1,0.524475,0.623800,0.338288,0.338318
simetria=1,freq ceros=1 ^ freq unos=1 ^ width=1 ^ actividad=1 ^ entropia=1 ^ time entropy=1,0.541813,0.594240,0.321683,0.321744
freq ceros=1 ^ freq unos=1 ^ freq dos=1 ^ simetria=1 ^ actividad=1 ^ transitoriedad=1,width=1 ^ entropia=1 ^ time entropy=1,0.529251,0.548500,0.292718,0.330606
entropia=1 ^ transitoriedad=1 ^ time entropy=1,freq unos=1 ^ freq dos=1 ^ width=1 ^ pasos=1 ^ actividad=1,0.499174,0.600626,0.317659,0.354942
freq ceros=1 ^ freq dos=1 ^ width=1 ^ actividad=1 ^ entropia=1,pasos=1 ^ transitoriedad=1 ^ time entropy=1,0.531886,0.588849,0.315881,0.328389
freq ceros=1 ^ freq unos=1 ^ freq dos=1 ^ simetria=1 ^ actividad=1 ^ transitoriedad=1,width=1 ^ entropia=1 ^ time entropy=1,0.529251,0.548500,0.292718,0.330606
freq ceros=1 ^ freq unos=1 ^ freq dos=1 ^ simetria=1 ^ actividad=1 ^ transitoriedad=1,width=1 ^ entropia=1 ^ time entropy=1,0.529251,0.548500,0.292718,0.330606
freq ceros=1 ^ freq unos=1 ^ freq dos=1 ^ simetria=1 ^ transitoriedad=1,width=1 ^ entropia=1 ^ time entropy=1,0.544606,0.527461,0.281877,0.317083
entropia=1 ^ transitoriedad=1,freq unos=1 ^ freq dos=1 ^ width=1 ^ actividad=1 ^ time entropy=1,0.640270,0.399663,0.216606,0.239383
transitoriedad=1 ^ time entropy=1,freq ceros=1 ^ width=1,0.634520,0.406975,0.225077,0.249524
transitoriedad=1 ^ time entropy=1,freq ceros=1 ^ width=1,0.634520,0.406975,0.225077,0.249524
width=1 ^ actividad=1 ^ transitoriedad=1,freq ceros=1 ^ entropia=1,0.655623,0.382610,0.216099,0.237220
entropia=1,time entropy=1,0.643532,0.414538,0.266955,0.282069
entropia=1,time entropy=1,0.643532,0.414538,0.266955,0.282069
freq unos=1 ^ actividad=1 ^ entropia=1 ^ transitoriedad=1,freq ceros=1 ^ width=1,0.650610,0.387050,0.214492,0.236650
freq unos=1 ^ actividad=1 ^ transitoriedad=1,freq ceros=1 ^ width=1,0.651827,0.385595,0.213725,0.235688
entropia=1 ^ transitoriedad=1 ^ time entropy=1,freq ceros=1 ^ width=1,0.633987,0.407623,0.225418,0.249952
entropia=1 ^ transitoriedad=1 ^ time entropy=1,freq ceros=1 ^ width=1,0.633987,0.407623,0.225418,0.249952
freq ceros=1 ^ freq unos=1 ^ transitoriedad=1,width=1 ^ entropia=1,0.631110,0.412245,0.229705,0.254387
entropia=1,time entropy=1,0.643532,0.414538,0.266955,0.282069
entropia=1,time entropy=1,0.643532,0.414538,0.266955,0.282069
entropia=1,time entropy=1,0.643532,0.414538,0.266955,0.282069
freq unos=1 ^ actividad=1 ^ entropia=1 ^ transitoriedad=1,freq ceros=1 ^ width=1,0.650610,0.387050,0.214492,0.236650
actividad=1 ^ entropia=1 ^ transitoriedad=1 ^ time entropy=1,freq ceros=1 ^ width=1,0.620388,0.424796,0.234532,0.261014
freq ceros=1 ^ freq dos=1 ^ transitoriedad=1,width=1 ^ entropia=1,0.611838,0.436090,0.242285,0.270169
time entropy=1,entropia=1,0.643532,0.414538,0.266955,0.282069
freq dos=1,entropia=1,0.630473,0.436808,0.282934,0.295856
freq dos=1,entropia=1,0.630473,0.436808,0.282934,0.295856
entropia=1,time entropy=1,0.643532,0.414538,0.266955,0.282069
freq unos=1 ^ freq dos=1 ^ actividad=1 ^ transitoriedad=1,freq ceros=1 ^ width=1 ^ entropia=1,0.600649,0.450128,0.245845,0.274783
freq ceros=1 ^ freq dos=1 ^ actividad=1 ^ transitoriedad=1,width=1 ^ entropia=1,0.590563,0.463273,0.256635,0.287991
freq dos=1 ^ time entropy=1,entropia=1,0.577100,0.488420,0.302061,0.337404
freq dos=1,entropia=1,0.630473,0.436808,0.282934,0.295856
time entropy=1,actividad=1 ^ entropia=1,0.622994,0.459604,0.281157,0.284648
freq unos=1 ^ freq dos=1 ^ simetria=1 ^ transitoriedad=1,freq ceros=1 ^ width=1 ^ time entropy=1,0.581980,0.477563,0.254877,0.283672
freq unos=1 ^ freq dos=1 ^ simetria=1 ^ actividad=1 ^ transitoriedad=1,freq ceros=1 ^ width=1 ^ entropia=1 ^ time entropy=1,0.573885,0.488259,0.260158,0.290157
simetria=1 ^ entropia=1,freq ceros=1 ^ freq unos=1 ^ freq dos=1 ^ width=1 ^ transitoriedad=1 ^ time entropy=1,0.591927,0.512075,0.276033,0.276374
simetria=1 ^ entropia=1,freq ceros=1 ^ freq unos=1 ^ freq dos=1 ^ width=1 ^ time entropy=1,0.593901,0.509565,0.275294,0.275295
freq unos=1 ^ freq dos=1 ^ simetria=1 ^ actividad=1 ^ transitoriedad=1,freq ceros=1 ^ width=1 ^ entropia=1 ^ time entropy=1,0.573885,0.488259,0.260158,0.290157
freq unos=1 ^ freq dos=1 ^ simetria=1 ^ actividad=1 ^ entropia=1 ^ transitoriedad=1,freq ceros=1 ^ width=1 ^ time entropy=1,0.565589,0.499293,0.266112,0.297488
simetria=1 ^ entropia=1,freq ceros=1 ^ freq unos=1 ^ freq dos=1 ^ width=1 ^ transitoriedad=1 ^ time entropy=1,0.591927,0.512075,0.276033,0.276374
freq unos=1 ^ freq dos=1 ^ simetria=1 ^ actividad=1 ^ transitoriedad=1,freq ceros=1 ^ width=1 ^ entropia=1 ^ time entropy=1,0.573885,0.488259,0.260158,0.290157
freq unos=1 ^ width=1 ^ simetria=1 ^ entropia=1 ^ transitoriedad=1 ^ time entropy=1,freq ceros=1 ^ freq dos=1 ^ actividad=1,0.574527,0.499783,0.267017,0.289937
freq unos=1 ^ freq dos=1 ^ simetria=1 ^ actividad=1 ^ transitoriedad=1,freq ceros=1 ^ width=1 ^ entropia=1 ^ time entropy=1,0.573885,0.488259,0.260158,0.290157
transitoriedad=1,freq ceros=1 ^ freq unos=1 ^ freq dos=1 ^ width=1 ^ actividad=1 ^ entropia=1,0.674318,0.357662,0.194751,0.213278
freq unos=1 ^ entropia=1 ^ transitoriedad=1,freq ceros=1 ^ width=1,0.674873,0.357443,0.198690,0.217618
freq unos=1 ^ entropia=1 ^ transitoriedad=1,freq ceros=1 ^ width=1,0.674873,0.357443,0.198690,0.217618
freq unos=1 ^ entropia=1 ^ transitoriedad=1,freq ceros=1 ^ width=1,0.674873,0.357443,0.198690,0.217618
width=1 ^ transitoriedad=1,freq ceros=1 ^ entropia=1,0.685458,0.348602,0.198202,0.213966
freq unos=1 ^ entropia=1 ^ transitoriedad=1,freq ceros=1 ^ width=1,0.674873,0.357443,0.198690,0.217618
freq unos=1 ^ entropia=1 ^ transitoriedad=1,freq ceros=1 ^ width=1,0.674873,0.357443,0.198690,0.217618
freq unos=1 ^ actividad=1 ^ transitoriedad=1,freq ceros=1 ^ width=1,0.651827,0.385595,0.213725,0.235688
width=1 ^ actividad=1 ^ transitoriedad=1,freq ceros=1 ^ entropia=1,0.655623,0.382610,0.216099,0.237220
width=1 ^ actividad=1 ^ transitoriedad=1,freq ceros=1 ^ entropia=1,0.655623,0.382610,0.216099,0.237220
freq dos=1,entropia=1 ^ time entropy=1,0.697774,0.354081,0.219558,0.220980
freq dos=1,entropia=1 ^ time entropy=1,0.697774,0.354081,0.219558,0.220980
freq unos=1 ^ entropia=1 ^ transitoriedad=1,freq ceros=1 ^ width=1,0.674873,0.357443,0.198690,0.217618
freq unos=1 ^ actividad=1 ^ entropia=1 ^ transitoriedad=1,freq ceros=1 ^ width=1,0.650610,0.387050,0.214492,0.236650
width=1 ^ actividad=1 ^ transitoriedad=1,freq ceros=1 ^ entropia=1,0.655623,0.382610,0.216099,0.237220
width=1 ^ actividad=1 ^ transitoriedad=1,freq ceros=1 ^ entropia=1,0.655623,0.382610,0.216099,0.237220
time entropy=1,freq dos=1,0.683978,0.375233,0.235145,0.235216
time entropy=1,freq dos=1,0.683978,0.375233,0.235145,0.235216
entropia=1 ^ transitoriedad=1,freq ceros=1 ^ freq unos=1 ^ freq dos=1 ^ width=1 ^ actividad=1 ^ time entropy=1,0.640149,0.399814,0.216685,0.239478
transitoriedad=1 ^ time entropy=1,freq ceros=1 ^ width=1,0.634520,0.406975,0.225077,0.249524
width=1 ^ actividad=1,freq ceros=1 ^ entropia=1,0.652013,0.389348,0.220197,0.240400
freq ceros=1 ^ actividad=1 ^ transitoriedad=1,freq dos=1 ^ width=1,0.663785,0.403254,0.225425,0.225973
freq ceros=1 ^ freq dos=1 ^ simetria=1 ^ actividad=1 ^ entropia=1,width=1 ^ transitoriedad=1 ^ time entropy=1,0.628613,0.418389,0.222997,0.244283
freq ceros=1 ^ freq unos=1 ^ width=1 ^ simetria=1 ^ actividad=1,entropia=1 ^ transitoriedad=1 ^ time entropy=1,0.625892,0.422638,0.225270,0.246470
simetria=1 ^ actividad=1,freq ceros=1 ^ freq unos=1 ^ freq dos=1 ^ width=1 ^ entropia=1 ^ transitoriedad=1 ^ time entropy=1,0.641771,0.434343,0.232682,0.233836
freq ceros=1 ^ freq unos=1 ^ freq dos=1 ^ simetria=1 ^ actividad=1,width=1 ^ entropia=1 ^ transitoriedad=1 ^ time entropy=1,0.613969,0.435948,0.231986,0.255869
simetria=1 ^ actividad=1 ^ entropia=1 ^ time entropy=1,freq ceros=1 ^ freq unos=1 ^ freq dos=1 ^ width=1 ^ transitoriedad=1,0.622736,0.456055,0.244298,0.249320
freq ceros=1 ^ freq unos=1 ^ freq dos=1 ^ width=1 ^ simetria=1 ^ actividad=1 ^ entropia=1,transitoriedad=1 ^ time entropy=1,0.613387,0.436694,0.232387,0.256353
transitoriedad=1 ^ time entropy=1,freq ceros=1 ^ width=1 ^ entropia=1,0.691387,0.337329,0.186088,0.202810
freq ceros=1 ^ actividad=1 ^ transitoriedad=1,width=1 ^ entropia=1,0.708868,0.317547,0.178811,0.193427
freq ceros=1 ^ actividad=1 ^ transitoriedad=1,width=1 ^ entropia=1,0.708868,0.317547,0.178811,0.193427
freq ceros=1 ^ actividad=1 ^ transitoriedad=1,width=1 ^ entropia=1,0.708868,0.317547,0.178811,0.193427
actividad=1 ^ transitoriedad=1,width=1 ^ entropia=1,0.709354,0.317069,0.178569,0.193070
freq ceros=1 ^ actividad=1 ^ transitoriedad=1,width=1 ^ entropia=1,0.708868,0.317547,0.178811,0.193427
transitoriedad=1 ^ time entropy=1,freq ceros=1 ^ width=1 ^ entropia=1,0.691387,0.337329,0.186088,0.202810
freq ceros=1 ^ actividad=1 ^ transitoriedad=1,width=1 ^ entropia=1,0.708868,0.317547,0.178811,0.193427
freq ceros=1 ^ actividad=1 ^ transitoriedad=1,width=1 ^ entropia=1,0.708868,0.317547,0.178811,0.193427
time entropy=1,freq dos=1 ^ entropia=1,0.713270,0.333417,0.206205,0.207153
time entropy=1,freq dos=1 ^ entropia=1,0.713270,0.333417,0.206205,0.207153
transitoriedad=1,freq ceros=1 ^ freq unos=1 ^ width=1 ^ actividad=1 ^ entropia=1 ^ time entropy=1,0.690635,0.337911,0.184281,0.200915
freq ceros=1 ^ actividad=1 ^ transitoriedad=1,width=1 ^ entropia=1,0.708868,0.317547,0.178811,0.193427
time entropy=1,freq dos=1 ^ entropia=1,0.713270,0.333417,0.206205,0.207153
time entropy=1,freq dos=1 ^ entropia=1,0.713270,0.333417,0.206205,0.207153
freq ceros=1 ^ transitoriedad=1,freq unos=1 ^ freq dos=1 ^ width=1 ^ actividad=1 ^ entropia=1,0.678631,0.352556,0.191949,0.209865
entropia=1 ^ transitoriedad=1,freq unos=1 ^ freq dos=1 ^ width=1 ^ actividad=1,0.686061,0.343423,0.186926,0.204029
freq dos=1 ^ actividad=1 ^ transitoriedad=1,freq ceros=1 ^ freq unos=1 ^ width=1 ^ time entropy=1,0.702612,0.349148,0.190427,0.190534
freq ceros=1 ^ width=1 ^ simetria=1 ^ actividad=1 ^ entropia=1,freq dos=1 ^ transitoriedad=1 ^ time entropy=1,0.673203,0.371096,0.197951,0.208968
freq ceros=1 ^ simetria=1 ^ entropia=1,freq unos=1 ^ freq dos=1 ^ width=1 ^ actividad=1 ^ transitoriedad=1 ^ time entropy=1,0.681163,0.376088,0.200906,0.202716
freq ceros=1 ^ freq unos=1 ^ width=1 ^ simetria=1 ^ actividad=1,freq dos=1 ^ entropia=1 ^ transitoriedad=1 ^ time entropy=1,0.659924,0.385719,0.205364,0.218880
freq unos=1 ^ transitoriedad=1,freq ceros=1 ^ width=1 ^ entropia=1,0.733903,0.288053,0.159791,0.171360
actividad=1 ^ entropia=1 ^ transitoriedad=1,freq ceros=1 ^ width=1,0.759727,0.256961,0.144258,0.154389
actividad=1 ^ entropia=1 ^ transitoriedad=1,freq ceros=1 ^ width=1,0.759727,0.256961,0.144258,0.154389
actividad=1 ^ entropia=1 ^ transitoriedad=1,freq ceros=1 ^ width=1,0.759727,0.256961,0.144258,0.154389
actividad=1 ^ entropia=1 ^ transitoriedad=1,freq ceros=1 ^ width=1,0.759727,0.256961,0.144258,0.154389
freq unos=1 ^ transitoriedad=1,freq ceros=1 ^ width=1 ^ entropia=1,0.733903,0.288053,0.159791,0.171360
actividad=1 ^ entropia=1 ^ transitoriedad=1,freq ceros=1 ^ width=1,0.759727,0.256961,0.144258,0.154389
actividad=1 ^ entropia=1 ^ transitoriedad=1,freq ceros=1 ^ width=1,0.759727,0.256961,0.144258,0.154389
actividad=1 ^ entropia=1 ^ transitoriedad=1,freq ceros=1 ^ width=1,0.759727,0.256961,0.144258,0.154389
freq unos=1 ^ transitoriedad=1,freq ceros=1 ^ width=1 ^ entropia=1,0.733903,0.288053,0.159791,0.171360
freq ceros=1 ^ transitoriedad=1,width=1 ^ entropia=1,0.742768,0.279025,0.158052,0.168362
actividad=1 ^ transitoriedad=1,freq ceros=1 ^ freq unos=1 ^ width=1,0.756809,0.276739,0.153953,0.154023
width=1 ^ actividad=1 ^ entropia=1,freq ceros=1 ^ freq dos=1 ^ transitoriedad=1 ^ time entropy=1,0.727349,0.299418,0.163428,0.173058
freq dos=1 ^ width=1 ^ actividad=1,freq ceros=1 ^ freq unos=1 ^ entropia=1 ^ transitoriedad=1 ^ time entropy=1,0.738253,0.299347,0.162754,0.163811
freq ceros=1 ^ width=1 ^ simetria=1 ^ actividad=1 ^ entropia=1,freq unos=1 ^ freq dos=1 ^ transitoriedad=1 ^ time entropy=1,0.701948,0.340306,0.181272,0.186858
transitoriedad=1,freq ceros=1 ^ freq dos=1 ^ width=1 ^ actividad=1,0.773417,0.241117,0.132525,0.141219
entropia=1 ^ transitoriedad=1,freq ceros=1 ^ width=1,0.799197,0.212504,0.119900,0.126702
entropia=1 ^ transitoriedad=1,freq ceros=1 ^ width=1,0.799197,0.212504,0.119900,0.126702
entropia=1 ^ transitoriedad=1,freq ceros=1 ^ width=1,0.799197,0.212504,0.119900,0.126702
freq ceros=1 ^ transitoriedad=1,freq dos=1 ^ width=1 ^ actividad=1 ^ entropia=1,0.777317,0.236927,0.130211,0.138445
entropia=1 ^ transitoriedad=1,freq ceros=1 ^ width=1,0.799197,0.212504,0.119900,0.126702
entropia=1 ^ transitoriedad=1,freq ceros=1 ^ width=1,0.799197,0.212504,0.119900,0.126702
transitoriedad=1,freq ceros=1 ^ freq dos=1 ^ width=1 ^ actividad=1,0.773417,0.241117,0.132525,0.141219
freq ceros=1 ^ freq dos=1 ^ entropia=1 ^ transitoriedad=1,width=1 ^ actividad=1 ^ time entropy=1,0.792434,0.231050,0.126275,0.126601
freq ceros=1 ^ freq unos=1 ^ freq dos=1 ^ actividad=1,width=1 ^ entropia=1 ^ transitoriedad=1 ^ time entropy=1,0.766150,0.260465,0.141210,0.143740
actividad=1 ^ transitoriedad=1,freq ceros=1 ^ width=1 ^ entropia=1,0.824659,0.184916,0.103613,0.108167
actividad=1 ^ transitoriedad=1,freq ceros=1 ^ width=1 ^ entropia=1,0.824659,0.184916,0.103613,0.108167
actividad=1 ^ transitoriedad=1,freq ceros=1 ^ width=1 ^ entropia=1,0.824659,0.184916,0.103613,0.108167
actividad=1 ^ transitoriedad=1,freq ceros=1 ^ width=1 ^ entropia=1,0.824659,0.184916,0.103613,0.108167
freq ceros=1 ^ actividad=1,width=1 ^ entropia=1 ^ transitoriedad=1,0.838627,0.174307,0.097995,0.098763
freq ceros=1 ^ freq unos=1 ^ entropia=1 ^ transitoriedad=1,width=1 ^ actividad=1,0.816834,0.197611,0.109138,0.111572
transitoriedad=1,freq ceros=1 ^ width=1 ^ entropia=1,0.859293,0.148279,0.083614,0.085561
transitoriedad=1,freq ceros=1 ^ width=1 ^ entropia=1,0.859293,0.148279,0.083614,0.085561
transitoriedad=1,freq ceros=1 ^ width=1 ^ entropia=1,0.859293,0.148279,0.083614,0.085561
transitoriedad=1,freq ceros=1 ^ width=1 ^ actividad=1 ^ entropia=1,0.931172,0.070055,0.039073,0.039836
