antecedente,consecuente,jaccard,cosine,phi,kappa
freq ceros=1 ^ freq unos=1 ^ freq dos=1 ^ actividad=1 ^ time entropy=1,width=1 ^ entropia=1 ^ transitoriedad=1,0.640197,0.399754,0.216653,0.239439
freq ceros=1 ^ freq unos=1 ^ freq dos=1 ^ actividad=1 ^ time entropy=1,width=1 ^ entropia=1 ^ transitoriedad=1,0.640197,0.399754,0.216653,0.239439
freq ceros=1 ^ freq unos=1 ^ freq dos=1 ^ actividad=1 ^ time entropy=1,entropia=1 ^ transitoriedad=1,0.640149,0.399814,0.216685,0.239478
freq ceros=1 ^ freq unos=1 ^ freq dos=1 ^ actividad=1 ^ entropia=1 ^ time entropy=1,width=1 ^ transitoriedad=1,0.630556,0.411849,0.223289,0.247442
freq ceros=1 ^ freq unos=1 ^ freq dos=1 ^ actividad=1 ^ entropia=1 ^ time entropy=1,transitoriedad=1,0.629516,0.413159,0.224007,0.248311
freq ceros=1 ^ freq unos=1 ^ freq dos=1 ^ actividad=1 ^ entropia=1 ^ time entropy=1,transitoriedad=1,0.629516,0.413159,0.224007,0.248311
freq ceros=1 ^ freq unos=1 ^ freq dos=1 ^ actividad=1 ^ entropia=1 ^ time entropy=1,transitoriedad=1,0.629516,0.413159,0.224007,0.248311
freq ceros=1 ^ freq unos=1 ^ freq dos=1 ^ actividad=1 ^ entropia=1 ^ time entropy=1,transitoriedad=1,0.629516,0.413159,0.224007,0.248311
freq ceros=1 ^ freq unos=1 ^ freq dos=1 ^ actividad=1 ^ entropia=1 ^ time entropy=1,transitoriedad=1,0.629516,0.413159,0.224007,0.248311
freq ceros=1 ^ freq unos=1 ^ freq dos=1 ^ actividad=1 ^ entropia=1 ^ time entropy=1,width=1 ^ transitoriedad=1,0.630556,0.411849,0.223289,0.247442
freq ceros=1 ^ freq unos=1 ^ freq dos=1 ^ actividad=1 ^ time entropy=1,width=1 ^ entropia=1 ^ transitoriedad=1,0.640197,0.399754,0.216653,0.239439
freq ceros=1 ^ freq unos=1 ^ freq dos=1 ^ actividad=1 ^ time entropy=1,width=1 ^ entropia=1 ^ transitoriedad=1,0.640197,0.399754,0.216653,0.239439
freq ceros=1 ^ freq unos=1 ^ freq dos=1 ^ actividad=1 ^ time entropy=1,width=1 ^ entropia=1 ^ transitoriedad=1,0.640197,0.399754,0.216653,0.239439
freq ceros=1 ^ freq unos=1 ^ freq dos=1 ^ actividad=1 ^ time entropy=1,width=1 ^ entropia=1 ^ transitoriedad=1,0.640197,0.399754,0.216653,0.239439
freq ceros=1 ^ freq unos=1 ^ freq dos=1 ^ actividad=1 ^ entropia=1 ^ time entropy=1,width=1 ^ transitoriedad=1,0.630556,0.411849,0.223289,0.247442
freq ceros=1 ^ freq unos=1 ^ freq dos=1 ^ actividad=1 ^ entropia=1 ^ time entropy=1,transitoriedad=1,0.629516,0.413159,0.224007,0.248311
freq ceros=1 ^ freq unos=1 ^ freq dos=1 ^ simetria=1 ^ actividad=1 ^ entropia=1,width=1 ^ transitoriedad=1 ^ time entropy=1,0.613387,0.436694,0.232387,0.256353
freq unos=1 ^ freq dos=1 ^ actividad=1 ^ transitoriedad=1,freq ceros=1 ^ width=1 ^ entropia=1,0.600649,0.450128,0.245845,0.274783
freq unos=1 ^ freq dos=1 ^ actividad=1 ^ transitoriedad=1,freq ceros=1 ^ width=1 ^ entropia=1,0.600649,0.450128,0.245845,0.274783
freq unos=1 ^ freq dos=1 ^ actividad=1 ^ transitoriedad=1,freq ceros=1 ^ width=1 ^ entropia=1,0.600649,0.450128,0.245845,0.274783
freq unos=1 ^ freq dos=1 ^ actividad=1 ^ transitoriedad=1,freq ceros=1 ^ width=1 ^ entropia=1,0.600649,0.450128,0.245845,0.274783
freq ceros=1 ^ freq unos=1 ^ freq dos=1 ^ simetria=1 ^ actividad=1 ^ entropia=1,transitoriedad=1 ^ time entropy=1,0.613387,0.436694,0.232387,0.256353
freq ceros=1 ^ freq unos=1 ^ freq dos=1 ^ actividad=1 ^ entropia=1 ^ time entropy=1,transitoriedad=1,0.629516,0.413159,0.224007,0.248311
freq ceros=1 ^ freq unos=1 ^ freq dos=1 ^ actividad=1 ^ entropia=1 ^ time entropy=1,width=1 ^ transitoriedad=1,0.630556,0.411849,0.223289,0.247442
freq ceros=1 ^ freq unos=1 ^ freq dos=1 ^ actividad=1 ^ time entropy=1,width=1 ^ entropia=1 ^ transitoriedad=1,0.640197,0.399754,0.216653,0.239439
freq ceros=1 ^ freq unos=1 ^ freq dos=1 ^ actividad=1 ^ entropia=1 ^ time entropy=1,transitoriedad=1,0.629516,0.413159,0.224007,0.248311
freq ceros=1 ^ freq unos=1 ^ freq dos=1 ^ simetria=1 ^ actividad=1,width=1 ^ entropia=1 ^ transitoriedad=1 ^ time entropy=1,0.613969,0.435948,0.231986,0.255869
freq unos=1 ^ freq dos=1 ^ actividad=1 ^ transitoriedad=1,freq ceros=1 ^ width=1 ^ entropia=1,0.600649,0.450128,0.245845,0.274783
freq unos=1 ^ freq dos=1 ^ transitoriedad=1 ^ time entropy=1,freq ceros=1 ^ width=1 ^ entropia=1,0.575005,0.483482,0.263306,0.296366
freq unos=1 ^ freq dos=1 ^ actividad=1 ^ transitoriedad=1 ^ time entropy=1,freq ceros=1 ^ width=1 ^ entropia=1,0.560856,0.502255,0.273103,0.308530
freq unos=1 ^ freq dos=1 ^ actividad=1 ^ transitoriedad=1,freq ceros=1 ^ width=1,0.550423,0.516361,0.282696,0.320417
freq unos=1 ^ freq dos=1 ^ actividad=1 ^ transitoriedad=1 ^ time entropy=1,freq ceros=1 ^ width=1 ^ entropia=1,0.560856,0.502255,0.273103,0.308530
freq unos=1 ^ freq dos=1 ^ transitoriedad=1 ^ time entropy=1,freq ceros=1 ^ width=1 ^ entropia=1,0.575005,0.483482,0.263306,0.296366
freq unos=1 ^ freq dos=1 ^ simetria=1 ^ transitoriedad=1,freq ceros=1 ^ width=1 ^ entropia=1 ^ time entropy=1,0.590515,0.466369,0.248832,0.276278
freq ceros=1 ^ freq unos=1 ^ freq dos=1 ^ simetria=1 ^ actividad=1 ^ entropia=1,width=1 ^ transitoriedad=1 ^ time entropy=1,0.613387,0.436694,0.232387,0.256353
freq ceros=1 ^ freq unos=1 ^ freq dos=1 ^ actividad=1 ^ entropia=1 ^ time entropy=1,transitoriedad=1,0.629516,0.413159,0.224007,0.248311
freq ceros=1 ^ freq unos=1 ^ freq dos=1 ^ simetria=1 ^ actividad=1 ^ entropia=1,width=1 ^ transitoriedad=1 ^ time entropy=1,0.613387,0.436694,0.232387,0.256353
freq unos=1 ^ freq dos=1 ^ transitoriedad=1 ^ time entropy=1,freq ceros=1 ^ width=1 ^ entropia=1,0.575005,0.483482,0.263306,0.296366
freq unos=1 ^ freq dos=1 ^ actividad=1 ^ transitoriedad=1 ^ time entropy=1,freq ceros=1 ^ width=1 ^ entropia=1,0.560856,0.502255,0.273103,0.308530
width=1 ^ simetria=1 ^ actividad=1 ^ time entropy=1,entropia=1 ^ transitoriedad=1,0.514860,0.564925,0.302530,0.345475
freq dos=1 ^ width=1 ^ actividad=1 ^ transitoriedad=1 ^ time entropy=1,freq ceros=1 ^ entropia=1,0.488850,0.601790,0.331426,0.382064
freq unos=1 ^ freq dos=1 ^ actividad=1 ^ transitoriedad=1 ^ time entropy=1,width=1 ^ entropia=1,0.481345,0.612419,0.334383,0.385957
freq ceros=1 ^ freq dos=1 ^ simetria=1 ^ actividad=1,width=1 ^ entropia=1 ^ transitoriedad=1,0.508781,0.573422,0.306898,0.350995
entropia=1 ^ transitoriedad=1,freq ceros=1 ^ width=1 ^ pasos=1 ^ actividad=1 ^ time entropy=1,0.531479,0.542443,0.291010,0.330607
freq unos=1 ^ freq dos=1 ^ simetria=1 ^ actividad=1 ^ transitoriedad=1,freq ceros=1 ^ width=1 ^ entropia=1 ^ time entropy=1,0.573885,0.488259,0.260158,0.290157
freq ceros=1 ^ freq unos=1 ^ freq dos=1 ^ simetria=1 ^ actividad=1 ^ entropia=1,width=1 ^ transitoriedad=1 ^ time entropy=1,0.613387,0.436694,0.232387,0.256353
freq unos=1 ^ freq dos=1 ^ transitoriedad=1 ^ time entropy=1,freq ceros=1 ^ width=1 ^ entropia=1,0.575005,0.483482,0.263306,0.296366
width=1 ^ simetria=1 ^ actividad=1,entropia=1 ^ transitoriedad=1,0.527248,0.547782,0.293704,0.334339
freq ceros=1 ^ freq unos=1 ^ freq dos=1 ^ width=1 ^ simetria=1 ^ actividad=1 ^ time entropy=1,entropia=1 ^ transitoriedad=1,0.488128,0.602676,0.321908,0.370042
freq unos=1 ^ freq dos=1 ^ actividad=1,entropia=1,0.399233,0.737702,0.430654,0.509128
transitoriedad=2,width=2 ^ pasos=1 ^ simetria=2,0.285522,0.931378,0.795782,0.919818
time entropy=1,pasos=1,0.175061,1.209006,1.279105,1.050199
freq unos=1 ^ freq dos=1 ^ simetria=2 ^ actividad=1 ^ transitoriedad=2 ^ sensitividad=1 ^ time entropy=1,freq ceros=5 ^ width=2 ^ entropia=1,0.477808,0.620098,0.317406,0.362603
freq ceros=1 ^ width=1 ^ simetria=1 ^ actividad=1,entropia=1 ^ transitoriedad=1,0.527076,0.548012,0.293822,0.334492
freq unos=1 ^ freq dos=1 ^ simetria=1 ^ actividad=1 ^ transitoriedad=1,freq ceros=1 ^ width=1 ^ entropia=1 ^ time entropy=1,0.573885,0.488259,0.260158,0.290157
width=1 ^ simetria=1 ^ actividad=1,entropia=1 ^ transitoriedad=1,0.527248,0.547782,0.293704,0.334339
freq unos=1 ^ freq dos=1 ^ actividad=1 ^ transitoriedad=2 ^ sensitividad=1 ^ time entropy=1,freq ceros=5 ^ width=2 ^ simetria=2 ^ entropia=1,0.477808,0.620098,0.317406,0.362603
transitoriedad=1,freq ceros=1 ^ freq unos=1 ^ freq dos=1 ^ width=1 ^ pasos=1 ^ actividad=1 ^ time entropy=1,0.395773,0.741789,0.392977,0.461479
freq unos=1 ^ freq dos=1 ^ actividad=1 ^ transitoriedad=1,entropia=1,0.269346,0.962030,0.540406,0.651219
simetria=2 ^ time entropy=1,pasos=1,0.127915,1.294162,0.996348,0.999494
freq unos=1 ^ actividad=1 ^ entropia=1 ^ transitoriedad=1,pasos=1,0.057173,1.607052,1.551487,1.061608
freq unos=1 ^ freq dos=1 ^ simetria=2 ^ actividad=1 ^ entropia=1 ^ transitoriedad=2 ^ sensitividad=1,freq ceros=5 ^ width=2,0.438730,0.675344,0.345909,0.400669
actividad=1 ^ transitoriedad=2 ^ time entropy=1,freq ceros=5 ^ freq unos=1 ^ freq dos=1 ^ width=2 ^ simetria=2 ^ entropia=1,0.519226,0.565750,0.294863,0.331097
freq unos=1 ^ freq dos=1 ^ actividad=1 ^ transitoriedad=2 ^ sensitividad=1 ^ time entropy=1,freq ceros=5 ^ width=2 ^ simetria=2 ^ entropia=1,0.477808,0.620098,0.317406,0.362603
freq unos=1 ^ freq dos=1 ^ simetria=2 ^ actividad=1 ^ entropia=1 ^ transitoriedad=2 ^ sensitividad=1 ^ time entropy=1,freq ceros=5 ^ width=2,0.434788,0.681231,0.348868,0.404521
freq unos=1 ^ freq dos=1 ^ entropia=1 ^ transitoriedad=1,freq ceros=1 ^ width=1 ^ pasos=2 ^ simetria=1 ^ actividad=1 ^ time entropy=1,0.290128,0.924340,0.477305,0.569715
freq unos=1 ^ freq dos=1 ^ width=2 ^ actividad=1 ^ entropia=1 ^ transitoriedad=2 ^ sensitividad=1,freq ceros=5 ^ simetria=2,0.105452,1.350595,0.703097,0.837945
freq ceros=1 ^ simetria=1 ^ entropia=1 ^ transitoriedad=1 ^ sensitividad=2 ^ time entropy=1,pasos=1,0.007728,1.860113,1.211523,1.008425
freq unos=1 ^ freq dos=1 ^ width=2 ^ actividad=1 ^ transitoriedad=2 ^ sensitividad=1 ^ time entropy=1,freq ceros=5 ^ simetria=2 ^ entropia=1,0.411318,0.720012,0.368958,0.428566
freq unos=1 ^ freq dos=1 ^ simetria=2 ^ actividad=1 ^ transitoriedad=2 ^ sensitividad=1 ^ time entropy=1,freq ceros=5 ^ width=2 ^ entropia=1,0.477808,0.620098,0.317406,0.362603
freq unos=1 ^ freq dos=1 ^ simetria=2 ^ actividad=1 ^ entropia=1 ^ transitoriedad=2 ^ sensitividad=1,freq ceros=5 ^ width=2,0.438730,0.675344,0.345909,0.400669
freq unos=1 ^ freq dos=1 ^ width=2 ^ simetria=2 ^ actividad=1 ^ entropia=1 ^ transitoriedad=2 ^ sensitividad=1,freq ceros=5 ^ time entropy=1,0.352278,0.816509,0.418957,0.492751
freq unos=1 ^ actividad=1 ^ entropia=1 ^ transitoriedad=1,freq ceros=1 ^ freq dos=1 ^ width=1 ^ pasos=2 ^ simetria=1 ^ time entropy=1,0.252257,0.995906,0.515012,0.618871
freq unos=1 ^ freq dos=1 ^ width=1 ^ transitoriedad=1 ^ time entropy=2,pasos=2 ^ simetria=2,0.232634,1.189951,0.598495,0.626151
freq unos=1 ^ freq dos=1 ^ width=2 ^ simetria=2 ^ actividad=1 ^ entropia=1 ^ transitoriedad=2 ^ sensitividad=1,freq ceros=5 ^ time entropy=1,0.352278,0.816509,0.418957,0.492751
freq unos=1 ^ freq dos=1 ^ simetria=2 ^ actividad=1 ^ entropia=1 ^ transitoriedad=2 ^ sensitividad=1,freq ceros=5 ^ width=2,0.438730,0.675344,0.345909,0.400669
freq unos=1 ^ freq dos=1 ^ actividad=1 ^ entropia=1 ^ transitoriedad=2 ^ sensitividad=1 ^ time entropy=1,freq ceros=5 ^ width=2 ^ simetria=2,0.434788,0.681231,0.348868,0.404521
freq unos=1 ^ freq dos=1 ^ width=2 ^ simetria=2 ^ actividad=1 ^ entropia=1 ^ transitoriedad=2 ^ sensitividad=1,freq ceros=5 ^ time entropy=1,0.352278,0.816509,0.418957,0.492751
freq unos=1 ^ freq dos=1 ^ width=2 ^ simetria=2 ^ actividad=1 ^ transitoriedad=2 ^ sensitividad=1 ^ time entropy=1,freq ceros=5 ^ entropia=1,0.328861,0.855820,0.439356,0.519807
freq unos=1 ^ freq dos=1 ^ width=2 ^ simetria=2 ^ actividad=1 ^ entropia=1 ^ transitoriedad=2 ^ sensitividad=1,freq ceros=5 ^ time entropy=1,0.352278,0.816509,0.418957,0.492751
freq unos=1 ^ freq dos=1 ^ simetria=2 ^ actividad=1 ^ entropia=1 ^ transitoriedad=2 ^ sensitividad=1 ^ time entropy=1,freq ceros=5 ^ width=2,0.434788,0.681231,0.348868,0.404521
freq unos=1 ^ freq dos=1 ^ actividad=1 ^ entropia=1 ^ transitoriedad=2 ^ sensitividad=1,freq ceros=5 ^ width=2,0.438730,0.675344,0.345909,0.400669
freq unos=1 ^ freq dos=1 ^ actividad=1 ^ entropia=1 ^ transitoriedad=2 ^ sensitividad=1 ^ time entropy=1,freq ceros=5 ^ width=2,0.434788,0.681231,0.348868,0.404521
freq unos=1 ^ freq dos=1 ^ simetria=2 ^ actividad=1 ^ entropia=1 ^ transitoriedad=2 ^ sensitividad=1 ^ time entropy=1,freq ceros=5 ^ width=2,0.434788,0.681231,0.348868,0.404521
freq unos=1 ^ freq dos=1 ^ actividad=1 ^ entropia=1 ^ transitoriedad=2 ^ sensitividad=1,freq ceros=5 ^ width=2 ^ simetria=2,0.438730,0.675344,0.345909,0.400669
freq unos=1 ^ freq dos=1 ^ simetria=2 ^ actividad=1 ^ transitoriedad=2 ^ sensitividad=1 ^ time entropy=1,freq ceros=5 ^ width=2 ^ entropia=1,0.477808,0.620098,0.317406,0.362603
freq unos=1 ^ freq dos=1 ^ actividad=1 ^ transitoriedad=2 ^ sensitividad=1 ^ time entropy=1,freq ceros=5 ^ width=2 ^ simetria=2 ^ entropia=1,0.477808,0.620098,0.317406,0.362603
freq unos=1 ^ freq dos=1 ^ simetria=2 ^ actividad=1 ^ transitoriedad=2 ^ sensitividad=1 ^ time entropy=1,freq ceros=5 ^ width=2 ^ entropia=1,0.477808,0.620098,0.317406,0.362603
freq unos=1 ^ freq dos=1 ^ actividad=1 ^ transitoriedad=2 ^ sensitividad=1 ^ time entropy=1,freq ceros=5 ^ width=2 ^ simetria=2 ^ entropia=1,0.477808,0.620098,0.317406,0.362603
freq unos=1 ^ freq dos=1 ^ actividad=1 ^ transitoriedad=2 ^ sensitividad=1 ^ time entropy=1,freq ceros=5 ^ width=2 ^ simetria=2 ^ entropia=1,0.477808,0.620098,0.317406,0.362603
freq unos=1 ^ freq dos=1 ^ simetria=2 ^ actividad=1 ^ transitoriedad=2 ^ sensitividad=1,freq ceros=5 ^ width=2 ^ entropia=1 ^ time entropy=1,0.488246,0.610630,0.312642,0.352872
freq ceros=1 ^ freq unos=1 ^ freq dos=1 ^ actividad=1 ^ time entropy=1,entropia=1 ^ transitoriedad=1,0.640149,0.399814,0.216685,0.239478
freq ceros=1 ^ freq unos=1 ^ freq dos=1 ^ actividad=1 ^ entropia=1 ^ time entropy=1,width=1 ^ transitoriedad=1,0.630556,0.411849,0.223289,0.247442
freq ceros=1 ^ freq unos=1 ^ freq dos=1 ^ actividad=1 ^ entropia=1 ^ time entropy=1,transitoriedad=1,0.629516,0.413159,0.224007,0.248311
freq ceros=1 ^ freq unos=1 ^ freq dos=1 ^ actividad=1 ^ entropia=1 ^ time entropy=1,transitoriedad=1,0.629516,0.413159,0.224007,0.248311
freq dos=1 ^ actividad=1 ^ transitoriedad=1 ^ time entropy=1,freq ceros=1 ^ width=1 ^ entropia=1,0.615626,0.430887,0.235718,0.262434
freq unos=1 ^ freq dos=1 ^ actividad=1 ^ transitoriedad=1,freq ceros=1 ^ width=1 ^ entropia=1,0.600649,0.450128,0.245845,0.274783
freq unos=1 ^ freq dos=1 ^ actividad=1 ^ transitoriedad=1,freq ceros=1 ^ width=1 ^ entropia=1,0.600649,0.450128,0.245845,0.274783
freq dos=1 ^ actividad=1 ^ transitoriedad=1 ^ time entropy=1,freq ceros=1 ^ width=1 ^ entropia=1,0.615626,0.430887,0.235718,0.262434
freq ceros=1 ^ freq unos=1 ^ freq dos=1 ^ actividad=1 ^ entropia=1 ^ time entropy=1,transitoriedad=1,0.629516,0.413159,0.224007,0.248311
freq ceros=1 ^ freq unos=1 ^ freq dos=1 ^ actividad=1 ^ entropia=1 ^ time entropy=1,transitoriedad=1,0.629516,0.413159,0.224007,0.248311
freq ceros=1 ^ freq unos=1 ^ freq dos=1 ^ actividad=1 ^ entropia=1 ^ time entropy=1,width=1 ^ transitoriedad=1,0.630556,0.411849,0.223289,0.247442
freq ceros=1 ^ freq unos=1 ^ freq dos=1 ^ actividad=1 ^ time entropy=1,width=1 ^ entropia=1 ^ transitoriedad=1,0.640197,0.399754,0.216653,0.239439
freq ceros=1 ^ freq unos=1 ^ freq dos=1 ^ actividad=1 ^ entropia=1 ^ time entropy=1,transitoriedad=1,0.629516,0.413159,0.224007,0.248311
freq ceros=1 ^ freq unos=1 ^ freq dos=1 ^ actividad=1 ^ entropia=1 ^ time entropy=1,transitoriedad=1,0.629516,0.413159,0.224007,0.248311
freq unos=1 ^ freq dos=1 ^ actividad=1 ^ transitoriedad=1,freq ceros=1 ^ width=1 ^ entropia=1,0.600649,0.450128,0.245845,0.274783
freq unos=1 ^ freq dos=1 ^ transitoriedad=1 ^ time entropy=1,freq ceros=1 ^ width=1 ^ entropia=1,0.575005,0.483482,0.263306,0.296366
freq unos=1 ^ freq dos=1 ^ transitoriedad=1 ^ time entropy=1,freq ceros=1 ^ width=1 ^ entropia=1,0.575005,0.483482,0.263306,0.296366
freq unos=1 ^ freq dos=1 ^ transitoriedad=1 ^ time entropy=1,freq ceros=1 ^ width=1 ^ entropia=1,0.575005,0.483482,0.263306,0.296366
freq unos=1 ^ freq dos=1 ^ transitoriedad=1 ^ time entropy=1,freq ceros=1 ^ width=1 ^ entropia=1,0.575005,0.483482,0.263306,0.296366
freq unos=1 ^ freq dos=1 ^ transitoriedad=1 ^ time entropy=1,freq ceros=1 ^ width=1 ^ entropia=1,0.575005,0.483482,0.263306,0.296366
freq unos=1 ^ freq dos=1 ^ actividad=1 ^ transitoriedad=1,freq ceros=1 ^ width=1 ^ entropia=1,0.600649,0.450128,0.245845,0.274783
freq ceros=1 ^ freq unos=1 ^ freq dos=1 ^ simetria=1 ^ actividad=1,width=1 ^ entropia=1 ^ transitoriedad=1 ^ time entropy=1,0.613969,0.435948,0.231986,0.255869
freq ceros=1 ^ freq unos=1 ^ freq dos=1 ^ actividad=1 ^ entropia=1 ^ time entropy=1,transitoriedad=1,0.629516,0.413159,0.224007,0.248311
freq ceros=1 ^ freq unos=1 ^ freq dos=1 ^ simetria=1 ^ actividad=1 ^ entropia=1,width=1 ^ transitoriedad=1 ^ time entropy=1,0.613387,0.436694,0.232387,0.256353
freq unos=1 ^ freq dos=1 ^ actividad=1 ^ transitoriedad=1,freq ceros=1 ^ width=1 ^ entropia=1,0.600649,0.450128,0.245845,0.274783
freq unos=1 ^ freq dos=1 ^ actividad=1 ^ transitoriedad=1 ^ time entropy=1,freq ceros=1 ^ width=1 ^ entropia=1,0.560856,0.502255,0.273103,0.308530
freq ceros=1 ^ freq dos=1 ^ transitoriedad=1 ^ time entropy=1,width=1 ^ entropia=1,0.540684,0.529415,0.291341,0.331353
actividad=1 ^ transitoriedad=1,width=1,0.511780,0.569224,0.324682,0.373575
actividad=1 ^ transitoriedad=1,width=1,0.511780,0.569224,0.324682,0.373575
freq ceros=1 ^ entropia=1 ^ transitoriedad=1,width=1,0.535139,0.536936,0.307636,0.351929
freq unos=1 ^ freq dos=1 ^ actividad=1 ^ transitoriedad=1 ^ time entropy=1,freq ceros=1 ^ width=1 ^ entropia=1,0.560856,0.502255,0.273103,0.308530
freq unos=1 ^ freq dos=1 ^ simetria=1 ^ transitoriedad=1,freq ceros=1 ^ width=1 ^ entropia=1 ^ time entropy=1,0.590515,0.466369,0.248832,0.276278
freq ceros=1 ^ freq unos=1 ^ freq dos=1 ^ simetria=1 ^ actividad=1 ^ entropia=1,width=1 ^ transitoriedad=1 ^ time entropy=1,0.613387,0.436694,0.232387,0.256353
freq unos=1 ^ freq dos=1 ^ transitoriedad=1 ^ time entropy=1,freq ceros=1 ^ width=1 ^ entropia=1,0.575005,0.483482,0.263306,0.296366
freq unos=1 ^ freq dos=1 ^ actividad=1 ^ transitoriedad=1 ^ time entropy=1,freq ceros=1 ^ width=1 ^ entropia=1,0.560856,0.502255,0.273103,0.308530
freq ceros=1 ^ width=1 ^ simetria=1 ^ actividad=1 ^ time entropy=1,entropia=1 ^ transitoriedad=1,0.514777,0.565041,0.302590,0.345551
freq unos=1 ^ freq dos=1,entropia=1,0.451997,0.660216,0.392317,0.456137
pasos=1 ^ simetria=2 ^ transitoriedad=2,width=2,0.291603,0.920958,0.779866,0.905888
freq unos=1 ^ freq dos=1,entropia=1,0.451997,0.660216,0.392317,0.456137
transitoriedad=1,freq ceros=1 ^ freq dos=1 ^ width=1 ^ pasos=1 ^ actividad=1,0.501905,0.583096,0.312237,0.357757
entropia=1 ^ transitoriedad=1,freq ceros=1 ^ width=1 ^ pasos=1 ^ actividad=1 ^ time entropy=1,0.531479,0.542443,0.291010,0.330607
freq unos=1 ^ freq dos=1 ^ simetria=1 ^ actividad=1 ^ transitoriedad=1,freq ceros=1 ^ width=1 ^ entropia=1 ^ time entropy=1,0.573885,0.488259,0.260158,0.290157
width=1 ^ simetria=1 ^ actividad=1,freq ceros=1 ^ entropia=1 ^ transitoriedad=1,0.528345,0.546386,0.292944,0.333300
freq ceros=1 ^ freq unos=1 ^ simetria=1 ^ actividad=1 ^ time entropy=1,width=1 ^ entropia=1 ^ transitoriedad=1,0.499842,0.586010,0.313363,0.359184
freq ceros=1 ^ freq unos=1 ^ actividad=1 ^ entropia=1 ^ transitoriedad=1,width=1,0.435002,0.680906,0.382658,0.448109
pasos=1 ^ simetria=2 ^ transitoriedad=2,width=2,0.291603,0.920958,0.779866,0.905888
pasos=1,width=2 ^ simetria=2,0.262756,0.974814,0.894157,0.977827
freq unos=1 ^ freq dos=1 ^ time entropy=1,entropia=1,0.417965,0.710174,0.417348,0.490203
freq unos=1 ^ freq dos=1 ^ simetria=2 ^ actividad=1 ^ transitoriedad=2 ^ sensitividad=1 ^ time entropy=1,freq ceros=5 ^ width=2 ^ entropia=1,0.477808,0.620098,0.317406,0.362603
entropia=1 ^ transitoriedad=1,freq ceros=1 ^ width=1 ^ pasos=1 ^ actividad=1 ^ time entropy=1,0.531479,0.542443,0.291010,0.330607
freq unos=1 ^ freq dos=1 ^ actividad=1 ^ transitoriedad=2 ^ sensitividad=1 ^ time entropy=1,freq ceros=5 ^ width=2 ^ simetria=2 ^ entropia=1,0.477808,0.620098,0.317406,0.362603
freq unos=1 ^ freq dos=1 ^ simetria=2 ^ actividad=1 ^ entropia=1 ^ transitoriedad=2 ^ sensitividad=1 ^ time entropy=1,freq ceros=5 ^ width=2,0.434788,0.681231,0.348868,0.404521
freq ceros=1 ^ freq unos=1 ^ freq dos=1 ^ actividad=1 ^ entropia=1 ^ transitoriedad=1 ^ time entropy=1,width=1,0.343458,0.827895,0.456873,0.544417
freq ceros=1 ^ freq unos=1 ^ freq dos=1 ^ actividad=1 ^ transitoriedad=1 ^ time entropy=1,entropia=1,0.251321,0.997362,0.557228,0.672175
entropia=1 ^ transitoriedad=2,width=2,0.303485,1.047263,0.656766,0.668947
freq unos=1 ^ freq dos=1 ^ width=2 ^ actividad=1 ^ transitoriedad=2 ^ sensitividad=1 ^ time entropy=1,freq ceros=5 ^ simetria=2 ^ entropia=1,0.411318,0.720012,0.368958,0.428566
freq unos=1 ^ freq dos=1 ^ simetria=2 ^ actividad=1 ^ transitoriedad=2 ^ sensitividad=1 ^ time entropy=1,freq ceros=5 ^ width=2 ^ entropia=1,0.477808,0.620098,0.317406,0.362603
freq unos=1 ^ freq dos=1 ^ simetria=2 ^ actividad=1 ^ entropia=1 ^ transitoriedad=2 ^ sensitividad=1,freq ceros=5 ^ width=2,0.438730,0.675344,0.345909,0.400669
freq unos=1 ^ freq dos=1 ^ width=2 ^ simetria=2 ^ actividad=1 ^ entropia=1 ^ transitoriedad=2 ^ sensitividad=1,freq ceros=5 ^ time entropy=1,0.352278,0.816509,0.418957,0.492751
freq ceros=1 ^ freq unos=1 ^ freq dos=1 ^ width=1,pasos=2 ^ simetria=1 ^ actividad=1 ^ entropia=1 ^ time entropy=1,0.273148,0.956345,0.494165,0.591404
freq unos=1 ^ freq dos=1 ^ width=1 ^ time entropy=2,pasos=2 ^ simetria=2,0.215333,1.264132,0.636337,0.649935
freq unos=1 ^ width=2 ^ simetria=2 ^ transitoriedad=2 ^ sensitividad=1,freq ceros=5 ^ freq dos=1 ^ actividad=1 ^ entropia=1 ^ time entropy=1,0.343317,0.970901,0.503705,0.507237
freq unos=1 ^ freq dos=1 ^ simetria=2 ^ actividad=1 ^ entropia=1 ^ transitoriedad=2 ^ sensitividad=1,freq ceros=5 ^ width=2,0.438730,0.675344,0.345909,0.400669
freq unos=1 ^ freq dos=1 ^ actividad=1 ^ entropia=1 ^ transitoriedad=2 ^ sensitividad=1 ^ time entropy=1,freq ceros=5 ^ width=2 ^ simetria=2,0.434788,0.681231,0.348868,0.404521
freq unos=1 ^ freq dos=1 ^ width=2 ^ simetria=2 ^ actividad=1 ^ entropia=1 ^ transitoriedad=2 ^ sensitividad=1,freq ceros=5 ^ time entropy=1,0.352278,0.816509,0.418957,0.492751
freq unos=1 ^ freq dos=1 ^ width=2 ^ simetria=2 ^ actividad=1 ^ transitoriedad=2 ^ sensitividad=1 ^ time entropy=1,freq ceros=5 ^ entropia=1,0.328861,0.855820,0.439356,0.519807
freq unos=1 ^ width=2 ^ simetria=2 ^ transitoriedad=2 ^ sensitividad=1,freq ceros=5 ^ freq dos=1 ^ actividad=1 ^ entropia=1 ^ time entropy=1,0.343317,0.970901,0.503705,0.507237
freq unos=1 ^ freq dos=1 ^ width=2 ^ actividad=1 ^ transitoriedad=2 ^ sensitividad=1 ^ time entropy=1,freq ceros=5 ^ simetria=2 ^ entropia=1,0.411318,0.720012,0.368958,0.428566
freq unos=1 ^ freq dos=1 ^ actividad=1 ^ entropia=1 ^ transitoriedad=2 ^ sensitividad=1 ^ time entropy=1,freq ceros=5 ^ width=2,0.434788,0.681231,0.348868,0.404521
freq unos=1 ^ freq dos=1 ^ width=2 ^ actividad=1 ^ transitoriedad=2 ^ sensitividad=1 ^ time entropy=1,freq ceros=5 ^ simetria=2 ^ entropia=1,0.411318,0.720012,0.368958,0.428566
freq unos=1 ^ freq dos=1 ^ width=2 ^ actividad=1 ^ transitoriedad=2 ^ sensitividad=1 ^ time entropy=1,freq ceros=5 ^ simetria=2 ^ entropia=1,0.411318,0.720012,0.368958,0.428566
freq unos=1 ^ freq dos=1 ^ simetria=2 ^ actividad=1 ^ entropia=1 ^ transitoriedad=2 ^ sensitividad=1 ^ time entropy=1,freq ceros=5 ^ width=2,0.434788,0.681231,0.348868,0.404521
freq unos=1 ^ freq dos=1 ^ actividad=1 ^ entropia=1 ^ transitoriedad=2 ^ sensitividad=1,freq ceros=5 ^ width=2,0.438730,0.675344,0.345909,0.400669
freq unos=1 ^ freq dos=1 ^ actividad=1 ^ entropia=1 ^ transitoriedad=2 ^ sensitividad=1,freq ceros=5 ^ width=2 ^ simetria=2,0.438730,0.675344,0.345909,0.400669
freq unos=1 ^ freq dos=1 ^ width=2 ^ actividad=1 ^ entropia=1 ^ transitoriedad=2 ^ sensitividad=1,freq ceros=5 ^ simetria=2 ^ time entropy=1,0.450272,0.661372,0.338698,0.389180
freq unos=1 ^ freq dos=1 ^ actividad=1 ^ transitoriedad=2 ^ sensitividad=1 ^ time entropy=1,freq ceros=5 ^ width=2 ^ simetria=2 ^ entropia=1,0.477808,0.620098,0.317406,0.362603
freq unos=1 ^ freq dos=1 ^ actividad=1 ^ transitoriedad=2 ^ sensitividad=1 ^ time entropy=1,freq ceros=5 ^ width=2 ^ simetria=2 ^ entropia=1,0.477808,0.620098,0.317406,0.362603
freq unos=1 ^ freq dos=1 ^ actividad=1 ^ transitoriedad=2 ^ sensitividad=1 ^ time entropy=1,freq ceros=5 ^ width=2 ^ simetria=2 ^ entropia=1,0.477808,0.620098,0.317406,0.362603
freq ceros=1 ^ freq unos=1 ^ freq dos=1 ^ actividad=1 ^ entropia=1 ^ time entropy=1,width=1 ^ transitoriedad=1,0.630556,0.411849,0.223289,0.247442
freq ceros=1 ^ freq unos=1 ^ freq dos=1 ^ actividad=1 ^ entropia=1 ^ time entropy=1,transitoriedad=1,0.629516,0.413159,0.224007,0.248311
freq dos=1 ^ actividad=1 ^ transitoriedad=1 ^ time entropy=1,freq ceros=1 ^ width=1 ^ entropia=1,0.615626,0.430887,0.235718,0.262434
freq unos=1 ^ freq dos=1 ^ actividad=1 ^ transitoriedad=1,freq ceros=1 ^ width=1 ^ entropia=1,0.600649,0.450128,0.245845,0.274783
freq unos=1 ^ freq dos=1 ^ actividad=1 ^ transitoriedad=1,freq ceros=1 ^ width=1 ^ entropia=1,0.600649,0.450128,0.245845,0.274783
freq unos=1 ^ freq dos=1 ^ actividad=1 ^ transitoriedad=1,freq ceros=1 ^ width=1 ^ entropia=1,0.600649,0.450128,0.245845,0.274783
freq unos=1 ^ freq dos=1 ^ actividad=1 ^ transitoriedad=1,freq ceros=1 ^ width=1 ^ entropia=1,0.600649,0.450128,0.245845,0.274783
freq unos=1 ^ freq dos=1 ^ actividad=1 ^ transitoriedad=1,freq ceros=1 ^ width=1 ^ entropia=1,0.600649,0.450128,0.245845,0.274783
freq dos=1 ^ actividad=1 ^ transitoriedad=1 ^ time entropy=1,freq ceros=1 ^ width=1 ^ entropia=1,0.615626,0.430887,0.235718,0.262434
freq ceros=1 ^ freq unos=1 ^ freq dos=1 ^ actividad=1 ^ entropia=1 ^ time entropy=1,transitoriedad=1,0.629516,0.413159,0.224007,0.248311
freq ceros=1 ^ freq unos=1 ^ freq dos=1 ^ actividad=1 ^ entropia=1 ^ time entropy=1,width=1 ^ transitoriedad=1,0.630556,0.411849,0.223289,0.247442
freq ceros=1 ^ freq unos=1 ^ freq dos=1 ^ actividad=1 ^ entropia=1 ^ time entropy=1,transitoriedad=1,0.629516,0.413159,0.224007,0.248311
freq unos=1 ^ freq dos=1 ^ actividad=1 ^ transitoriedad=1,freq ceros=1 ^ width=1 ^ entropia=1,0.600649,0.450128,0.245845,0.274783
freq unos=1 ^ freq dos=1 ^ actividad=1 ^ transitoriedad=1,freq ceros=1 ^ width=1 ^ entropia=1,0.600649,0.450128,0.245845,0.274783
freq unos=1 ^ entropia=1 ^ transitoriedad=1 ^ time entropy=1,freq ceros=1 ^ width=1,0.577086,0.480760,0.264047,0.297269
freq ceros=1 ^ transitoriedad=1,width=1,0.541933,0.527678,0.302724,0.345719
freq ceros=1 ^ transitoriedad=1,width=1,0.541933,0.527678,0.302724,0.345719
freq unos=1 ^ entropia=1 ^ transitoriedad=1 ^ time entropy=1,freq ceros=1 ^ width=1,0.577086,0.480760,0.264047,0.297269
freq ceros=1 ^ freq dos=1 ^ actividad=1 ^ transitoriedad=1,width=1 ^ entropia=1,0.590563,0.463273,0.256635,0.287991
freq unos=1 ^ freq dos=1 ^ actividad=1 ^ transitoriedad=1,freq ceros=1 ^ width=1 ^ entropia=1,0.600649,0.450128,0.245845,0.274783
freq ceros=1 ^ freq unos=1 ^ freq dos=1 ^ simetria=1 ^ actividad=1,width=1 ^ entropia=1 ^ transitoriedad=1 ^ time entropy=1,0.613969,0.435948,0.231986,0.255869
freq unos=1 ^ freq dos=1 ^ actividad=1 ^ transitoriedad=1,freq ceros=1 ^ width=1 ^ entropia=1,0.600649,0.450128,0.245845,0.274783
freq unos=1 ^ freq dos=1 ^ transitoriedad=1 ^ time entropy=1,freq ceros=1 ^ width=1 ^ entropia=1,0.575005,0.483482,0.263306,0.296366
freq ceros=1 ^ transitoriedad=1,width=1,0.541933,0.527678,0.302724,0.345719
freq ceros=1 ^ entropia=1 ^ transitoriedad=1,width=1,0.535139,0.536936,0.307636,0.351929
actividad=1 ^ time entropy=1,entropia=1,0.511405,0.579989,0.352532,0.399493
actividad=1 ^ time entropy=1,entropia=1,0.511405,0.579989,0.352532,0.399493
freq ceros=1 ^ transitoriedad=1,width=1,0.541933,0.527678,0.302724,0.345719
freq unos=1 ^ freq dos=1 ^ transitoriedad=1 ^ time entropy=1,freq ceros=1 ^ width=1 ^ entropia=1,0.575005,0.483482,0.263306,0.296366
freq unos=1 ^ freq dos=1 ^ simetria=1 ^ transitoriedad=1,freq ceros=1 ^ width=1 ^ entropia=1 ^ time entropy=1,0.590515,0.466369,0.248832,0.276278
freq unos=1 ^ freq dos=1 ^ actividad=1 ^ transitoriedad=1 ^ time entropy=1,freq ceros=1 ^ width=1 ^ entropia=1,0.560856,0.502255,0.273103,0.308530
width=1 ^ simetria=1 ^ actividad=1,entropia=1 ^ transitoriedad=1,0.527248,0.547782,0.293704,0.334339
freq ceros=1 ^ actividad=1 ^ entropia=1 ^ transitoriedad=1,width=1,0.508038,0.574464,0.327436,0.377085
freq unos=1 ^ freq dos=1,entropia=1,0.451997,0.660216,0.392317,0.456137
freq unos=1 ^ freq dos=1,entropia=1,0.451997,0.660216,0.392317,0.456137
freq unos=1 ^ time entropy=1,entropia=1,0.483554,0.619352,0.373225,0.426376
transitoriedad=1,freq ceros=1 ^ freq unos=1 ^ width=1 ^ pasos=1 ^ actividad=1,0.523697,0.552662,0.296579,0.337970
freq unos=1 ^ freq dos=1 ^ simetria=1 ^ actividad=1 ^ entropia=1 ^ transitoriedad=1,freq ceros=1 ^ width=1 ^ time entropy=1,0.565589,0.499293,0.266112,0.297488
freq ceros=1 ^ width=1 ^ simetria=1 ^ actividad=1,entropia=1 ^ transitoriedad=1,0.527076,0.548012,0.293822,0.334492
freq ceros=1 ^ freq unos=1 ^ freq dos=1 ^ width=1 ^ simetria=1 ^ actividad=1 ^ entropia=1 ^ time entropy=1,transitoriedad=1,0.480021,0.614329,0.328246,0.378120
freq unos=1 ^ freq dos=1 ^ time entropy=1,entropia=1,0.417965,0.710174,0.417348,0.490203
freq unos=1 ^ freq dos=1 ^ actividad=1 ^ time entropy=1,entropia=1,0.379991,0.768074,0.445796,0.529211
entropia=1,width=1,0.431759,0.779027,0.506097,0.516227
entropia=1 ^ transitoriedad=1,freq ceros=1 ^ freq dos=1 ^ width=1 ^ pasos=1 ^ actividad=1 ^ time entropy=1,0.463583,0.638327,0.340136,0.393271
actividad=1 ^ transitoriedad=2 ^ time entropy=1,freq ceros=5 ^ freq unos=1 ^ freq dos=1 ^ width=2 ^ simetria=2 ^ entropia=1,0.519226,0.565750,0.294863,0.331097
freq unos=1 ^ freq dos=1 ^ actividad=1 ^ transitoriedad=2 ^ sensitividad=1 ^ time entropy=1,freq ceros=5 ^ width=2 ^ simetria=2 ^ entropia=1,0.477808,0.620098,0.317406,0.362603
freq unos=1 ^ freq dos=1 ^ actividad=1 ^ entropia=1 ^ transitoriedad=2 ^ sensitividad=1 ^ time entropy=1,freq ceros=5 ^ width=2 ^ simetria=2,0.434788,0.681231,0.348868,0.404521
freq dos=1 ^ simetria=1 ^ actividad=1 ^ transitoriedad=1,freq ceros=1 ^ entropia=1,0.353925,0.810266,0.437406,0.519090
freq unos=1 ^ actividad=1 ^ entropia=1,width=1,0.354586,0.931006,0.554101,0.567114
freq ceros=1 ^ freq unos=1 ^ freq dos=1 ^ transitoriedad=1,width=1 ^ pasos=1 ^ time entropy=1,0.418675,0.819511,0.443503,0.443515
freq unos=1 ^ freq dos=1 ^ simetria=2 ^ actividad=1 ^ transitoriedad=2 ^ sensitividad=1 ^ time entropy=1,freq ceros=5 ^ width=2 ^ entropia=1,0.477808,0.620098,0.317406,0.362603
freq unos=1 ^ freq dos=1 ^ simetria=2 ^ actividad=1 ^ entropia=1 ^ transitoriedad=2 ^ sensitividad=1,freq ceros=5 ^ width=2,0.438730,0.675344,0.345909,0.400669
freq unos=1 ^ freq dos=1 ^ width=2 ^ actividad=1 ^ transitoriedad=2 ^ sensitividad=1 ^ time entropy=1,freq ceros=5 ^ simetria=2 ^ entropia=1,0.411318,0.720012,0.368958,0.428566
freq unos=1 ^ freq dos=1 ^ width=2 ^ simetria=2 ^ actividad=1 ^ entropia=1 ^ transitoriedad=2 ^ sensitividad=1,freq ceros=5 ^ time entropy=1,0.352278,0.816509,0.418957,0.492751
freq unos=1 ^ width=2 ^ transitoriedad=2 ^ sensitividad=1,freq ceros=5 ^ freq dos=1 ^ simetria=2 ^ actividad=1 ^ entropia=1 ^ time entropy=1,0.377250,0.902896,0.467421,0.468172
width=2 ^ actividad=1 ^ entropia=1 ^ transitoriedad=2 ^ sensitividad=1 ^ time entropy=1,freq ceros=5 ^ freq unos=1 ^ freq dos=1 ^ simetria=2,0.439346,0.768530,0.396182,0.401663
freq unos=1 ^ freq dos=1 ^ simetria=2 ^ actividad=1 ^ entropia=1 ^ transitoriedad=2 ^ sensitividad=1,freq ceros=5 ^ width=2,0.438730,0.675344,0.345909,0.400669
freq unos=1 ^ freq dos=1 ^ width=2 ^ actividad=1 ^ transitoriedad=2 ^ sensitividad=1 ^ time entropy=1,freq ceros=5 ^ simetria=2 ^ entropia=1,0.411318,0.720012,0.368958,0.428566
freq unos=1 ^ freq dos=1 ^ width=2 ^ simetria=2 ^ transitoriedad=2 ^ sensitividad=1,freq ceros=5 ^ actividad=1 ^ entropia=1 ^ time entropy=1,0.412284,0.757774,0.389443,0.428316
width=2 ^ actividad=1 ^ transitoriedad=2 ^ sensitividad=1 ^ time entropy=1,freq ceros=5 ^ freq unos=1 ^ freq dos=1 ^ simetria=2 ^ entropia=1,0.434345,0.783239,0.404001,0.406864
freq unos=1 ^ freq dos=1 ^ width=2 ^ actividad=1 ^ entropia=1 ^ transitoriedad=2 ^ sensitividad=1,freq ceros=5 ^ simetria=2 ^ time entropy=1,0.450272,0.661372,0.338698,0.389180
freq unos=1 ^ freq dos=1 ^ actividad=1 ^ entropia=1 ^ transitoriedad=2 ^ sensitividad=1,freq ceros=5 ^ width=2 ^ simetria=2,0.438730,0.675344,0.345909,0.400669
freq unos=1 ^ freq dos=1 ^ width=2 ^ actividad=1 ^ entropia=1 ^ transitoriedad=2 ^ sensitividad=1,freq ceros=5 ^ simetria=2 ^ time entropy=1,0.450272,0.661372,0.338698,0.389180
freq unos=1 ^ freq dos=1 ^ actividad=1 ^ transitoriedad=2 ^ sensitividad=1 ^ time entropy=1,freq ceros=5 ^ width=2 ^ simetria=2 ^ entropia=1,0.477808,0.620098,0.317406,0.362603
freq unos=1 ^ freq dos=1 ^ actividad=1 ^ transitoriedad=2 ^ sensitividad=1 ^ time entropy=1,freq ceros=5 ^ width=2 ^ simetria=2 ^ entropia=1,0.477808,0.620098,0.317406,0.362603
freq unos=1 ^ freq dos=1 ^ simetria=2 ^ actividad=1 ^ transitoriedad=2 ^ sensitividad=1,freq ceros=5 ^ width=2 ^ entropia=1 ^ time entropy=1,0.488246,0.610630,0.312642,0.352872
freq ceros=1 ^ freq unos=1 ^ freq dos=1 ^ actividad=1 ^ entropia=1 ^ time entropy=1,transitoriedad=1,0.629516,0.413159,0.224007,0.248311
freq ceros=1 ^ freq unos=1 ^ freq dos=1 ^ actividad=1 ^ entropia=1 ^ time entropy=1,transitoriedad=1,0.629516,0.413159,0.224007,0.248311
freq dos=1 ^ actividad=1 ^ transitoriedad=1 ^ time entropy=1,freq ceros=1 ^ width=1 ^ entropia=1,0.615626,0.430887,0.235718,0.262434
freq ceros=1 ^ freq dos=1 ^ transitoriedad=1,width=1 ^ entropia=1,0.611838,0.436090,0.242285,0.270169
freq ceros=1 ^ transitoriedad=1 ^ time entropy=1,width=1 ^ entropia=1,0.593403,0.459624,0.254714,0.285591
freq ceros=1 ^ transitoriedad=1 ^ time entropy=1,width=1 ^ entropia=1,0.593403,0.459624,0.254714,0.285591
freq ceros=1 ^ freq dos=1 ^ transitoriedad=1,width=1 ^ entropia=1,0.611838,0.436090,0.242285,0.270169
freq dos=1 ^ actividad=1 ^ transitoriedad=1 ^ time entropy=1,freq ceros=1 ^ width=1 ^ entropia=1,0.615626,0.430887,0.235718,0.262434
freq ceros=1 ^ freq unos=1 ^ freq dos=1 ^ actividad=1 ^ entropia=1 ^ time entropy=1,transitoriedad=1,0.629516,0.413159,0.224007,0.248311
freq ceros=1 ^ freq unos=1 ^ freq dos=1 ^ actividad=1 ^ entropia=1 ^ time entropy=1,width=1 ^ transitoriedad=1,0.630556,0.411849,0.223289,0.247442
freq dos=1 ^ actividad=1 ^ transitoriedad=1 ^ time entropy=1,freq ceros=1 ^ width=1 ^ entropia=1,0.615626,0.430887,0.235718,0.262434
freq unos=1 ^ freq dos=1 ^ actividad=1 ^ transitoriedad=1,freq ceros=1 ^ width=1 ^ entropia=1,0.600649,0.450128,0.245845,0.274783
freq ceros=1 ^ freq dos=1 ^ actividad=1 ^ transitoriedad=1,width=1 ^ entropia=1,0.590563,0.463273,0.256635,0.287991
freq dos=1 ^ time entropy=1,entropia=1,0.577100,0.488420,0.302061,0.337404
freq dos=1 ^ time entropy=1,entropia=1,0.577100,0.488420,0.302061,0.337404
freq dos=1 ^ time entropy=1,entropia=1,0.577100,0.488420,0.302061,0.337404
freq ceros=1 ^ freq dos=1 ^ actividad=1 ^ transitoriedad=1,width=1 ^ entropia=1,0.590563,0.463273,0.256635,0.287991
freq unos=1 ^ freq dos=1 ^ actividad=1 ^ transitoriedad=1,freq ceros=1 ^ width=1 ^ entropia=1,0.600649,0.450128,0.245845,0.274783
freq dos=1 ^ actividad=1 ^ transitoriedad=1 ^ time entropy=1,freq ceros=1 ^ width=1 ^ entropia=1,0.615626,0.430887,0.235718,0.262434
freq unos=1 ^ freq dos=1 ^ actividad=1 ^ transitoriedad=1,freq ceros=1 ^ width=1 ^ entropia=1,0.600649,0.450128,0.245845,0.274783
freq unos=1 ^ entropia=1 ^ transitoriedad=1 ^ time entropy=1,freq ceros=1 ^ width=1,0.577086,0.480760,0.264047,0.297269
freq ceros=1 ^ transitoriedad=1,width=1,0.541933,0.527678,0.302724,0.345719
freq ceros=1 ^ entropia=1 ^ transitoriedad=1,width=1,0.535139,0.536936,0.307636,0.351929
actividad=1 ^ time entropy=1,entropia=1,0.511405,0.579989,0.352532,0.399493
freq dos=1 ^ time entropy=1,entropia=1,0.577100,0.488420,0.302061,0.337404
freq dos=1 ^ actividad=1 ^ entropia=1 ^ transitoriedad=1 ^ time entropy=1,freq ceros=1 ^ width=1,0.564196,0.497823,0.272992,0.308376
freq unos=1 ^ freq dos=1 ^ actividad=1 ^ transitoriedad=1,freq ceros=1 ^ width=1 ^ entropia=1,0.600649,0.450128,0.245845,0.274783
freq unos=1 ^ freq dos=1 ^ actividad=1 ^ transitoriedad=1 ^ time entropy=1,freq ceros=1 ^ width=1 ^ entropia=1,0.560856,0.502255,0.273103,0.308530
freq ceros=1 ^ entropia=1 ^ transitoriedad=1,width=1,0.535139,0.536936,0.307636,0.351929
freq ceros=1 ^ actividad=1 ^ entropia=1 ^ transitoriedad=1,width=1,0.508038,0.574464,0.327436,0.377085
freq unos=1 ^ time entropy=1,entropia=1,0.483554,0.619352,0.373225,0.426376
actividad=1 ^ time entropy=1,entropia=1,0.511405,0.579989,0.352532,0.399493
freq ceros=1 ^ entropia=1 ^ transitoriedad=1,width=1,0.535139,0.536936,0.307636,0.351929
freq unos=1 ^ freq dos=1 ^ actividad=1 ^ transitoriedad=1 ^ time entropy=1,freq ceros=1 ^ width=1 ^ entropia=1,0.560856,0.502255,0.273103,0.308530
freq ceros=1 ^ width=1 ^ simetria=1 ^ actividad=1,entropia=1 ^ transitoriedad=1,0.527076,0.548012,0.293822,0.334492
freq dos=1 ^ actividad=1 ^ transitoriedad=1 ^ time entropy=1,freq ceros=1 ^ entropia=1,0.488850,0.601790,0.331426,0.382064
freq unos=1 ^ freq dos=1,entropia=1,0.451997,0.660216,0.392317,0.456137
freq unos=1 ^ pasos=1,entropia=1,0.463205,0.697300,0.438660,0.463986
freq ceros=1,width=1,0.501372,0.664230,0.415285,0.415285
actividad=1 ^ transitoriedad=2 ^ time entropy=1,freq ceros=5 ^ freq unos=1 ^ freq dos=1 ^ width=2 ^ simetria=2 ^ entropia=1,0.519226,0.565750,0.294863,0.331097
freq unos=1 ^ freq dos=1 ^ actividad=1 ^ transitoriedad=2 ^ sensitividad=1 ^ time entropy=1,freq ceros=5 ^ width=2 ^ simetria=2 ^ entropia=1,0.477808,0.620098,0.317406,0.362603
freq unos=1 ^ freq dos=1 ^ simetria=2 ^ actividad=1 ^ entropia=1 ^ transitoriedad=2 ^ sensitividad=1,freq ceros=5 ^ width=2,0.438730,0.675344,0.345909,0.400669
freq unos=1 ^ freq dos=1 ^ width=2 ^ actividad=1 ^ transitoriedad=2 ^ sensitividad=1 ^ time entropy=1,freq ceros=5 ^ simetria=2 ^ entropia=1,0.411318,0.720012,0.368958,0.428566
pasos=1 ^ simetria=2 ^ actividad=1 ^ transitoriedad=2 ^ sensitividad=1 ^ time entropy=1,freq ceros=5 ^ freq dos=1 ^ width=2 ^ entropia=1,0.445384,0.757809,0.391531,0.396567
freq unos=1 ^ simetria=2 ^ entropia=1 ^ transitoriedad=2 ^ time entropy=1,freq dos=1 ^ width=2 ^ actividad=1,0.507216,0.653068,0.344564,0.345014
freq unos=1 ^ freq dos=1 ^ actividad=1 ^ transitoriedad=2 ^ sensitividad=1 ^ time entropy=1,freq ceros=5 ^ width=2 ^ simetria=2 ^ entropia=1,0.477808,0.620098,0.317406,0.362603
freq unos=1 ^ freq dos=1 ^ simetria=2 ^ actividad=1 ^ entropia=1 ^ transitoriedad=2 ^ sensitividad=1,freq ceros=5 ^ width=2,0.438730,0.675344,0.345909,0.400669
freq dos=1 ^ simetria=2 ^ actividad=1 ^ transitoriedad=2 ^ sensitividad=1,freq ceros=5 ^ width=2 ^ entropia=1 ^ time entropy=1,0.452064,0.736997,0.380426,0.389692
freq unos=1 ^ pasos=1 ^ simetria=2 ^ actividad=1 ^ transitoriedad=2 ^ sensitividad=1 ^ time entropy=1,freq ceros=5 ^ freq dos=1 ^ width=2 ^ entropia=1,0.457837,0.706643,0.363306,0.382686
freq unos=1 ^ freq dos=1 ^ actividad=1 ^ transitoriedad=2 ^ sensitividad=1 ^ time entropy=1,freq ceros=5 ^ width=2 ^ simetria=2 ^ entropia=1,0.477808,0.620098,0.317406,0.362603
freq unos=1 ^ freq dos=1 ^ width=2 ^ actividad=1 ^ transitoriedad=2 ^ sensitividad=1,freq ceros=5 ^ simetria=2 ^ entropia=1 ^ time entropy=1,0.464728,0.644882,0.330299,0.375178
freq unos=1 ^ freq dos=1 ^ width=2 ^ transitoriedad=2 ^ sensitividad=1,freq ceros=5 ^ simetria=2 ^ actividad=1 ^ entropia=1 ^ time entropy=1,0.467761,0.671826,0.344864,0.372734
freq unos=1 ^ freq dos=1 ^ actividad=1 ^ transitoriedad=2 ^ sensitividad=1 ^ time entropy=1,freq ceros=5 ^ width=2 ^ simetria=2 ^ entropia=1,0.477808,0.620098,0.317406,0.362603
freq unos=1 ^ freq dos=1 ^ actividad=1 ^ transitoriedad=2 ^ sensitividad=1,freq ceros=5 ^ width=2 ^ simetria=2 ^ entropia=1 ^ time entropy=1,0.488246,0.610630,0.312642,0.352872
freq unos=1 ^ freq dos=1 ^ actividad=1 ^ transitoriedad=2 ^ sensitividad=1,freq ceros=5 ^ width=2 ^ simetria=2 ^ entropia=1 ^ time entropy=1,0.488246,0.610630,0.312642,0.352872
freq ceros=1 ^ freq unos=1 ^ freq dos=1 ^ actividad=1 ^ entropia=1 ^ time entropy=1,width=1 ^ transitoriedad=1,0.630556,0.411849,0.223289,0.247442
freq ceros=1 ^ freq unos=1 ^ freq dos=1 ^ actividad=1 ^ entropia=1 ^ time entropy=1,transitoriedad=1,0.629516,0.413159,0.224007,0.248311
actividad=1 ^ entropia=1 ^ transitoriedad=1 ^ time entropy=1,freq ceros=1 ^ width=1,0.620388,0.424796,0.234532,0.261014
pasos=1,simetria=2 ^ transitoriedad=2,0.900191,0.102441,0.528799,0.635912
pasos=1,simetria=2 ^ transitoriedad=2,0.900191,0.102441,0.528799,0.635912
pasos=1,simetria=2 ^ transitoriedad=2,0.900191,0.102441,0.528799,0.635912
actividad=1 ^ transitoriedad=1 ^ time entropy=1,freq ceros=1 ^ width=1,0.620925,0.424131,0.234183,0.260576
freq ceros=1 ^ freq unos=1 ^ freq dos=1 ^ actividad=1 ^ entropia=1 ^ time entropy=1,width=1 ^ transitoriedad=1,0.630556,0.411849,0.223289,0.247442
freq ceros=1 ^ freq unos=1 ^ freq dos=1 ^ actividad=1 ^ time entropy=1,entropia=1 ^ transitoriedad=1,0.640149,0.399814,0.216685,0.239478
freq dos=1 ^ actividad=1 ^ transitoriedad=1 ^ time entropy=1,freq ceros=1 ^ width=1 ^ entropia=1,0.615626,0.430887,0.235718,0.262434
freq ceros=1 ^ freq dos=1 ^ transitoriedad=1,width=1 ^ entropia=1,0.611838,0.436090,0.242285,0.270169
freq ceros=1 ^ transitoriedad=1 ^ time entropy=1,width=1 ^ entropia=1,0.593403,0.459624,0.254714,0.285591
freq dos=1 ^ time entropy=1,entropia=1,0.577100,0.488420,0.302061,0.337404
pasos=1,simetria=2 ^ transitoriedad=2,0.900191,0.102441,0.528799,0.635912
freq dos=1,entropia=1,0.630473,0.436808,0.282934,0.295856
freq ceros=1 ^ freq dos=1 ^ transitoriedad=1,width=1 ^ entropia=1,0.611838,0.436090,0.242285,0.270169
freq ceros=1 ^ freq unos=1 ^ freq dos=1 ^ actividad=1 ^ entropia=1 ^ time entropy=1,transitoriedad=1,0.629516,0.413159,0.224007,0.248311
freq unos=1 ^ freq dos=1 ^ actividad=1 ^ transitoriedad=1,freq ceros=1 ^ width=1 ^ entropia=1,0.600649,0.450128,0.245845,0.274783
freq ceros=1 ^ actividad=1 ^ transitoriedad=1 ^ time entropy=1,width=1 ^ entropia=1,0.580670,0.476255,0.263495,0.296428
freq dos=1 ^ time entropy=1,entropia=1,0.577100,0.488420,0.302061,0.337404
freq dos=1 ^ time entropy=1,entropia=1,0.577100,0.488420,0.302061,0.337404
freq dos=1 ^ time entropy=1,entropia=1,0.577100,0.488420,0.302061,0.337404
freq dos=1 ^ time entropy=1,entropia=1,0.577100,0.488420,0.302061,0.337404
freq unos=1 ^ freq dos=1 ^ actividad=1 ^ transitoriedad=1,freq ceros=1 ^ width=1 ^ entropia=1,0.600649,0.450128,0.245845,0.274783
freq unos=1 ^ freq dos=1 ^ transitoriedad=1 ^ time entropy=1,freq ceros=1 ^ width=1 ^ entropia=1,0.575005,0.483482,0.263306,0.296366
freq ceros=1 ^ transitoriedad=1,width=1,0.541933,0.527678,0.302724,0.345719
freq ceros=1 ^ transitoriedad=1,width=1,0.541933,0.527678,0.302724,0.345719
pasos=1 ^ time entropy=1,entropia=1,0.553482,0.538265,0.338150,0.365099
freq unos=1,entropia=1,0.564062,0.539751,0.349101,0.362498
freq unos=1 ^ freq dos=1 ^ transitoriedad=1 ^ time entropy=1,freq ceros=1 ^ width=1 ^ entropia=1,0.575005,0.483482,0.263306,0.296366
freq unos=1 ^ freq dos=1 ^ actividad=1 ^ entropia=1 ^ transitoriedad=1,freq ceros=1 ^ width=1,0.550423,0.516361,0.282696,0.320417
transitoriedad=1,freq ceros=1 ^ freq unos=1 ^ width=1 ^ pasos=1 ^ actividad=1 ^ entropia=1,0.522103,0.554866,0.297714,0.339400
actividad=1 ^ transitoriedad=1,width=1,0.511780,0.569224,0.324682,0.373575
actividad=1,freq dos=1,0.545991,0.587254,0.368022,0.368080
freq ceros=1 ^ freq dos=1 ^ actividad=1 ^ transitoriedad=1 ^ time entropy=1,simetria=1 ^ entropia=1,0.559788,0.564426,0.305110,0.305124
freq ceros=1 ^ width=1 ^ simetria=1 ^ actividad=1,entropia=1 ^ transitoriedad=1,0.527076,0.548012,0.293822,0.334492
freq unos=1 ^ freq dos=1 ^ actividad=1 ^ transitoriedad=2 ^ sensitividad=1,freq ceros=5 ^ width=2 ^ simetria=2 ^ entropia=1 ^ time entropy=1,0.488246,0.610630,0.312642,0.352872
freq unos=1 ^ simetria=2 ^ actividad=1 ^ transitoriedad=2,freq ceros=5 ^ entropia=1 ^ time entropy=1,0.519725,0.632050,0.333044,0.333046
freq dos=1 ^ simetria=2 ^ actividad=1 ^ transitoriedad=2,freq ceros=5 ^ entropia=1 ^ time entropy=1,0.526995,0.619288,0.326686,0.326815
freq unos=1 ^ freq dos=1 ^ actividad=1 ^ transitoriedad=2 ^ sensitividad=1,freq ceros=5 ^ width=2 ^ simetria=2 ^ entropia=1 ^ time entropy=1,0.488246,0.610630,0.312642,0.352872
freq unos=1 ^ freq dos=1 ^ actividad=1 ^ transitoriedad=2 ^ sensitividad=1,freq ceros=5 ^ width=2 ^ simetria=2 ^ entropia=1 ^ time entropy=1,0.488246,0.610630,0.312642,0.352872
freq unos=1 ^ width=2 ^ simetria=2 ^ actividad=1 ^ transitoriedad=2,freq ceros=5 ^ freq dos=1 ^ entropia=1 ^ time entropy=1,0.538808,0.599375,0.314629,0.314650
freq unos=1 ^ freq dos=1 ^ actividad=1 ^ transitoriedad=2 ^ sensitividad=1,freq ceros=5 ^ width=2 ^ simetria=2 ^ entropia=1 ^ time entropy=1,0.488246,0.610630,0.312642,0.352872
freq unos=1 ^ freq dos=1 ^ actividad=1 ^ transitoriedad=2 ^ sensitividad=1,freq ceros=5 ^ width=2 ^ simetria=2 ^ entropia=1 ^ time entropy=1,0.488246,0.610630,0.312642,0.352872
freq dos=1 ^ actividad=1 ^ transitoriedad=2,freq ceros=5 ^ freq unos=1 ^ width=2 ^ simetria=2 ^ entropia=1 ^ time entropy=1,0.552246,0.531567,0.277249,0.301700
freq ceros=1 ^ freq unos=1 ^ freq dos=1 ^ actividad=1 ^ time entropy=1,width=1 ^ entropia=1 ^ transitoriedad=1,0.640197,0.399754,0.216653,0.239439
transitoriedad=1 ^ time entropy=1,freq ceros=1 ^ width=1,0.634520,0.406975,0.225077,0.249524
pasos=1,simetria=2 ^ transitoriedad=2,0.900191,0.102441,0.528799,0.635912
pasos=1,simetria=2 ^ transitoriedad=2,0.900191,0.102441,0.528799,0.635912
pasos=1,simetria=2 ^ transitoriedad=2,0.900191,0.102441,0.528799,0.635912
pasos=1,simetria=2,0.934941,0.066687,0.566456,0.609919
freq unos=1 ^ actividad=1 ^ entropia=1 ^ transitoriedad=1,freq ceros=1 ^ width=1,0.650610,0.387050,0.214492,0.236650
freq unos=1 ^ actividad=1 ^ transitoriedad=1,freq ceros=1 ^ width=1,0.651827,0.385595,0.213725,0.235688
entropia=1 ^ transitoriedad=1 ^ time entropy=1,freq ceros=1 ^ width=1,0.633987,0.407623,0.225418,0.249952
entropia=1 ^ transitoriedad=1 ^ time entropy=1,freq ceros=1 ^ width=1,0.633987,0.407623,0.225418,0.249952
freq ceros=1 ^ freq unos=1 ^ transitoriedad=1,width=1 ^ entropia=1,0.631110,0.412245,0.229705,0.254387
pasos=1,simetria=2 ^ transitoriedad=2,0.900191,0.102441,0.528799,0.635912
pasos=1,simetria=2 ^ transitoriedad=2,0.900191,0.102441,0.528799,0.635912
entropia=1,time entropy=1,0.643532,0.414538,0.266955,0.282069
freq unos=1 ^ actividad=1 ^ entropia=1 ^ transitoriedad=1,freq ceros=1 ^ width=1,0.650610,0.387050,0.214492,0.236650
actividad=1 ^ entropia=1 ^ transitoriedad=1 ^ time entropy=1,freq ceros=1 ^ width=1,0.620388,0.424796,0.234532,0.261014
freq ceros=1 ^ freq dos=1 ^ transitoriedad=1,width=1 ^ entropia=1,0.611838,0.436090,0.242285,0.270169
time entropy=1,entropia=1,0.643532,0.414538,0.266955,0.282069
freq dos=1,entropia=1,0.630473,0.436808,0.282934,0.295856
freq dos=1,entropia=1,0.630473,0.436808,0.282934,0.295856
entropia=1,time entropy=1,0.643532,0.414538,0.266955,0.282069
freq unos=1 ^ freq dos=1 ^ actividad=1 ^ transitoriedad=1,freq ceros=1 ^ width=1 ^ entropia=1,0.600649,0.450128,0.245845,0.274783
freq ceros=1 ^ freq dos=1 ^ actividad=1 ^ transitoriedad=1,width=1 ^ entropia=1,0.590563,0.463273,0.256635,0.287991
freq dos=1 ^ time entropy=1,entropia=1,0.577100,0.488420,0.302061,0.337404
freq dos=1,entropia=1,0.630473,0.436808,0.282934,0.295856
actividad=1 ^ entropia=1,time entropy=1,0.622994,0.459604,0.281157,0.284648
freq unos=1 ^ freq dos=1 ^ simetria=1 ^ transitoriedad=1,freq ceros=1 ^ width=1 ^ time entropy=1,0.581980,0.477563,0.254877,0.283672
simetria=2 ^ actividad=1 ^ transitoriedad=2 ^ time entropy=1,freq ceros=5 ^ freq unos=1 ^ freq dos=1 ^ width=2 ^ entropia=1,0.570392,0.495945,0.258180,0.285776
freq dos=1 ^ actividad=1 ^ transitoriedad=2 ^ time entropy=1,freq ceros=5 ^ entropia=1,0.591480,0.512527,0.271169,0.271638
freq dos=1 ^ actividad=1 ^ transitoriedad=2 ^ time entropy=1,freq ceros=5 ^ entropia=1,0.591480,0.512527,0.271169,0.271638
simetria=2 ^ actividad=1 ^ transitoriedad=2 ^ time entropy=1,freq ceros=5 ^ freq unos=1 ^ freq dos=1 ^ width=2 ^ entropia=1,0.570392,0.495945,0.258180,0.285776
simetria=2 ^ actividad=1 ^ transitoriedad=2 ^ time entropy=1,freq ceros=5 ^ freq unos=1 ^ freq dos=1 ^ entropia=1,0.570382,0.495967,0.258192,0.285784
freq dos=1 ^ actividad=1 ^ transitoriedad=2 ^ time entropy=1,freq ceros=5 ^ entropia=1,0.591480,0.512527,0.271169,0.271638
simetria=2 ^ actividad=1 ^ transitoriedad=2 ^ time entropy=1,freq ceros=5 ^ freq unos=1 ^ freq dos=1 ^ width=2 ^ entropia=1,0.570392,0.495945,0.258180,0.285776
simetria=2 ^ actividad=1 ^ transitoriedad=2 ^ time entropy=1,freq ceros=5 ^ freq unos=1 ^ freq dos=1 ^ entropia=1,0.570382,0.495967,0.258192,0.285784
simetria=2 ^ actividad=1 ^ transitoriedad=2 ^ time entropy=1,freq ceros=5 ^ freq unos=1 ^ freq dos=1 ^ width=2 ^ entropia=1,0.570392,0.495945,0.258180,0.285776
freq ceros=1 ^ freq unos=1 ^ freq dos=1 ^ actividad=1 ^ entropia=1,transitoriedad=1,0.674318,0.357662,0.194751,0.213278
freq unos=1 ^ entropia=1 ^ transitoriedad=1,freq ceros=1 ^ width=1,0.674873,0.357443,0.198690,0.217618
pasos=1,transitoriedad=2,0.919896,0.081783,0.483786,0.578402
pasos=1,transitoriedad=2,0.919896,0.081783,0.483786,0.578402
pasos=1,simetria=2,0.934941,0.066687,0.566456,0.609919
pasos=1 ^ transitoriedad=2,simetria=2,0.925512,0.077071,0.402613,0.413313
freq unos=1 ^ entropia=1 ^ transitoriedad=1,freq ceros=1 ^ width=1,0.674873,0.357443,0.198690,0.217618
freq unos=1 ^ actividad=1 ^ transitoriedad=1,freq ceros=1 ^ width=1,0.651827,0.385595,0.213725,0.235688
actividad=1 ^ transitoriedad=1,freq ceros=1 ^ entropia=1,0.655623,0.382610,0.216099,0.237220
pasos=1,transitoriedad=2,0.919896,0.081783,0.483786,0.578402
pasos=1 ^ transitoriedad=2,simetria=2,0.925512,0.077071,0.402613,0.413313
freq dos=1,entropia=1 ^ time entropy=1,0.697774,0.354081,0.219558,0.220980
freq unos=1 ^ entropia=1 ^ transitoriedad=1,freq ceros=1 ^ width=1,0.674873,0.357443,0.198690,0.217618
freq unos=1 ^ actividad=1 ^ entropia=1 ^ transitoriedad=1,freq ceros=1 ^ width=1,0.650610,0.387050,0.214492,0.236650
actividad=1 ^ transitoriedad=1,freq ceros=1 ^ entropia=1,0.655623,0.382610,0.216099,0.237220
actividad=1 ^ transitoriedad=1,freq ceros=1 ^ entropia=1,0.655623,0.382610,0.216099,0.237220
time entropy=1,freq dos=1,0.683978,0.375233,0.235145,0.235216
time entropy=1,freq dos=1,0.683978,0.375233,0.235145,0.235216
freq ceros=1 ^ freq unos=1 ^ freq dos=1 ^ width=1 ^ actividad=1 ^ time entropy=1,entropia=1 ^ transitoriedad=1,0.640149,0.399814,0.216685,0.239478
transitoriedad=1 ^ time entropy=1,freq ceros=1 ^ width=1,0.634520,0.406975,0.225077,0.249524
width=1 ^ actividad=1,freq ceros=1 ^ entropia=1,0.652013,0.389348,0.220197,0.240400
freq ceros=1 ^ actividad=1 ^ transitoriedad=1,freq dos=1 ^ width=1,0.663785,0.403254,0.225425,0.225973
simetria=2 ^ actividad=1 ^ transitoriedad=2 ^ time entropy=1,freq ceros=5 ^ freq dos=1 ^ width=2 ^ entropia=1,0.614753,0.439655,0.229506,0.249839
simetria=2 ^ actividad=1 ^ transitoriedad=2 ^ time entropy=1,freq ceros=5 ^ freq dos=1 ^ width=2 ^ entropia=1,0.614753,0.439655,0.229506,0.249839
freq unos=1 ^ simetria=2 ^ actividad=1 ^ transitoriedad=2,freq ceros=5 ^ width=2 ^ entropia=1 ^ time entropy=1,0.628074,0.440270,0.229871,0.238847
simetria=2 ^ actividad=1 ^ transitoriedad=2 ^ time entropy=1,freq ceros=5 ^ freq dos=1 ^ width=2 ^ entropia=1,0.614753,0.439655,0.229506,0.249839
freq dos=1 ^ simetria=2 ^ actividad=1 ^ transitoriedad=2 ^ time entropy=1,freq ceros=5 ^ freq unos=1 ^ entropia=1,0.618151,0.463340,0.241950,0.246593
simetria=2 ^ actividad=1 ^ transitoriedad=2 ^ time entropy=1,freq ceros=5 ^ freq dos=1 ^ width=2 ^ entropia=1,0.614753,0.439655,0.229506,0.249839
transitoriedad=1 ^ time entropy=1,freq ceros=1 ^ width=1 ^ entropia=1,0.691387,0.337329,0.186088,0.202810
freq ceros=1 ^ actividad=1 ^ transitoriedad=1,width=1 ^ entropia=1,0.708868,0.317547,0.178811,0.193427
pasos=1 ^ transitoriedad=2,simetria=2,0.925512,0.077071,0.402613,0.413313
pasos=1 ^ transitoriedad=2,simetria=2,0.925512,0.077071,0.402613,0.413313
transitoriedad=2,simetria=2,0.925596,0.076981,0.402382,0.413035
freq ceros=1 ^ actividad=1 ^ transitoriedad=1,width=1 ^ entropia=1,0.708868,0.317547,0.178811,0.193427
transitoriedad=1 ^ time entropy=1,freq ceros=1 ^ width=1 ^ entropia=1,0.691387,0.337329,0.186088,0.202810
freq ceros=1 ^ actividad=1 ^ transitoriedad=1,width=1 ^ entropia=1,0.708868,0.317547,0.178811,0.193427
pasos=1 ^ simetria=2,transitoriedad=2,0.934394,0.067676,0.340773,0.346305
transitoriedad=2,pasos=1 ^ simetria=2,0.934394,0.067676,0.340773,0.346305
time entropy=1,freq dos=1 ^ entropia=1,0.713270,0.333417,0.206205,0.207153
freq ceros=1 ^ freq unos=1 ^ width=1 ^ actividad=1 ^ entropia=1 ^ time entropy=1,transitoriedad=1,0.690635,0.337911,0.184281,0.200915
freq ceros=1 ^ actividad=1 ^ transitoriedad=1,width=1 ^ entropia=1,0.708868,0.317547,0.178811,0.193427
time entropy=1,freq dos=1 ^ entropia=1,0.713270,0.333417,0.206205,0.207153
time entropy=1,freq dos=1 ^ entropia=1,0.713270,0.333417,0.206205,0.207153
freq unos=1 ^ freq dos=1 ^ width=1 ^ actividad=1 ^ entropia=1,freq ceros=1 ^ transitoriedad=1,0.678631,0.352556,0.191949,0.209865
freq unos=1 ^ freq dos=1 ^ width=1 ^ actividad=1,entropia=1 ^ transitoriedad=1,0.686061,0.343423,0.186926,0.204029
freq unos=1 ^ simetria=2 ^ actividad=1 ^ entropia=1 ^ transitoriedad=2 ^ time entropy=1,freq ceros=5 ^ freq dos=1 ^ width=2,0.692031,0.362812,0.189062,0.189714
freq unos=1 ^ freq dos=1 ^ transitoriedad=2 ^ time entropy=1,freq ceros=5 ^ width=2 ^ actividad=1 ^ entropia=1,0.673928,0.382281,0.199174,0.203109
freq unos=1 ^ simetria=2 ^ actividad=1 ^ entropia=1 ^ transitoriedad=2,freq ceros=5 ^ width=2 ^ time entropy=1,0.683620,0.371573,0.193867,0.196165
freq dos=1 ^ simetria=2 ^ actividad=1 ^ transitoriedad=2 ^ time entropy=1,freq ceros=5 ^ freq unos=1 ^ width=2 ^ entropia=1,0.653380,0.402670,0.209707,0.218654
freq unos=1 ^ transitoriedad=1,freq ceros=1 ^ width=1 ^ entropia=1,0.733903,0.288053,0.159791,0.171360
pasos=1 ^ simetria=2,transitoriedad=2,0.934394,0.067676,0.340773,0.346305
pasos=1 ^ simetria=2,transitoriedad=2,0.934394,0.067676,0.340773,0.346305
pasos=1 ^ simetria=2,transitoriedad=2,0.934394,0.067676,0.340773,0.346305
pasos=1 ^ simetria=2,transitoriedad=2,0.934394,0.067676,0.340773,0.346305
freq unos=1 ^ transitoriedad=1,freq ceros=1 ^ width=1 ^ entropia=1,0.733903,0.288053,0.159791,0.171360
freq ceros=1 ^ width=1,actividad=1 ^ entropia=1 ^ transitoriedad=1,0.759727,0.256961,0.144258,0.154389
freq ceros=1 ^ width=1,actividad=1 ^ entropia=1 ^ transitoriedad=1,0.759727,0.256961,0.144258,0.154389
freq ceros=1 ^ width=1,actividad=1 ^ entropia=1 ^ transitoriedad=1,0.759727,0.256961,0.144258,0.154389
freq unos=1 ^ transitoriedad=1,freq ceros=1 ^ width=1 ^ entropia=1,0.733903,0.288053,0.159791,0.171360
freq ceros=1 ^ transitoriedad=1,width=1 ^ entropia=1,0.742768,0.279025,0.158052,0.168362
actividad=1 ^ entropia=1 ^ transitoriedad=1,freq ceros=1 ^ freq unos=1 ^ width=1,0.758418,0.274711,0.152773,0.152810
width=1 ^ actividad=1 ^ entropia=1,freq ceros=1 ^ freq dos=1 ^ transitoriedad=1 ^ time entropy=1,0.727349,0.299418,0.163428,0.173058
freq unos=1 ^ transitoriedad=1 ^ time entropy=1,freq ceros=1 ^ freq dos=1 ^ width=1 ^ actividad=1,0.739563,0.297730,0.161867,0.162856
freq dos=1 ^ simetria=2 ^ actividad=1 ^ entropia=1 ^ transitoriedad=2,freq ceros=5 ^ width=2 ^ time entropy=1,0.704988,0.337754,0.176333,0.180828
transitoriedad=1,freq ceros=1 ^ freq dos=1 ^ width=1 ^ actividad=1,0.773417,0.241117,0.132525,0.141219
entropia=1 ^ transitoriedad=1,freq ceros=1 ^ width=1,0.799197,0.212504,0.119900,0.126702
pasos=1 ^ simetria=2,transitoriedad=2,0.934394,0.067676,0.340773,0.346305
entropia=1 ^ transitoriedad=1,freq ceros=1 ^ width=1,0.799197,0.212504,0.119900,0.126702
freq ceros=1 ^ transitoriedad=1,freq dos=1 ^ width=1 ^ actividad=1 ^ entropia=1,0.777317,0.236927,0.130211,0.138445
entropia=1 ^ transitoriedad=1,freq ceros=1 ^ width=1,0.799197,0.212504,0.119900,0.126702
entropia=1 ^ transitoriedad=1,freq ceros=1 ^ width=1,0.799197,0.212504,0.119900,0.126702
transitoriedad=1,freq ceros=1 ^ freq dos=1 ^ width=1 ^ actividad=1,0.773417,0.241117,0.132525,0.141219
width=1 ^ actividad=1 ^ time entropy=1,freq ceros=1 ^ freq dos=1 ^ entropia=1 ^ transitoriedad=1,0.792434,0.231050,0.126275,0.126601
freq ceros=1 ^ freq unos=1 ^ freq dos=1 ^ actividad=1,width=1 ^ entropia=1 ^ transitoriedad=1 ^ time entropy=1,0.766150,0.260465,0.141210,0.143740
freq ceros=1 ^ width=1 ^ entropia=1,actividad=1 ^ transitoriedad=1,0.824659,0.184916,0.103613,0.108167
freq ceros=1 ^ width=1 ^ entropia=1,actividad=1 ^ transitoriedad=1,0.824659,0.184916,0.103613,0.108167
freq ceros=1 ^ width=1 ^ entropia=1,actividad=1 ^ transitoriedad=1,0.824659,0.184916,0.103613,0.108167
freq ceros=1 ^ width=1 ^ entropia=1,actividad=1 ^ transitoriedad=1,0.824659,0.184916,0.103613,0.108167
width=1 ^ entropia=1 ^ transitoriedad=1,freq ceros=1 ^ actividad=1,0.838627,0.174307,0.097995,0.098763
freq unos=1 ^ freq dos=1 ^ actividad=1 ^ transitoriedad=2 ^ time entropy=1,freq ceros=5 ^ width=2 ^ entropia=1,0.802563,0.216970,0.112647,0.113771
freq ceros=1 ^ width=1 ^ entropia=1,transitoriedad=1,0.859293,0.148279,0.083614,0.085561
freq ceros=1 ^ width=1 ^ entropia=1,transitoriedad=1,0.859293,0.148279,0.083614,0.085561
freq ceros=1 ^ width=1 ^ entropia=1,transitoriedad=1,0.859293,0.148279,0.083614,0.085561
freq ceros=1 ^ width=1 ^ actividad=1 ^ entropia=1,transitoriedad=1,0.931172,0.070055,0.039073,0.039836
