antecedente,consecuente,jaccard,cosine,phi,kappa
freq unos=1 ^ freq dos=1 ^ width=1 ^ actividad=1 ^ time entropy=1,entropia=1 ^ transitoriedad=1,0.640270,0.399663,0.216606,0.239383
freq unos=1 ^ freq dos=1 ^ width=1 ^ actividad=1 ^ time entropy=1,entropia=1 ^ transitoriedad=1,0.640270,0.399663,0.216606,0.239383
freq ceros=1 ^ freq unos=1 ^ freq dos=1 ^ width=1 ^ actividad=1 ^ time entropy=1,entropia=1 ^ transitoriedad=1,0.640149,0.399814,0.216685,0.239478
freq ceros=1 ^ freq unos=1 ^ freq dos=1 ^ actividad=1 ^ entropia=1 ^ time entropy=1,width=1 ^ transitoriedad=1,0.630556,0.411849,0.223289,0.247442
freq ceros=1 ^ freq unos=1 ^ freq dos=1 ^ width=1 ^ actividad=1 ^ entropia=1 ^ time entropy=1,transitoriedad=1,0.629516,0.413159,0.224007,0.248311
freq ceros=1 ^ freq unos=1 ^ freq dos=1 ^ width=1 ^ actividad=1 ^ entropia=1 ^ time entropy=1,transitoriedad=1,0.629516,0.413159,0.224007,0.248311
freq ceros=1 ^ freq unos=1 ^ freq dos=1 ^ width=1 ^ actividad=1 ^ entropia=1 ^ time entropy=1,transitoriedad=1,0.629516,0.413159,0.224007,0.248311
freq ceros=1 ^ freq unos=1 ^ freq dos=1 ^ width=1 ^ actividad=1 ^ entropia=1 ^ time entropy=1,transitoriedad=1,0.629516,0.413159,0.224007,0.248311
freq ceros=1 ^ freq unos=1 ^ freq dos=1 ^ width=1 ^ actividad=1 ^ entropia=1 ^ time entropy=1,transitoriedad=1,0.629516,0.413159,0.224007,0.248311
freq ceros=1 ^ freq unos=1 ^ freq dos=1 ^ actividad=1 ^ entropia=1 ^ time entropy=1,width=1 ^ transitoriedad=1,0.630556,0.411849,0.223289,0.247442
freq ceros=1 ^ freq unos=1 ^ freq dos=1 ^ actividad=1 ^ time entropy=1,width=1 ^ entropia=1 ^ transitoriedad=1,0.640197,0.399754,0.216653,0.239439
freq ceros=5 ^ freq unos=4 ^ simetria=1 ^ entropia=1 ^ time entropy=1,freq dos=1 ^ width=5 ^ actividad=1,0.664903,0.378827,0.190353,0.202322
freq ceros=5 ^ freq unos=4 ^ simetria=1 ^ entropia=1 ^ time entropy=1,freq dos=1 ^ width=5 ^ actividad=1,0.664903,0.378827,0.190353,0.202322
freq ceros=1 ^ freq unos=1 ^ freq dos=1 ^ actividad=1 ^ time entropy=1,width=1 ^ entropia=1 ^ transitoriedad=1,0.640197,0.399754,0.216653,0.239439
freq ceros=1 ^ freq unos=1 ^ freq dos=1 ^ actividad=1 ^ entropia=1 ^ time entropy=1,width=1 ^ transitoriedad=1,0.630556,0.411849,0.223289,0.247442
freq ceros=1 ^ freq unos=1 ^ freq dos=1 ^ width=1 ^ actividad=1 ^ entropia=1 ^ time entropy=1,transitoriedad=1,0.629516,0.413159,0.224007,0.248311
freq ceros=1 ^ freq unos=1 ^ freq dos=1 ^ simetria=1 ^ actividad=1 ^ entropia=1,width=1 ^ transitoriedad=1 ^ time entropy=1,0.613387,0.436694,0.232387,0.256353
freq unos=1 ^ freq dos=1 ^ actividad=1 ^ transitoriedad=1,freq ceros=1 ^ width=1 ^ entropia=1,0.600649,0.450128,0.245845,0.274783
freq unos=1 ^ freq dos=1 ^ actividad=1 ^ transitoriedad=1,freq ceros=1 ^ width=1 ^ entropia=1,0.600649,0.450128,0.245845,0.274783
freq unos=1 ^ freq dos=1 ^ actividad=1 ^ transitoriedad=1,freq ceros=1 ^ width=1 ^ entropia=1,0.600649,0.450128,0.245845,0.274783
freq unos=1 ^ freq dos=1 ^ actividad=1 ^ transitoriedad=1,freq ceros=1 ^ width=1 ^ entropia=1,0.600649,0.450128,0.245845,0.274783
freq ceros=1 ^ freq unos=1 ^ freq dos=1 ^ simetria=1 ^ actividad=1 ^ entropia=1,width=1 ^ transitoriedad=1 ^ time entropy=1,0.613387,0.436694,0.232387,0.256353
freq ceros=1 ^ freq unos=1 ^ freq dos=1 ^ width=1 ^ actividad=1 ^ entropia=1 ^ time entropy=1,transitoriedad=1,0.629516,0.413159,0.224007,0.248311
freq ceros=1 ^ freq unos=1 ^ freq dos=1 ^ actividad=1 ^ entropia=1 ^ time entropy=1,width=1 ^ transitoriedad=1,0.630556,0.411849,0.223289,0.247442
freq ceros=5 ^ freq unos=4 ^ simetria=1 ^ entropia=1 ^ time entropy=1,freq dos=1 ^ width=5 ^ actividad=1,0.664903,0.378827,0.190353,0.202322
freq ceros=1 ^ freq unos=1 ^ freq dos=1 ^ width=1 ^ actividad=1 ^ entropia=1 ^ time entropy=1,transitoriedad=1,0.629516,0.413159,0.224007,0.248311
freq ceros=1 ^ freq unos=1 ^ freq dos=1 ^ width=1 ^ simetria=1 ^ actividad=1,entropia=1 ^ transitoriedad=1 ^ time entropy=1,0.613969,0.435948,0.231986,0.255869
freq unos=1 ^ freq dos=1 ^ actividad=1 ^ transitoriedad=1,freq ceros=1 ^ width=1 ^ entropia=1,0.600649,0.450128,0.245845,0.274783
freq unos=1 ^ freq dos=1 ^ transitoriedad=1 ^ time entropy=1,freq ceros=1 ^ width=1 ^ entropia=1,0.575005,0.483482,0.263306,0.296366
freq unos=1 ^ freq dos=1 ^ actividad=1 ^ transitoriedad=1 ^ time entropy=1,freq ceros=1 ^ width=1 ^ entropia=1,0.560856,0.502255,0.273103,0.308530
freq unos=1 ^ freq dos=1 ^ actividad=1 ^ transitoriedad=1,freq ceros=1 ^ width=1,0.550423,0.516361,0.282696,0.320417
freq unos=1 ^ freq dos=1 ^ actividad=1 ^ transitoriedad=1 ^ time entropy=1,freq ceros=1 ^ width=1 ^ entropia=1,0.560856,0.502255,0.273103,0.308530
freq unos=1 ^ freq dos=1 ^ transitoriedad=1 ^ time entropy=1,freq ceros=1 ^ width=1 ^ entropia=1,0.575005,0.483482,0.263306,0.296366
freq ceros=5 ^ freq unos=1 ^ freq dos=1 ^ entropia=1,width=2 ^ pasos=1 ^ simetria=2 ^ actividad=1 ^ transitoriedad=2 ^ time entropy=1,0.589281,0.470953,0.245074,0.269816
freq ceros=1 ^ freq unos=1 ^ freq dos=1 ^ simetria=1 ^ actividad=1 ^ entropia=1,width=1 ^ transitoriedad=1 ^ time entropy=1,0.613387,0.436694,0.232387,0.256353
freq ceros=1 ^ freq unos=1 ^ freq dos=1 ^ width=1 ^ actividad=1 ^ entropia=1 ^ time entropy=1,transitoriedad=1,0.629516,0.413159,0.224007,0.248311
freq ceros=1 ^ freq unos=1 ^ freq dos=1 ^ simetria=1 ^ actividad=1 ^ entropia=1,width=1 ^ transitoriedad=1 ^ time entropy=1,0.613387,0.436694,0.232387,0.256353
freq unos=1 ^ freq dos=1 ^ transitoriedad=1 ^ time entropy=1,freq ceros=1 ^ width=1 ^ entropia=1,0.575005,0.483482,0.263306,0.296366
freq unos=1 ^ freq dos=1 ^ actividad=1 ^ transitoriedad=1 ^ time entropy=1,freq ceros=1 ^ width=1 ^ entropia=1,0.560856,0.502255,0.273103,0.308530
width=1 ^ simetria=1 ^ actividad=1 ^ time entropy=1,entropia=1 ^ transitoriedad=1,0.514860,0.564925,0.302530,0.345475
freq dos=1 ^ actividad=1 ^ transitoriedad=1 ^ time entropy=1,freq ceros=1 ^ entropia=1,0.488850,0.601790,0.331426,0.382064
freq unos=1 ^ freq dos=1 ^ actividad=1 ^ transitoriedad=1 ^ time entropy=1,width=1 ^ entropia=1,0.481345,0.612419,0.334383,0.385957
freq ceros=1 ^ freq dos=1 ^ simetria=1 ^ actividad=1,width=1 ^ entropia=1 ^ transitoriedad=1,0.508781,0.573422,0.306898,0.350995
width=1 ^ simetria=1 ^ actividad=1,freq ceros=1 ^ entropia=1 ^ transitoriedad=1,0.528345,0.546386,0.292944,0.333300
freq ceros=5 ^ freq unos=1 ^ freq dos=1 ^ entropia=1,width=2 ^ actividad=1 ^ transitoriedad=2 ^ time entropy=1,0.589249,0.470994,0.245096,0.269842
freq ceros=5 ^ freq unos=1 ^ freq dos=1 ^ entropia=1,width=2 ^ simetria=2 ^ actividad=1 ^ transitoriedad=2 ^ time entropy=1,0.589281,0.470953,0.245074,0.269816
freq unos=1 ^ freq dos=1 ^ transitoriedad=1 ^ time entropy=1,freq ceros=1 ^ width=1 ^ entropia=1,0.575005,0.483482,0.263306,0.296366
width=1 ^ simetria=1 ^ actividad=1,entropia=1 ^ transitoriedad=1,0.527248,0.547782,0.293704,0.334339
freq ceros=1 ^ freq unos=1 ^ freq dos=1 ^ width=1 ^ simetria=1 ^ actividad=1 ^ time entropy=1,entropia=1 ^ transitoriedad=1,0.488128,0.602676,0.321908,0.370042
freq unos=1 ^ freq dos=1 ^ actividad=1,entropia=1,0.399233,0.737702,0.430654,0.509128
width=2 ^ pasos=1 ^ simetria=2,transitoriedad=2,0.285522,0.931378,0.795782,0.919818
freq dos=1,pasos=1,0.174520,1.216649,1.333928,1.060864
freq ceros=1 ^ freq unos=1 ^ freq dos=1 ^ width=1 ^ simetria=1 ^ actividad=1 ^ entropia=1 ^ time entropy=1,transitoriedad=1,0.480021,0.614329,0.328246,0.378120
freq ceros=1 ^ width=1 ^ simetria=1 ^ actividad=1,entropia=1 ^ transitoriedad=1,0.527076,0.548012,0.293822,0.334492
freq ceros=5 ^ freq unos=1 ^ freq dos=1 ^ width=2 ^ entropia=1,pasos=1 ^ simetria=2 ^ actividad=1 ^ transitoriedad=2 ^ time entropy=1,0.570392,0.495945,0.258180,0.285776
width=1 ^ simetria=1 ^ actividad=1,entropia=1 ^ transitoriedad=1,0.527248,0.547782,0.293704,0.334339
freq ceros=1 ^ freq unos=1 ^ freq dos=1 ^ simetria=1 ^ actividad=1 ^ entropia=1 ^ time entropy=1,width=1 ^ transitoriedad=1,0.480813,0.613186,0.327624,0.377326
freq ceros=1 ^ freq unos=1 ^ freq dos=1 ^ width=1 ^ pasos=1 ^ actividad=1 ^ entropia=1 ^ time entropy=1,transitoriedad=1,0.395773,0.741789,0.392977,0.461479
freq unos=1 ^ freq dos=1 ^ width=1 ^ actividad=1 ^ transitoriedad=1,entropia=1,0.269346,0.962030,0.540406,0.651219
simetria=2 ^ time entropy=1,pasos=1,0.127915,1.294162,0.996348,0.999494
freq ceros=1 ^ freq dos=1 ^ actividad=1,pasos=1,0.058925,1.598157,1.538361,1.060625
freq ceros=5 ^ pasos=1 ^ simetria=1 ^ time entropy=1,freq dos=1 ^ width=5 ^ actividad=1 ^ entropia=1 ^ transitoriedad=2,0.423833,0.698485,0.351439,0.407477
freq ceros=5 ^ freq unos=1 ^ freq dos=1 ^ width=2 ^ entropia=1,actividad=1 ^ transitoriedad=2 ^ time entropy=1,0.519226,0.565750,0.294863,0.331097
freq unos=1 ^ freq dos=1 ^ simetria=1 ^ actividad=1,width=1 ^ entropia=1 ^ transitoriedad=1,0.493342,0.595234,0.318093,0.365190
freq ceros=5 ^ pasos=1 ^ simetria=1 ^ time entropy=1,freq dos=1 ^ width=5 ^ actividad=1 ^ entropia=1,0.423833,0.698485,0.351439,0.407477
freq ceros=5 ^ freq unos=4 ^ freq dos=1 ^ pasos=1 ^ simetria=1 ^ time entropy=1,width=5 ^ entropia=1 ^ transitoriedad=2,0.283541,0.935458,0.470741,0.562078
freq ceros=1 ^ freq unos=1 ^ freq dos=1 ^ width=1 ^ pasos=2 ^ simetria=1 ^ actividad=1 ^ entropia=1 ^ sensitividad=1,transitoriedad=1,0.114033,1.324625,0.679282,0.813467
freq unos=1 ^ freq dos=1 ^ width=1 ^ pasos=1 ^ simetria=2 ^ actividad=1 ^ entropia=1 ^ time entropy=1,transitoriedad=2,0.000000,2.000000,1.325135,1.025881
freq ceros=5 ^ freq unos=4 ^ pasos=1 ^ actividad=1 ^ entropia=1 ^ time entropy=1,freq dos=1 ^ width=5 ^ simetria=1 ^ transitoriedad=2,0.380545,0.766501,0.385411,0.451499
freq ceros=5 ^ simetria=1 ^ entropia=1,freq dos=1 ^ width=5 ^ actividad=1 ^ transitoriedad=2 ^ time entropy=1,0.428260,0.694256,0.349322,0.403094
freq ceros=5 ^ simetria=1 ^ time entropy=1,freq dos=1 ^ width=5 ^ actividad=1 ^ entropia=1 ^ transitoriedad=2,0.423833,0.698485,0.351439,0.407477
freq ceros=5 ^ freq unos=4 ^ pasos=1 ^ simetria=1 ^ entropia=1,freq dos=1 ^ width=5 ^ time entropy=1,0.356277,0.806481,0.405651,0.477752
freq ceros=5 ^ freq unos=4 ^ freq dos=1 ^ width=5 ^ pasos=1 ^ actividad=1 ^ time entropy=1,simetria=1 ^ entropia=1 ^ transitoriedad=2,0.260075,0.981544,0.493914,0.591227
freq ceros=5 ^ freq unos=4 ^ freq dos=1 ^ width=5 ^ pasos=1 ^ actividad=1 ^ entropia=1 ^ time entropy=1,simetria=1 ^ transitoriedad=2,0.223770,1.053913,0.530490,0.638753
freq ceros=5 ^ freq unos=4 ^ pasos=1 ^ simetria=1 ^ actividad=1 ^ entropia=1,freq dos=1 ^ width=5 ^ transitoriedad=2 ^ time entropy=1,0.343160,0.828493,0.416658,0.492157
freq ceros=5 ^ simetria=1 ^ time entropy=1,freq dos=1 ^ width=5 ^ actividad=1 ^ entropia=1 ^ transitoriedad=2,0.423833,0.698485,0.351439,0.407477
freq ceros=5 ^ simetria=1 ^ time entropy=1,freq dos=1 ^ width=5 ^ actividad=1 ^ entropia=1 ^ transitoriedad=2,0.423833,0.698485,0.351439,0.407477
freq ceros=5 ^ freq unos=4 ^ pasos=1 ^ simetria=1 ^ entropia=1,freq dos=1 ^ width=5 ^ time entropy=1,0.356277,0.806481,0.405651,0.477752
freq unos=4 ^ simetria=1 ^ actividad=1 ^ entropia=1 ^ time entropy=1,freq ceros=5 ^ freq dos=1 ^ width=5 ^ transitoriedad=2,0.327056,0.856315,0.430688,0.510382
freq ceros=5 ^ freq unos=4 ^ simetria=1 ^ entropia=1,freq dos=1 ^ width=5 ^ transitoriedad=2 ^ time entropy=1,0.356277,0.806481,0.405651,0.477752
freq ceros=5 ^ simetria=1 ^ time entropy=1,freq dos=1 ^ width=5 ^ actividad=1 ^ entropia=1 ^ transitoriedad=2,0.423833,0.698485,0.351439,0.407477
freq ceros=5 ^ simetria=1 ^ time entropy=1,freq dos=1 ^ width=5 ^ actividad=1 ^ entropia=1 ^ transitoriedad=2,0.423833,0.698485,0.351439,0.407477
freq ceros=5 ^ simetria=1 ^ time entropy=1,freq dos=1 ^ width=5 ^ actividad=1 ^ entropia=1 ^ transitoriedad=2,0.423833,0.698485,0.351439,0.407477
freq ceros=5 ^ simetria=1 ^ time entropy=1,freq dos=1 ^ width=5 ^ actividad=1 ^ entropia=1 ^ transitoriedad=2,0.423833,0.698485,0.351439,0.407477
freq ceros=5 ^ simetria=1 ^ time entropy=1,freq dos=1 ^ width=5 ^ actividad=1 ^ entropia=1 ^ transitoriedad=2,0.423833,0.698485,0.351439,0.407477
freq ceros=5 ^ simetria=1 ^ time entropy=1,freq dos=1 ^ width=5 ^ actividad=1 ^ entropia=1 ^ transitoriedad=2,0.423833,0.698485,0.351439,0.407477
freq ceros=5 ^ simetria=1 ^ time entropy=1,freq dos=1 ^ width=5 ^ actividad=1 ^ entropia=1 ^ transitoriedad=2,0.423833,0.698485,0.351439,0.407477
freq ceros=5 ^ simetria=1 ^ entropia=1,freq dos=1 ^ width=5 ^ actividad=1 ^ transitoriedad=2 ^ time entropy=1,0.428260,0.694256,0.349322,0.403094
freq ceros=5 ^ freq unos=1 ^ freq dos=1 ^ width=2 ^ entropia=1,actividad=1 ^ transitoriedad=2 ^ time entropy=1,0.519226,0.565750,0.294863,0.331097
freq ceros=5 ^ freq dos=1 ^ pasos=1 ^ simetria=1,width=5 ^ actividad=1 ^ entropia=1 ^ transitoriedad=2 ^ time entropy=1,0.464013,0.663271,0.333824,0.368682
freq ceros=5 ^ freq unos=1 ^ freq dos=1 ^ width=2 ^ entropia=1,actividad=1 ^ transitoriedad=2 ^ time entropy=1,0.519226,0.565750,0.294863,0.331097
freq ceros=1 ^ freq unos=1 ^ freq dos=1 ^ width=1 ^ actividad=1 ^ time entropy=1,entropia=1 ^ transitoriedad=1,0.640149,0.399814,0.216685,0.239478
freq ceros=1 ^ freq unos=1 ^ freq dos=1 ^ actividad=1 ^ entropia=1 ^ time entropy=1,width=1 ^ transitoriedad=1,0.630556,0.411849,0.223289,0.247442
freq ceros=1 ^ freq unos=1 ^ freq dos=1 ^ width=1 ^ actividad=1 ^ entropia=1 ^ time entropy=1,transitoriedad=1,0.629516,0.413159,0.224007,0.248311
freq ceros=1 ^ freq unos=1 ^ freq dos=1 ^ width=1 ^ actividad=1 ^ entropia=1 ^ time entropy=1,transitoriedad=1,0.629516,0.413159,0.224007,0.248311
freq dos=1 ^ actividad=1 ^ transitoriedad=1 ^ time entropy=1,freq ceros=1 ^ width=1 ^ entropia=1,0.615626,0.430887,0.235718,0.262434
freq unos=1 ^ freq dos=1 ^ actividad=1 ^ transitoriedad=1,freq ceros=1 ^ width=1 ^ entropia=1,0.600649,0.450128,0.245845,0.274783
freq unos=1 ^ freq dos=1 ^ actividad=1 ^ transitoriedad=1,freq ceros=1 ^ width=1 ^ entropia=1,0.600649,0.450128,0.245845,0.274783
freq dos=1 ^ actividad=1 ^ transitoriedad=1 ^ time entropy=1,freq ceros=1 ^ width=1 ^ entropia=1,0.615626,0.430887,0.235718,0.262434
freq ceros=1 ^ freq unos=1 ^ freq dos=1 ^ width=1 ^ actividad=1 ^ entropia=1 ^ time entropy=1,transitoriedad=1,0.629516,0.413159,0.224007,0.248311
freq ceros=1 ^ freq unos=1 ^ freq dos=1 ^ width=1 ^ actividad=1 ^ entropia=1 ^ time entropy=1,transitoriedad=1,0.629516,0.413159,0.224007,0.248311
freq unos=1 ^ freq dos=1 ^ width=1 ^ actividad=1 ^ entropia=1 ^ time entropy=1,freq ceros=1 ^ transitoriedad=1,0.633688,0.407964,0.221160,0.244832
freq ceros=1 ^ freq unos=1 ^ freq dos=1 ^ actividad=1 ^ time entropy=1,width=1 ^ entropia=1 ^ transitoriedad=1,0.640197,0.399754,0.216653,0.239439
freq ceros=1 ^ freq unos=1 ^ freq dos=1 ^ width=1 ^ actividad=1 ^ entropia=1 ^ time entropy=1,transitoriedad=1,0.629516,0.413159,0.224007,0.248311
freq ceros=1 ^ freq unos=1 ^ freq dos=1 ^ width=1 ^ actividad=1 ^ entropia=1 ^ time entropy=1,transitoriedad=1,0.629516,0.413159,0.224007,0.248311
freq unos=1 ^ freq dos=1 ^ actividad=1 ^ transitoriedad=1,freq ceros=1 ^ width=1 ^ entropia=1,0.600649,0.450128,0.245845,0.274783
freq unos=1 ^ freq dos=1 ^ transitoriedad=1 ^ time entropy=1,freq ceros=1 ^ width=1 ^ entropia=1,0.575005,0.483482,0.263306,0.296366
freq unos=1 ^ freq dos=1 ^ transitoriedad=1 ^ time entropy=1,freq ceros=1 ^ width=1 ^ entropia=1,0.575005,0.483482,0.263306,0.296366
freq unos=1 ^ freq dos=1 ^ transitoriedad=1 ^ time entropy=1,freq ceros=1 ^ width=1 ^ entropia=1,0.575005,0.483482,0.263306,0.296366
freq unos=1 ^ freq dos=1 ^ transitoriedad=1 ^ time entropy=1,freq ceros=1 ^ width=1 ^ entropia=1,0.575005,0.483482,0.263306,0.296366
freq unos=1 ^ freq dos=1 ^ transitoriedad=1 ^ time entropy=1,freq ceros=1 ^ width=1 ^ entropia=1,0.575005,0.483482,0.263306,0.296366
freq unos=1 ^ freq dos=1 ^ actividad=1 ^ transitoriedad=1,freq ceros=1 ^ width=1 ^ entropia=1,0.600649,0.450128,0.245845,0.274783
freq ceros=1 ^ freq unos=1 ^ freq dos=1 ^ simetria=1 ^ actividad=1,width=1 ^ entropia=1 ^ transitoriedad=1 ^ time entropy=1,0.613969,0.435948,0.231986,0.255869
freq ceros=1 ^ freq unos=1 ^ freq dos=1 ^ width=1 ^ actividad=1 ^ entropia=1 ^ time entropy=1,transitoriedad=1,0.629516,0.413159,0.224007,0.248311
freq ceros=1 ^ freq unos=1 ^ freq dos=1 ^ width=1 ^ simetria=1 ^ actividad=1 ^ entropia=1,transitoriedad=1 ^ time entropy=1,0.613387,0.436694,0.232387,0.256353
freq unos=1 ^ freq dos=1 ^ actividad=1 ^ transitoriedad=1,freq ceros=1 ^ width=1 ^ entropia=1,0.600649,0.450128,0.245845,0.274783
freq unos=1 ^ freq dos=1 ^ actividad=1 ^ transitoriedad=1 ^ time entropy=1,freq ceros=1 ^ width=1 ^ entropia=1,0.560856,0.502255,0.273103,0.308530
freq ceros=1 ^ freq dos=1 ^ transitoriedad=1 ^ time entropy=1,width=1 ^ entropia=1,0.540684,0.529415,0.291341,0.331353
actividad=1 ^ transitoriedad=1,width=1,0.511780,0.569224,0.324682,0.373575
actividad=1 ^ transitoriedad=1,width=1,0.511780,0.569224,0.324682,0.373575
freq ceros=1 ^ entropia=1 ^ transitoriedad=1,width=1,0.535139,0.536936,0.307636,0.351929
freq unos=1 ^ freq dos=1 ^ actividad=1 ^ transitoriedad=1 ^ time entropy=1,freq ceros=1 ^ width=1 ^ entropia=1,0.560856,0.502255,0.273103,0.308530
freq ceros=5 ^ freq unos=1 ^ freq dos=1 ^ entropia=1,width=2 ^ actividad=1 ^ transitoriedad=2 ^ time entropy=1,0.589249,0.470994,0.245096,0.269842
freq ceros=1 ^ freq unos=1 ^ freq dos=1 ^ simetria=1 ^ actividad=1 ^ entropia=1,width=1 ^ transitoriedad=1 ^ time entropy=1,0.613387,0.436694,0.232387,0.256353
freq unos=1 ^ freq dos=1 ^ transitoriedad=1 ^ time entropy=1,freq ceros=1 ^ width=1 ^ entropia=1,0.575005,0.483482,0.263306,0.296366
freq unos=1 ^ freq dos=1 ^ actividad=1 ^ transitoriedad=1 ^ time entropy=1,freq ceros=1 ^ width=1 ^ entropia=1,0.560856,0.502255,0.273103,0.308530
freq ceros=1 ^ simetria=1 ^ actividad=1 ^ time entropy=1,entropia=1 ^ transitoriedad=1,0.514777,0.565041,0.302590,0.345551
freq unos=1 ^ freq dos=1,entropia=1,0.451997,0.660216,0.392317,0.456137
width=2,pasos=1 ^ simetria=2 ^ transitoriedad=2,0.291603,0.920958,0.779866,0.905888
freq unos=1 ^ freq dos=1,entropia=1,0.451997,0.660216,0.392317,0.456137
freq dos=1 ^ width=1 ^ simetria=1 ^ actividad=1 ^ time entropy=1,entropia=1 ^ transitoriedad=1,0.501639,0.583471,0.312061,0.357534
width=1 ^ simetria=1 ^ actividad=1,freq ceros=1 ^ entropia=1 ^ transitoriedad=1,0.528345,0.546386,0.292944,0.333300
freq ceros=5 ^ freq unos=1 ^ freq dos=1 ^ entropia=1,width=2 ^ actividad=1 ^ transitoriedad=2 ^ time entropy=1,0.589249,0.470994,0.245096,0.269842
width=1 ^ simetria=1 ^ actividad=1,freq ceros=1 ^ entropia=1 ^ transitoriedad=1,0.528345,0.546386,0.292944,0.333300
freq ceros=1 ^ freq unos=1 ^ simetria=1 ^ actividad=1 ^ time entropy=1,width=1 ^ entropia=1 ^ transitoriedad=1,0.499842,0.586010,0.313363,0.359184
freq ceros=1 ^ freq unos=1 ^ actividad=1 ^ entropia=1 ^ transitoriedad=1,width=1,0.435002,0.680906,0.382658,0.448109
width=2,pasos=1 ^ simetria=2 ^ transitoriedad=2,0.291603,0.920958,0.779866,0.905888
pasos=1,width=2 ^ simetria=2 ^ transitoriedad=2,0.262713,0.974898,0.894169,0.977832
freq unos=1 ^ freq dos=1 ^ time entropy=1,entropia=1,0.417965,0.710174,0.417348,0.490203
freq ceros=1 ^ freq unos=1 ^ freq dos=1 ^ width=1 ^ simetria=1 ^ actividad=1 ^ time entropy=1,entropia=1 ^ transitoriedad=1,0.488128,0.602676,0.321908,0.370042
width=1 ^ simetria=1 ^ actividad=1,freq ceros=1 ^ entropia=1 ^ transitoriedad=1,0.528345,0.546386,0.292944,0.333300
freq ceros=1 ^ freq dos=1 ^ simetria=1 ^ actividad=1 ^ time entropy=1,width=1 ^ entropia=1 ^ transitoriedad=1,0.501611,0.583510,0.312080,0.357557
freq ceros=5 ^ pasos=1 ^ simetria=1 ^ time entropy=1,freq dos=1 ^ width=5 ^ actividad=1 ^ entropia=1,0.423833,0.698485,0.351439,0.407477
freq ceros=1 ^ freq unos=1 ^ freq dos=1 ^ actividad=1 ^ entropia=1 ^ time entropy=1,width=1,0.343458,0.827895,0.456873,0.544417
freq dos=1 ^ simetria=1 ^ time entropy=1,entropia=1,0.250058,1.000027,0.558542,0.673686
width=2,entropia=1 ^ transitoriedad=2,0.303485,1.047263,0.656766,0.668947
freq ceros=5 ^ simetria=1 ^ time entropy=1,freq dos=1 ^ width=5 ^ actividad=1 ^ entropia=1 ^ transitoriedad=2,0.423833,0.698485,0.351439,0.407477
freq ceros=5 ^ freq unos=1 ^ freq dos=1 ^ actividad=1,width=2 ^ pasos=1 ^ simetria=2 ^ entropia=1 ^ transitoriedad=2 ^ time entropy=1,0.477434,0.623109,0.325018,0.370502
freq ceros=5 ^ simetria=1 ^ time entropy=1,freq dos=1 ^ width=5 ^ actividad=1 ^ entropia=1 ^ transitoriedad=2,0.423833,0.698485,0.351439,0.407477
freq ceros=5 ^ simetria=1,freq dos=1 ^ width=5 ^ actividad=1 ^ entropia=1 ^ transitoriedad=2 ^ time entropy=1,0.367611,0.787927,0.396553,0.465758
freq ceros=5 ^ freq unos=4 ^ freq dos=1 ^ pasos=1 ^ simetria=1 ^ actividad=1 ^ time entropy=1,width=5 ^ entropia=1,0.273058,0.955344,0.480671,0.574881
freq unos=4 ^ pasos=1 ^ actividad=1 ^ entropia=1,freq dos=1 ^ width=5,0.213365,1.285926,0.650684,0.656040
freq unos=4 ^ actividad=1 ^ entropia=1 ^ time entropy=1,freq ceros=5 ^ freq dos=1 ^ width=5 ^ simetria=1 ^ transitoriedad=2,0.334954,0.975577,0.491802,0.502283
freq ceros=5 ^ simetria=1 ^ time entropy=1,freq dos=1 ^ width=5 ^ actividad=1 ^ entropia=1 ^ transitoriedad=2,0.423833,0.698485,0.351439,0.407477
freq ceros=5 ^ simetria=1 ^ time entropy=1,freq dos=1 ^ width=5 ^ actividad=1 ^ entropia=1 ^ transitoriedad=2,0.423833,0.698485,0.351439,0.407477
freq ceros=5 ^ freq unos=4 ^ freq dos=1 ^ pasos=1 ^ actividad=1 ^ entropia=1,width=5 ^ simetria=1 ^ transitoriedad=2 ^ time entropy=1,0.346051,0.823478,0.414129,0.488931
freq ceros=5 ^ freq unos=4 ^ freq dos=1 ^ simetria=1 ^ actividad=1 ^ entropia=1,width=5 ^ transitoriedad=2 ^ time entropy=1,0.307626,0.890719,0.448044,0.532972
freq unos=4 ^ pasos=1 ^ actividad=1 ^ time entropy=1,freq ceros=5 ^ freq dos=1 ^ width=5 ^ simetria=1 ^ entropia=1 ^ transitoriedad=2,0.319235,1.020848,0.514867,0.520520
freq ceros=5 ^ simetria=1 ^ time entropy=1,freq dos=1 ^ width=5 ^ actividad=1 ^ entropia=1 ^ transitoriedad=2,0.423833,0.698485,0.351439,0.407477
freq ceros=5 ^ simetria=1 ^ time entropy=1,freq dos=1 ^ width=5 ^ actividad=1 ^ entropia=1 ^ transitoriedad=2,0.423833,0.698485,0.351439,0.407477
freq ceros=5 ^ freq unos=4 ^ actividad=1 ^ entropia=1 ^ time entropy=1,freq dos=1 ^ width=5 ^ simetria=1 ^ transitoriedad=2,0.380545,0.766501,0.385411,0.451499
freq ceros=5 ^ freq unos=4 ^ actividad=1 ^ entropia=1 ^ time entropy=1,freq dos=1 ^ width=5 ^ simetria=1 ^ transitoriedad=2,0.380545,0.766501,0.385411,0.451499
freq ceros=5 ^ simetria=1 ^ time entropy=1,freq dos=1 ^ width=5 ^ actividad=1 ^ entropia=1 ^ transitoriedad=2,0.423833,0.698485,0.351439,0.407477
freq ceros=5 ^ simetria=1 ^ time entropy=1,freq dos=1 ^ width=5 ^ actividad=1 ^ entropia=1 ^ transitoriedad=2,0.423833,0.698485,0.351439,0.407477
freq ceros=5 ^ simetria=1 ^ time entropy=1,freq dos=1 ^ width=5 ^ actividad=1 ^ entropia=1 ^ transitoriedad=2,0.423833,0.698485,0.351439,0.407477
freq ceros=5 ^ simetria=1 ^ entropia=1,freq dos=1 ^ width=5 ^ actividad=1 ^ transitoriedad=2 ^ time entropy=1,0.428260,0.694256,0.349322,0.403094
freq ceros=5 ^ simetria=1 ^ entropia=1,freq dos=1 ^ width=5 ^ actividad=1 ^ transitoriedad=2 ^ time entropy=1,0.428260,0.694256,0.349322,0.403094
freq ceros=5 ^ freq dos=1 ^ pasos=1 ^ simetria=1,width=5 ^ actividad=1 ^ entropia=1 ^ transitoriedad=2 ^ time entropy=1,0.464013,0.663271,0.333824,0.368682
freq ceros=5 ^ freq unos=1 ^ freq dos=1 ^ width=2 ^ entropia=1,actividad=1 ^ transitoriedad=2 ^ time entropy=1,0.519226,0.565750,0.294863,0.331097
freq ceros=1 ^ freq unos=1 ^ freq dos=1 ^ actividad=1 ^ entropia=1 ^ time entropy=1,width=1 ^ transitoriedad=1,0.630556,0.411849,0.223289,0.247442
freq ceros=1 ^ freq unos=1 ^ freq dos=1 ^ width=1 ^ actividad=1 ^ entropia=1 ^ time entropy=1,transitoriedad=1,0.629516,0.413159,0.224007,0.248311
freq dos=1 ^ actividad=1 ^ transitoriedad=1 ^ time entropy=1,freq ceros=1 ^ width=1 ^ entropia=1,0.615626,0.430887,0.235718,0.262434
freq unos=1 ^ freq dos=1 ^ actividad=1 ^ transitoriedad=1,freq ceros=1 ^ width=1 ^ entropia=1,0.600649,0.450128,0.245845,0.274783
freq unos=1 ^ freq dos=1 ^ actividad=1 ^ transitoriedad=1,freq ceros=1 ^ width=1 ^ entropia=1,0.600649,0.450128,0.245845,0.274783
freq unos=1 ^ freq dos=1 ^ actividad=1 ^ transitoriedad=1,freq ceros=1 ^ width=1 ^ entropia=1,0.600649,0.450128,0.245845,0.274783
freq unos=1 ^ freq dos=1 ^ actividad=1 ^ transitoriedad=1,freq ceros=1 ^ width=1 ^ entropia=1,0.600649,0.450128,0.245845,0.274783
freq unos=1 ^ freq dos=1 ^ actividad=1 ^ transitoriedad=1,freq ceros=1 ^ width=1 ^ entropia=1,0.600649,0.450128,0.245845,0.274783
freq dos=1 ^ actividad=1 ^ transitoriedad=1 ^ time entropy=1,freq ceros=1 ^ width=1 ^ entropia=1,0.615626,0.430887,0.235718,0.262434
freq ceros=1 ^ freq unos=1 ^ freq dos=1 ^ width=1 ^ actividad=1 ^ entropia=1 ^ time entropy=1,transitoriedad=1,0.629516,0.413159,0.224007,0.248311
freq unos=1 ^ freq dos=1 ^ width=1 ^ actividad=1 ^ entropia=1 ^ time entropy=1,freq ceros=1 ^ transitoriedad=1,0.633688,0.407964,0.221160,0.244832
freq ceros=1 ^ freq unos=1 ^ freq dos=1 ^ width=1 ^ actividad=1 ^ entropia=1 ^ time entropy=1,transitoriedad=1,0.629516,0.413159,0.224007,0.248311
freq unos=1 ^ freq dos=1 ^ actividad=1 ^ transitoriedad=1,freq ceros=1 ^ width=1 ^ entropia=1,0.600649,0.450128,0.245845,0.274783
freq unos=1 ^ freq dos=1 ^ actividad=1 ^ transitoriedad=1,freq ceros=1 ^ width=1 ^ entropia=1,0.600649,0.450128,0.245845,0.274783
freq unos=1 ^ entropia=1 ^ transitoriedad=1 ^ time entropy=1,freq ceros=1 ^ width=1,0.577086,0.480760,0.264047,0.297269
freq ceros=1 ^ transitoriedad=1,width=1,0.541933,0.527678,0.302724,0.345719
freq ceros=1 ^ transitoriedad=1,width=1,0.541933,0.527678,0.302724,0.345719
freq unos=1 ^ entropia=1 ^ transitoriedad=1 ^ time entropy=1,freq ceros=1 ^ width=1,0.577086,0.480760,0.264047,0.297269
freq ceros=1 ^ freq dos=1 ^ actividad=1 ^ transitoriedad=1,width=1 ^ entropia=1,0.590563,0.463273,0.256635,0.287991
freq unos=1 ^ freq dos=1 ^ actividad=1 ^ transitoriedad=1,freq ceros=1 ^ width=1 ^ entropia=1,0.600649,0.450128,0.245845,0.274783
freq ceros=1 ^ freq unos=1 ^ freq dos=1 ^ simetria=1 ^ actividad=1,width=1 ^ entropia=1 ^ transitoriedad=1 ^ time entropy=1,0.613969,0.435948,0.231986,0.255869
freq unos=1 ^ freq dos=1 ^ actividad=1 ^ transitoriedad=1,freq ceros=1 ^ width=1 ^ entropia=1,0.600649,0.450128,0.245845,0.274783
freq unos=1 ^ freq dos=1 ^ transitoriedad=1 ^ time entropy=1,freq ceros=1 ^ width=1 ^ entropia=1,0.575005,0.483482,0.263306,0.296366
freq ceros=1 ^ transitoriedad=1,width=1,0.541933,0.527678,0.302724,0.345719
freq ceros=1 ^ entropia=1 ^ transitoriedad=1,width=1,0.535139,0.536936,0.307636,0.351929
actividad=1 ^ time entropy=1,entropia=1,0.511405,0.579989,0.352532,0.399493
actividad=1 ^ time entropy=1,entropia=1,0.511405,0.579989,0.352532,0.399493
freq ceros=1 ^ transitoriedad=1,width=1,0.541933,0.527678,0.302724,0.345719
freq unos=1 ^ freq dos=1 ^ transitoriedad=1 ^ time entropy=1,freq ceros=1 ^ width=1 ^ entropia=1,0.575005,0.483482,0.263306,0.296366
freq ceros=5 ^ freq unos=1 ^ freq dos=1 ^ entropia=1,width=2 ^ simetria=2 ^ actividad=1 ^ transitoriedad=2 ^ time entropy=1,0.589281,0.470953,0.245074,0.269816
freq unos=1 ^ freq dos=1 ^ actividad=1 ^ transitoriedad=1 ^ time entropy=1,freq ceros=1 ^ width=1 ^ entropia=1,0.560856,0.502255,0.273103,0.308530
width=1 ^ simetria=1 ^ actividad=1,entropia=1 ^ transitoriedad=1,0.527248,0.547782,0.293704,0.334339
freq ceros=1 ^ actividad=1 ^ entropia=1 ^ transitoriedad=1,width=1,0.508038,0.574464,0.327436,0.377085
freq unos=1 ^ freq dos=1,entropia=1,0.451997,0.660216,0.392317,0.456137
freq unos=1 ^ freq dos=1,entropia=1,0.451997,0.660216,0.392317,0.456137
freq unos=1 ^ time entropy=1,entropia=1,0.483554,0.619352,0.373225,0.426376
freq ceros=1 ^ width=1 ^ simetria=1 ^ actividad=1,entropia=1 ^ transitoriedad=1,0.527076,0.548012,0.293822,0.334492
freq unos=1 ^ freq dos=1 ^ simetria=1 ^ actividad=1 ^ entropia=1 ^ transitoriedad=1,freq ceros=1 ^ width=1 ^ time entropy=1,0.565589,0.499293,0.266112,0.297488
freq ceros=1 ^ width=1 ^ simetria=1 ^ actividad=1,entropia=1 ^ transitoriedad=1,0.527076,0.548012,0.293822,0.334492
freq ceros=1 ^ freq unos=1 ^ freq dos=1 ^ simetria=1 ^ actividad=1 ^ entropia=1 ^ time entropy=1,transitoriedad=1,0.480021,0.614329,0.328246,0.378120
freq unos=1 ^ freq dos=1 ^ time entropy=1,entropia=1,0.417965,0.710174,0.417348,0.490203
freq unos=1 ^ freq dos=1 ^ actividad=1 ^ time entropy=1,entropia=1,0.379991,0.768074,0.445796,0.529211
entropia=1,width=1,0.431759,0.779027,0.506097,0.516227
simetria=1 ^ transitoriedad=1 ^ time entropy=1,freq ceros=1 ^ width=1 ^ entropia=1,0.463571,0.638343,0.343342,0.397381
freq ceros=5 ^ freq unos=1 ^ freq dos=1 ^ width=2 ^ entropia=1,actividad=1 ^ transitoriedad=2 ^ time entropy=1,0.519226,0.565750,0.294863,0.331097
freq ceros=1 ^ freq unos=1 ^ freq dos=1 ^ simetria=1 ^ actividad=1 ^ time entropy=1,width=1 ^ entropia=1 ^ transitoriedad=1,0.488165,0.602624,0.321880,0.370006
freq ceros=5 ^ simetria=1 ^ time entropy=1,freq dos=1 ^ width=5 ^ actividad=1 ^ entropia=1 ^ transitoriedad=2,0.423833,0.698485,0.351439,0.407477
freq dos=1 ^ simetria=1 ^ actividad=1 ^ transitoriedad=1,freq ceros=1 ^ entropia=1,0.353925,0.810266,0.437406,0.519090
freq unos=1 ^ actividad=1 ^ entropia=1,width=1,0.354586,0.931006,0.554101,0.567114
actividad=1 ^ transitoriedad=1 ^ time entropy=1,freq unos=1 ^ width=1 ^ pasos=1,0.417861,0.821010,0.448337,0.448415
freq ceros=5 ^ freq dos=1 ^ simetria=1,width=5 ^ actividad=1 ^ entropia=1 ^ transitoriedad=2 ^ time entropy=1,0.464013,0.663271,0.333824,0.368682
freq ceros=5 ^ simetria=1 ^ time entropy=1,freq dos=1 ^ width=5 ^ actividad=1 ^ entropia=1 ^ transitoriedad=2,0.423833,0.698485,0.351439,0.407477
freq ceros=5 ^ freq unos=4 ^ actividad=1 ^ entropia=1 ^ time entropy=1,freq dos=1 ^ width=5 ^ simetria=1 ^ transitoriedad=2,0.380545,0.766501,0.385411,0.451499
freq ceros=5 ^ freq unos=4 ^ pasos=1 ^ simetria=1 ^ actividad=1 ^ entropia=1,freq dos=1 ^ width=5 ^ transitoriedad=2 ^ time entropy=1,0.343160,0.828493,0.416658,0.492157
freq unos=4 ^ freq dos=1 ^ pasos=1 ^ entropia=1 ^ time entropy=1,freq ceros=5 ^ width=5 ^ simetria=1 ^ actividad=1 ^ transitoriedad=2,0.354788,0.912349,0.459621,0.479876
freq ceros=5 ^ freq dos=1 ^ simetria=1,width=5 ^ actividad=1 ^ entropia=1 ^ transitoriedad=2,0.450623,0.701307,0.353105,0.381483
freq ceros=5 ^ simetria=1 ^ time entropy=1,freq dos=1 ^ width=5 ^ actividad=1 ^ entropia=1 ^ transitoriedad=2,0.423833,0.698485,0.351439,0.407477
freq ceros=5 ^ freq unos=4 ^ actividad=1 ^ entropia=1 ^ time entropy=1,freq dos=1 ^ width=5 ^ simetria=1 ^ transitoriedad=2,0.380545,0.766501,0.385411,0.451499
freq ceros=5 ^ simetria=1 ^ entropia=1 ^ time entropy=1,freq dos=1 ^ width=5 ^ actividad=1 ^ transitoriedad=2,0.390056,0.828728,0.417657,0.442351
freq ceros=5 ^ pasos=1 ^ simetria=1 ^ time entropy=1,width=5 ^ actividad=1 ^ entropia=1,0.433306,0.710320,0.357699,0.398390
freq ceros=5 ^ simetria=1 ^ time entropy=1,freq dos=1 ^ width=5 ^ actividad=1 ^ entropia=1 ^ transitoriedad=2,0.423833,0.698485,0.351439,0.407477
freq ceros=5 ^ simetria=1 ^ time entropy=1,freq dos=1 ^ width=5 ^ actividad=1 ^ entropia=1 ^ transitoriedad=2,0.423833,0.698485,0.351439,0.407477
freq ceros=5 ^ simetria=1 ^ entropia=1,width=5 ^ actividad=1 ^ transitoriedad=2 ^ time entropy=1,0.443007,0.688884,0.346841,0.388886
freq ceros=5 ^ freq dos=1 ^ pasos=1 ^ simetria=1,width=5 ^ actividad=1 ^ entropia=1 ^ transitoriedad=2 ^ time entropy=1,0.464013,0.663271,0.333824,0.368682
freq ceros=5 ^ freq dos=1 ^ pasos=1 ^ simetria=1,width=5 ^ actividad=1 ^ entropia=1 ^ transitoriedad=2 ^ time entropy=1,0.464013,0.663271,0.333824,0.368682
freq ceros=5 ^ freq unos=1 ^ freq dos=1 ^ width=2 ^ entropia=1,actividad=1 ^ transitoriedad=2 ^ time entropy=1,0.519226,0.565750,0.294863,0.331097
freq ceros=1 ^ freq unos=1 ^ freq dos=1 ^ width=1 ^ actividad=1 ^ entropia=1 ^ time entropy=1,transitoriedad=1,0.629516,0.413159,0.224007,0.248311
freq ceros=1 ^ freq unos=1 ^ freq dos=1 ^ width=1 ^ actividad=1 ^ entropia=1 ^ time entropy=1,transitoriedad=1,0.629516,0.413159,0.224007,0.248311
freq dos=1 ^ actividad=1 ^ transitoriedad=1 ^ time entropy=1,freq ceros=1 ^ width=1 ^ entropia=1,0.615626,0.430887,0.235718,0.262434
freq ceros=1 ^ freq dos=1 ^ transitoriedad=1,width=1 ^ entropia=1,0.611838,0.436090,0.242285,0.270169
freq ceros=1 ^ transitoriedad=1 ^ time entropy=1,width=1 ^ entropia=1,0.593403,0.459624,0.254714,0.285591
freq ceros=1 ^ transitoriedad=1 ^ time entropy=1,width=1 ^ entropia=1,0.593403,0.459624,0.254714,0.285591
freq ceros=1 ^ freq dos=1 ^ transitoriedad=1,width=1 ^ entropia=1,0.611838,0.436090,0.242285,0.270169
freq dos=1 ^ actividad=1 ^ transitoriedad=1 ^ time entropy=1,freq ceros=1 ^ width=1 ^ entropia=1,0.615626,0.430887,0.235718,0.262434
freq ceros=1 ^ freq unos=1 ^ freq dos=1 ^ width=1 ^ actividad=1 ^ entropia=1 ^ time entropy=1,transitoriedad=1,0.629516,0.413159,0.224007,0.248311
freq ceros=1 ^ freq unos=1 ^ freq dos=1 ^ actividad=1 ^ entropia=1 ^ time entropy=1,width=1 ^ transitoriedad=1,0.630556,0.411849,0.223289,0.247442
freq dos=1 ^ actividad=1 ^ transitoriedad=1 ^ time entropy=1,freq ceros=1 ^ width=1 ^ entropia=1,0.615626,0.430887,0.235718,0.262434
freq unos=1 ^ freq dos=1 ^ actividad=1 ^ transitoriedad=1,freq ceros=1 ^ width=1 ^ entropia=1,0.600649,0.450128,0.245845,0.274783
freq ceros=1 ^ freq dos=1 ^ actividad=1 ^ transitoriedad=1,width=1 ^ entropia=1,0.590563,0.463273,0.256635,0.287991
freq dos=1 ^ time entropy=1,entropia=1,0.577100,0.488420,0.302061,0.337404
freq dos=1 ^ time entropy=1,entropia=1,0.577100,0.488420,0.302061,0.337404
freq dos=1 ^ time entropy=1,entropia=1,0.577100,0.488420,0.302061,0.337404
freq ceros=1 ^ freq dos=1 ^ actividad=1 ^ transitoriedad=1,width=1 ^ entropia=1,0.590563,0.463273,0.256635,0.287991
freq unos=1 ^ freq dos=1 ^ actividad=1 ^ transitoriedad=1,freq ceros=1 ^ width=1 ^ entropia=1,0.600649,0.450128,0.245845,0.274783
freq dos=1 ^ actividad=1 ^ transitoriedad=1 ^ time entropy=1,freq ceros=1 ^ width=1 ^ entropia=1,0.615626,0.430887,0.235718,0.262434
freq unos=1 ^ freq dos=1 ^ actividad=1 ^ transitoriedad=1,freq ceros=1 ^ width=1 ^ entropia=1,0.600649,0.450128,0.245845,0.274783
freq unos=1 ^ entropia=1 ^ transitoriedad=1 ^ time entropy=1,freq ceros=1 ^ width=1,0.577086,0.480760,0.264047,0.297269
freq ceros=1 ^ transitoriedad=1,width=1,0.541933,0.527678,0.302724,0.345719
freq ceros=1 ^ entropia=1 ^ transitoriedad=1,width=1,0.535139,0.536936,0.307636,0.351929
actividad=1 ^ time entropy=1,entropia=1,0.511405,0.579989,0.352532,0.399493
freq dos=1 ^ time entropy=1,entropia=1,0.577100,0.488420,0.302061,0.337404
freq ceros=1 ^ freq unos=1 ^ freq dos=1,width=1 ^ entropia=1,0.562922,0.499438,0.275639,0.311735
freq unos=1 ^ freq dos=1 ^ actividad=1 ^ transitoriedad=1,freq ceros=1 ^ width=1 ^ entropia=1,0.600649,0.450128,0.245845,0.274783
freq unos=1 ^ freq dos=1 ^ actividad=1 ^ transitoriedad=1 ^ time entropy=1,freq ceros=1 ^ width=1 ^ entropia=1,0.560856,0.502255,0.273103,0.308530
freq ceros=1 ^ entropia=1 ^ transitoriedad=1,width=1,0.535139,0.536936,0.307636,0.351929
freq ceros=1 ^ actividad=1 ^ entropia=1 ^ transitoriedad=1,width=1,0.508038,0.574464,0.327436,0.377085
freq unos=1 ^ time entropy=1,entropia=1,0.483554,0.619352,0.373225,0.426376
actividad=1 ^ time entropy=1,entropia=1,0.511405,0.579989,0.352532,0.399493
freq ceros=1 ^ entropia=1 ^ transitoriedad=1,width=1,0.535139,0.536936,0.307636,0.351929
freq unos=1 ^ freq dos=1 ^ actividad=1 ^ transitoriedad=1 ^ time entropy=1,freq ceros=1 ^ width=1 ^ entropia=1,0.560856,0.502255,0.273103,0.308530
freq ceros=1 ^ width=1 ^ simetria=1 ^ actividad=1,entropia=1 ^ transitoriedad=1,0.527076,0.548012,0.293822,0.334492
freq dos=1 ^ actividad=1 ^ transitoriedad=1 ^ time entropy=1,freq ceros=1 ^ entropia=1,0.488850,0.601790,0.331426,0.382064
freq unos=1 ^ freq dos=1,entropia=1,0.451997,0.660216,0.392317,0.456137
freq ceros=1,entropia=1,0.483049,0.681325,0.442090,0.453466
freq ceros=1,width=1,0.501372,0.664230,0.415285,0.415285
freq ceros=5 ^ freq unos=1 ^ freq dos=1 ^ width=2 ^ entropia=1,actividad=1 ^ transitoriedad=2 ^ time entropy=1,0.519226,0.565750,0.294863,0.331097
freq unos=1 ^ freq dos=1 ^ simetria=1 ^ actividad=1,width=1 ^ entropia=1 ^ transitoriedad=1,0.493342,0.595234,0.318093,0.365190
freq ceros=5 ^ simetria=1 ^ time entropy=1,freq dos=1 ^ width=5 ^ actividad=1 ^ entropia=1 ^ transitoriedad=2,0.423833,0.698485,0.351439,0.407477
freq ceros=5 ^ simetria=1 ^ time entropy=1,freq dos=1 ^ width=5 ^ actividad=1 ^ entropia=1 ^ transitoriedad=2,0.423833,0.698485,0.351439,0.407477
freq ceros=5 ^ entropia=1,freq dos=1 ^ width=2 ^ transitoriedad=2 ^ time entropy=1,0.445441,0.766462,0.407285,0.407752
freq ceros=5 ^ freq unos=4 ^ freq dos=1,simetria=1 ^ actividad=1 ^ transitoriedad=2,0.515068,0.632048,0.317993,0.322081
freq ceros=5 ^ freq unos=1 ^ freq dos=1 ^ actividad=1,width=2 ^ pasos=1 ^ simetria=2 ^ entropia=1 ^ transitoriedad=2 ^ time entropy=1,0.477434,0.623109,0.325018,0.370502
freq ceros=5 ^ simetria=1 ^ entropia=1,freq dos=1 ^ width=5 ^ actividad=1 ^ time entropy=1,0.428260,0.694256,0.349322,0.403094
freq ceros=5 ^ freq dos=1 ^ pasos=1 ^ simetria=1,width=5 ^ actividad=1 ^ entropia=1 ^ transitoriedad=2,0.450623,0.701307,0.353105,0.381483
freq ceros=5 ^ freq dos=1 ^ pasos=1 ^ simetria=1 ^ entropia=1,width=5 ^ actividad=1 ^ transitoriedad=2 ^ time entropy=1,0.457752,0.684584,0.344636,0.374651
freq ceros=5 ^ freq dos=1 ^ pasos=1 ^ simetria=1,width=5 ^ actividad=1 ^ entropia=1 ^ transitoriedad=2 ^ time entropy=1,0.464013,0.663271,0.333824,0.368682
freq ceros=5 ^ freq dos=1 ^ simetria=1,width=5 ^ actividad=1 ^ entropia=1 ^ transitoriedad=2 ^ time entropy=1,0.464013,0.663271,0.333824,0.368682
freq ceros=5 ^ freq dos=1 ^ simetria=1,width=5 ^ actividad=1 ^ entropia=1 ^ transitoriedad=2 ^ time entropy=1,0.464013,0.663271,0.333824,0.368682
freq ceros=5 ^ freq dos=1 ^ simetria=1,width=5 ^ actividad=1 ^ entropia=1 ^ transitoriedad=2 ^ time entropy=1,0.464013,0.663271,0.333824,0.368682
freq ceros=5 ^ freq dos=1 ^ simetria=1,width=5 ^ actividad=1 ^ entropia=1 ^ transitoriedad=2 ^ time entropy=1,0.464013,0.663271,0.333824,0.368682
freq ceros=5 ^ freq unos=4 ^ freq dos=1 ^ width=5,simetria=1 ^ actividad=1 ^ transitoriedad=2,0.525735,0.611020,0.307375,0.312761
freq ceros=1 ^ freq unos=1 ^ freq dos=1 ^ actividad=1 ^ entropia=1 ^ time entropy=1,width=1 ^ transitoriedad=1,0.630556,0.411849,0.223289,0.247442
freq ceros=1 ^ freq unos=1 ^ freq dos=1 ^ width=1 ^ actividad=1 ^ entropia=1 ^ time entropy=1,transitoriedad=1,0.629516,0.413159,0.224007,0.248311
actividad=1 ^ entropia=1 ^ transitoriedad=1 ^ time entropy=1,freq ceros=1 ^ width=1,0.620388,0.424796,0.234532,0.261014
simetria=2 ^ transitoriedad=2,pasos=1,0.900191,0.102441,0.528799,0.635912
simetria=2 ^ transitoriedad=2,pasos=1,0.900191,0.102441,0.528799,0.635912
simetria=2 ^ transitoriedad=2,pasos=1,0.900191,0.102441,0.528799,0.635912
actividad=1 ^ transitoriedad=1 ^ time entropy=1,freq ceros=1 ^ width=1,0.620925,0.424131,0.234183,0.260576
freq ceros=1 ^ freq unos=1 ^ freq dos=1 ^ actividad=1 ^ entropia=1 ^ time entropy=1,width=1 ^ transitoriedad=1,0.630556,0.411849,0.223289,0.247442
freq ceros=1 ^ freq unos=1 ^ freq dos=1 ^ width=1 ^ actividad=1 ^ time entropy=1,entropia=1 ^ transitoriedad=1,0.640149,0.399814,0.216685,0.239478
freq dos=1 ^ actividad=1 ^ transitoriedad=1 ^ time entropy=1,freq ceros=1 ^ width=1 ^ entropia=1,0.615626,0.430887,0.235718,0.262434
freq ceros=1 ^ freq dos=1 ^ transitoriedad=1,width=1 ^ entropia=1,0.611838,0.436090,0.242285,0.270169
freq ceros=1 ^ transitoriedad=1 ^ time entropy=1,width=1 ^ entropia=1,0.593403,0.459624,0.254714,0.285591
freq dos=1 ^ time entropy=1,entropia=1,0.577100,0.488420,0.302061,0.337404
simetria=2 ^ transitoriedad=2,pasos=1,0.900191,0.102441,0.528799,0.635912
freq dos=1,entropia=1,0.630473,0.436808,0.282934,0.295856
freq ceros=1 ^ freq dos=1 ^ transitoriedad=1,width=1 ^ entropia=1,0.611838,0.436090,0.242285,0.270169
freq ceros=1 ^ freq unos=1 ^ freq dos=1 ^ width=1 ^ actividad=1 ^ entropia=1 ^ time entropy=1,transitoriedad=1,0.629516,0.413159,0.224007,0.248311
freq unos=1 ^ freq dos=1 ^ actividad=1 ^ transitoriedad=1,freq ceros=1 ^ width=1 ^ entropia=1,0.600649,0.450128,0.245845,0.274783
freq ceros=1 ^ actividad=1 ^ transitoriedad=1 ^ time entropy=1,width=1 ^ entropia=1,0.580670,0.476255,0.263495,0.296428
freq dos=1 ^ time entropy=1,entropia=1,0.577100,0.488420,0.302061,0.337404
freq dos=1 ^ time entropy=1,entropia=1,0.577100,0.488420,0.302061,0.337404
freq dos=1 ^ time entropy=1,entropia=1,0.577100,0.488420,0.302061,0.337404
freq dos=1 ^ time entropy=1,entropia=1,0.577100,0.488420,0.302061,0.337404
freq unos=1 ^ freq dos=1 ^ actividad=1 ^ transitoriedad=1,freq ceros=1 ^ width=1 ^ entropia=1,0.600649,0.450128,0.245845,0.274783
freq unos=1 ^ freq dos=1 ^ transitoriedad=1 ^ time entropy=1,freq ceros=1 ^ width=1 ^ entropia=1,0.575005,0.483482,0.263306,0.296366
freq ceros=1 ^ transitoriedad=1,width=1,0.541933,0.527678,0.302724,0.345719
freq ceros=1 ^ transitoriedad=1,width=1,0.541933,0.527678,0.302724,0.345719
actividad=1,entropia=1,0.561348,0.544218,0.352009,0.365370
freq unos=1,entropia=1,0.564062,0.539751,0.349101,0.362498
freq unos=1 ^ freq dos=1 ^ transitoriedad=1 ^ time entropy=1,freq ceros=1 ^ width=1 ^ entropia=1,0.575005,0.483482,0.263306,0.296366
freq unos=1 ^ freq dos=1 ^ actividad=1 ^ entropia=1 ^ transitoriedad=1,freq ceros=1 ^ width=1,0.550423,0.516361,0.282696,0.320417
freq ceros=1 ^ width=1 ^ pasos=1 ^ actividad=1 ^ time entropy=1,transitoriedad=1,0.523704,0.552700,0.296604,0.337967
actividad=1 ^ transitoriedad=1,width=1,0.511780,0.569224,0.324682,0.373575
freq dos=1,actividad=1,0.545991,0.587254,0.368022,0.368080
freq ceros=5 ^ freq unos=1 ^ pasos=1,freq dos=1 ^ width=2 ^ actividad=1 ^ transitoriedad=2 ^ time entropy=1,0.555650,0.571055,0.299548,0.299666
freq ceros=5 ^ freq unos=1 ^ freq dos=1 ^ width=2 ^ entropia=1,actividad=1 ^ transitoriedad=2 ^ time entropy=1,0.519226,0.565750,0.294863,0.331097
freq ceros=5 ^ freq unos=1 ^ freq dos=1 ^ width=2 ^ entropia=1,actividad=1 ^ transitoriedad=2 ^ time entropy=1,0.519226,0.565750,0.294863,0.331097
freq ceros=5 ^ freq unos=4 ^ freq dos=1,simetria=1 ^ actividad=1 ^ transitoriedad=2,0.515068,0.632048,0.317993,0.322081
freq ceros=5 ^ freq unos=4 ^ freq dos=1 ^ width=5,simetria=1 ^ actividad=1 ^ transitoriedad=2,0.525735,0.611020,0.307375,0.312761
freq ceros=5 ^ freq unos=1 ^ freq dos=1 ^ width=2 ^ entropia=1,actividad=1 ^ transitoriedad=2 ^ time entropy=1,0.519226,0.565750,0.294863,0.331097
freq ceros=5 ^ freq unos=4 ^ freq dos=1 ^ width=5,simetria=1 ^ actividad=1 ^ transitoriedad=2,0.525735,0.611020,0.307375,0.312761
freq ceros=5 ^ freq unos=4 ^ freq dos=1,simetria=1 ^ actividad=1 ^ transitoriedad=2,0.515068,0.632048,0.317993,0.322081
freq ceros=5 ^ freq unos=4 ^ freq dos=1 ^ width=5,simetria=1 ^ actividad=1 ^ transitoriedad=2,0.525735,0.611020,0.307375,0.312761
freq ceros=5 ^ freq unos=4 ^ freq dos=1 ^ width=5,simetria=1 ^ actividad=1 ^ transitoriedad=2,0.525735,0.611020,0.307375,0.312761
freq ceros=5 ^ freq unos=4 ^ freq dos=1 ^ time entropy=1,simetria=1 ^ actividad=1 ^ transitoriedad=2,0.573632,0.514140,0.258476,0.272485
freq ceros=1 ^ freq unos=1 ^ freq dos=1 ^ actividad=1 ^ time entropy=1,width=1 ^ entropia=1 ^ transitoriedad=1,0.640197,0.399754,0.216653,0.239439
transitoriedad=1 ^ time entropy=1,freq ceros=1 ^ width=1,0.634520,0.406975,0.225077,0.249524
simetria=2 ^ transitoriedad=2,pasos=1,0.900191,0.102441,0.528799,0.635912
simetria=2 ^ transitoriedad=2,pasos=1,0.900191,0.102441,0.528799,0.635912
simetria=2 ^ transitoriedad=2,pasos=1,0.900191,0.102441,0.528799,0.635912
simetria=2,pasos=1,0.934941,0.066687,0.566456,0.609919
freq unos=1 ^ actividad=1 ^ entropia=1 ^ transitoriedad=1,freq ceros=1 ^ width=1,0.650610,0.387050,0.214492,0.236650
freq unos=1 ^ actividad=1 ^ transitoriedad=1,freq ceros=1 ^ width=1,0.651827,0.385595,0.213725,0.235688
entropia=1 ^ transitoriedad=1 ^ time entropy=1,freq ceros=1 ^ width=1,0.633987,0.407623,0.225418,0.249952
entropia=1 ^ transitoriedad=1 ^ time entropy=1,freq ceros=1 ^ width=1,0.633987,0.407623,0.225418,0.249952
freq ceros=1 ^ freq unos=1 ^ transitoriedad=1,width=1 ^ entropia=1,0.631110,0.412245,0.229705,0.254387
simetria=2 ^ transitoriedad=2,pasos=1,0.900191,0.102441,0.528799,0.635912
simetria=2 ^ transitoriedad=2,pasos=1,0.900191,0.102441,0.528799,0.635912
time entropy=1,entropia=1,0.643532,0.414538,0.266955,0.282069
freq unos=1 ^ actividad=1 ^ entropia=1 ^ transitoriedad=1,freq ceros=1 ^ width=1,0.650610,0.387050,0.214492,0.236650
actividad=1 ^ entropia=1 ^ transitoriedad=1 ^ time entropy=1,freq ceros=1 ^ width=1,0.620388,0.424796,0.234532,0.261014
freq ceros=1 ^ freq dos=1 ^ transitoriedad=1,width=1 ^ entropia=1,0.611838,0.436090,0.242285,0.270169
time entropy=1,entropia=1,0.643532,0.414538,0.266955,0.282069
freq dos=1,entropia=1,0.630473,0.436808,0.282934,0.295856
freq dos=1,entropia=1,0.630473,0.436808,0.282934,0.295856
time entropy=1,entropia=1,0.643532,0.414538,0.266955,0.282069
freq unos=1 ^ freq dos=1 ^ actividad=1 ^ transitoriedad=1,freq ceros=1 ^ width=1 ^ entropia=1,0.600649,0.450128,0.245845,0.274783
freq ceros=1 ^ freq dos=1 ^ actividad=1 ^ transitoriedad=1,width=1 ^ entropia=1,0.590563,0.463273,0.256635,0.287991
freq dos=1 ^ time entropy=1,entropia=1,0.577100,0.488420,0.302061,0.337404
freq dos=1,entropia=1,0.630473,0.436808,0.282934,0.295856
actividad=1 ^ time entropy=1,freq dos=1 ^ entropia=1,0.618633,0.460883,0.274666,0.281637
freq unos=1 ^ freq dos=1 ^ simetria=1 ^ entropia=1 ^ transitoriedad=1,freq ceros=1 ^ width=1 ^ time entropy=1,0.581980,0.477563,0.254877,0.283672
freq ceros=5 ^ freq unos=1 ^ freq dos=1 ^ width=2 ^ entropia=1,simetria=2 ^ actividad=1 ^ transitoriedad=2 ^ time entropy=1,0.570392,0.495945,0.258180,0.285776
freq ceros=5 ^ freq unos=4 ^ freq dos=1 ^ time entropy=1,simetria=1 ^ actividad=1 ^ transitoriedad=2,0.573632,0.514140,0.258476,0.272485
freq ceros=5 ^ freq unos=4 ^ pasos=1 ^ simetria=1,freq dos=1 ^ width=5 ^ actividad=1 ^ transitoriedad=2,0.597160,0.498191,0.250509,0.253666
freq ceros=5 ^ freq unos=1 ^ freq dos=1 ^ width=2 ^ entropia=1,simetria=2 ^ actividad=1 ^ transitoriedad=2 ^ time entropy=1,0.570392,0.495945,0.258180,0.285776
freq ceros=5 ^ freq unos=4 ^ freq dos=1 ^ time entropy=1,simetria=1 ^ actividad=1 ^ transitoriedad=2,0.573632,0.514140,0.258476,0.272485
freq ceros=5 ^ freq unos=4 ^ freq dos=1,simetria=1 ^ actividad=1 ^ entropia=1 ^ transitoriedad=2,0.574812,0.538877,0.271020,0.271580
freq ceros=5 ^ freq unos=4 ^ freq dos=1 ^ width=5 ^ entropia=1,simetria=1 ^ actividad=1 ^ transitoriedad=2,0.574039,0.512892,0.257844,0.272150
freq ceros=5 ^ freq unos=4 ^ freq dos=1,simetria=1 ^ actividad=1 ^ entropia=1 ^ transitoriedad=2,0.574812,0.538877,0.271020,0.271580
freq ceros=5 ^ freq unos=4 ^ freq dos=1 ^ width=5 ^ entropia=1,simetria=1 ^ actividad=1 ^ transitoriedad=2,0.574039,0.512892,0.257844,0.272150
freq ceros=1 ^ freq unos=1 ^ freq dos=1 ^ actividad=1,transitoriedad=1,0.674318,0.357662,0.194751,0.213278
freq unos=1 ^ entropia=1 ^ transitoriedad=1,freq ceros=1 ^ width=1,0.674873,0.357443,0.198690,0.217618
transitoriedad=2,pasos=1,0.919896,0.081783,0.483786,0.578402
transitoriedad=2,pasos=1,0.919896,0.081783,0.483786,0.578402
simetria=2,pasos=1,0.934941,0.066687,0.566456,0.609919
simetria=2,pasos=1 ^ transitoriedad=2,0.925512,0.077071,0.402613,0.413313
freq unos=1 ^ entropia=1 ^ transitoriedad=1,freq ceros=1 ^ width=1,0.674873,0.357443,0.198690,0.217618
freq unos=1 ^ actividad=1 ^ transitoriedad=1,freq ceros=1 ^ width=1,0.651827,0.385595,0.213725,0.235688
actividad=1 ^ transitoriedad=1,freq ceros=1 ^ entropia=1,0.655623,0.382610,0.216099,0.237220
transitoriedad=2,pasos=1,0.919896,0.081783,0.483786,0.578402
simetria=2,pasos=1 ^ transitoriedad=2,0.925512,0.077071,0.402613,0.413313
freq dos=1,entropia=1 ^ time entropy=1,0.697774,0.354081,0.219558,0.220980
freq unos=1 ^ entropia=1 ^ transitoriedad=1,freq ceros=1 ^ width=1,0.674873,0.357443,0.198690,0.217618
freq unos=1 ^ actividad=1 ^ entropia=1 ^ transitoriedad=1,freq ceros=1 ^ width=1,0.650610,0.387050,0.214492,0.236650
actividad=1 ^ transitoriedad=1,freq ceros=1 ^ entropia=1,0.655623,0.382610,0.216099,0.237220
actividad=1 ^ transitoriedad=1,freq ceros=1 ^ entropia=1,0.655623,0.382610,0.216099,0.237220
time entropy=1,freq dos=1,0.683978,0.375233,0.235145,0.235216
time entropy=1,freq dos=1,0.683978,0.375233,0.235145,0.235216
freq ceros=1 ^ freq unos=1 ^ freq dos=1 ^ width=1 ^ actividad=1 ^ time entropy=1,entropia=1 ^ transitoriedad=1,0.640149,0.399814,0.216685,0.239478
transitoriedad=1 ^ time entropy=1,freq ceros=1 ^ width=1,0.634520,0.406975,0.225077,0.249524
width=1 ^ actividad=1,freq ceros=1 ^ entropia=1,0.652013,0.389348,0.220197,0.240400
freq ceros=1 ^ actividad=1 ^ transitoriedad=1,freq dos=1 ^ width=1,0.663785,0.403254,0.225425,0.225973
freq ceros=5 ^ freq dos=1 ^ width=2 ^ entropia=1,simetria=2 ^ actividad=1 ^ transitoriedad=2 ^ time entropy=1,0.614753,0.439655,0.229506,0.249839
freq ceros=5 ^ freq unos=4 ^ freq dos=1 ^ entropia=1 ^ time entropy=1,width=5 ^ simetria=1 ^ actividad=1 ^ transitoriedad=2,0.628975,0.438577,0.220448,0.229005
freq unos=4 ^ simetria=1,freq ceros=5 ^ width=5 ^ actividad=1 ^ entropia=1 ^ transitoriedad=2,0.637001,0.442293,0.222363,0.222969
freq ceros=5 ^ freq unos=4 ^ freq dos=1 ^ time entropy=1,width=5 ^ simetria=1 ^ actividad=1 ^ transitoriedad=2,0.628416,0.439888,0.221110,0.229432
freq ceros=5 ^ freq unos=4 ^ freq dos=1,width=5 ^ simetria=1 ^ actividad=1 ^ entropia=1 ^ transitoriedad=2,0.623377,0.463906,0.233250,0.233298
freq ceros=5 ^ freq unos=4 ^ freq dos=1 ^ width=5,simetria=1 ^ actividad=1 ^ entropia=1 ^ transitoriedad=2 ^ time entropy=1,0.622650,0.464796,0.233698,0.233853
transitoriedad=1 ^ time entropy=1,freq ceros=1 ^ width=1 ^ entropia=1,0.691387,0.337329,0.186088,0.202810
freq ceros=1 ^ actividad=1 ^ transitoriedad=1,width=1 ^ entropia=1,0.708868,0.317547,0.178811,0.193427
simetria=2,pasos=1 ^ transitoriedad=2,0.925512,0.077071,0.402613,0.413313
simetria=2,pasos=1 ^ transitoriedad=2,0.925512,0.077071,0.402613,0.413313
simetria=2,transitoriedad=2,0.925596,0.076981,0.402382,0.413035
freq ceros=1 ^ actividad=1 ^ transitoriedad=1,width=1 ^ entropia=1,0.708868,0.317547,0.178811,0.193427
transitoriedad=1 ^ time entropy=1,freq ceros=1 ^ width=1 ^ entropia=1,0.691387,0.337329,0.186088,0.202810
freq ceros=1 ^ actividad=1 ^ transitoriedad=1,width=1 ^ entropia=1,0.708868,0.317547,0.178811,0.193427
pasos=1 ^ simetria=2,transitoriedad=2,0.934394,0.067676,0.340773,0.346305
transitoriedad=2,pasos=1 ^ simetria=2,0.934394,0.067676,0.340773,0.346305
time entropy=1,freq dos=1 ^ entropia=1,0.713270,0.333417,0.206205,0.207153
transitoriedad=1 ^ time entropy=1,freq ceros=1 ^ width=1 ^ entropia=1,0.691387,0.337329,0.186088,0.202810
freq ceros=1 ^ actividad=1 ^ transitoriedad=1,width=1 ^ entropia=1,0.708868,0.317547,0.178811,0.193427
time entropy=1,freq dos=1 ^ entropia=1,0.713270,0.333417,0.206205,0.207153
time entropy=1,freq dos=1 ^ entropia=1,0.713270,0.333417,0.206205,0.207153
freq unos=1 ^ freq dos=1 ^ width=1 ^ actividad=1 ^ entropia=1,freq ceros=1 ^ transitoriedad=1,0.678631,0.352556,0.191949,0.209865
freq unos=1 ^ freq dos=1 ^ width=1 ^ actividad=1,entropia=1 ^ transitoriedad=1,0.686061,0.343423,0.186926,0.204029
freq ceros=5 ^ freq dos=1 ^ simetria=2 ^ entropia=1,freq unos=1 ^ width=2 ^ actividad=1 ^ transitoriedad=2 ^ time entropy=1,0.698059,0.353181,0.183970,0.185289
freq ceros=5 ^ freq unos=4 ^ simetria=1 ^ entropia=1 ^ time entropy=1,freq dos=1 ^ width=5 ^ actividad=1 ^ transitoriedad=2,0.664903,0.378827,0.190353,0.202322
freq unos=4 ^ simetria=1 ^ entropia=1 ^ time entropy=1,freq ceros=5 ^ freq dos=1 ^ width=5 ^ actividad=1 ^ transitoriedad=2,0.665628,0.378132,0.190004,0.201796
freq ceros=5 ^ freq unos=4 ^ simetria=1 ^ time entropy=1,freq dos=1 ^ width=5 ^ actividad=1 ^ transitoriedad=2,0.662279,0.383836,0.192878,0.204233
freq unos=1 ^ transitoriedad=1,freq ceros=1 ^ width=1 ^ entropia=1,0.733903,0.288053,0.159791,0.171360
pasos=1 ^ simetria=2,transitoriedad=2,0.934394,0.067676,0.340773,0.346305
pasos=1 ^ simetria=2,transitoriedad=2,0.934394,0.067676,0.340773,0.346305
pasos=1 ^ simetria=2,transitoriedad=2,0.934394,0.067676,0.340773,0.346305
pasos=1 ^ simetria=2,transitoriedad=2,0.934394,0.067676,0.340773,0.346305
freq unos=1 ^ transitoriedad=1,freq ceros=1 ^ width=1 ^ entropia=1,0.733903,0.288053,0.159791,0.171360
actividad=1 ^ entropia=1 ^ transitoriedad=1,freq ceros=1 ^ width=1,0.759727,0.256961,0.144258,0.154389
actividad=1 ^ entropia=1 ^ transitoriedad=1,freq ceros=1 ^ width=1,0.759727,0.256961,0.144258,0.154389
actividad=1 ^ entropia=1 ^ transitoriedad=1,freq ceros=1 ^ width=1,0.759727,0.256961,0.144258,0.154389
freq unos=1 ^ transitoriedad=1,freq ceros=1 ^ width=1 ^ entropia=1,0.733903,0.288053,0.159791,0.171360
freq ceros=1 ^ transitoriedad=1,width=1 ^ entropia=1,0.742768,0.279025,0.158052,0.168362
actividad=1 ^ transitoriedad=1,freq ceros=1 ^ freq unos=1 ^ width=1,0.756809,0.276739,0.153953,0.154023
freq ceros=5 ^ freq unos=4 ^ freq dos=1 ^ simetria=1,width=5 ^ actividad=1 ^ entropia=1 ^ transitoriedad=2,0.736933,0.291515,0.146461,0.152211
freq ceros=5 ^ freq unos=4 ^ freq dos=1 ^ entropia=1,width=5 ^ simetria=1 ^ actividad=1 ^ transitoriedad=2 ^ time entropy=1,0.739356,0.296540,0.149009,0.150605
freq ceros=5 ^ freq unos=4 ^ freq dos=1 ^ time entropy=1,width=5 ^ simetria=1 ^ actividad=1 ^ entropia=1 ^ transitoriedad=2,0.715938,0.326434,0.164042,0.166391
freq ceros=1 ^ freq dos=1 ^ width=1 ^ actividad=1,transitoriedad=1,0.773417,0.241117,0.132525,0.141219
entropia=1 ^ transitoriedad=1,freq ceros=1 ^ width=1,0.799197,0.212504,0.119900,0.126702
pasos=1 ^ simetria=2,transitoriedad=2,0.934394,0.067676,0.340773,0.346305
entropia=1 ^ transitoriedad=1,freq ceros=1 ^ width=1,0.799197,0.212504,0.119900,0.126702
freq dos=1 ^ width=1 ^ actividad=1 ^ entropia=1,freq ceros=1 ^ transitoriedad=1,0.777317,0.236927,0.130211,0.138445
entropia=1 ^ transitoriedad=1,freq ceros=1 ^ width=1,0.799197,0.212504,0.119900,0.126702
entropia=1 ^ transitoriedad=1,freq ceros=1 ^ width=1,0.799197,0.212504,0.119900,0.126702
freq ceros=1 ^ freq dos=1 ^ width=1 ^ actividad=1,transitoriedad=1,0.773417,0.241117,0.132525,0.141219
freq unos=4 ^ freq dos=1 ^ simetria=1 ^ time entropy=1,freq ceros=5 ^ width=5 ^ actividad=1 ^ entropia=1 ^ transitoriedad=2,0.784717,0.234736,0.117923,0.121210
freq ceros=5 ^ freq unos=4 ^ freq dos=1 ^ simetria=1 ^ entropia=1,width=5 ^ pasos=1 ^ actividad=1 ^ transitoriedad=2 ^ time entropy=1,0.753439,0.271190,0.136243,0.141310
actividad=1 ^ transitoriedad=1,freq ceros=1 ^ width=1 ^ entropia=1,0.824659,0.184916,0.103613,0.108167
actividad=1 ^ transitoriedad=1,freq ceros=1 ^ width=1 ^ entropia=1,0.824659,0.184916,0.103613,0.108167
actividad=1 ^ transitoriedad=1,freq ceros=1 ^ width=1 ^ entropia=1,0.824659,0.184916,0.103613,0.108167
actividad=1 ^ transitoriedad=1,freq ceros=1 ^ width=1 ^ entropia=1,0.824659,0.184916,0.103613,0.108167
freq ceros=1 ^ actividad=1,width=1 ^ entropia=1 ^ transitoriedad=1,0.838627,0.174307,0.097995,0.098763
freq ceros=5 ^ width=2 ^ entropia=1,freq unos=1 ^ freq dos=1 ^ actividad=1 ^ transitoriedad=2 ^ time entropy=1,0.802563,0.216970,0.112647,0.113771
transitoriedad=1,freq ceros=1 ^ width=1 ^ entropia=1,0.859293,0.148279,0.083614,0.085561
transitoriedad=1,freq ceros=1 ^ width=1 ^ entropia=1,0.859293,0.148279,0.083614,0.085561
transitoriedad=1,freq ceros=1 ^ width=1 ^ entropia=1,0.859293,0.148279,0.083614,0.085561
width=1 ^ actividad=1 ^ entropia=1,transitoriedad=1,0.930452,0.070925,0.039573,0.040275
