antecedente,consecuente,jaccard,cosine,phi,kappa
freq ceros=1 ^ entropia=1 ^ transitoriedad=1,freq unos=1 ^ freq dos=1 ^ width=1 ^ actividad=1 ^ time entropy=1,0.641732,0.397890,0.215634,0.238175
entropia=1 ^ transitoriedad=1,freq unos=1 ^ freq dos=1 ^ width=1 ^ actividad=1 ^ time entropy=1,0.640270,0.399663,0.216606,0.239383
entropia=1 ^ transitoriedad=1,freq unos=1 ^ freq dos=1 ^ width=1 ^ actividad=1 ^ time entropy=1,0.640270,0.399663,0.216606,0.239383
freq ceros=1 ^ transitoriedad=1,freq unos=1 ^ freq dos=1 ^ width=1 ^ actividad=1 ^ entropia=1 ^ time entropy=1,0.633688,0.407964,0.221160,0.244832
transitoriedad=1,freq unos=1 ^ freq dos=1 ^ width=1 ^ actividad=1 ^ entropia=1 ^ time entropy=1,0.629635,0.413009,0.223929,0.248216
transitoriedad=1,freq unos=1 ^ freq dos=1 ^ width=1 ^ actividad=1 ^ entropia=1 ^ time entropy=1,0.629635,0.413009,0.223929,0.248216
transitoriedad=1,freq unos=1 ^ freq dos=1 ^ width=1 ^ actividad=1 ^ entropia=1 ^ time entropy=1,0.629635,0.413009,0.223929,0.248216
transitoriedad=1,freq unos=1 ^ freq dos=1 ^ width=1 ^ actividad=1 ^ entropia=1 ^ time entropy=1,0.629635,0.413009,0.223929,0.248216
transitoriedad=1,freq unos=1 ^ freq dos=1 ^ width=1 ^ actividad=1 ^ entropia=1 ^ time entropy=1,0.629635,0.413009,0.223929,0.248216
freq ceros=1 ^ transitoriedad=1,freq unos=1 ^ freq dos=1 ^ width=1 ^ actividad=1 ^ entropia=1 ^ time entropy=1,0.633688,0.407964,0.221160,0.244832
entropia=1 ^ transitoriedad=1,freq unos=1 ^ freq dos=1 ^ width=1 ^ actividad=1 ^ time entropy=1,0.640270,0.399663,0.216606,0.239383
freq ceros=1 ^ entropia=1 ^ transitoriedad=1,freq unos=1 ^ freq dos=1 ^ width=1 ^ actividad=1 ^ time entropy=1,0.641732,0.397890,0.215634,0.238175
freq ceros=1 ^ entropia=1 ^ transitoriedad=1,freq unos=1 ^ freq dos=1 ^ width=1 ^ actividad=1 ^ time entropy=1,0.641732,0.397890,0.215634,0.238175
entropia=1 ^ transitoriedad=1,freq unos=1 ^ freq dos=1 ^ width=1 ^ actividad=1 ^ time entropy=1,0.640270,0.399663,0.216606,0.239383
transitoriedad=1,freq unos=1 ^ freq dos=1 ^ width=1 ^ actividad=1 ^ entropia=1 ^ time entropy=1,0.629635,0.413009,0.223929,0.248216
transitoriedad=1,freq unos=1 ^ freq dos=1 ^ width=1 ^ actividad=1 ^ entropia=1 ^ time entropy=1,0.629635,0.413009,0.223929,0.248216
freq ceros=1 ^ freq unos=1 ^ freq dos=1 ^ simetria=1 ^ actividad=1 ^ entropia=1,width=1 ^ transitoriedad=1 ^ time entropy=1,0.613387,0.436694,0.232387,0.256353
freq unos=1 ^ freq dos=1 ^ actividad=1 ^ transitoriedad=1,freq ceros=1 ^ width=1 ^ entropia=1,0.600649,0.450128,0.245845,0.274783
freq unos=1 ^ freq dos=1 ^ actividad=1 ^ transitoriedad=1,freq ceros=1 ^ width=1 ^ entropia=1,0.600649,0.450128,0.245845,0.274783
freq unos=1 ^ freq dos=1 ^ actividad=1 ^ transitoriedad=1,freq ceros=1 ^ width=1 ^ entropia=1,0.600649,0.450128,0.245845,0.274783
freq unos=1 ^ freq dos=1 ^ actividad=1 ^ transitoriedad=1,freq ceros=1 ^ width=1 ^ entropia=1,0.600649,0.450128,0.245845,0.274783
freq ceros=1 ^ freq unos=1 ^ freq dos=1 ^ simetria=1 ^ actividad=1 ^ entropia=1,width=1 ^ transitoriedad=1 ^ time entropy=1,0.613387,0.436694,0.232387,0.256353
transitoriedad=1,freq unos=1 ^ freq dos=1 ^ width=1 ^ actividad=1 ^ entropia=1 ^ time entropy=1,0.629635,0.413009,0.223929,0.248216
freq ceros=1 ^ transitoriedad=1,freq unos=1 ^ freq dos=1 ^ width=1 ^ actividad=1 ^ entropia=1 ^ time entropy=1,0.633688,0.407964,0.221160,0.244832
entropia=1 ^ transitoriedad=1,freq unos=1 ^ freq dos=1 ^ width=1 ^ actividad=1 ^ time entropy=1,0.640270,0.399663,0.216606,0.239383
transitoriedad=1,freq unos=1 ^ freq dos=1 ^ width=1 ^ actividad=1 ^ entropia=1 ^ time entropy=1,0.629635,0.413009,0.223929,0.248216
freq ceros=1 ^ freq unos=1 ^ freq dos=1 ^ width=1 ^ simetria=1 ^ actividad=1,entropia=1 ^ transitoriedad=1 ^ time entropy=1,0.613969,0.435948,0.231986,0.255869
freq unos=1 ^ freq dos=1 ^ actividad=1 ^ transitoriedad=1,freq ceros=1 ^ width=1 ^ entropia=1,0.600649,0.450128,0.245845,0.274783
freq unos=1 ^ freq dos=1 ^ transitoriedad=1 ^ time entropy=1,freq ceros=1 ^ width=1 ^ entropia=1,0.575005,0.483482,0.263306,0.296366
freq unos=1 ^ freq dos=1 ^ actividad=1 ^ transitoriedad=1 ^ time entropy=1,freq ceros=1 ^ width=1 ^ entropia=1,0.560856,0.502255,0.273103,0.308530
freq unos=1 ^ freq dos=1 ^ actividad=1 ^ transitoriedad=1,freq ceros=1 ^ width=1,0.550423,0.516361,0.282696,0.320417
freq unos=1 ^ freq dos=1 ^ actividad=1 ^ transitoriedad=1 ^ time entropy=1,freq ceros=1 ^ width=1 ^ entropia=1,0.560856,0.502255,0.273103,0.308530
freq unos=1 ^ freq dos=1 ^ transitoriedad=1 ^ time entropy=1,freq ceros=1 ^ width=1 ^ entropia=1,0.575005,0.483482,0.263306,0.296366
freq ceros=5 ^ freq unos=1 ^ freq dos=1 ^ entropia=1 ^ transitoriedad=2,width=2 ^ simetria=2 ^ actividad=1 ^ time entropy=1,0.589281,0.470953,0.245074,0.269816
freq ceros=1 ^ freq unos=1 ^ freq dos=1 ^ simetria=1 ^ actividad=1 ^ entropia=1,width=1 ^ transitoriedad=1 ^ time entropy=1,0.613387,0.436694,0.232387,0.256353
transitoriedad=1,freq unos=1 ^ freq dos=1 ^ width=1 ^ actividad=1 ^ entropia=1 ^ time entropy=1,0.629635,0.413009,0.223929,0.248216
freq ceros=1 ^ freq unos=1 ^ freq dos=1 ^ width=1 ^ simetria=1 ^ actividad=1,transitoriedad=1 ^ time entropy=1,0.613387,0.436694,0.232387,0.256353
freq unos=1 ^ freq dos=1 ^ transitoriedad=1 ^ time entropy=1,freq ceros=1 ^ width=1 ^ entropia=1,0.575005,0.483482,0.263306,0.296366
freq unos=1 ^ freq dos=1 ^ actividad=1 ^ transitoriedad=1 ^ time entropy=1,freq ceros=1 ^ width=1 ^ entropia=1,0.560856,0.502255,0.273103,0.308530
freq ceros=1 ^ width=1 ^ simetria=1 ^ actividad=1 ^ entropia=1,transitoriedad=1,0.518331,0.560096,0.300409,0.342797
freq ceros=1 ^ entropia=1,freq dos=1 ^ actividad=1 ^ transitoriedad=1 ^ time entropy=1,0.488850,0.601790,0.331426,0.382064
freq unos=1 ^ freq dos=1 ^ width=1 ^ actividad=1 ^ transitoriedad=1,freq ceros=1 ^ entropia=1,0.476963,0.618936,0.340288,0.393369
freq ceros=1 ^ freq dos=1 ^ simetria=1 ^ actividad=1,width=1 ^ entropia=1 ^ transitoriedad=1,0.508781,0.573422,0.306898,0.350995
width=1 ^ simetria=1 ^ actividad=1,freq ceros=1 ^ entropia=1 ^ transitoriedad=1,0.528345,0.546386,0.292944,0.333300
freq ceros=5 ^ freq unos=1 ^ freq dos=1 ^ entropia=1 ^ transitoriedad=2,width=2 ^ actividad=1 ^ time entropy=1,0.589249,0.470994,0.245096,0.269842
freq ceros=5 ^ freq unos=1 ^ freq dos=1 ^ entropia=1 ^ transitoriedad=2,width=2 ^ simetria=2 ^ actividad=1 ^ time entropy=1,0.589281,0.470953,0.245074,0.269816
freq unos=1 ^ freq dos=1 ^ transitoriedad=1 ^ time entropy=1,freq ceros=1 ^ width=1 ^ entropia=1,0.575005,0.483482,0.263306,0.296366
width=1 ^ simetria=1 ^ actividad=1,entropia=1 ^ transitoriedad=1,0.527248,0.547782,0.293704,0.334339
freq unos=1 ^ freq dos=1 ^ simetria=1 ^ actividad=1 ^ entropia=1,width=1 ^ transitoriedad=1,0.485913,0.605851,0.323870,0.372540
entropia=1,freq unos=1 ^ freq dos=1 ^ actividad=1,0.399233,0.737702,0.430654,0.509128
transitoriedad=2,width=2 ^ pasos=1,0.286189,0.930131,0.795462,0.919577
pasos=1,freq dos=1,0.174520,1.216649,1.333928,1.060864
freq unos=1 ^ freq dos=1 ^ actividad=1 ^ transitoriedad=2 ^ sensitividad=1 ^ time entropy=1,freq ceros=5 ^ width=2 ^ simetria=2 ^ entropia=1,0.477808,0.620098,0.317406,0.362603
freq ceros=1 ^ width=1 ^ simetria=1 ^ actividad=1,entropia=1 ^ transitoriedad=1,0.527076,0.548012,0.293822,0.334492
simetria=2 ^ actividad=1 ^ transitoriedad=2 ^ time entropy=1,freq ceros=5 ^ freq unos=1 ^ freq dos=1 ^ width=2 ^ entropia=1,0.570392,0.495945,0.258180,0.285776
width=1 ^ simetria=1 ^ actividad=1,entropia=1 ^ transitoriedad=1,0.527248,0.547782,0.293704,0.334339
freq unos=1 ^ freq dos=1 ^ actividad=1 ^ transitoriedad=2 ^ sensitividad=1 ^ time entropy=1,freq ceros=5 ^ width=2 ^ pasos=1 ^ entropia=1,0.477808,0.620098,0.317406,0.362603
freq unos=1 ^ freq dos=1 ^ width=1 ^ pasos=1 ^ actividad=1 ^ entropia=1 ^ time entropy=1,freq ceros=1 ^ transitoriedad=1,0.398407,0.737698,0.390767,0.458549
entropia=1,freq unos=1 ^ freq dos=1 ^ actividad=1 ^ transitoriedad=1,0.269346,0.962030,0.540406,0.651219
entropia=2,pasos=1,0.130587,1.277349,0.931586,0.990604
pasos=1,freq dos=1 ^ width=1 ^ actividad=1,0.055117,1.615836,1.552092,1.060715
freq unos=1 ^ freq dos=1 ^ actividad=1 ^ entropia=1 ^ transitoriedad=2 ^ sensitividad=1,freq ceros=5 ^ width=2 ^ simetria=2,0.438730,0.675344,0.345909,0.400669
actividad=1 ^ transitoriedad=2 ^ time entropy=1,freq ceros=5 ^ freq unos=1 ^ freq dos=1 ^ width=2 ^ entropia=1,0.519226,0.565750,0.294863,0.331097
freq unos=1 ^ freq dos=1 ^ actividad=1 ^ transitoriedad=2 ^ sensitividad=1 ^ time entropy=1,freq ceros=5 ^ width=2 ^ pasos=1 ^ entropia=1,0.477808,0.620098,0.317406,0.362603
freq unos=1 ^ freq dos=1 ^ actividad=1 ^ entropia=1 ^ transitoriedad=2 ^ sensitividad=1 ^ time entropy=1,freq ceros=5 ^ width=2 ^ pasos=1 ^ simetria=2,0.434788,0.681231,0.348868,0.404521
width=1 ^ entropia=1 ^ transitoriedad=1,freq unos=1 ^ pasos=2 ^ actividad=1,0.280133,0.941449,0.492256,0.590072
freq ceros=1 ^ actividad=1 ^ entropia=1,freq unos=1 ^ pasos=2 ^ simetria=1 ^ transitoriedad=1 ^ sensitividad=1,0.112377,1.329902,0.682300,0.816440
freq ceros=1 ^ actividad=1 ^ transitoriedad=1 ^ sensitividad=3,simetria=2,0.002475,1.950716,1.248359,1.014034
freq unos=1 ^ freq dos=1 ^ actividad=1 ^ transitoriedad=2 ^ sensitividad=1 ^ time entropy=1,freq ceros=5 ^ simetria=2 ^ entropia=1,0.411318,0.720012,0.368958,0.428566
freq unos=1 ^ freq dos=1 ^ actividad=1 ^ transitoriedad=2 ^ sensitividad=1 ^ time entropy=1,freq ceros=5 ^ width=2 ^ simetria=2 ^ entropia=1,0.477808,0.620098,0.317406,0.362603
freq unos=1 ^ freq dos=1 ^ actividad=1 ^ entropia=1 ^ transitoriedad=2 ^ sensitividad=1,freq ceros=5 ^ width=2 ^ simetria=2,0.438730,0.675344,0.345909,0.400669
freq ceros=5 ^ time entropy=1,freq unos=1 ^ freq dos=1 ^ width=2 ^ actividad=1 ^ entropia=1 ^ sensitividad=1,0.352278,0.816509,0.418957,0.492751
freq ceros=1 ^ freq dos=1 ^ simetria=2 ^ actividad=1 ^ entropia=1 ^ transitoriedad=2,freq unos=5 ^ time entropy=1,0.242621,1.038602,0.522267,0.613095
freq ceros=1 ^ freq dos=1 ^ actividad=1 ^ transitoriedad=2 ^ sensitividad=1,freq unos=5 ^ simetria=2 ^ entropia=1 ^ time entropy=1,0.199925,1.159631,0.582216,0.669467
freq ceros=1 ^ freq dos=1 ^ actividad=1 ^ transitoriedad=2,freq unos=5 ^ simetria=2 ^ entropia=1 ^ time entropy=1,0.320699,0.916786,0.460945,0.517321
freq unos=1 ^ freq dos=1 ^ actividad=1 ^ entropia=1 ^ transitoriedad=2 ^ sensitividad=1,freq ceros=5 ^ width=2 ^ simetria=2,0.438730,0.675344,0.345909,0.400669
freq unos=1 ^ freq dos=1 ^ actividad=1 ^ entropia=1 ^ transitoriedad=2 ^ sensitividad=1 ^ time entropy=1,freq ceros=5 ^ width=2 ^ simetria=2,0.434788,0.681231,0.348868,0.404521
freq ceros=5 ^ time entropy=1,freq unos=1 ^ freq dos=1 ^ width=2 ^ actividad=1 ^ entropia=1 ^ sensitividad=1,0.352278,0.816509,0.418957,0.492751
freq ceros=1 ^ freq dos=1 ^ actividad=1 ^ entropia=1 ^ transitoriedad=2,freq unos=5 ^ simetria=2 ^ time entropy=1,0.291488,0.944452,0.474758,0.551703
freq ceros=1 ^ freq dos=1 ^ simetria=2 ^ actividad=1 ^ entropia=1 ^ transitoriedad=2,freq unos=5 ^ width=2 ^ time entropy=1,0.391478,0.776735,0.390255,0.439586
freq unos=1 ^ freq dos=1 ^ actividad=1 ^ entropia=1 ^ transitoriedad=2 ^ sensitividad=1 ^ time entropy=1,freq ceros=5 ^ width=2,0.434788,0.681231,0.348868,0.404521
freq unos=1 ^ freq dos=1 ^ actividad=1 ^ entropia=1 ^ transitoriedad=2 ^ sensitividad=1,freq ceros=5 ^ width=2 ^ simetria=2,0.438730,0.675344,0.345909,0.400669
freq unos=1 ^ freq dos=1 ^ actividad=1 ^ entropia=1 ^ transitoriedad=2 ^ sensitividad=1 ^ time entropy=1,freq ceros=5 ^ width=2 ^ simetria=2,0.434788,0.681231,0.348868,0.404521
freq ceros=1 ^ freq dos=1 ^ simetria=2 ^ actividad=1 ^ entropia=1 ^ transitoriedad=2,freq unos=5 ^ width=2 ^ time entropy=1,0.391478,0.776735,0.390255,0.439586
freq unos=1 ^ freq dos=1 ^ actividad=1 ^ entropia=1 ^ transitoriedad=2 ^ sensitividad=1,freq ceros=5 ^ width=2 ^ simetria=2,0.438730,0.675344,0.345909,0.400669
freq unos=1 ^ freq dos=1 ^ actividad=1 ^ transitoriedad=2 ^ sensitividad=1 ^ time entropy=1,freq ceros=5 ^ width=2 ^ simetria=2 ^ entropia=1,0.477808,0.620098,0.317406,0.362603
freq unos=1 ^ freq dos=1 ^ actividad=1 ^ transitoriedad=2 ^ sensitividad=1 ^ time entropy=1,freq ceros=5 ^ width=2 ^ simetria=2 ^ entropia=1,0.477808,0.620098,0.317406,0.362603
freq unos=1 ^ freq dos=1 ^ actividad=1 ^ transitoriedad=2 ^ sensitividad=1 ^ time entropy=1,freq ceros=5 ^ width=2 ^ simetria=2 ^ entropia=1,0.477808,0.620098,0.317406,0.362603
freq unos=1 ^ freq dos=1 ^ actividad=1 ^ transitoriedad=2 ^ sensitividad=1 ^ time entropy=1,freq ceros=5 ^ width=2 ^ simetria=2 ^ entropia=1,0.477808,0.620098,0.317406,0.362603
freq unos=1 ^ freq dos=1 ^ actividad=1 ^ transitoriedad=2 ^ sensitividad=1 ^ time entropy=1,freq ceros=5 ^ width=2 ^ simetria=2 ^ entropia=1,0.477808,0.620098,0.317406,0.362603
freq unos=1 ^ freq dos=1 ^ actividad=1 ^ transitoriedad=2 ^ sensitividad=1,freq ceros=5 ^ width=2 ^ simetria=2 ^ entropia=1 ^ time entropy=1,0.488246,0.610630,0.312642,0.352872
entropia=1 ^ transitoriedad=1,freq unos=1 ^ freq dos=1 ^ width=1 ^ actividad=1 ^ time entropy=1,0.640270,0.399663,0.216606,0.239383
transitoriedad=1,freq unos=1 ^ freq dos=1 ^ width=1 ^ actividad=1 ^ entropia=1 ^ time entropy=1,0.629635,0.413009,0.223929,0.248216
transitoriedad=1,freq unos=1 ^ freq dos=1 ^ width=1 ^ actividad=1 ^ entropia=1 ^ time entropy=1,0.629635,0.413009,0.223929,0.248216
transitoriedad=1,freq unos=1 ^ freq dos=1 ^ width=1 ^ actividad=1 ^ entropia=1 ^ time entropy=1,0.629635,0.413009,0.223929,0.248216
freq dos=1 ^ actividad=1 ^ transitoriedad=1 ^ time entropy=1,freq ceros=1 ^ width=1 ^ entropia=1,0.615626,0.430887,0.235718,0.262434
freq unos=1 ^ freq dos=1 ^ actividad=1 ^ transitoriedad=1,freq ceros=1 ^ width=1 ^ entropia=1,0.600649,0.450128,0.245845,0.274783
freq unos=1 ^ freq dos=1 ^ actividad=1 ^ transitoriedad=1,freq ceros=1 ^ width=1 ^ entropia=1,0.600649,0.450128,0.245845,0.274783
freq dos=1 ^ actividad=1 ^ transitoriedad=1 ^ time entropy=1,freq ceros=1 ^ width=1 ^ entropia=1,0.615626,0.430887,0.235718,0.262434
transitoriedad=1,freq unos=1 ^ freq dos=1 ^ width=1 ^ actividad=1 ^ entropia=1 ^ time entropy=1,0.629635,0.413009,0.223929,0.248216
transitoriedad=1,freq unos=1 ^ freq dos=1 ^ width=1 ^ actividad=1 ^ entropia=1 ^ time entropy=1,0.629635,0.413009,0.223929,0.248216
freq ceros=1 ^ transitoriedad=1,freq unos=1 ^ freq dos=1 ^ width=1 ^ actividad=1 ^ entropia=1 ^ time entropy=1,0.633688,0.407964,0.221160,0.244832
entropia=1 ^ transitoriedad=1,freq unos=1 ^ freq dos=1 ^ width=1 ^ actividad=1 ^ time entropy=1,0.640270,0.399663,0.216606,0.239383
transitoriedad=1,freq unos=1 ^ freq dos=1 ^ width=1 ^ actividad=1 ^ entropia=1 ^ time entropy=1,0.629635,0.413009,0.223929,0.248216
transitoriedad=1,freq unos=1 ^ freq dos=1 ^ width=1 ^ actividad=1 ^ entropia=1 ^ time entropy=1,0.629635,0.413009,0.223929,0.248216
freq unos=1 ^ freq dos=1 ^ actividad=1 ^ transitoriedad=1,freq ceros=1 ^ width=1 ^ entropia=1,0.600649,0.450128,0.245845,0.274783
freq unos=1 ^ freq dos=1 ^ transitoriedad=1 ^ time entropy=1,freq ceros=1 ^ width=1 ^ entropia=1,0.575005,0.483482,0.263306,0.296366
freq unos=1 ^ freq dos=1 ^ transitoriedad=1 ^ time entropy=1,freq ceros=1 ^ width=1 ^ entropia=1,0.575005,0.483482,0.263306,0.296366
freq unos=1 ^ freq dos=1 ^ transitoriedad=1 ^ time entropy=1,freq ceros=1 ^ width=1 ^ entropia=1,0.575005,0.483482,0.263306,0.296366
freq unos=1 ^ freq dos=1 ^ transitoriedad=1 ^ time entropy=1,freq ceros=1 ^ width=1 ^ entropia=1,0.575005,0.483482,0.263306,0.296366
freq unos=1 ^ freq dos=1 ^ transitoriedad=1 ^ time entropy=1,freq ceros=1 ^ width=1 ^ entropia=1,0.575005,0.483482,0.263306,0.296366
freq unos=1 ^ freq dos=1 ^ actividad=1 ^ transitoriedad=1,freq ceros=1 ^ width=1 ^ entropia=1,0.600649,0.450128,0.245845,0.274783
freq ceros=1 ^ freq unos=1 ^ freq dos=1 ^ width=1 ^ simetria=1 ^ actividad=1,entropia=1 ^ transitoriedad=1 ^ time entropy=1,0.613969,0.435948,0.231986,0.255869
transitoriedad=1,freq unos=1 ^ freq dos=1 ^ width=1 ^ actividad=1 ^ entropia=1 ^ time entropy=1,0.629635,0.413009,0.223929,0.248216
freq ceros=1 ^ freq unos=1 ^ freq dos=1 ^ width=1 ^ simetria=1 ^ actividad=1,transitoriedad=1 ^ time entropy=1,0.613387,0.436694,0.232387,0.256353
freq unos=1 ^ freq dos=1 ^ actividad=1 ^ transitoriedad=1,freq ceros=1 ^ width=1 ^ entropia=1,0.600649,0.450128,0.245845,0.274783
freq unos=1 ^ freq dos=1 ^ actividad=1 ^ transitoriedad=1 ^ time entropy=1,freq ceros=1 ^ width=1 ^ entropia=1,0.560856,0.502255,0.273103,0.308530
freq ceros=1 ^ transitoriedad=1,width=1,0.541933,0.527678,0.302724,0.345719
actividad=1 ^ transitoriedad=1,width=1,0.511780,0.569224,0.324682,0.373575
actividad=1 ^ transitoriedad=1,width=1,0.511780,0.569224,0.324682,0.373575
freq ceros=1 ^ entropia=1 ^ transitoriedad=1,width=1,0.535139,0.536936,0.307636,0.351929
freq unos=1 ^ freq dos=1 ^ actividad=1 ^ transitoriedad=1 ^ time entropy=1,freq ceros=1 ^ width=1 ^ entropia=1,0.560856,0.502255,0.273103,0.308530
freq ceros=5 ^ freq unos=1 ^ freq dos=1 ^ entropia=1 ^ transitoriedad=2,width=2 ^ actividad=1 ^ time entropy=1,0.589249,0.470994,0.245096,0.269842
freq ceros=1 ^ freq unos=1 ^ freq dos=1 ^ simetria=1 ^ actividad=1 ^ entropia=1,width=1 ^ transitoriedad=1 ^ time entropy=1,0.613387,0.436694,0.232387,0.256353
freq unos=1 ^ freq dos=1 ^ transitoriedad=1 ^ time entropy=1,freq ceros=1 ^ width=1 ^ entropia=1,0.575005,0.483482,0.263306,0.296366
freq unos=1 ^ freq dos=1 ^ actividad=1 ^ transitoriedad=1 ^ time entropy=1,freq ceros=1 ^ width=1 ^ entropia=1,0.560856,0.502255,0.273103,0.308530
freq ceros=1 ^ width=1 ^ simetria=1 ^ actividad=1 ^ entropia=1,transitoriedad=1,0.518331,0.560096,0.300409,0.342797
entropia=1,freq unos=1 ^ freq dos=1,0.451997,0.660216,0.392317,0.456137
pasos=1 ^ simetria=2 ^ transitoriedad=2,width=2,0.291603,0.920958,0.779866,0.905888
entropia=1,pasos=1,0.241770,1.060461,1.295059,1.064864
freq ceros=1 ^ freq dos=1 ^ simetria=1 ^ actividad=1 ^ entropia=1,width=1 ^ transitoriedad=1,0.501119,0.584205,0.312770,0.358433
width=1 ^ simetria=1 ^ actividad=1,freq ceros=1 ^ entropia=1 ^ transitoriedad=1,0.528345,0.546386,0.292944,0.333300
freq ceros=5 ^ freq unos=1 ^ freq dos=1 ^ entropia=1 ^ transitoriedad=2,width=2 ^ actividad=1 ^ time entropy=1,0.589249,0.470994,0.245096,0.269842
width=1 ^ simetria=1 ^ actividad=1,freq ceros=1 ^ entropia=1 ^ transitoriedad=1,0.528345,0.546386,0.292944,0.333300
freq unos=1 ^ width=1 ^ simetria=1 ^ actividad=1 ^ time entropy=1,freq ceros=1 ^ entropia=1 ^ transitoriedad=1,0.501059,0.584348,0.312462,0.357999
freq ceros=1 ^ freq unos=1 ^ actividad=1 ^ entropia=1 ^ transitoriedad=1,width=1,0.435002,0.680906,0.382658,0.448109
pasos=1 ^ simetria=2 ^ transitoriedad=2,width=2,0.291603,0.920958,0.779866,0.905888
pasos=1,width=2 ^ transitoriedad=2,0.263326,0.973702,0.894003,0.977763
entropia=1,freq unos=1 ^ freq dos=1 ^ time entropy=1,0.417965,0.710174,0.417348,0.490203
freq unos=1 ^ freq dos=1 ^ actividad=1 ^ transitoriedad=2 ^ sensitividad=1 ^ time entropy=1,freq ceros=5 ^ width=2 ^ simetria=2 ^ entropia=1,0.477808,0.620098,0.317406,0.362603
width=1 ^ simetria=1 ^ actividad=1,freq ceros=1 ^ entropia=1 ^ transitoriedad=1,0.528345,0.546386,0.292944,0.333300
freq unos=1 ^ freq dos=1 ^ actividad=1 ^ transitoriedad=2 ^ sensitividad=1 ^ time entropy=1,freq ceros=5 ^ width=2 ^ pasos=1 ^ entropia=1,0.477808,0.620098,0.317406,0.362603
freq unos=1 ^ freq dos=1 ^ actividad=1 ^ entropia=1 ^ transitoriedad=2 ^ sensitividad=1 ^ time entropy=1,freq ceros=5 ^ width=2 ^ simetria=2,0.434788,0.681231,0.348868,0.404521
freq unos=1 ^ freq dos=1 ^ width=1 ^ actividad=1 ^ entropia=1 ^ time entropy=1,freq ceros=1,0.343105,0.828570,0.457274,0.544877
entropia=1,freq unos=1 ^ freq dos=1 ^ actividad=1 ^ transitoriedad=1 ^ time entropy=1,0.251368,0.997268,0.557183,0.672119
entropia=1 ^ transitoriedad=2,width=2,0.303485,1.047263,0.656766,0.668947
freq unos=1 ^ freq dos=1 ^ actividad=1 ^ transitoriedad=2 ^ sensitividad=1 ^ time entropy=1,freq ceros=5 ^ simetria=2 ^ entropia=1,0.411318,0.720012,0.368958,0.428566
freq unos=1 ^ freq dos=1 ^ actividad=1 ^ transitoriedad=2 ^ sensitividad=1 ^ time entropy=1,freq ceros=5 ^ width=2 ^ simetria=2 ^ entropia=1,0.477808,0.620098,0.317406,0.362603
freq unos=1 ^ freq dos=1 ^ actividad=1 ^ entropia=1 ^ transitoriedad=2 ^ sensitividad=1,freq ceros=5 ^ width=2 ^ simetria=2,0.438730,0.675344,0.345909,0.400669
freq ceros=5 ^ time entropy=1,freq unos=1 ^ freq dos=1 ^ width=2 ^ actividad=1 ^ entropia=1 ^ sensitividad=1,0.352278,0.816509,0.418957,0.492751
freq ceros=5 ^ freq unos=1 ^ freq dos=1 ^ actividad=1 ^ transitoriedad=2 ^ sensitividad=1,width=2 ^ pasos=1 ^ simetria=2 ^ entropia=1 ^ time entropy=1,0.269919,0.968249,0.498191,0.592678
freq ceros=1 ^ actividad=1 ^ entropia=1 ^ transitoriedad=2 ^ sensitividad=1,freq unos=5 ^ freq dos=1 ^ width=2 ^ simetria=2 ^ time entropy=1,0.208231,1.297690,0.652728,0.659201
freq ceros=1 ^ freq dos=1 ^ simetria=2 ^ actividad=1 ^ entropia=1 ^ transitoriedad=2,freq unos=5 ^ sensitividad=1 ^ time entropy=1,0.337018,0.983734,0.493925,0.497941
freq unos=1 ^ freq dos=1 ^ actividad=1 ^ entropia=1 ^ transitoriedad=2 ^ sensitividad=1,freq ceros=5 ^ width=2 ^ simetria=2,0.438730,0.675344,0.345909,0.400669
freq unos=1 ^ freq dos=1 ^ actividad=1 ^ entropia=1 ^ transitoriedad=2 ^ sensitividad=1 ^ time entropy=1,freq ceros=5 ^ width=2 ^ simetria=2,0.434788,0.681231,0.348868,0.404521
freq ceros=5 ^ time entropy=1,freq unos=1 ^ freq dos=1 ^ width=2 ^ actividad=1 ^ entropia=1 ^ sensitividad=1,0.352278,0.816509,0.418957,0.492751
freq ceros=1 ^ freq dos=1 ^ actividad=1 ^ entropia=1 ^ transitoriedad=2,freq unos=5 ^ simetria=2 ^ time entropy=1,0.291488,0.944452,0.474758,0.551703
freq ceros=1 ^ freq dos=1 ^ simetria=2 ^ actividad=1 ^ entropia=1 ^ transitoriedad=2,freq unos=5 ^ sensitividad=1 ^ time entropy=1,0.337018,0.983734,0.493925,0.497941
freq ceros=1 ^ freq dos=1 ^ pasos=1 ^ actividad=1 ^ transitoriedad=2,freq unos=5 ^ width=2 ^ simetria=2 ^ time entropy=1,0.403831,0.766170,0.385062,0.426986
freq unos=1 ^ freq dos=1 ^ actividad=1 ^ entropia=1 ^ transitoriedad=2 ^ sensitividad=1 ^ time entropy=1,freq ceros=5 ^ width=2 ^ simetria=2,0.434788,0.681231,0.348868,0.404521
freq ceros=1 ^ freq dos=1 ^ actividad=1 ^ entropia=1 ^ transitoriedad=2,freq unos=5 ^ width=2 ^ time entropy=1,0.391478,0.776735,0.390255,0.439586
freq ceros=1 ^ freq dos=1 ^ simetria=2 ^ actividad=1 ^ entropia=1 ^ transitoriedad=2,freq unos=5 ^ width=2 ^ time entropy=1,0.391478,0.776735,0.390255,0.439586
freq ceros=1 ^ freq dos=1 ^ pasos=1 ^ actividad=1 ^ transitoriedad=2,freq unos=5 ^ width=2 ^ simetria=2 ^ time entropy=1,0.403831,0.766170,0.385062,0.426986
freq unos=1 ^ freq dos=1 ^ actividad=1 ^ entropia=1 ^ transitoriedad=2 ^ sensitividad=1,freq ceros=5 ^ width=2 ^ simetria=2,0.438730,0.675344,0.345909,0.400669
freq unos=1 ^ freq dos=1 ^ actividad=1 ^ entropia=1 ^ transitoriedad=2 ^ sensitividad=1,freq ceros=5 ^ width=2 ^ simetria=2,0.438730,0.675344,0.345909,0.400669
freq ceros=5 ^ pasos=1 ^ simetria=2 ^ transitoriedad=2 ^ time entropy=1,freq unos=1 ^ freq dos=1 ^ width=2 ^ actividad=1 ^ entropia=1 ^ sensitividad=1,0.450272,0.661372,0.338698,0.389180
freq unos=1 ^ freq dos=1 ^ actividad=1 ^ transitoriedad=2 ^ sensitividad=1 ^ time entropy=1,freq ceros=5 ^ width=2 ^ simetria=2 ^ entropia=1,0.477808,0.620098,0.317406,0.362603
freq unos=1 ^ freq dos=1 ^ actividad=1 ^ transitoriedad=2 ^ sensitividad=1 ^ time entropy=1,freq ceros=5 ^ width=2 ^ simetria=2 ^ entropia=1,0.477808,0.620098,0.317406,0.362603
freq unos=1 ^ freq dos=1 ^ actividad=1 ^ transitoriedad=2 ^ sensitividad=1 ^ time entropy=1,freq ceros=5 ^ width=2 ^ simetria=2 ^ entropia=1,0.477808,0.620098,0.317406,0.362603
transitoriedad=1,freq unos=1 ^ freq dos=1 ^ width=1 ^ actividad=1 ^ entropia=1 ^ time entropy=1,0.629635,0.413009,0.223929,0.248216
transitoriedad=1,freq unos=1 ^ freq dos=1 ^ width=1 ^ actividad=1 ^ entropia=1 ^ time entropy=1,0.629635,0.413009,0.223929,0.248216
freq dos=1 ^ actividad=1 ^ transitoriedad=1 ^ time entropy=1,freq ceros=1 ^ width=1 ^ entropia=1,0.615626,0.430887,0.235718,0.262434
freq unos=1 ^ freq dos=1 ^ actividad=1 ^ transitoriedad=1,freq ceros=1 ^ width=1 ^ entropia=1,0.600649,0.450128,0.245845,0.274783
freq unos=1 ^ freq dos=1 ^ actividad=1 ^ transitoriedad=1,freq ceros=1 ^ width=1 ^ entropia=1,0.600649,0.450128,0.245845,0.274783
freq unos=1 ^ freq dos=1 ^ actividad=1 ^ transitoriedad=1,freq ceros=1 ^ width=1 ^ entropia=1,0.600649,0.450128,0.245845,0.274783
freq unos=1 ^ freq dos=1 ^ actividad=1 ^ transitoriedad=1,freq ceros=1 ^ width=1 ^ entropia=1,0.600649,0.450128,0.245845,0.274783
freq unos=1 ^ freq dos=1 ^ actividad=1 ^ transitoriedad=1,freq ceros=1 ^ width=1 ^ entropia=1,0.600649,0.450128,0.245845,0.274783
freq dos=1 ^ actividad=1 ^ transitoriedad=1 ^ time entropy=1,freq ceros=1 ^ width=1 ^ entropia=1,0.615626,0.430887,0.235718,0.262434
transitoriedad=1,freq unos=1 ^ freq dos=1 ^ width=1 ^ actividad=1 ^ entropia=1 ^ time entropy=1,0.629635,0.413009,0.223929,0.248216
freq ceros=1 ^ transitoriedad=1,freq unos=1 ^ freq dos=1 ^ width=1 ^ actividad=1 ^ entropia=1 ^ time entropy=1,0.633688,0.407964,0.221160,0.244832
transitoriedad=1,freq unos=1 ^ freq dos=1 ^ width=1 ^ actividad=1 ^ entropia=1 ^ time entropy=1,0.629635,0.413009,0.223929,0.248216
freq unos=1 ^ freq dos=1 ^ actividad=1 ^ transitoriedad=1,freq ceros=1 ^ width=1 ^ entropia=1,0.600649,0.450128,0.245845,0.274783
freq unos=1 ^ freq dos=1 ^ actividad=1 ^ transitoriedad=1,freq ceros=1 ^ width=1 ^ entropia=1,0.600649,0.450128,0.245845,0.274783
freq unos=1 ^ entropia=1 ^ transitoriedad=1 ^ time entropy=1,freq ceros=1 ^ width=1,0.577086,0.480760,0.264047,0.297269
freq ceros=1 ^ transitoriedad=1,width=1,0.541933,0.527678,0.302724,0.345719
freq ceros=1 ^ transitoriedad=1,width=1,0.541933,0.527678,0.302724,0.345719
freq unos=1 ^ entropia=1 ^ transitoriedad=1 ^ time entropy=1,freq ceros=1 ^ width=1,0.577086,0.480760,0.264047,0.297269
freq ceros=1 ^ freq dos=1 ^ actividad=1 ^ transitoriedad=1,width=1 ^ entropia=1,0.590563,0.463273,0.256635,0.287991
freq unos=1 ^ freq dos=1 ^ actividad=1 ^ transitoriedad=1,freq ceros=1 ^ width=1 ^ entropia=1,0.600649,0.450128,0.245845,0.274783
freq ceros=1 ^ freq unos=1 ^ freq dos=1 ^ width=1 ^ simetria=1 ^ actividad=1,entropia=1 ^ transitoriedad=1 ^ time entropy=1,0.613969,0.435948,0.231986,0.255869
freq unos=1 ^ freq dos=1 ^ actividad=1 ^ transitoriedad=1,freq ceros=1 ^ width=1 ^ entropia=1,0.600649,0.450128,0.245845,0.274783
freq unos=1 ^ freq dos=1 ^ transitoriedad=1 ^ time entropy=1,freq ceros=1 ^ width=1 ^ entropia=1,0.575005,0.483482,0.263306,0.296366
freq ceros=1 ^ transitoriedad=1,width=1,0.541933,0.527678,0.302724,0.345719
freq ceros=1 ^ entropia=1 ^ transitoriedad=1,width=1,0.535139,0.536936,0.307636,0.351929
entropia=1,actividad=1 ^ time entropy=1,0.511405,0.579989,0.352532,0.399493
entropia=1,actividad=1 ^ time entropy=1,0.511405,0.579989,0.352532,0.399493
freq ceros=1 ^ transitoriedad=1,width=1,0.541933,0.527678,0.302724,0.345719
freq unos=1 ^ freq dos=1 ^ transitoriedad=1 ^ time entropy=1,freq ceros=1 ^ width=1 ^ entropia=1,0.575005,0.483482,0.263306,0.296366
freq ceros=5 ^ freq unos=1 ^ freq dos=1 ^ entropia=1 ^ transitoriedad=2,width=2 ^ simetria=2 ^ actividad=1 ^ time entropy=1,0.589281,0.470953,0.245074,0.269816
freq unos=1 ^ freq dos=1 ^ actividad=1 ^ transitoriedad=1 ^ time entropy=1,freq ceros=1 ^ width=1 ^ entropia=1,0.560856,0.502255,0.273103,0.308530
width=1 ^ simetria=1 ^ actividad=1,entropia=1 ^ transitoriedad=1,0.527248,0.547782,0.293704,0.334339
freq ceros=1 ^ actividad=1 ^ entropia=1 ^ transitoriedad=1,width=1,0.508038,0.574464,0.327436,0.377085
entropia=1,freq unos=1 ^ freq dos=1,0.451997,0.660216,0.392317,0.456137
entropia=1,freq unos=1 ^ freq dos=1,0.451997,0.660216,0.392317,0.456137
entropia=1,freq unos=1 ^ time entropy=1,0.483554,0.619352,0.373225,0.426376
freq ceros=1 ^ width=1 ^ simetria=1 ^ actividad=1,entropia=1 ^ transitoriedad=1,0.527076,0.548012,0.293822,0.334492
freq unos=1 ^ freq dos=1 ^ simetria=1 ^ actividad=1 ^ entropia=1 ^ transitoriedad=1,freq ceros=1 ^ width=1 ^ time entropy=1,0.565589,0.499293,0.266112,0.297488
freq ceros=1 ^ width=1 ^ simetria=1 ^ actividad=1,entropia=1 ^ transitoriedad=1,0.527076,0.548012,0.293822,0.334492
freq unos=1 ^ freq dos=1 ^ width=1 ^ simetria=1 ^ actividad=1 ^ entropia=1 ^ time entropy=1,freq ceros=1 ^ transitoriedad=1,0.483229,0.609755,0.325760,0.374914
entropia=1,freq unos=1 ^ freq dos=1 ^ time entropy=1,0.417965,0.710174,0.417348,0.490203
entropia=1,freq unos=1 ^ freq dos=1 ^ actividad=1 ^ time entropy=1,0.379991,0.768074,0.445796,0.529211
width=1,entropia=1,0.431759,0.779027,0.506097,0.516227
simetria=1 ^ actividad=1 ^ transitoriedad=1,freq ceros=1 ^ width=1 ^ entropia=1,0.461764,0.641078,0.344751,0.399130
actividad=1 ^ transitoriedad=2 ^ time entropy=1,freq ceros=5 ^ freq unos=1 ^ freq dos=1 ^ width=2 ^ entropia=1,0.519226,0.565750,0.294863,0.331097
freq unos=1 ^ freq dos=1 ^ actividad=1 ^ transitoriedad=2 ^ sensitividad=1 ^ time entropy=1,freq ceros=5 ^ width=2 ^ pasos=1 ^ entropia=1,0.477808,0.620098,0.317406,0.362603
freq unos=1 ^ freq dos=1 ^ actividad=1 ^ entropia=1 ^ transitoriedad=2 ^ sensitividad=1 ^ time entropy=1,freq ceros=5 ^ width=2 ^ simetria=2,0.434788,0.681231,0.348868,0.404521
freq ceros=1 ^ entropia=1,freq unos=1 ^ freq dos=1 ^ simetria=1 ^ time entropy=1,0.359678,0.800591,0.432555,0.512824
freq dos=1 ^ actividad=1 ^ entropia=1,freq unos=1 ^ pasos=1,0.356628,0.942700,0.555739,0.559123
freq unos=1 ^ simetria=2 ^ entropia=1 ^ transitoriedad=2,width=2 ^ actividad=1,0.420100,0.815833,0.440712,0.441193
freq unos=1 ^ freq dos=1 ^ actividad=1 ^ transitoriedad=2 ^ sensitividad=1 ^ time entropy=1,freq ceros=5 ^ width=2 ^ simetria=2 ^ entropia=1,0.477808,0.620098,0.317406,0.362603
freq unos=1 ^ freq dos=1 ^ actividad=1 ^ entropia=1 ^ transitoriedad=2 ^ sensitividad=1,freq ceros=5 ^ width=2 ^ simetria=2,0.438730,0.675344,0.345909,0.400669
freq ceros=5 ^ simetria=2 ^ entropia=1 ^ transitoriedad=2,freq unos=1 ^ freq dos=1 ^ width=2 ^ actividad=1 ^ sensitividad=1 ^ time entropy=1,0.411318,0.720012,0.368958,0.428566
freq ceros=5 ^ time entropy=1,freq unos=1 ^ freq dos=1 ^ width=2 ^ actividad=1 ^ entropia=1 ^ sensitividad=1,0.352278,0.816509,0.418957,0.492751
freq ceros=1 ^ freq dos=1 ^ pasos=1 ^ actividad=1 ^ transitoriedad=2,freq unos=5 ^ simetria=2 ^ entropia=1 ^ sensitividad=1 ^ time entropy=1,0.374058,0.910952,0.457268,0.457335
freq ceros=1 ^ freq dos=1 ^ actividad=1 ^ transitoriedad=2,freq unos=5 ^ width=2 ^ simetria=2 ^ entropia=1 ^ time entropy=1,0.433688,0.732747,0.368202,0.397054
freq unos=1 ^ freq dos=1 ^ actividad=1 ^ entropia=1 ^ transitoriedad=2 ^ sensitividad=1,freq ceros=5 ^ width=2 ^ simetria=2,0.438730,0.675344,0.345909,0.400669
freq ceros=1 ^ freq dos=1 ^ simetria=2 ^ actividad=1 ^ entropia=1 ^ transitoriedad=2,freq unos=5 ^ width=2 ^ time entropy=1,0.391478,0.776735,0.390255,0.439586
freq ceros=1 ^ freq dos=1 ^ simetria=2 ^ actividad=1 ^ transitoriedad=2,freq unos=5 ^ width=2 ^ entropia=1 ^ sensitividad=1 ^ time entropy=1,0.395131,0.864429,0.433822,0.435170
freq ceros=1 ^ freq dos=1 ^ actividad=1 ^ transitoriedad=2,freq unos=5 ^ width=2 ^ simetria=2 ^ entropia=1 ^ time entropy=1,0.433688,0.732747,0.368202,0.397054
freq ceros=5 ^ pasos=1 ^ simetria=2 ^ transitoriedad=2 ^ time entropy=1,freq unos=1 ^ freq dos=1 ^ width=2 ^ actividad=1 ^ entropia=1 ^ sensitividad=1,0.450272,0.661372,0.338698,0.389180
freq ceros=1 ^ freq dos=1 ^ actividad=1 ^ transitoriedad=2,freq unos=5 ^ width=2 ^ simetria=2 ^ entropia=1 ^ time entropy=1,0.433688,0.732747,0.368202,0.397054
freq ceros=1 ^ freq dos=1 ^ actividad=1 ^ transitoriedad=2,freq unos=5 ^ width=2 ^ simetria=2 ^ entropia=1 ^ time entropy=1,0.433688,0.732747,0.368202,0.397054
freq unos=1 ^ freq dos=1 ^ actividad=1 ^ transitoriedad=2 ^ sensitividad=1 ^ time entropy=1,freq ceros=5 ^ width=2 ^ simetria=2 ^ entropia=1,0.477808,0.620098,0.317406,0.362603
freq unos=1 ^ freq dos=1 ^ actividad=1 ^ transitoriedad=2 ^ sensitividad=1 ^ time entropy=1,freq ceros=5 ^ width=2 ^ simetria=2 ^ entropia=1,0.477808,0.620098,0.317406,0.362603
freq unos=1 ^ freq dos=1 ^ actividad=1 ^ transitoriedad=2 ^ sensitividad=1,freq ceros=5 ^ width=2 ^ simetria=2 ^ entropia=1 ^ time entropy=1,0.488246,0.610630,0.312642,0.352872
transitoriedad=1,freq unos=1 ^ freq dos=1 ^ width=1 ^ actividad=1 ^ entropia=1 ^ time entropy=1,0.629635,0.413009,0.223929,0.248216
transitoriedad=1,freq unos=1 ^ freq dos=1 ^ width=1 ^ actividad=1 ^ entropia=1 ^ time entropy=1,0.629635,0.413009,0.223929,0.248216
freq dos=1 ^ actividad=1 ^ transitoriedad=1 ^ time entropy=1,freq ceros=1 ^ width=1 ^ entropia=1,0.615626,0.430887,0.235718,0.262434
freq ceros=1 ^ freq dos=1 ^ transitoriedad=1,width=1 ^ entropia=1,0.611838,0.436090,0.242285,0.270169
width=1 ^ entropia=1,transitoriedad=1 ^ time entropy=1,0.593560,0.459442,0.254622,0.285461
width=1 ^ entropia=1,transitoriedad=1 ^ time entropy=1,0.593560,0.459442,0.254622,0.285461
freq ceros=1 ^ freq dos=1 ^ transitoriedad=1,width=1 ^ entropia=1,0.611838,0.436090,0.242285,0.270169
freq dos=1 ^ actividad=1 ^ transitoriedad=1 ^ time entropy=1,freq ceros=1 ^ width=1 ^ entropia=1,0.615626,0.430887,0.235718,0.262434
transitoriedad=1,freq unos=1 ^ freq dos=1 ^ width=1 ^ actividad=1 ^ entropia=1 ^ time entropy=1,0.629635,0.413009,0.223929,0.248216
freq ceros=1 ^ transitoriedad=1,freq unos=1 ^ freq dos=1 ^ width=1 ^ actividad=1 ^ entropia=1 ^ time entropy=1,0.633688,0.407964,0.221160,0.244832
freq dos=1 ^ actividad=1 ^ transitoriedad=1 ^ time entropy=1,freq ceros=1 ^ width=1 ^ entropia=1,0.615626,0.430887,0.235718,0.262434
freq unos=1 ^ freq dos=1 ^ actividad=1 ^ transitoriedad=1,freq ceros=1 ^ width=1 ^ entropia=1,0.600649,0.450128,0.245845,0.274783
freq ceros=1 ^ freq dos=1 ^ actividad=1 ^ transitoriedad=1,width=1 ^ entropia=1,0.590563,0.463273,0.256635,0.287991
entropia=1,freq dos=1 ^ time entropy=1,0.577100,0.488420,0.302061,0.337404
entropia=1,freq dos=1 ^ time entropy=1,0.577100,0.488420,0.302061,0.337404
entropia=1,freq dos=1 ^ time entropy=1,0.577100,0.488420,0.302061,0.337404
freq ceros=1 ^ freq dos=1 ^ actividad=1 ^ transitoriedad=1,width=1 ^ entropia=1,0.590563,0.463273,0.256635,0.287991
freq unos=1 ^ freq dos=1 ^ actividad=1 ^ transitoriedad=1,freq ceros=1 ^ width=1 ^ entropia=1,0.600649,0.450128,0.245845,0.274783
freq dos=1 ^ actividad=1 ^ transitoriedad=1 ^ time entropy=1,freq ceros=1 ^ width=1 ^ entropia=1,0.615626,0.430887,0.235718,0.262434
freq unos=1 ^ freq dos=1 ^ actividad=1 ^ transitoriedad=1,freq ceros=1 ^ width=1 ^ entropia=1,0.600649,0.450128,0.245845,0.274783
freq unos=1 ^ entropia=1 ^ transitoriedad=1 ^ time entropy=1,freq ceros=1 ^ width=1,0.577086,0.480760,0.264047,0.297269
freq ceros=1 ^ transitoriedad=1,width=1,0.541933,0.527678,0.302724,0.345719
freq ceros=1 ^ entropia=1 ^ transitoriedad=1,width=1,0.535139,0.536936,0.307636,0.351929
entropia=1,actividad=1 ^ time entropy=1,0.511405,0.579989,0.352532,0.399493
entropia=1,freq dos=1 ^ time entropy=1,0.577100,0.488420,0.302061,0.337404
freq dos=1 ^ actividad=1 ^ entropia=1 ^ transitoriedad=1 ^ time entropy=1,freq ceros=1 ^ width=1,0.564196,0.497823,0.272992,0.308376
freq unos=1 ^ freq dos=1 ^ actividad=1 ^ transitoriedad=1,freq ceros=1 ^ width=1 ^ entropia=1,0.600649,0.450128,0.245845,0.274783
freq unos=1 ^ freq dos=1 ^ actividad=1 ^ transitoriedad=1 ^ time entropy=1,freq ceros=1 ^ width=1 ^ entropia=1,0.560856,0.502255,0.273103,0.308530
freq ceros=1 ^ entropia=1 ^ transitoriedad=1,width=1,0.535139,0.536936,0.307636,0.351929
freq ceros=1 ^ actividad=1 ^ entropia=1 ^ transitoriedad=1,width=1,0.508038,0.574464,0.327436,0.377085
entropia=1,freq unos=1 ^ time entropy=1,0.483554,0.619352,0.373225,0.426376
entropia=1,actividad=1 ^ time entropy=1,0.511405,0.579989,0.352532,0.399493
freq ceros=1 ^ entropia=1 ^ transitoriedad=1,width=1,0.535139,0.536936,0.307636,0.351929
freq unos=1 ^ freq dos=1 ^ actividad=1 ^ transitoriedad=1 ^ time entropy=1,freq ceros=1 ^ width=1 ^ entropia=1,0.560856,0.502255,0.273103,0.308530
freq ceros=1 ^ width=1 ^ simetria=1 ^ actividad=1,entropia=1 ^ transitoriedad=1,0.527076,0.548012,0.293822,0.334492
freq dos=1 ^ width=1 ^ actividad=1 ^ transitoriedad=1 ^ time entropy=1,freq ceros=1 ^ entropia=1,0.488850,0.601790,0.331426,0.382064
entropia=1,freq unos=1 ^ freq dos=1,0.451997,0.660216,0.392317,0.456137
entropia=1,freq unos=1 ^ pasos=1,0.463205,0.697300,0.438660,0.463986
width=1,freq ceros=1,0.501372,0.664230,0.415285,0.415285
actividad=1 ^ transitoriedad=2 ^ time entropy=1,freq ceros=5 ^ freq unos=1 ^ freq dos=1 ^ width=2 ^ entropia=1,0.519226,0.565750,0.294863,0.331097
freq unos=1 ^ freq dos=1 ^ actividad=1 ^ transitoriedad=2 ^ sensitividad=1 ^ time entropy=1,freq ceros=5 ^ width=2 ^ pasos=1 ^ entropia=1,0.477808,0.620098,0.317406,0.362603
freq unos=1 ^ freq dos=1 ^ actividad=1 ^ entropia=1 ^ transitoriedad=2 ^ sensitividad=1,freq ceros=5 ^ width=2 ^ simetria=2,0.438730,0.675344,0.345909,0.400669
freq ceros=5 ^ simetria=2 ^ entropia=1 ^ transitoriedad=2,freq unos=1 ^ freq dos=1 ^ width=2 ^ actividad=1 ^ sensitividad=1 ^ time entropy=1,0.411318,0.720012,0.368958,0.428566
freq dos=1 ^ actividad=1 ^ transitoriedad=2,freq unos=1 ^ width=2 ^ entropia=1,0.454892,0.749074,0.397197,0.397343
freq ceros=5 ^ freq dos=1 ^ entropia=1 ^ time entropy=1,freq unos=1 ^ pasos=1 ^ actividad=1 ^ transitoriedad=2,0.502614,0.661086,0.347798,0.348305
freq unos=1 ^ freq dos=1 ^ actividad=1 ^ transitoriedad=2 ^ sensitividad=1 ^ time entropy=1,freq ceros=5 ^ width=2 ^ simetria=2 ^ entropia=1,0.477808,0.620098,0.317406,0.362603
freq unos=1 ^ freq dos=1 ^ actividad=1 ^ entropia=1 ^ transitoriedad=2 ^ sensitividad=1,freq ceros=5 ^ width=2 ^ simetria=2,0.438730,0.675344,0.345909,0.400669
freq ceros=1 ^ freq dos=1 ^ actividad=1 ^ transitoriedad=2,freq unos=5 ^ width=2 ^ simetria=2 ^ entropia=1 ^ time entropy=1,0.433688,0.732747,0.368202,0.397054
freq unos=1 ^ freq dos=1 ^ actividad=1 ^ transitoriedad=2 ^ time entropy=1,freq ceros=5 ^ pasos=1 ^ simetria=2 ^ entropia=1 ^ sensitividad=1,0.466715,0.699643,0.359799,0.374168
freq unos=1 ^ freq dos=1 ^ pasos=1 ^ actividad=1 ^ transitoriedad=2 ^ sensitividad=1 ^ time entropy=1,freq ceros=5 ^ width=2 ^ entropia=1,0.477808,0.620098,0.317406,0.362603
freq ceros=5 ^ simetria=2 ^ entropia=1 ^ transitoriedad=2 ^ time entropy=1,freq unos=1 ^ freq dos=1 ^ width=2 ^ actividad=1 ^ sensitividad=1,0.464728,0.644882,0.330299,0.375178
freq unos=1 ^ freq dos=1 ^ actividad=1 ^ transitoriedad=2 ^ time entropy=1,freq ceros=5 ^ width=2 ^ simetria=2 ^ entropia=1 ^ sensitividad=1,0.478015,0.672460,0.345504,0.363177
freq unos=1 ^ freq dos=1 ^ actividad=1 ^ transitoriedad=2 ^ sensitividad=1 ^ time entropy=1,freq ceros=5 ^ width=2 ^ simetria=2 ^ entropia=1,0.477808,0.620098,0.317406,0.362603
freq unos=1 ^ freq dos=1 ^ pasos=1 ^ actividad=1 ^ transitoriedad=2 ^ sensitividad=1,freq ceros=5 ^ width=2 ^ simetria=2 ^ entropia=1 ^ time entropy=1,0.488246,0.610630,0.312642,0.352872
freq unos=1 ^ freq dos=1 ^ pasos=1 ^ actividad=1 ^ transitoriedad=2 ^ sensitividad=1,freq ceros=5 ^ width=2 ^ simetria=2 ^ entropia=1 ^ time entropy=1,0.488246,0.610630,0.312642,0.352872
transitoriedad=1,freq unos=1 ^ freq dos=1 ^ width=1 ^ actividad=1 ^ entropia=1 ^ time entropy=1,0.629635,0.413009,0.223929,0.248216
transitoriedad=1,freq unos=1 ^ freq dos=1 ^ width=1 ^ actividad=1 ^ entropia=1 ^ time entropy=1,0.629635,0.413009,0.223929,0.248216
actividad=1 ^ entropia=1 ^ transitoriedad=1 ^ time entropy=1,freq ceros=1 ^ width=1,0.620388,0.424796,0.234532,0.261014
simetria=2 ^ transitoriedad=2,pasos=1,0.900191,0.102441,0.528799,0.635912
simetria=2 ^ transitoriedad=2,pasos=1,0.900191,0.102441,0.528799,0.635912
simetria=2 ^ transitoriedad=2,pasos=1,0.900191,0.102441,0.528799,0.635912
actividad=1 ^ transitoriedad=1 ^ time entropy=1,freq ceros=1 ^ width=1,0.620925,0.424131,0.234183,0.260576
transitoriedad=1,freq unos=1 ^ freq dos=1 ^ width=1 ^ actividad=1 ^ entropia=1 ^ time entropy=1,0.629635,0.413009,0.223929,0.248216
freq unos=1 ^ freq dos=1 ^ width=1 ^ actividad=1 ^ time entropy=1,freq ceros=1 ^ entropia=1 ^ transitoriedad=1,0.641732,0.397890,0.215634,0.238175
freq dos=1 ^ actividad=1 ^ transitoriedad=1 ^ time entropy=1,freq ceros=1 ^ width=1 ^ entropia=1,0.615626,0.430887,0.235718,0.262434
freq ceros=1 ^ freq dos=1 ^ transitoriedad=1,width=1 ^ entropia=1,0.611838,0.436090,0.242285,0.270169
width=1 ^ entropia=1,transitoriedad=1 ^ time entropy=1,0.593560,0.459442,0.254622,0.285461
entropia=1,freq dos=1 ^ time entropy=1,0.577100,0.488420,0.302061,0.337404
simetria=2 ^ transitoriedad=2,pasos=1,0.900191,0.102441,0.528799,0.635912
entropia=1,freq dos=1,0.630473,0.436808,0.282934,0.295856
freq ceros=1 ^ freq dos=1 ^ transitoriedad=1,width=1 ^ entropia=1,0.611838,0.436090,0.242285,0.270169
transitoriedad=1,freq unos=1 ^ freq dos=1 ^ width=1 ^ actividad=1 ^ entropia=1 ^ time entropy=1,0.629635,0.413009,0.223929,0.248216
freq unos=1 ^ freq dos=1 ^ actividad=1 ^ transitoriedad=1,freq ceros=1 ^ width=1 ^ entropia=1,0.600649,0.450128,0.245845,0.274783
freq ceros=1 ^ freq dos=1 ^ actividad=1 ^ transitoriedad=1,width=1 ^ entropia=1,0.590563,0.463273,0.256635,0.287991
entropia=1,freq dos=1 ^ time entropy=1,0.577100,0.488420,0.302061,0.337404
entropia=1,freq dos=1 ^ time entropy=1,0.577100,0.488420,0.302061,0.337404
entropia=1,freq dos=1 ^ time entropy=1,0.577100,0.488420,0.302061,0.337404
entropia=1,freq dos=1 ^ time entropy=1,0.577100,0.488420,0.302061,0.337404
freq unos=1 ^ freq dos=1 ^ actividad=1 ^ transitoriedad=1,freq ceros=1 ^ width=1 ^ entropia=1,0.600649,0.450128,0.245845,0.274783
freq unos=1 ^ freq dos=1 ^ transitoriedad=1 ^ time entropy=1,freq ceros=1 ^ width=1 ^ entropia=1,0.575005,0.483482,0.263306,0.296366
freq ceros=1 ^ transitoriedad=1,width=1,0.541933,0.527678,0.302724,0.345719
freq ceros=1 ^ transitoriedad=1,width=1,0.541933,0.527678,0.302724,0.345719
entropia=1,pasos=1 ^ time entropy=1,0.553482,0.538265,0.338150,0.365099
entropia=1,freq unos=1,0.564062,0.539751,0.349101,0.362498
freq unos=1 ^ freq dos=1 ^ transitoriedad=1 ^ time entropy=1,freq ceros=1 ^ width=1 ^ entropia=1,0.575005,0.483482,0.263306,0.296366
freq unos=1 ^ freq dos=1 ^ actividad=1 ^ entropia=1 ^ transitoriedad=1,freq ceros=1 ^ width=1,0.550423,0.516361,0.282696,0.320417
width=1 ^ simetria=1 ^ actividad=1 ^ entropia=1,freq ceros=1 ^ transitoriedad=1,0.521737,0.555488,0.297903,0.339555
actividad=1 ^ transitoriedad=1,width=1,0.511780,0.569224,0.324682,0.373575
actividad=1,freq dos=1,0.545991,0.587254,0.368022,0.368080
actividad=1 ^ transitoriedad=2 ^ time entropy=1,freq dos=1 ^ width=2 ^ entropia=1,0.559125,0.565523,0.301997,0.302007
pasos=1 ^ actividad=1 ^ transitoriedad=2 ^ time entropy=1,freq ceros=5 ^ freq unos=1 ^ freq dos=1 ^ width=2 ^ entropia=1,0.519226,0.565750,0.294863,0.331097
freq unos=1 ^ freq dos=1 ^ pasos=1 ^ actividad=1 ^ transitoriedad=2 ^ sensitividad=1,freq ceros=5 ^ width=2 ^ simetria=2 ^ entropia=1 ^ time entropy=1,0.488246,0.610630,0.312642,0.352872
freq ceros=5 ^ freq dos=1 ^ pasos=1 ^ entropia=1,freq unos=1 ^ width=2 ^ time entropy=1,0.521430,0.628957,0.330721,0.330801
freq ceros=5 ^ freq dos=1 ^ entropia=1 ^ transitoriedad=2 ^ time entropy=1,freq unos=1 ^ width=2 ^ pasos=1 ^ actividad=1,0.538808,0.599375,0.314629,0.314650
pasos=1 ^ actividad=1 ^ transitoriedad=2 ^ time entropy=1,freq ceros=5 ^ freq unos=1 ^ freq dos=1 ^ width=2 ^ entropia=1,0.519226,0.565750,0.294863,0.331097
freq unos=1 ^ freq dos=1 ^ pasos=1 ^ actividad=1 ^ transitoriedad=2 ^ sensitividad=1,freq ceros=5 ^ width=2 ^ simetria=2 ^ entropia=1 ^ time entropy=1,0.488246,0.610630,0.312642,0.352872
freq ceros=5 ^ freq dos=1 ^ entropia=1 ^ transitoriedad=2 ^ time entropy=1,freq unos=1 ^ width=2 ^ pasos=1 ^ actividad=1,0.538808,0.599375,0.314629,0.314650
pasos=1 ^ actividad=1 ^ transitoriedad=2 ^ time entropy=1,freq ceros=5 ^ freq unos=1 ^ freq dos=1 ^ width=2 ^ entropia=1,0.519226,0.565750,0.294863,0.331097
freq unos=1 ^ freq dos=1 ^ pasos=1 ^ actividad=1 ^ transitoriedad=2 ^ sensitividad=1,freq ceros=5 ^ width=2 ^ simetria=2 ^ entropia=1 ^ time entropy=1,0.488246,0.610630,0.312642,0.352872
actividad=1 ^ entropia=1 ^ transitoriedad=2 ^ time entropy=1,freq ceros=5 ^ freq unos=1 ^ freq dos=1 ^ width=2,0.548765,0.532508,0.277622,0.304690
entropia=1 ^ transitoriedad=1,freq unos=1 ^ freq dos=1 ^ width=1 ^ actividad=1 ^ time entropy=1,0.640270,0.399663,0.216606,0.239383
transitoriedad=1 ^ time entropy=1,freq ceros=1 ^ width=1,0.634520,0.406975,0.225077,0.249524
simetria=2 ^ transitoriedad=2,pasos=1,0.900191,0.102441,0.528799,0.635912
simetria=2 ^ transitoriedad=2,pasos=1,0.900191,0.102441,0.528799,0.635912
simetria=2 ^ transitoriedad=2,pasos=1,0.900191,0.102441,0.528799,0.635912
simetria=2,pasos=1,0.934941,0.066687,0.566456,0.609919
freq unos=1 ^ actividad=1 ^ entropia=1 ^ transitoriedad=1,freq ceros=1 ^ width=1,0.650610,0.387050,0.214492,0.236650
freq unos=1 ^ actividad=1 ^ transitoriedad=1,freq ceros=1 ^ width=1,0.651827,0.385595,0.213725,0.235688
entropia=1 ^ transitoriedad=1 ^ time entropy=1,freq ceros=1 ^ width=1,0.633987,0.407623,0.225418,0.249952
entropia=1 ^ transitoriedad=1 ^ time entropy=1,freq ceros=1 ^ width=1,0.633987,0.407623,0.225418,0.249952
freq ceros=1 ^ freq unos=1 ^ transitoriedad=1,width=1 ^ entropia=1,0.631110,0.412245,0.229705,0.254387
simetria=2 ^ transitoriedad=2,pasos=1,0.900191,0.102441,0.528799,0.635912
simetria=2 ^ transitoriedad=2,pasos=1,0.900191,0.102441,0.528799,0.635912
entropia=1,time entropy=1,0.643532,0.414538,0.266955,0.282069
freq unos=1 ^ actividad=1 ^ entropia=1 ^ transitoriedad=1,freq ceros=1 ^ width=1,0.650610,0.387050,0.214492,0.236650
actividad=1 ^ entropia=1 ^ transitoriedad=1 ^ time entropy=1,freq ceros=1 ^ width=1,0.620388,0.424796,0.234532,0.261014
freq ceros=1 ^ freq dos=1 ^ transitoriedad=1,width=1 ^ entropia=1,0.611838,0.436090,0.242285,0.270169
entropia=1,time entropy=1,0.643532,0.414538,0.266955,0.282069
freq dos=1,entropia=1,0.630473,0.436808,0.282934,0.295856
entropia=1,freq dos=1,0.630473,0.436808,0.282934,0.295856
entropia=1,time entropy=1,0.643532,0.414538,0.266955,0.282069
freq unos=1 ^ freq dos=1 ^ actividad=1 ^ transitoriedad=1,freq ceros=1 ^ width=1 ^ entropia=1,0.600649,0.450128,0.245845,0.274783
freq ceros=1 ^ freq dos=1 ^ actividad=1 ^ transitoriedad=1,width=1 ^ entropia=1,0.590563,0.463273,0.256635,0.287991
entropia=1,freq dos=1 ^ time entropy=1,0.577100,0.488420,0.302061,0.337404
entropia=1,freq dos=1,0.630473,0.436808,0.282934,0.295856
actividad=1 ^ entropia=1,time entropy=1,0.622994,0.459604,0.281157,0.284648
freq unos=1 ^ freq dos=1 ^ transitoriedad=1 ^ time entropy=1,freq ceros=1 ^ width=1 ^ entropia=1,0.575005,0.483482,0.263306,0.296366
simetria=2 ^ actividad=1 ^ transitoriedad=2 ^ time entropy=1,freq ceros=5 ^ freq unos=1 ^ freq dos=1 ^ width=2 ^ entropia=1,0.570392,0.495945,0.258180,0.285776
freq ceros=5 ^ simetria=2 ^ entropia=1,freq unos=1 ^ width=2 ^ time entropy=1,0.585499,0.521332,0.273664,0.274494
freq ceros=5 ^ freq dos=1 ^ actividad=1 ^ transitoriedad=2,freq unos=1 ^ width=2 ^ simetria=2 ^ entropia=1 ^ time entropy=1,0.587937,0.517686,0.270972,0.271677
pasos=1 ^ simetria=2 ^ actividad=1 ^ transitoriedad=2 ^ time entropy=1,freq ceros=5 ^ freq unos=1 ^ freq dos=1 ^ width=2 ^ entropia=1,0.570392,0.495945,0.258180,0.285776
simetria=2 ^ actividad=1 ^ transitoriedad=2 ^ time entropy=1,freq ceros=5 ^ freq unos=1 ^ freq dos=1 ^ entropia=1,0.570382,0.495967,0.258192,0.285784
freq ceros=5 ^ pasos=1 ^ simetria=2 ^ actividad=1 ^ transitoriedad=2,freq unos=1 ^ width=2 ^ entropia=1 ^ time entropy=1,0.580689,0.530540,0.278272,0.278273
pasos=1 ^ simetria=2 ^ actividad=1 ^ transitoriedad=2 ^ time entropy=1,freq ceros=5 ^ freq unos=1 ^ freq dos=1 ^ width=2 ^ entropia=1,0.570392,0.495945,0.258180,0.285776
freq unos=1 ^ freq dos=1 ^ simetria=2 ^ actividad=1 ^ time entropy=1,freq ceros=5 ^ width=2 ^ entropia=1,0.575674,0.524129,0.274078,0.281878
pasos=1 ^ simetria=2 ^ actividad=1 ^ transitoriedad=2 ^ time entropy=1,freq ceros=5 ^ freq unos=1 ^ freq dos=1 ^ width=2 ^ entropia=1,0.570392,0.495945,0.258180,0.285776
transitoriedad=1,freq ceros=1 ^ freq unos=1 ^ freq dos=1 ^ width=1 ^ actividad=1 ^ entropia=1,0.674318,0.357662,0.194751,0.213278
freq unos=1 ^ entropia=1 ^ transitoriedad=1,freq ceros=1 ^ width=1,0.674873,0.357443,0.198690,0.217618
transitoriedad=2,pasos=1,0.919896,0.081783,0.483786,0.578402
transitoriedad=2,pasos=1,0.919896,0.081783,0.483786,0.578402
simetria=2,pasos=1,0.934941,0.066687,0.566456,0.609919
simetria=2,pasos=1 ^ transitoriedad=2,0.925512,0.077071,0.402613,0.413313
freq unos=1 ^ entropia=1 ^ transitoriedad=1,freq ceros=1 ^ width=1,0.674873,0.357443,0.198690,0.217618
freq unos=1 ^ actividad=1 ^ transitoriedad=1,freq ceros=1 ^ width=1,0.651827,0.385595,0.213725,0.235688
width=1 ^ actividad=1 ^ transitoriedad=1,freq ceros=1 ^ entropia=1,0.655623,0.382610,0.216099,0.237220
transitoriedad=2,pasos=1,0.919896,0.081783,0.483786,0.578402
simetria=2,pasos=1 ^ transitoriedad=2,0.925512,0.077071,0.402613,0.413313
freq dos=1,entropia=1 ^ time entropy=1,0.697774,0.354081,0.219558,0.220980
freq unos=1 ^ entropia=1 ^ transitoriedad=1,freq ceros=1 ^ width=1,0.674873,0.357443,0.198690,0.217618
freq unos=1 ^ actividad=1 ^ entropia=1 ^ transitoriedad=1,freq ceros=1 ^ width=1,0.650610,0.387050,0.214492,0.236650
width=1 ^ actividad=1 ^ transitoriedad=1,freq ceros=1 ^ entropia=1,0.655623,0.382610,0.216099,0.237220
width=1 ^ actividad=1 ^ transitoriedad=1,freq ceros=1 ^ entropia=1,0.655623,0.382610,0.216099,0.237220
freq dos=1,time entropy=1,0.683978,0.375233,0.235145,0.235216
freq dos=1,time entropy=1,0.683978,0.375233,0.235145,0.235216
entropia=1 ^ transitoriedad=1,freq unos=1 ^ freq dos=1 ^ width=1 ^ actividad=1 ^ time entropy=1,0.640270,0.399663,0.216606,0.239383
transitoriedad=1 ^ time entropy=1,freq ceros=1 ^ width=1,0.634520,0.406975,0.225077,0.249524
width=1 ^ actividad=1,freq ceros=1 ^ entropia=1,0.652013,0.389348,0.220197,0.240400
actividad=1 ^ transitoriedad=1,freq dos=1 ^ width=1,0.663996,0.402986,0.225297,0.225822
pasos=1 ^ simetria=2 ^ actividad=1 ^ transitoriedad=2 ^ time entropy=1,freq ceros=5 ^ freq dos=1 ^ width=2 ^ entropia=1,0.614753,0.439655,0.229506,0.249839
freq ceros=5 ^ freq unos=1 ^ freq dos=1 ^ transitoriedad=2,width=2 ^ simetria=2 ^ actividad=1 ^ entropia=1 ^ time entropy=1,0.620226,0.437298,0.227632,0.244597
freq ceros=5 ^ simetria=2 ^ entropia=1,freq unos=1 ^ width=2 ^ actividad=1 ^ time entropy=1,0.637581,0.441811,0.231068,0.231509
pasos=1 ^ simetria=2 ^ actividad=1 ^ transitoriedad=2 ^ time entropy=1,freq ceros=5 ^ freq dos=1 ^ width=2 ^ entropia=1,0.614753,0.439655,0.229506,0.249839
freq unos=1 ^ freq dos=1 ^ pasos=1 ^ entropia=1 ^ transitoriedad=2 ^ time entropy=1,freq ceros=5 ^ width=2 ^ simetria=2,0.626722,0.458824,0.239893,0.239952
simetria=2 ^ actividad=1 ^ entropia=1 ^ transitoriedad=2 ^ time entropy=1,freq ceros=5 ^ freq unos=1 ^ freq dos=1 ^ width=2 ^ pasos=1,0.605491,0.456494,0.237695,0.256530
transitoriedad=1 ^ time entropy=1,freq ceros=1 ^ width=1 ^ entropia=1,0.691387,0.337329,0.186088,0.202810
freq ceros=1 ^ actividad=1 ^ transitoriedad=1,width=1 ^ entropia=1,0.708868,0.317547,0.178811,0.193427
simetria=2,pasos=1 ^ transitoriedad=2,0.925512,0.077071,0.402613,0.413313
simetria=2,pasos=1 ^ transitoriedad=2,0.925512,0.077071,0.402613,0.413313
simetria=2,transitoriedad=2,0.925596,0.076981,0.402382,0.413035
freq ceros=1 ^ actividad=1 ^ transitoriedad=1,width=1 ^ entropia=1,0.708868,0.317547,0.178811,0.193427
transitoriedad=1 ^ time entropy=1,freq ceros=1 ^ width=1 ^ entropia=1,0.691387,0.337329,0.186088,0.202810
freq ceros=1 ^ actividad=1 ^ transitoriedad=1,width=1 ^ entropia=1,0.708868,0.317547,0.178811,0.193427
pasos=1 ^ simetria=2,transitoriedad=2,0.934394,0.067676,0.340773,0.346305
transitoriedad=2,pasos=1 ^ simetria=2,0.934394,0.067676,0.340773,0.346305
freq dos=1 ^ entropia=1,time entropy=1,0.713270,0.333417,0.206205,0.207153
transitoriedad=1 ^ time entropy=1,freq ceros=1 ^ width=1 ^ entropia=1,0.691387,0.337329,0.186088,0.202810
freq ceros=1 ^ actividad=1 ^ transitoriedad=1,width=1 ^ entropia=1,0.708868,0.317547,0.178811,0.193427
freq dos=1 ^ entropia=1,time entropy=1,0.713270,0.333417,0.206205,0.207153
freq dos=1 ^ entropia=1,time entropy=1,0.713270,0.333417,0.206205,0.207153
freq unos=1 ^ freq dos=1 ^ width=1 ^ actividad=1 ^ entropia=1,freq ceros=1 ^ transitoriedad=1,0.678631,0.352556,0.191949,0.209865
freq unos=1 ^ freq dos=1 ^ width=1 ^ actividad=1,entropia=1 ^ transitoriedad=1,0.686061,0.343423,0.186926,0.204029
freq ceros=5 ^ freq dos=1 ^ pasos=1 ^ simetria=2 ^ entropia=1,freq unos=1 ^ width=2 ^ actividad=1 ^ time entropy=1,0.698059,0.353181,0.183970,0.185289
freq unos=1 ^ freq dos=1 ^ pasos=1 ^ transitoriedad=2 ^ time entropy=1,freq ceros=5 ^ width=2 ^ actividad=1 ^ entropia=1,0.674242,0.381869,0.198958,0.202873
freq unos=1 ^ pasos=1 ^ actividad=1 ^ entropia=1 ^ transitoriedad=2 ^ time entropy=1,freq ceros=5 ^ freq dos=1 ^ width=2 ^ simetria=2,0.684398,0.373106,0.194470,0.195347
freq dos=1 ^ simetria=2 ^ actividad=1 ^ entropia=1 ^ transitoriedad=2,freq ceros=5 ^ freq unos=1 ^ width=2 ^ time entropy=1,0.655918,0.399523,0.208061,0.216705
freq unos=1 ^ transitoriedad=1,freq ceros=1 ^ width=1 ^ entropia=1,0.733903,0.288053,0.159791,0.171360
pasos=1 ^ simetria=2,transitoriedad=2,0.934394,0.067676,0.340773,0.346305
pasos=1 ^ simetria=2,transitoriedad=2,0.934394,0.067676,0.340773,0.346305
transitoriedad=2,pasos=1 ^ simetria=2,0.934394,0.067676,0.340773,0.346305
transitoriedad=2,pasos=1 ^ simetria=2,0.934394,0.067676,0.340773,0.346305
freq unos=1 ^ transitoriedad=1,freq ceros=1 ^ width=1 ^ entropia=1,0.733903,0.288053,0.159791,0.171360
actividad=1 ^ entropia=1 ^ transitoriedad=1,freq ceros=1 ^ width=1,0.759727,0.256961,0.144258,0.154389
actividad=1 ^ entropia=1 ^ transitoriedad=1,freq ceros=1 ^ width=1,0.759727,0.256961,0.144258,0.154389
actividad=1 ^ entropia=1 ^ transitoriedad=1,freq ceros=1 ^ width=1,0.759727,0.256961,0.144258,0.154389
freq unos=1 ^ transitoriedad=1,freq ceros=1 ^ width=1 ^ entropia=1,0.733903,0.288053,0.159791,0.171360
width=1 ^ entropia=1,freq ceros=1 ^ transitoriedad=1,0.742768,0.279025,0.158052,0.168362
freq ceros=1 ^ freq dos=1 ^ width=1 ^ entropia=1,transitoriedad=1,0.753058,0.277205,0.153992,0.156743
freq unos=1 ^ freq dos=1 ^ actividad=1 ^ entropia=1 ^ transitoriedad=2 ^ time entropy=1,freq ceros=5 ^ width=2,0.735705,0.295885,0.153769,0.158422
freq unos=1 ^ freq dos=1 ^ actividad=1 ^ entropia=1 ^ transitoriedad=2 ^ time entropy=1,freq ceros=5 ^ width=2,0.735705,0.295885,0.153769,0.158422
freq dos=1 ^ simetria=2 ^ actividad=1 ^ entropia=1 ^ transitoriedad=2,freq ceros=5 ^ width=2 ^ time entropy=1,0.704988,0.337754,0.176333,0.180828
freq ceros=1 ^ freq dos=1 ^ width=1 ^ actividad=1,transitoriedad=1,0.773417,0.241117,0.132525,0.141219
entropia=1 ^ transitoriedad=1,freq ceros=1 ^ width=1,0.799197,0.212504,0.119900,0.126702
pasos=1 ^ simetria=2,transitoriedad=2,0.934394,0.067676,0.340773,0.346305
entropia=1 ^ transitoriedad=1,freq ceros=1 ^ width=1,0.799197,0.212504,0.119900,0.126702
freq dos=1 ^ width=1 ^ actividad=1 ^ entropia=1,freq ceros=1 ^ transitoriedad=1,0.777317,0.236927,0.130211,0.138445
entropia=1 ^ transitoriedad=1,freq ceros=1 ^ width=1,0.799197,0.212504,0.119900,0.126702
entropia=1 ^ transitoriedad=1,freq ceros=1 ^ width=1,0.799197,0.212504,0.119900,0.126702
freq ceros=1 ^ freq dos=1 ^ width=1 ^ actividad=1,transitoriedad=1,0.773417,0.241117,0.132525,0.141219
freq dos=1 ^ entropia=1 ^ transitoriedad=1,freq ceros=1 ^ width=1 ^ actividad=1 ^ time entropy=1,0.792401,0.231011,0.126249,0.126623
freq ceros=5 ^ simetria=2 ^ actividad=1 ^ entropia=1 ^ transitoriedad=2,freq unos=1 ^ freq dos=1 ^ width=2 ^ time entropy=1,0.759945,0.272776,0.141850,0.141862
actividad=1 ^ transitoriedad=1,freq ceros=1 ^ width=1 ^ entropia=1,0.824659,0.184916,0.103613,0.108167
actividad=1 ^ transitoriedad=1,freq ceros=1 ^ width=1 ^ entropia=1,0.824659,0.184916,0.103613,0.108167
actividad=1 ^ transitoriedad=1,freq ceros=1 ^ width=1 ^ entropia=1,0.824659,0.184916,0.103613,0.108167
actividad=1 ^ transitoriedad=1,freq ceros=1 ^ width=1 ^ entropia=1,0.824659,0.184916,0.103613,0.108167
freq ceros=1 ^ actividad=1,width=1 ^ entropia=1 ^ transitoriedad=1,0.838627,0.174307,0.097995,0.098763
freq unos=1 ^ freq dos=1 ^ pasos=1 ^ actividad=1 ^ transitoriedad=2,freq ceros=5 ^ width=2 ^ simetria=2 ^ entropia=1 ^ time entropy=1,0.814094,0.204358,0.106098,0.106420
transitoriedad=1,freq ceros=1 ^ width=1 ^ entropia=1,0.859293,0.148279,0.083614,0.085561
transitoriedad=1,freq ceros=1 ^ width=1 ^ entropia=1,0.859293,0.148279,0.083614,0.085561
transitoriedad=1,freq ceros=1 ^ width=1 ^ entropia=1,0.859293,0.148279,0.083614,0.085561
transitoriedad=1,width=1 ^ actividad=1 ^ entropia=1,0.930452,0.070925,0.039573,0.040275
