antecedente,consecuente,jaccard,cosine,phi,kappa
freq ceros=1 ^ width=1 ^ pasos=1 ^ actividad=1 ^ entropia=1,transitoriedad=1,0.646831,0.391484,0.212608,0.234579
freq ceros=1 ^ width=1 ^ pasos=1 ^ actividad=1 ^ entropia=1,transitoriedad=1,0.646831,0.391484,0.212608,0.234579
freq ceros=1 ^ width=1 ^ pasos=1 ^ actividad=1 ^ entropia=1,transitoriedad=1,0.646831,0.391484,0.212608,0.234579
freq ceros=1 ^ width=1 ^ pasos=1 ^ actividad=1 ^ entropia=1,transitoriedad=1,0.646831,0.391484,0.212608,0.234579
freq ceros=1 ^ freq unos=1 ^ freq dos=1 ^ simetria=1 ^ actividad=1,width=1 ^ entropia=1 ^ transitoriedad=1 ^ time entropy=1,0.613969,0.435948,0.231986,0.255869
freq ceros=1 ^ freq unos=1 ^ freq dos=1 ^ simetria=1 ^ actividad=1,width=1 ^ entropia=1 ^ transitoriedad=1 ^ time entropy=1,0.613969,0.435948,0.231986,0.255869
freq ceros=1 ^ freq unos=1 ^ freq dos=1 ^ simetria=1 ^ actividad=1,width=1 ^ entropia=1 ^ transitoriedad=1 ^ time entropy=1,0.613969,0.435948,0.231986,0.255869
freq ceros=1 ^ freq unos=1 ^ freq dos=1 ^ simetria=1 ^ actividad=1,width=1 ^ entropia=1 ^ transitoriedad=1 ^ time entropy=1,0.613969,0.435948,0.231986,0.255869
freq ceros=1 ^ freq unos=1 ^ freq dos=1 ^ simetria=1 ^ actividad=1,width=1 ^ entropia=1 ^ transitoriedad=1 ^ time entropy=1,0.613969,0.435948,0.231986,0.255869
freq ceros=1 ^ width=1 ^ pasos=1 ^ actividad=1 ^ entropia=1,transitoriedad=1,0.646831,0.391484,0.212608,0.234579
freq ceros=1 ^ width=1 ^ pasos=1 ^ actividad=1 ^ entropia=1,transitoriedad=1,0.646831,0.391484,0.212608,0.234579
freq ceros=1 ^ width=1 ^ pasos=1 ^ actividad=1 ^ entropia=1,transitoriedad=1,0.646831,0.391484,0.212608,0.234579
freq ceros=1 ^ width=1 ^ pasos=1 ^ actividad=1 ^ entropia=1,transitoriedad=1,0.646831,0.391484,0.212608,0.234579
freq ceros=1 ^ width=1 ^ pasos=1 ^ actividad=1 ^ entropia=1,transitoriedad=1,0.646831,0.391484,0.212608,0.234579
freq ceros=1 ^ width=1 ^ pasos=1 ^ actividad=1 ^ entropia=1,transitoriedad=1,0.646831,0.391484,0.212608,0.234579
freq ceros=1 ^ freq unos=1 ^ freq dos=1 ^ simetria=1 ^ actividad=1,width=1 ^ entropia=1 ^ transitoriedad=1 ^ time entropy=1,0.613969,0.435948,0.231986,0.255869
freq ceros=1 ^ freq unos=1 ^ freq dos=1 ^ simetria=1 ^ actividad=1 ^ entropia=1,width=1 ^ transitoriedad=1 ^ time entropy=1,0.613387,0.436694,0.232387,0.256353
freq unos=1 ^ freq dos=1 ^ actividad=1 ^ transitoriedad=1,freq ceros=1 ^ width=1 ^ entropia=1,0.600649,0.450128,0.245845,0.274783
freq unos=1 ^ freq dos=1 ^ actividad=1 ^ transitoriedad=1,freq ceros=1 ^ width=1 ^ entropia=1,0.600649,0.450128,0.245845,0.274783
freq unos=1 ^ freq dos=1 ^ actividad=1 ^ transitoriedad=1,freq ceros=1 ^ width=1 ^ entropia=1,0.600649,0.450128,0.245845,0.274783
freq unos=1 ^ freq dos=1 ^ actividad=1 ^ transitoriedad=1,freq ceros=1 ^ width=1 ^ entropia=1,0.600649,0.450128,0.245845,0.274783
freq ceros=1 ^ freq unos=1 ^ freq dos=1 ^ simetria=1 ^ actividad=1 ^ entropia=1,width=1 ^ transitoriedad=1 ^ time entropy=1,0.613387,0.436694,0.232387,0.256353
freq ceros=1 ^ freq unos=1 ^ freq dos=1 ^ simetria=1 ^ actividad=1,width=1 ^ entropia=1 ^ transitoriedad=1 ^ time entropy=1,0.613969,0.435948,0.231986,0.255869
freq ceros=1 ^ freq dos=1 ^ simetria=1 ^ actividad=1,width=1 ^ entropia=1 ^ transitoriedad=1 ^ time entropy=1,0.629208,0.417634,0.222591,0.243796
freq ceros=1 ^ width=1 ^ pasos=1 ^ actividad=1 ^ entropia=1,transitoriedad=1,0.646831,0.391484,0.212608,0.234579
freq ceros=1 ^ freq unos=1 ^ freq dos=1 ^ simetria=1 ^ actividad=1,width=1 ^ entropia=1 ^ transitoriedad=1 ^ time entropy=1,0.613969,0.435948,0.231986,0.255869
freq ceros=1 ^ freq unos=1 ^ freq dos=1 ^ simetria=1 ^ actividad=1,width=1 ^ entropia=1 ^ transitoriedad=1 ^ time entropy=1,0.613969,0.435948,0.231986,0.255869
freq unos=1 ^ freq dos=1 ^ actividad=1 ^ transitoriedad=1,freq ceros=1 ^ width=1 ^ entropia=1,0.600649,0.450128,0.245845,0.274783
freq ceros=1 ^ width=1,freq dos=1 ^ entropia=1 ^ transitoriedad=1 ^ time entropy=1,0.577422,0.480317,0.263815,0.296981
freq ceros=1 ^ width=1,freq dos=1 ^ actividad=1 ^ entropia=1 ^ transitoriedad=1 ^ time entropy=1,0.564196,0.497823,0.272992,0.308376
freq unos=1 ^ freq dos=1 ^ actividad=1 ^ transitoriedad=1,freq ceros=1 ^ width=1,0.550423,0.516361,0.282696,0.320417
freq unos=1 ^ freq dos=1 ^ actividad=1 ^ transitoriedad=1,freq ceros=1 ^ width=1,0.550423,0.516361,0.282696,0.320417
freq unos=1 ^ freq dos=1 ^ simetria=1 ^ actividad=1 ^ transitoriedad=1,freq ceros=1 ^ width=1 ^ entropia=1 ^ time entropy=1,0.573885,0.488259,0.260158,0.290157
freq unos=1 ^ freq dos=1 ^ simetria=1 ^ transitoriedad=1,freq ceros=1 ^ width=1 ^ entropia=1 ^ time entropy=1,0.590515,0.466369,0.248832,0.276278
freq ceros=1 ^ freq unos=1 ^ freq dos=1 ^ simetria=1 ^ actividad=1 ^ entropia=1,width=1 ^ transitoriedad=1 ^ time entropy=1,0.613387,0.436694,0.232387,0.256353
freq ceros=1 ^ freq unos=1 ^ freq dos=1 ^ simetria=1 ^ actividad=1,width=1 ^ entropia=1 ^ transitoriedad=1 ^ time entropy=1,0.613969,0.435948,0.231986,0.255869
freq ceros=1 ^ freq unos=1 ^ freq dos=1 ^ simetria=1 ^ actividad=1,width=1 ^ transitoriedad=1 ^ time entropy=1,0.613387,0.436694,0.232387,0.256353
freq unos=1 ^ freq dos=1 ^ simetria=1 ^ transitoriedad=1,freq ceros=1 ^ width=1 ^ entropia=1 ^ time entropy=1,0.590515,0.466369,0.248832,0.276278
width=1 ^ simetria=1 ^ actividad=1,freq ceros=1 ^ entropia=1 ^ transitoriedad=1,0.528345,0.546386,0.292944,0.333300
freq ceros=1 ^ width=1 ^ simetria=1 ^ actividad=1 ^ entropia=1,transitoriedad=1,0.518331,0.560096,0.300409,0.342797
freq unos=1 ^ freq dos=1 ^ width=1 ^ actividad=1 ^ transitoriedad=1,freq ceros=1 ^ entropia=1,0.476963,0.618936,0.340288,0.393369
freq unos=1 ^ freq dos=1 ^ width=1 ^ actividad=1 ^ transitoriedad=1,freq ceros=1 ^ entropia=1,0.476963,0.618936,0.340288,0.393369
freq ceros=1 ^ freq dos=1 ^ simetria=1 ^ actividad=1,width=1 ^ entropia=1 ^ transitoriedad=1,0.508781,0.573422,0.306898,0.350995
width=1 ^ simetria=1 ^ actividad=1,freq ceros=1 ^ entropia=1 ^ transitoriedad=1,0.528345,0.546386,0.292944,0.333300
freq unos=1 ^ freq dos=1 ^ simetria=1 ^ actividad=1 ^ transitoriedad=1,freq ceros=1 ^ width=1 ^ entropia=1 ^ time entropy=1,0.573885,0.488259,0.260158,0.290157
freq ceros=1 ^ freq unos=1 ^ freq dos=1 ^ simetria=1 ^ actividad=1 ^ entropia=1,width=1 ^ transitoriedad=1 ^ time entropy=1,0.613387,0.436694,0.232387,0.256353
freq unos=1 ^ freq dos=1 ^ simetria=1 ^ actividad=1 ^ transitoriedad=1,freq ceros=1 ^ width=1 ^ entropia=1 ^ time entropy=1,0.573885,0.488259,0.260158,0.290157
width=1 ^ simetria=1 ^ actividad=1,entropia=1 ^ transitoriedad=1,0.527248,0.547782,0.293704,0.334339
freq unos=1 ^ freq dos=1 ^ simetria=1 ^ actividad=1,width=1 ^ transitoriedad=1,0.485913,0.605851,0.323870,0.372540
freq unos=1 ^ freq dos=1 ^ actividad=1,entropia=1,0.399233,0.737702,0.430654,0.509128
transitoriedad=2,width=2 ^ simetria=2,0.285529,0.931365,0.795779,0.919816
pasos=1,time entropy=1,0.175061,1.209006,1.279105,1.050199
freq ceros=5 ^ freq dos=1 ^ simetria=2 ^ actividad=1 ^ entropia=1 ^ transitoriedad=2,width=2 ^ pasos=1 ^ time entropy=1,0.460086,0.645156,0.337748,0.389031
freq ceros=1 ^ width=1 ^ simetria=1 ^ actividad=1,entropia=1 ^ transitoriedad=1,0.527076,0.548012,0.293822,0.334492
freq unos=1 ^ freq dos=1 ^ simetria=1 ^ actividad=1 ^ transitoriedad=1,freq ceros=1 ^ width=1 ^ entropia=1 ^ time entropy=1,0.573885,0.488259,0.260158,0.290157
width=1 ^ simetria=1 ^ actividad=1,entropia=1 ^ transitoriedad=1,0.527248,0.547782,0.293704,0.334339
freq ceros=1 ^ freq unos=1 ^ freq dos=1 ^ width=1 ^ simetria=1 ^ actividad=1 ^ entropia=1,transitoriedad=1,0.484993,0.607172,0.324583,0.373449
freq unos=1 ^ freq dos=1 ^ simetria=1 ^ actividad=1 ^ entropia=1 ^ transitoriedad=1,freq ceros=1 ^ width=1,0.395957,0.741590,0.398251,0.468248
freq unos=1 ^ freq dos=1 ^ actividad=1 ^ transitoriedad=1,entropia=1,0.269346,0.962030,0.540406,0.651219
pasos=1,simetria=2 ^ time entropy=1,0.127915,1.294162,0.996348,0.999494
freq unos=1 ^ freq dos=1 ^ width=1 ^ actividad=1 ^ entropia=1 ^ transitoriedad=1,pasos=1,0.045143,1.663028,1.574201,1.058579
freq ceros=5 ^ freq dos=1 ^ simetria=2 ^ actividad=1 ^ entropia=1 ^ transitoriedad=2,width=2 ^ pasos=1 ^ time entropy=1,0.460086,0.645156,0.337748,0.389031
freq ceros=1 ^ width=1 ^ simetria=1 ^ actividad=1,entropia=1 ^ transitoriedad=1,0.527076,0.548012,0.293822,0.334492
freq unos=1 ^ freq dos=1 ^ simetria=1 ^ actividad=1,width=1 ^ entropia=1 ^ transitoriedad=1,0.493342,0.595234,0.318093,0.365190
freq ceros=5 ^ freq unos=1 ^ freq dos=1 ^ actividad=1 ^ entropia=1 ^ transitoriedad=2,width=2 ^ time entropy=1,0.424720,0.698516,0.364763,0.423621
freq unos=1 ^ freq dos=1 ^ width=1 ^ transitoriedad=1,freq ceros=1 ^ pasos=2 ^ simetria=1 ^ entropia=1 ^ time entropy=1,0.290214,0.924265,0.477274,0.569617
freq unos=1 ^ freq dos=1 ^ pasos=1 ^ simetria=2 ^ actividad=1 ^ entropia=1 ^ transitoriedad=1,freq ceros=1 ^ width=1,0.108168,1.342323,0.691720,0.826366
freq ceros=1 ^ freq dos=1 ^ width=2 ^ pasos=1 ^ actividad=1 ^ entropia=1 ^ transitoriedad=2,freq unos=5 ^ time entropy=1,0.239717,1.044549,0.525234,0.616853
freq ceros=1 ^ freq dos=1 ^ pasos=1 ^ actividad=1 ^ entropia=1 ^ transitoriedad=2,freq unos=5 ^ width=2 ^ time entropy=1,0.391478,0.776735,0.390255,0.439586
freq ceros=5 ^ freq unos=1 ^ freq dos=1 ^ actividad=1 ^ transitoriedad=2,width=2 ^ pasos=1 ^ simetria=2 ^ entropia=1 ^ time entropy=1,0.477434,0.623109,0.325018,0.370502
freq ceros=5 ^ freq dos=1 ^ simetria=2 ^ actividad=1 ^ entropia=1 ^ transitoriedad=2,width=2 ^ pasos=1 ^ time entropy=1,0.460086,0.645156,0.337748,0.389031
freq ceros=5 ^ freq dos=1 ^ actividad=5 ^ entropia=1 ^ transitoriedad=2,freq unos=5 ^ width=5 ^ pasos=1 ^ simetria=2 ^ time entropy=1,0.332004,0.847604,0.423995,0.501748
freq ceros=1 ^ freq dos=1 ^ actividad=1 ^ entropia=1 ^ transitoriedad=2,freq unos=5 ^ pasos=1 ^ time entropy=1,0.242621,1.038602,0.522267,0.613095
freq ceros=1 ^ freq dos=1 ^ pasos=1 ^ simetria=2 ^ transitoriedad=2,freq unos=5 ^ width=2 ^ actividad=1 ^ entropia=1 ^ time entropy=1,0.202613,1.135925,0.571528,0.667173
freq ceros=5 ^ freq dos=1 ^ actividad=5 ^ entropia=1 ^ transitoriedad=2,freq unos=5 ^ width=5 ^ pasos=1 ^ simetria=2 ^ time entropy=1,0.332004,0.847604,0.423995,0.501748
freq ceros=1 ^ freq dos=1 ^ actividad=1 ^ transitoriedad=2,freq unos=5 ^ width=2 ^ pasos=1 ^ simetria=2 ^ time entropy=1,0.403831,0.766170,0.385062,0.426986
freq ceros=5 ^ freq unos=1 ^ freq dos=1 ^ actividad=1 ^ entropia=1 ^ transitoriedad=2,width=2 ^ pasos=1 ^ simetria=2 ^ time entropy=1,0.425672,0.697056,0.363990,0.422624
freq ceros=5 ^ freq dos=1 ^ actividad=5 ^ entropia=1 ^ transitoriedad=2,freq unos=5 ^ width=5 ^ pasos=1 ^ simetria=2 ^ time entropy=1,0.332004,0.847604,0.423995,0.501748
freq ceros=5 ^ freq dos=1 ^ actividad=5 ^ entropia=1 ^ transitoriedad=2,freq unos=5 ^ width=5 ^ pasos=1 ^ simetria=2 ^ time entropy=1,0.332004,0.847604,0.423995,0.501748
freq ceros=5 ^ freq dos=1 ^ actividad=5 ^ entropia=1 ^ transitoriedad=2,freq unos=5 ^ width=5 ^ pasos=1 ^ simetria=2 ^ time entropy=1,0.332004,0.847604,0.423995,0.501748
freq ceros=1 ^ freq dos=1 ^ actividad=1 ^ entropia=1 ^ transitoriedad=2,freq unos=5 ^ width=2 ^ pasos=1 ^ simetria=2 ^ time entropy=1,0.391478,0.776735,0.390255,0.439586
freq ceros=5 ^ freq dos=1 ^ simetria=2 ^ actividad=1 ^ entropia=1 ^ transitoriedad=2,width=2 ^ pasos=1 ^ time entropy=1,0.460086,0.645156,0.337748,0.389031
freq ceros=1 ^ freq dos=1 ^ actividad=1 ^ entropia=1 ^ transitoriedad=2,freq unos=5 ^ width=2 ^ pasos=1 ^ simetria=2 ^ time entropy=1,0.391478,0.776735,0.390255,0.439586
freq ceros=1 ^ freq dos=1 ^ actividad=1 ^ entropia=1 ^ transitoriedad=2,freq unos=5 ^ width=2 ^ pasos=1 ^ simetria=2 ^ time entropy=1,0.391478,0.776735,0.390255,0.439586
freq ceros=1 ^ freq dos=1 ^ actividad=1 ^ transitoriedad=2,freq unos=5 ^ width=2 ^ pasos=1 ^ simetria=2 ^ time entropy=1,0.403831,0.766170,0.385062,0.426986
freq ceros=5 ^ freq unos=1 ^ freq dos=1 ^ actividad=1 ^ transitoriedad=2,width=2 ^ pasos=1 ^ simetria=2 ^ entropia=1 ^ time entropy=1,0.477434,0.623109,0.325018,0.370502
freq ceros=5 ^ freq unos=1 ^ freq dos=1 ^ actividad=1 ^ transitoriedad=2,width=2 ^ pasos=1 ^ simetria=2 ^ entropia=1 ^ time entropy=1,0.477434,0.623109,0.325018,0.370502
freq ceros=5 ^ freq unos=1 ^ freq dos=1 ^ actividad=1 ^ transitoriedad=2,width=2 ^ pasos=1 ^ simetria=2 ^ entropia=1 ^ time entropy=1,0.477434,0.623109,0.325018,0.370502
freq unos=1 ^ freq dos=1 ^ actividad=1 ^ transitoriedad=2,width=2 ^ pasos=1 ^ simetria=2 ^ entropia=1 ^ time entropy=1,0.504028,0.587977,0.307404,0.346187
freq unos=1 ^ freq dos=1 ^ actividad=1 ^ transitoriedad=2,width=2 ^ pasos=1 ^ simetria=2 ^ entropia=1 ^ time entropy=1,0.504028,0.587977,0.307404,0.346187
freq unos=1 ^ freq dos=1 ^ actividad=1 ^ transitoriedad=2,width=2 ^ pasos=1 ^ simetria=2 ^ entropia=1 ^ time entropy=1,0.504028,0.587977,0.307404,0.346187
freq ceros=1 ^ width=1 ^ pasos=1 ^ actividad=1 ^ entropia=1,transitoriedad=1,0.646831,0.391484,0.212608,0.234579
freq ceros=1 ^ width=1 ^ pasos=1 ^ actividad=1 ^ entropia=1,transitoriedad=1,0.646831,0.391484,0.212608,0.234579
freq ceros=1 ^ width=1 ^ entropia=1,freq dos=1 ^ transitoriedad=1 ^ time entropy=1,0.630058,0.412598,0.226068,0.250716
freq ceros=1 ^ width=1 ^ entropia=1,freq dos=1 ^ actividad=1 ^ transitoriedad=1 ^ time entropy=1,0.615626,0.430887,0.235718,0.262434
freq ceros=1 ^ width=1 ^ entropia=1,freq dos=1 ^ actividad=1 ^ transitoriedad=1 ^ time entropy=1,0.615626,0.430887,0.235718,0.262434
freq unos=1 ^ freq dos=1 ^ actividad=1 ^ transitoriedad=1,freq ceros=1 ^ width=1 ^ entropia=1,0.600649,0.450128,0.245845,0.274783
freq unos=1 ^ freq dos=1 ^ actividad=1 ^ transitoriedad=1,freq ceros=1 ^ width=1 ^ entropia=1,0.600649,0.450128,0.245845,0.274783
freq ceros=1 ^ width=1 ^ entropia=1,freq dos=1 ^ actividad=1 ^ transitoriedad=1 ^ time entropy=1,0.615626,0.430887,0.235718,0.262434
freq ceros=1 ^ freq unos=1 ^ freq dos=1 ^ simetria=1 ^ actividad=1,width=1 ^ entropia=1 ^ transitoriedad=1 ^ time entropy=1,0.613969,0.435948,0.231986,0.255869
freq ceros=1 ^ freq unos=1 ^ freq dos=1 ^ simetria=1 ^ actividad=1,width=1 ^ entropia=1 ^ transitoriedad=1 ^ time entropy=1,0.613969,0.435948,0.231986,0.255869
freq ceros=1 ^ width=1 ^ pasos=1 ^ actividad=1 ^ entropia=1,transitoriedad=1,0.646831,0.391484,0.212608,0.234579
freq ceros=1 ^ width=1 ^ pasos=1 ^ actividad=1 ^ entropia=1,transitoriedad=1,0.646831,0.391484,0.212608,0.234579
freq ceros=1 ^ freq unos=1 ^ freq dos=1 ^ simetria=1 ^ actividad=1,width=1 ^ entropia=1 ^ transitoriedad=1 ^ time entropy=1,0.613969,0.435948,0.231986,0.255869
freq ceros=1 ^ freq unos=1 ^ freq dos=1 ^ simetria=1 ^ actividad=1,width=1 ^ entropia=1 ^ transitoriedad=1 ^ time entropy=1,0.613969,0.435948,0.231986,0.255869
freq unos=1 ^ freq dos=1 ^ actividad=1 ^ transitoriedad=1,freq ceros=1 ^ width=1 ^ entropia=1,0.600649,0.450128,0.245845,0.274783
freq unos=1 ^ freq dos=1 ^ actividad=1 ^ transitoriedad=1,freq ceros=1 ^ width=1 ^ entropia=1,0.600649,0.450128,0.245845,0.274783
freq ceros=1 ^ width=1,freq dos=1 ^ entropia=1 ^ transitoriedad=1 ^ time entropy=1,0.577422,0.480317,0.263815,0.296981
freq ceros=1 ^ width=1,freq dos=1 ^ actividad=1 ^ entropia=1 ^ transitoriedad=1 ^ time entropy=1,0.564196,0.497823,0.272992,0.308376
freq ceros=1 ^ width=1,freq dos=1 ^ entropia=1 ^ transitoriedad=1 ^ time entropy=1,0.577422,0.480317,0.263815,0.296981
freq ceros=1 ^ width=1,freq dos=1 ^ entropia=1 ^ transitoriedad=1 ^ time entropy=1,0.577422,0.480317,0.263815,0.296981
freq unos=1 ^ freq dos=1 ^ actividad=1 ^ transitoriedad=1,freq ceros=1 ^ width=1 ^ entropia=1,0.600649,0.450128,0.245845,0.274783
freq ceros=1 ^ freq unos=1 ^ freq dos=1 ^ simetria=1 ^ actividad=1,width=1 ^ entropia=1 ^ transitoriedad=1 ^ time entropy=1,0.613969,0.435948,0.231986,0.255869
freq ceros=1 ^ freq unos=1 ^ freq dos=1 ^ simetria=1 ^ actividad=1,width=1 ^ entropia=1 ^ transitoriedad=1 ^ time entropy=1,0.613969,0.435948,0.231986,0.255869
freq ceros=1 ^ freq unos=1 ^ freq dos=1 ^ simetria=1 ^ actividad=1,width=1 ^ transitoriedad=1 ^ time entropy=1,0.613387,0.436694,0.232387,0.256353
freq unos=1 ^ freq dos=1 ^ actividad=1 ^ transitoriedad=1,freq ceros=1 ^ width=1 ^ entropia=1,0.600649,0.450128,0.245845,0.274783
freq ceros=1 ^ width=1,freq dos=1 ^ actividad=1 ^ entropia=1 ^ transitoriedad=1 ^ time entropy=1,0.564196,0.497823,0.272992,0.308376
width=1 ^ entropia=1,freq dos=1 ^ transitoriedad=1 ^ time entropy=1,0.540813,0.529253,0.291259,0.331240
actividad=1 ^ transitoriedad=1,width=1,0.511780,0.569224,0.324682,0.373575
actividad=1 ^ transitoriedad=1,width=1,0.511780,0.569224,0.324682,0.373575
width=1,freq ceros=1 ^ entropia=1 ^ transitoriedad=1,0.535139,0.536936,0.307636,0.351929
freq ceros=1 ^ width=1,freq dos=1 ^ actividad=1 ^ entropia=1 ^ transitoriedad=1 ^ time entropy=1,0.564196,0.497823,0.272992,0.308376
freq unos=1 ^ freq dos=1 ^ simetria=1 ^ transitoriedad=1,freq ceros=1 ^ width=1 ^ entropia=1 ^ time entropy=1,0.590515,0.466369,0.248832,0.276278
freq ceros=1 ^ freq unos=1 ^ freq dos=1 ^ simetria=1 ^ actividad=1 ^ entropia=1,width=1 ^ transitoriedad=1 ^ time entropy=1,0.613387,0.436694,0.232387,0.256353
freq unos=1 ^ freq dos=1 ^ simetria=1 ^ transitoriedad=1,freq ceros=1 ^ width=1 ^ time entropy=1,0.581980,0.477563,0.254877,0.283672
freq unos=1 ^ freq dos=1 ^ actividad=1 ^ entropia=1 ^ transitoriedad=1,freq ceros=1 ^ width=1,0.550423,0.516361,0.282696,0.320417
freq ceros=1 ^ width=1 ^ simetria=1 ^ actividad=1 ^ entropia=1,transitoriedad=1,0.518331,0.560096,0.300409,0.342797
freq unos=1 ^ freq dos=1,entropia=1,0.451997,0.660216,0.392317,0.456137
pasos=1 ^ simetria=2 ^ transitoriedad=2,width=2,0.291603,0.920958,0.779866,0.905888
entropia=1,pasos=1,0.241770,1.060461,1.295059,1.064864
freq ceros=1 ^ freq dos=1 ^ width=1 ^ pasos=1 ^ actividad=1,transitoriedad=1,0.501905,0.583096,0.312237,0.357757
width=1 ^ simetria=1 ^ actividad=1,freq ceros=1 ^ entropia=1 ^ transitoriedad=1,0.528345,0.546386,0.292944,0.333300
freq unos=1 ^ freq dos=1 ^ simetria=1 ^ actividad=1 ^ transitoriedad=1,freq ceros=1 ^ width=1 ^ entropia=1 ^ time entropy=1,0.573885,0.488259,0.260158,0.290157
width=1 ^ simetria=1 ^ actividad=1,freq ceros=1 ^ entropia=1 ^ transitoriedad=1,0.528345,0.546386,0.292944,0.333300
freq ceros=1 ^ freq unos=1 ^ width=1 ^ simetria=1 ^ actividad=1 ^ entropia=1,transitoriedad=1,0.499918,0.585903,0.313678,0.359585
freq ceros=1 ^ freq unos=1 ^ actividad=1 ^ entropia=1 ^ transitoriedad=1,width=1,0.435002,0.680906,0.382658,0.448109
pasos=1 ^ simetria=2 ^ transitoriedad=2,width=2,0.291603,0.920958,0.779866,0.905888
pasos=1,width=2 ^ simetria=2 ^ transitoriedad=2,0.262713,0.974898,0.894169,0.977832
freq unos=1 ^ freq dos=1 ^ actividad=1,entropia=1,0.399233,0.737702,0.430654,0.509128
freq ceros=1 ^ freq unos=1 ^ freq dos=1 ^ simetria=1 ^ actividad=1,width=1 ^ transitoriedad=1,0.485793,0.606022,0.323957,0.372652
width=1 ^ simetria=1 ^ actividad=1,freq ceros=1 ^ entropia=1 ^ transitoriedad=1,0.528345,0.546386,0.292944,0.333300
freq ceros=1 ^ freq unos=1 ^ width=1 ^ simetria=1 ^ actividad=1,entropia=1 ^ transitoriedad=1,0.508357,0.574024,0.307210,0.351385
freq unos=1 ^ freq dos=1 ^ width=1 ^ pasos=1 ^ actividad=1,freq ceros=1 ^ entropia=1 ^ transitoriedad=1,0.419945,0.704028,0.373462,0.436147
freq unos=1 ^ freq dos=1 ^ width=1 ^ simetria=1 ^ actividad=1 ^ transitoriedad=1,freq ceros=1 ^ entropia=1,0.343104,0.828593,0.446561,0.530975
freq ceros=1 ^ pasos=1 ^ actividad=1 ^ transitoriedad=1,entropia=1,0.257664,0.987985,0.553928,0.665483
pasos=1 ^ sensitividad=1,entropia=1,0.314687,1.021639,0.653840,0.666001
freq ceros=5 ^ freq unos=1 ^ freq dos=1 ^ pasos=1 ^ actividad=1 ^ entropia=1 ^ transitoriedad=2,width=2 ^ time entropy=1,0.424720,0.698516,0.364763,0.423621
freq ceros=5 ^ freq unos=1 ^ freq dos=1 ^ actividad=1 ^ transitoriedad=2,width=2 ^ pasos=1 ^ simetria=2 ^ entropia=1 ^ time entropy=1,0.477434,0.623109,0.325018,0.370502
freq ceros=5 ^ freq dos=1 ^ simetria=2 ^ actividad=1 ^ entropia=1 ^ transitoriedad=2,width=2 ^ pasos=1 ^ time entropy=1,0.460086,0.645156,0.337748,0.389031
freq ceros=5 ^ freq dos=1 ^ actividad=5 ^ entropia=1 ^ transitoriedad=2,freq unos=5 ^ width=5 ^ pasos=1 ^ simetria=2 ^ time entropy=1,0.332004,0.847604,0.423995,0.501748
freq ceros=1 ^ freq unos=1 ^ freq dos=1,pasos=2 ^ simetria=1 ^ entropia=1 ^ transitoriedad=1 ^ time entropy=1,0.273244,0.956178,0.494083,0.591288
freq ceros=1 ^ simetria=2 ^ actividad=1 ^ transitoriedad=2,freq unos=5 ^ width=2 ^ pasos=1 ^ time entropy=1,0.210250,1.289508,0.651495,0.659306
freq ceros=1 ^ freq dos=1 ^ actividad=1 ^ entropia=1 ^ transitoriedad=2,freq unos=5 ^ pasos=1 ^ sensitividad=1 ^ time entropy=1,0.337018,0.983734,0.493925,0.497941
freq ceros=1 ^ freq dos=1 ^ actividad=1 ^ transitoriedad=2,freq unos=5 ^ width=2 ^ pasos=1 ^ simetria=2 ^ entropia=1 ^ time entropy=1,0.433688,0.732747,0.368202,0.397054
freq ceros=5 ^ freq unos=1 ^ freq dos=1 ^ actividad=1 ^ entropia=1 ^ transitoriedad=2,width=2 ^ pasos=1 ^ simetria=2 ^ time entropy=1,0.425672,0.697056,0.363990,0.422624
freq ceros=5 ^ freq dos=1 ^ actividad=5 ^ entropia=1 ^ transitoriedad=2,freq unos=5 ^ width=5 ^ pasos=1 ^ simetria=2 ^ time entropy=1,0.332004,0.847604,0.423995,0.501748
freq ceros=5 ^ freq dos=1 ^ actividad=5 ^ entropia=1 ^ transitoriedad=2,freq unos=5 ^ width=5 ^ pasos=1 ^ simetria=2 ^ time entropy=1,0.332004,0.847604,0.423995,0.501748
freq ceros=1 ^ freq dos=1 ^ width=2 ^ pasos=1 ^ actividad=1 ^ entropia=1 ^ transitoriedad=2,freq unos=5 ^ sensitividad=1 ^ time entropy=1,0.334284,0.989140,0.496625,0.501005
freq ceros=1 ^ freq dos=1 ^ actividad=1 ^ transitoriedad=2,freq unos=5 ^ width=2 ^ pasos=1 ^ simetria=2 ^ time entropy=1,0.403831,0.766170,0.385062,0.426986
freq ceros=5 ^ freq unos=1 ^ freq dos=1 ^ actividad=1 ^ entropia=1 ^ transitoriedad=2,width=2 ^ pasos=1 ^ simetria=2 ^ time entropy=1,0.425672,0.697056,0.363990,0.422624
freq ceros=1 ^ freq dos=1 ^ actividad=1 ^ entropia=1 ^ transitoriedad=2,freq unos=5 ^ width=2 ^ pasos=1 ^ simetria=2 ^ time entropy=1,0.391478,0.776735,0.390255,0.439586
freq ceros=1 ^ freq dos=1 ^ actividad=1 ^ entropia=1 ^ transitoriedad=2,freq unos=5 ^ width=2 ^ pasos=1 ^ simetria=2 ^ time entropy=1,0.391478,0.776735,0.390255,0.439586
freq ceros=1 ^ freq dos=1 ^ actividad=1 ^ transitoriedad=2,freq unos=5 ^ width=2 ^ pasos=1 ^ simetria=2 ^ time entropy=1,0.403831,0.766170,0.385062,0.426986
freq ceros=5 ^ freq dos=1 ^ simetria=2 ^ actividad=1 ^ entropia=1 ^ transitoriedad=2,width=2 ^ pasos=1 ^ time entropy=1,0.460086,0.645156,0.337748,0.389031
freq ceros=1 ^ freq dos=1 ^ pasos=1 ^ actividad=1 ^ transitoriedad=2,freq unos=5 ^ width=2 ^ simetria=2 ^ entropia=1 ^ time entropy=1,0.433688,0.732747,0.368202,0.397054
freq ceros=1 ^ freq dos=1 ^ actividad=1 ^ transitoriedad=2,freq unos=5 ^ width=2 ^ pasos=1 ^ simetria=2 ^ entropia=1 ^ time entropy=1,0.433688,0.732747,0.368202,0.397054
freq ceros=5 ^ freq unos=1 ^ freq dos=1 ^ actividad=1 ^ transitoriedad=2,width=2 ^ pasos=1 ^ simetria=2 ^ entropia=1 ^ time entropy=1,0.477434,0.623109,0.325018,0.370502
freq ceros=5 ^ freq unos=1 ^ freq dos=1 ^ actividad=1 ^ transitoriedad=2,width=2 ^ pasos=1 ^ simetria=2 ^ entropia=1 ^ time entropy=1,0.477434,0.623109,0.325018,0.370502
freq unos=1 ^ freq dos=1 ^ actividad=1 ^ transitoriedad=2,width=2 ^ pasos=1 ^ simetria=2 ^ entropia=1 ^ time entropy=1,0.504028,0.587977,0.307404,0.346187
freq ceros=1 ^ width=1 ^ pasos=1 ^ actividad=1 ^ entropia=1,transitoriedad=1,0.646831,0.391484,0.212608,0.234579
freq ceros=1 ^ width=1 ^ entropia=1,freq dos=1 ^ transitoriedad=1 ^ time entropy=1,0.630058,0.412598,0.226068,0.250716
freq ceros=1 ^ width=1 ^ entropia=1,freq dos=1 ^ actividad=1 ^ transitoriedad=1 ^ time entropy=1,0.615626,0.430887,0.235718,0.262434
freq unos=1 ^ freq dos=1 ^ actividad=1 ^ transitoriedad=1,freq ceros=1 ^ width=1 ^ entropia=1,0.600649,0.450128,0.245845,0.274783
freq unos=1 ^ freq dos=1 ^ actividad=1 ^ transitoriedad=1,freq ceros=1 ^ width=1 ^ entropia=1,0.600649,0.450128,0.245845,0.274783
freq unos=1 ^ freq dos=1 ^ actividad=1 ^ transitoriedad=1,freq ceros=1 ^ width=1 ^ entropia=1,0.600649,0.450128,0.245845,0.274783
freq unos=1 ^ freq dos=1 ^ actividad=1 ^ transitoriedad=1,freq ceros=1 ^ width=1 ^ entropia=1,0.600649,0.450128,0.245845,0.274783
freq unos=1 ^ freq dos=1 ^ actividad=1 ^ transitoriedad=1,freq ceros=1 ^ width=1 ^ entropia=1,0.600649,0.450128,0.245845,0.274783
freq ceros=1 ^ width=1 ^ entropia=1,freq dos=1 ^ actividad=1 ^ transitoriedad=1 ^ time entropy=1,0.615626,0.430887,0.235718,0.262434
freq ceros=1 ^ width=1 ^ entropia=1,freq dos=1 ^ transitoriedad=1 ^ time entropy=1,0.630058,0.412598,0.226068,0.250716
freq ceros=1 ^ width=1 ^ pasos=1 ^ actividad=1 ^ entropia=1,transitoriedad=1,0.646831,0.391484,0.212608,0.234579
freq ceros=1 ^ width=1 ^ entropia=1,freq dos=1 ^ actividad=1 ^ transitoriedad=1 ^ time entropy=1,0.615626,0.430887,0.235718,0.262434
freq unos=1 ^ freq dos=1 ^ actividad=1 ^ transitoriedad=1,freq ceros=1 ^ width=1 ^ entropia=1,0.600649,0.450128,0.245845,0.274783
freq unos=1 ^ freq dos=1 ^ actividad=1 ^ transitoriedad=1,freq ceros=1 ^ width=1 ^ entropia=1,0.600649,0.450128,0.245845,0.274783
freq ceros=1 ^ width=1,freq dos=1 ^ entropia=1 ^ transitoriedad=1 ^ time entropy=1,0.577422,0.480317,0.263815,0.296981
freq ceros=1 ^ transitoriedad=1,width=1,0.541933,0.527678,0.302724,0.345719
freq ceros=1 ^ transitoriedad=1,width=1,0.541933,0.527678,0.302724,0.345719
freq ceros=1 ^ width=1,freq dos=1 ^ entropia=1 ^ transitoriedad=1 ^ time entropy=1,0.577422,0.480317,0.263815,0.296981
width=1 ^ entropia=1,freq ceros=1 ^ freq dos=1 ^ actividad=1 ^ transitoriedad=1,0.590563,0.463273,0.256635,0.287991
freq unos=1 ^ freq dos=1 ^ actividad=1 ^ transitoriedad=1,freq ceros=1 ^ width=1 ^ entropia=1,0.600649,0.450128,0.245845,0.274783
freq ceros=1 ^ freq unos=1 ^ freq dos=1 ^ simetria=1 ^ actividad=1,width=1 ^ entropia=1 ^ transitoriedad=1 ^ time entropy=1,0.613969,0.435948,0.231986,0.255869
freq unos=1 ^ freq dos=1 ^ actividad=1 ^ transitoriedad=1,freq ceros=1 ^ width=1 ^ entropia=1,0.600649,0.450128,0.245845,0.274783
freq ceros=1 ^ width=1,freq dos=1 ^ entropia=1 ^ transitoriedad=1 ^ time entropy=1,0.577422,0.480317,0.263815,0.296981
freq ceros=1 ^ transitoriedad=1,width=1,0.541933,0.527678,0.302724,0.345719
freq ceros=1 ^ entropia=1 ^ transitoriedad=1,width=1,0.535139,0.536936,0.307636,0.351929
entropia=1,actividad=1 ^ time entropy=1,0.511405,0.579989,0.352532,0.399493
entropia=1,actividad=1 ^ time entropy=1,0.511405,0.579989,0.352532,0.399493
freq ceros=1 ^ transitoriedad=1,width=1,0.541933,0.527678,0.302724,0.345719
freq ceros=1 ^ width=1,freq dos=1 ^ entropia=1 ^ transitoriedad=1 ^ time entropy=1,0.577422,0.480317,0.263815,0.296981
freq unos=1 ^ freq dos=1 ^ simetria=1 ^ transitoriedad=1,freq ceros=1 ^ width=1 ^ entropia=1 ^ time entropy=1,0.590515,0.466369,0.248832,0.276278
freq ceros=1 ^ width=1,freq dos=1 ^ actividad=1 ^ entropia=1 ^ transitoriedad=1 ^ time entropy=1,0.564196,0.497823,0.272992,0.308376
width=1 ^ simetria=1 ^ actividad=1,entropia=1 ^ transitoriedad=1,0.527248,0.547782,0.293704,0.334339
freq ceros=1 ^ actividad=1 ^ entropia=1 ^ transitoriedad=1,width=1,0.508038,0.574464,0.327436,0.377085
freq unos=1 ^ freq dos=1,entropia=1,0.451997,0.660216,0.392317,0.456137
freq unos=1 ^ freq dos=1,entropia=1,0.451997,0.660216,0.392317,0.456137
entropia=1,freq dos=1 ^ pasos=1 ^ time entropy=1,0.484323,0.618494,0.372881,0.425695
freq ceros=1 ^ freq unos=1 ^ width=1 ^ pasos=1 ^ actividad=1,transitoriedad=1,0.523697,0.552662,0.296579,0.337970
freq unos=1 ^ freq dos=1 ^ simetria=1 ^ actividad=1 ^ entropia=1,freq ceros=1 ^ width=1 ^ time entropy=1,0.565589,0.499293,0.266112,0.297488
freq ceros=1 ^ width=1 ^ simetria=1 ^ actividad=1,entropia=1 ^ transitoriedad=1,0.527076,0.548012,0.293822,0.334492
freq ceros=1 ^ freq unos=1 ^ freq dos=1 ^ width=1 ^ simetria=1 ^ actividad=1 ^ entropia=1,transitoriedad=1,0.484993,0.607172,0.324583,0.373449
freq unos=1 ^ freq dos=1 ^ actividad=1,entropia=1,0.399233,0.737702,0.430654,0.509128
freq ceros=1 ^ actividad=1 ^ transitoriedad=1,entropia=1,0.370931,0.784179,0.454367,0.539150
width=1,entropia=1,0.431759,0.779027,0.506097,0.516227
simetria=1 ^ actividad=1 ^ transitoriedad=1,freq ceros=1 ^ width=1 ^ entropia=1,0.461764,0.641078,0.344751,0.399130
width=1 ^ simetria=1 ^ actividad=1,transitoriedad=1,0.518532,0.559816,0.300265,0.342616
freq unos=1 ^ freq dos=1 ^ simetria=1 ^ actividad=1 ^ entropia=1,width=1 ^ transitoriedad=1,0.485913,0.605851,0.323870,0.372540
freq unos=1 ^ freq dos=1 ^ width=1 ^ pasos=1 ^ actividad=1,entropia=1 ^ transitoriedad=1,0.419004,0.705390,0.374199,0.437167
freq dos=1 ^ width=1 ^ simetria=1 ^ actividad=1 ^ transitoriedad=1,freq ceros=1 ^ entropia=1,0.353925,0.810266,0.437406,0.519090
freq dos=1 ^ actividad=1 ^ entropia=1,freq ceros=1,0.352843,0.938156,0.560540,0.571561
freq ceros=1 ^ pasos=1 ^ entropia=1 ^ transitoriedad=1,freq unos=1 ^ freq dos=1 ^ width=1 ^ time entropy=1,0.417313,0.822185,0.445032,0.445063
freq ceros=5 ^ freq unos=1 ^ freq dos=1 ^ simetria=2 ^ actividad=1 ^ transitoriedad=2,width=2 ^ entropia=1 ^ time entropy=1,0.476251,0.624827,0.325925,0.371652
freq ceros=5 ^ freq dos=1 ^ pasos=1 ^ simetria=2 ^ actividad=1 ^ entropia=1 ^ transitoriedad=2,width=2 ^ time entropy=1,0.460062,0.645191,0.337766,0.389054
freq dos=1 ^ width=1 ^ pasos=1 ^ simetria=1 ^ actividad=1,entropia=1 ^ transitoriedad=1 ^ time entropy=1,0.374595,0.778777,0.406669,0.477208
freq ceros=5 ^ freq dos=1 ^ actividad=5 ^ entropia=1 ^ transitoriedad=2,freq unos=5 ^ width=5 ^ pasos=1 ^ simetria=2 ^ time entropy=1,0.332004,0.847604,0.423995,0.501748
freq ceros=1 ^ freq dos=1 ^ width=2 ^ actividad=1 ^ transitoriedad=2,freq unos=5 ^ pasos=1 ^ simetria=2 ^ entropia=1 ^ sensitividad=1 ^ time entropy=1,0.372068,0.915269,0.459422,0.459441
freq ceros=1 ^ freq dos=1 ^ actividad=1 ^ transitoriedad=2,freq unos=5 ^ width=2 ^ pasos=1 ^ simetria=2 ^ entropia=1 ^ time entropy=1,0.433688,0.732747,0.368202,0.397054
freq ceros=5 ^ freq dos=1 ^ pasos=1 ^ simetria=2 ^ actividad=1 ^ entropia=1 ^ transitoriedad=2,width=2 ^ time entropy=1,0.460062,0.645191,0.337766,0.389054
freq ceros=1 ^ freq dos=1 ^ actividad=1 ^ entropia=1 ^ transitoriedad=2,freq unos=5 ^ width=2 ^ pasos=1 ^ simetria=2 ^ time entropy=1,0.391478,0.776735,0.390255,0.439586
freq ceros=1 ^ freq dos=1 ^ pasos=1 ^ actividad=1 ^ transitoriedad=2,freq unos=5 ^ width=2 ^ simetria=2 ^ entropia=1 ^ sensitividad=1 ^ time entropy=1,0.395131,0.864429,0.433822,0.435170
freq ceros=1 ^ freq dos=1 ^ actividad=1 ^ transitoriedad=2,freq unos=5 ^ width=2 ^ pasos=1 ^ simetria=2 ^ entropia=1 ^ time entropy=1,0.433688,0.732747,0.368202,0.397054
freq ceros=5 ^ freq dos=1 ^ simetria=2 ^ actividad=1 ^ entropia=1 ^ transitoriedad=2,width=2 ^ pasos=1 ^ time entropy=1,0.460086,0.645156,0.337748,0.389031
freq ceros=1 ^ freq dos=1 ^ pasos=1 ^ actividad=1 ^ transitoriedad=2,freq unos=5 ^ width=2 ^ simetria=2 ^ entropia=1 ^ time entropy=1,0.433688,0.732747,0.368202,0.397054
freq ceros=1 ^ freq dos=1 ^ pasos=1 ^ actividad=1 ^ transitoriedad=2,freq unos=5 ^ width=2 ^ simetria=2 ^ entropia=1 ^ time entropy=1,0.433688,0.732747,0.368202,0.397054
freq ceros=5 ^ freq unos=1 ^ freq dos=1 ^ actividad=1 ^ transitoriedad=2,width=2 ^ pasos=1 ^ simetria=2 ^ entropia=1 ^ time entropy=1,0.477434,0.623109,0.325018,0.370502
freq ceros=5 ^ freq unos=1 ^ freq dos=1 ^ actividad=1 ^ transitoriedad=2,width=2 ^ pasos=1 ^ simetria=2 ^ entropia=1 ^ time entropy=1,0.477434,0.623109,0.325018,0.370502
freq unos=1 ^ freq dos=1 ^ actividad=1 ^ transitoriedad=2,width=2 ^ pasos=1 ^ simetria=2 ^ entropia=1 ^ time entropy=1,0.504028,0.587977,0.307404,0.346187
freq ceros=1 ^ width=1 ^ entropia=1,freq dos=1 ^ transitoriedad=1 ^ time entropy=1,0.630058,0.412598,0.226068,0.250716
freq ceros=1 ^ width=1 ^ entropia=1,freq dos=1 ^ actividad=1 ^ transitoriedad=1 ^ time entropy=1,0.615626,0.430887,0.235718,0.262434
freq ceros=1 ^ width=1 ^ entropia=1,freq dos=1 ^ actividad=1 ^ transitoriedad=1 ^ time entropy=1,0.615626,0.430887,0.235718,0.262434
width=1 ^ entropia=1,freq ceros=1 ^ freq dos=1 ^ transitoriedad=1,0.611838,0.436090,0.242285,0.270169
width=1 ^ entropia=1,transitoriedad=1 ^ time entropy=1,0.593560,0.459442,0.254622,0.285461
width=1 ^ entropia=1,transitoriedad=1 ^ time entropy=1,0.593560,0.459442,0.254622,0.285461
width=1 ^ entropia=1,freq ceros=1 ^ freq dos=1 ^ transitoriedad=1,0.611838,0.436090,0.242285,0.270169
freq ceros=1 ^ width=1 ^ entropia=1,freq dos=1 ^ actividad=1 ^ transitoriedad=1 ^ time entropy=1,0.615626,0.430887,0.235718,0.262434
freq ceros=1 ^ width=1 ^ entropia=1,freq dos=1 ^ transitoriedad=1 ^ time entropy=1,0.630058,0.412598,0.226068,0.250716
freq ceros=1 ^ width=1 ^ entropia=1,freq dos=1 ^ transitoriedad=1 ^ time entropy=1,0.630058,0.412598,0.226068,0.250716
freq ceros=1 ^ width=1 ^ entropia=1,freq dos=1 ^ actividad=1 ^ transitoriedad=1 ^ time entropy=1,0.615626,0.430887,0.235718,0.262434
freq unos=1 ^ freq dos=1 ^ actividad=1 ^ transitoriedad=1,freq ceros=1 ^ width=1 ^ entropia=1,0.600649,0.450128,0.245845,0.274783
freq ceros=1 ^ freq dos=1 ^ actividad=1 ^ transitoriedad=1,width=1 ^ entropia=1,0.590563,0.463273,0.256635,0.287991
entropia=1,freq dos=1 ^ time entropy=1,0.577100,0.488420,0.302061,0.337404
entropia=1,freq dos=1 ^ time entropy=1,0.577100,0.488420,0.302061,0.337404
entropia=1,freq dos=1 ^ time entropy=1,0.577100,0.488420,0.302061,0.337404
width=1 ^ entropia=1,freq ceros=1 ^ freq dos=1 ^ actividad=1 ^ transitoriedad=1,0.590563,0.463273,0.256635,0.287991
freq unos=1 ^ freq dos=1 ^ actividad=1 ^ transitoriedad=1,freq ceros=1 ^ width=1 ^ entropia=1,0.600649,0.450128,0.245845,0.274783
freq ceros=1 ^ width=1 ^ entropia=1,freq dos=1 ^ actividad=1 ^ transitoriedad=1 ^ time entropy=1,0.615626,0.430887,0.235718,0.262434
freq unos=1 ^ freq dos=1 ^ actividad=1 ^ transitoriedad=1,freq ceros=1 ^ width=1 ^ entropia=1,0.600649,0.450128,0.245845,0.274783
freq ceros=1 ^ width=1,freq dos=1 ^ entropia=1 ^ transitoriedad=1 ^ time entropy=1,0.577422,0.480317,0.263815,0.296981
freq ceros=1 ^ transitoriedad=1,width=1,0.541933,0.527678,0.302724,0.345719
freq ceros=1 ^ entropia=1 ^ transitoriedad=1,width=1,0.535139,0.536936,0.307636,0.351929
entropia=1,actividad=1 ^ time entropy=1,0.511405,0.579989,0.352532,0.399493
entropia=1,freq dos=1 ^ time entropy=1,0.577100,0.488420,0.302061,0.337404
freq ceros=1 ^ freq unos=1 ^ freq dos=1,width=1 ^ entropia=1,0.562922,0.499438,0.275639,0.311735
freq unos=1 ^ freq dos=1 ^ actividad=1 ^ transitoriedad=1,freq ceros=1 ^ width=1 ^ entropia=1,0.600649,0.450128,0.245845,0.274783
freq ceros=1 ^ width=1,freq dos=1 ^ actividad=1 ^ entropia=1 ^ transitoriedad=1 ^ time entropy=1,0.564196,0.497823,0.272992,0.308376
freq ceros=1 ^ entropia=1 ^ transitoriedad=1,width=1,0.535139,0.536936,0.307636,0.351929
freq ceros=1 ^ actividad=1 ^ entropia=1 ^ transitoriedad=1,width=1,0.508038,0.574464,0.327436,0.377085
entropia=1,freq dos=1 ^ pasos=1 ^ time entropy=1,0.484323,0.618494,0.372881,0.425695
entropia=1,actividad=1 ^ time entropy=1,0.511405,0.579989,0.352532,0.399493
width=1,freq ceros=1 ^ entropia=1 ^ transitoriedad=1,0.535139,0.536936,0.307636,0.351929
freq ceros=1 ^ freq unos=1 ^ freq dos=1 ^ simetria=1,width=1 ^ entropia=1 ^ time entropy=1,0.560366,0.506200,0.270899,0.303443
freq ceros=1 ^ width=1 ^ simetria=1 ^ actividad=1,entropia=1 ^ transitoriedad=1,0.527076,0.548012,0.293822,0.334492
freq unos=1 ^ freq dos=1 ^ width=1 ^ transitoriedad=1,freq ceros=1 ^ entropia=1,0.489750,0.600697,0.330897,0.381238
freq unos=1 ^ freq dos=1,entropia=1,0.451997,0.660216,0.392317,0.456137
freq unos=1 ^ pasos=1,entropia=1,0.463205,0.697300,0.438660,0.463986
width=1,freq ceros=1,0.501372,0.664230,0.415285,0.415285
width=1 ^ simetria=1 ^ actividad=1 ^ entropia=1,freq ceros=1 ^ transitoriedad=1,0.521737,0.555488,0.297903,0.339555
freq unos=1 ^ freq dos=1 ^ simetria=1 ^ actividad=1,width=1 ^ entropia=1 ^ transitoriedad=1,0.493342,0.595234,0.318093,0.365190
freq ceros=5 ^ freq dos=1 ^ pasos=1 ^ simetria=2 ^ actividad=1 ^ entropia=1 ^ transitoriedad=2,width=2 ^ time entropy=1,0.460062,0.645191,0.337766,0.389054
freq ceros=5 ^ freq unos=1 ^ freq dos=1 ^ pasos=1 ^ actividad=1 ^ entropia=1 ^ transitoriedad=2,width=2 ^ time entropy=1,0.424720,0.698516,0.364763,0.423621
freq ceros=5 ^ entropia=1,freq dos=1 ^ width=2 ^ pasos=1 ^ time entropy=1,0.445441,0.766462,0.407285,0.407752
freq ceros=5 ^ freq dos=1 ^ pasos=1 ^ transitoriedad=2,width=2 ^ actividad=1 ^ time entropy=1,0.502601,0.661466,0.349645,0.349962
freq ceros=5 ^ freq unos=1 ^ freq dos=1 ^ actividad=1 ^ transitoriedad=2,width=2 ^ pasos=1 ^ simetria=2 ^ entropia=1 ^ time entropy=1,0.477434,0.623109,0.325018,0.370502
freq ceros=1 ^ freq dos=1 ^ actividad=1 ^ transitoriedad=2,freq unos=5 ^ width=2 ^ pasos=1 ^ simetria=2 ^ entropia=1 ^ time entropy=1,0.433688,0.732747,0.368202,0.397054
freq ceros=1 ^ freq dos=1 ^ actividad=1 ^ transitoriedad=2,freq unos=5 ^ width=2 ^ pasos=1 ^ simetria=2 ^ entropia=1 ^ time entropy=1,0.433688,0.732747,0.368202,0.397054
freq ceros=1 ^ freq dos=1 ^ actividad=1 ^ transitoriedad=2,freq unos=5 ^ width=2 ^ pasos=1 ^ simetria=2 ^ entropia=1 ^ time entropy=1,0.433688,0.732747,0.368202,0.397054
freq ceros=5 ^ freq unos=1 ^ freq dos=1 ^ actividad=1 ^ transitoriedad=2,width=2 ^ pasos=1 ^ simetria=2 ^ entropia=1 ^ time entropy=1,0.477434,0.623109,0.325018,0.370502
freq ceros=1 ^ freq dos=1 ^ pasos=1 ^ actividad=1 ^ transitoriedad=2,freq unos=5 ^ width=2 ^ simetria=2 ^ entropia=1 ^ time entropy=1,0.433688,0.732747,0.368202,0.397054
freq ceros=1 ^ freq dos=1 ^ actividad=1 ^ transitoriedad=2,freq unos=5 ^ width=2 ^ pasos=1 ^ simetria=2 ^ entropia=1 ^ time entropy=1,0.433688,0.732747,0.368202,0.397054
freq unos=1 ^ freq dos=1 ^ pasos=1 ^ actividad=1 ^ transitoriedad=2,width=2 ^ simetria=2 ^ entropia=1 ^ time entropy=1,0.504007,0.588008,0.307420,0.346207
freq unos=1 ^ freq dos=1 ^ pasos=1 ^ simetria=2 ^ actividad=1 ^ transitoriedad=2,width=2 ^ entropia=1 ^ time entropy=1,0.502786,0.589739,0.308336,0.347356
freq unos=1 ^ freq dos=1 ^ actividad=1 ^ transitoriedad=2,width=2 ^ pasos=1 ^ simetria=2 ^ entropia=1 ^ time entropy=1,0.504028,0.587977,0.307404,0.346187
freq ceros=1 ^ width=1 ^ entropia=1,freq dos=1 ^ transitoriedad=1 ^ time entropy=1,0.630058,0.412598,0.226068,0.250716
freq ceros=1 ^ width=1 ^ entropia=1,freq dos=1 ^ transitoriedad=1 ^ time entropy=1,0.630058,0.412598,0.226068,0.250716
freq ceros=1 ^ width=1,actividad=1 ^ entropia=1 ^ transitoriedad=1 ^ time entropy=1,0.620388,0.424796,0.234532,0.261014
pasos=1,simetria=2 ^ transitoriedad=2,0.900191,0.102441,0.528799,0.635912
pasos=1,simetria=2 ^ transitoriedad=2,0.900191,0.102441,0.528799,0.635912
pasos=1,simetria=2 ^ transitoriedad=2,0.900191,0.102441,0.528799,0.635912
freq ceros=1 ^ width=1,actividad=1 ^ transitoriedad=1 ^ time entropy=1,0.620925,0.424131,0.234183,0.260576
freq ceros=1 ^ width=1,entropia=1 ^ transitoriedad=1 ^ time entropy=1,0.633987,0.407623,0.225418,0.249952
freq ceros=1 ^ width=1 ^ pasos=1 ^ actividad=1 ^ entropia=1,transitoriedad=1,0.646831,0.391484,0.212608,0.234579
freq ceros=1 ^ width=1 ^ entropia=1,freq dos=1 ^ actividad=1 ^ transitoriedad=1 ^ time entropy=1,0.615626,0.430887,0.235718,0.262434
width=1 ^ entropia=1,freq ceros=1 ^ freq dos=1 ^ transitoriedad=1,0.611838,0.436090,0.242285,0.270169
width=1 ^ entropia=1,transitoriedad=1 ^ time entropy=1,0.593560,0.459442,0.254622,0.285461
entropia=1,freq dos=1 ^ time entropy=1,0.577100,0.488420,0.302061,0.337404
pasos=1,simetria=2 ^ transitoriedad=2,0.900191,0.102441,0.528799,0.635912
entropia=1,freq dos=1,0.630473,0.436808,0.282934,0.295856
width=1 ^ entropia=1,freq ceros=1 ^ freq dos=1 ^ transitoriedad=1,0.611838,0.436090,0.242285,0.270169
freq ceros=1 ^ width=1 ^ entropia=1,freq dos=1 ^ transitoriedad=1 ^ time entropy=1,0.630058,0.412598,0.226068,0.250716
freq unos=1 ^ freq dos=1 ^ actividad=1 ^ transitoriedad=1,freq ceros=1 ^ width=1 ^ entropia=1,0.600649,0.450128,0.245845,0.274783
width=1 ^ entropia=1,actividad=1 ^ transitoriedad=1 ^ time entropy=1,0.580824,0.476071,0.263402,0.296298
entropia=1,freq dos=1 ^ time entropy=1,0.577100,0.488420,0.302061,0.337404
entropia=1,freq dos=1 ^ time entropy=1,0.577100,0.488420,0.302061,0.337404
entropia=1,freq dos=1 ^ time entropy=1,0.577100,0.488420,0.302061,0.337404
entropia=1,freq dos=1 ^ time entropy=1,0.577100,0.488420,0.302061,0.337404
freq unos=1 ^ freq dos=1 ^ actividad=1 ^ transitoriedad=1,freq ceros=1 ^ width=1 ^ entropia=1,0.600649,0.450128,0.245845,0.274783
freq ceros=1 ^ width=1,freq dos=1 ^ entropia=1 ^ transitoriedad=1 ^ time entropy=1,0.577422,0.480317,0.263815,0.296981
freq ceros=1 ^ transitoriedad=1,width=1,0.541933,0.527678,0.302724,0.345719
freq ceros=1 ^ transitoriedad=1,width=1,0.541933,0.527678,0.302724,0.345719
entropia=1,pasos=1 ^ time entropy=1,0.553482,0.538265,0.338150,0.365099
freq unos=1,entropia=1,0.564062,0.539751,0.349101,0.362498
freq ceros=1 ^ width=1,freq dos=1 ^ entropia=1 ^ transitoriedad=1 ^ time entropy=1,0.577422,0.480317,0.263815,0.296981
freq unos=1 ^ freq dos=1 ^ actividad=1 ^ entropia=1 ^ transitoriedad=1,freq ceros=1 ^ width=1,0.550423,0.516361,0.282696,0.320417
width=1 ^ simetria=1 ^ actividad=1 ^ entropia=1,freq ceros=1 ^ transitoriedad=1,0.521737,0.555488,0.297903,0.339555
width=1,actividad=1 ^ transitoriedad=1,0.511780,0.569224,0.324682,0.373575
freq dos=1,actividad=1,0.545991,0.587254,0.368022,0.368080
simetria=1 ^ entropia=1,freq ceros=1 ^ freq dos=1 ^ actividad=1 ^ transitoriedad=1 ^ time entropy=1,0.559788,0.564426,0.305110,0.305124
freq ceros=1 ^ width=1 ^ simetria=1 ^ actividad=1,entropia=1 ^ transitoriedad=1,0.527076,0.548012,0.293822,0.334492
freq unos=1 ^ freq dos=1 ^ actividad=1 ^ transitoriedad=2,width=2 ^ pasos=1 ^ simetria=2 ^ entropia=1 ^ time entropy=1,0.504028,0.587977,0.307404,0.346187
freq unos=1 ^ freq dos=1 ^ transitoriedad=2,width=2 ^ pasos=1 ^ actividad=1 ^ entropia=1 ^ time entropy=1,0.525161,0.622468,0.328033,0.328144
freq unos=1 ^ freq dos=1 ^ simetria=2 ^ transitoriedad=2,width=2 ^ pasos=1 ^ actividad=1 ^ entropia=1 ^ time entropy=1,0.537899,0.600173,0.315996,0.316418
freq unos=1 ^ freq dos=1 ^ actividad=1 ^ transitoriedad=2,width=2 ^ pasos=1 ^ simetria=2 ^ entropia=1 ^ time entropy=1,0.504028,0.587977,0.307404,0.346187
freq unos=1 ^ freq dos=1 ^ actividad=1 ^ transitoriedad=2,width=2 ^ pasos=1 ^ simetria=2 ^ entropia=1 ^ time entropy=1,0.504028,0.587977,0.307404,0.346187
freq unos=1 ^ freq dos=1 ^ simetria=2 ^ transitoriedad=2,width=2 ^ pasos=1 ^ actividad=1 ^ entropia=1 ^ time entropy=1,0.537899,0.600173,0.315996,0.316418
freq ceros=5 ^ freq unos=1 ^ simetria=2 ^ actividad=1 ^ entropia=1 ^ transitoriedad=2,freq dos=1 ^ width=2 ^ pasos=1 ^ time entropy=1,0.523805,0.572518,0.298877,0.327190
freq ceros=5 ^ freq unos=1 ^ simetria=2 ^ actividad=1 ^ entropia=1 ^ transitoriedad=2,freq dos=1 ^ width=2 ^ pasos=1 ^ time entropy=1,0.523805,0.572518,0.298877,0.327190
freq ceros=5 ^ freq unos=1 ^ simetria=2 ^ actividad=1 ^ entropia=1 ^ transitoriedad=2,freq dos=1 ^ width=2 ^ pasos=1 ^ time entropy=1,0.523805,0.572518,0.298877,0.327190
freq ceros=1 ^ width=1 ^ pasos=1 ^ actividad=1 ^ entropia=1,transitoriedad=1,0.646831,0.391484,0.212608,0.234579
freq ceros=1 ^ width=1,transitoriedad=1 ^ time entropy=1,0.634520,0.406975,0.225077,0.249524
pasos=1,simetria=2 ^ transitoriedad=2,0.900191,0.102441,0.528799,0.635912
pasos=1,simetria=2 ^ transitoriedad=2,0.900191,0.102441,0.528799,0.635912
pasos=1,simetria=2 ^ transitoriedad=2,0.900191,0.102441,0.528799,0.635912
pasos=1,simetria=2,0.934941,0.066687,0.566456,0.609919
freq unos=1 ^ actividad=1 ^ entropia=1 ^ transitoriedad=1,freq ceros=1 ^ width=1,0.650610,0.387050,0.214492,0.236650
freq ceros=1 ^ width=1 ^ pasos=1 ^ actividad=1,transitoriedad=1,0.652248,0.384837,0.209116,0.230339
freq ceros=1 ^ width=1,entropia=1 ^ transitoriedad=1 ^ time entropy=1,0.633987,0.407623,0.225418,0.249952
freq ceros=1 ^ width=1,entropia=1 ^ transitoriedad=1 ^ time entropy=1,0.633987,0.407623,0.225418,0.249952
freq ceros=1 ^ freq unos=1 ^ transitoriedad=1,width=1 ^ entropia=1,0.631110,0.412245,0.229705,0.254387
pasos=1,simetria=2 ^ transitoriedad=2,0.900191,0.102441,0.528799,0.635912
pasos=1,simetria=2 ^ transitoriedad=2,0.900191,0.102441,0.528799,0.635912
entropia=1,time entropy=1,0.643532,0.414538,0.266955,0.282069
freq unos=1 ^ actividad=1 ^ entropia=1 ^ transitoriedad=1,freq ceros=1 ^ width=1,0.650610,0.387050,0.214492,0.236650
freq ceros=1 ^ width=1,actividad=1 ^ entropia=1 ^ transitoriedad=1 ^ time entropy=1,0.620388,0.424796,0.234532,0.261014
freq ceros=1 ^ freq dos=1 ^ transitoriedad=1,width=1 ^ entropia=1,0.611838,0.436090,0.242285,0.270169
entropia=1,time entropy=1,0.643532,0.414538,0.266955,0.282069
entropia=1,freq dos=1,0.630473,0.436808,0.282934,0.295856
entropia=1,freq dos=1,0.630473,0.436808,0.282934,0.295856
entropia=1,time entropy=1,0.643532,0.414538,0.266955,0.282069
freq unos=1 ^ freq dos=1 ^ actividad=1 ^ transitoriedad=1,freq ceros=1 ^ width=1 ^ entropia=1,0.600649,0.450128,0.245845,0.274783
freq ceros=1 ^ freq dos=1 ^ actividad=1 ^ transitoriedad=1,width=1 ^ entropia=1,0.590563,0.463273,0.256635,0.287991
entropia=1,freq dos=1 ^ time entropy=1,0.577100,0.488420,0.302061,0.337404
entropia=1,freq dos=1,0.630473,0.436808,0.282934,0.295856
actividad=1 ^ entropia=1,time entropy=1,0.622994,0.459604,0.281157,0.284648
freq unos=1 ^ freq dos=1 ^ simetria=1 ^ transitoriedad=1,freq ceros=1 ^ width=1 ^ time entropy=1,0.581980,0.477563,0.254877,0.283672
freq unos=1 ^ freq dos=1 ^ simetria=1 ^ actividad=1 ^ transitoriedad=1,freq ceros=1 ^ width=1 ^ entropia=1 ^ time entropy=1,0.573885,0.488259,0.260158,0.290157
freq unos=1 ^ freq dos=1 ^ entropia=1 ^ transitoriedad=2,freq ceros=5 ^ width=2 ^ pasos=1,0.585877,0.519601,0.272220,0.273658
freq unos=1 ^ freq dos=1 ^ pasos=1 ^ transitoriedad=2,freq ceros=5 ^ width=2,0.591963,0.508285,0.266457,0.268803
freq ceros=5 ^ freq unos=1 ^ freq dos=1 ^ entropia=1 ^ transitoriedad=2,width=2 ^ pasos=1 ^ actividad=1 ^ time entropy=1,0.589249,0.470994,0.245096,0.269842
freq ceros=5 ^ simetria=2 ^ actividad=1 ^ entropia=1 ^ transitoriedad=2,freq dos=1 ^ width=2 ^ time entropy=1,0.565884,0.514179,0.269100,0.290961
freq ceros=5 ^ freq unos=1 ^ simetria=2 ^ transitoriedad=2,freq dos=1 ^ width=2 ^ actividad=1 ^ entropia=1 ^ time entropy=1,0.578790,0.533549,0.279449,0.279469
freq ceros=5 ^ freq unos=1 ^ freq dos=1 ^ entropia=1 ^ transitoriedad=2,width=2 ^ pasos=1 ^ actividad=1 ^ time entropy=1,0.589249,0.470994,0.245096,0.269842
freq ceros=5 ^ freq unos=1 ^ simetria=2 ^ transitoriedad=2,freq dos=1 ^ width=2 ^ actividad=1 ^ entropia=1 ^ time entropy=1,0.578790,0.533549,0.279449,0.279469
freq ceros=5 ^ freq unos=1 ^ freq dos=1 ^ entropia=1 ^ transitoriedad=2,width=2 ^ pasos=1 ^ actividad=1 ^ time entropy=1,0.589249,0.470994,0.245096,0.269842
freq ceros=1 ^ freq unos=1 ^ freq dos=1 ^ width=1 ^ actividad=1 ^ entropia=1,transitoriedad=1,0.674318,0.357662,0.194751,0.213278
freq unos=1 ^ entropia=1 ^ transitoriedad=1,freq ceros=1 ^ width=1,0.674873,0.357443,0.198690,0.217618
pasos=1,transitoriedad=2,0.919896,0.081783,0.483786,0.578402
pasos=1,transitoriedad=2,0.919896,0.081783,0.483786,0.578402
pasos=1,simetria=2,0.934941,0.066687,0.566456,0.609919
pasos=1 ^ transitoriedad=2,simetria=2,0.925512,0.077071,0.402613,0.413313
freq unos=1 ^ entropia=1 ^ transitoriedad=1,freq ceros=1 ^ width=1,0.674873,0.357443,0.198690,0.217618
freq unos=1 ^ actividad=1 ^ transitoriedad=1,freq ceros=1 ^ width=1,0.651827,0.385595,0.213725,0.235688
freq ceros=1 ^ entropia=1,width=1 ^ actividad=1 ^ transitoriedad=1,0.655623,0.382610,0.216099,0.237220
pasos=1,transitoriedad=2,0.919896,0.081783,0.483786,0.578402
pasos=1 ^ transitoriedad=2,simetria=2,0.925512,0.077071,0.402613,0.413313
freq dos=1,entropia=1 ^ time entropy=1,0.697774,0.354081,0.219558,0.220980
freq unos=1 ^ entropia=1 ^ transitoriedad=1,freq ceros=1 ^ width=1,0.674873,0.357443,0.198690,0.217618
freq unos=1 ^ actividad=1 ^ entropia=1 ^ transitoriedad=1,freq ceros=1 ^ width=1,0.650610,0.387050,0.214492,0.236650
freq ceros=1 ^ entropia=1,width=1 ^ actividad=1 ^ transitoriedad=1,0.655623,0.382610,0.216099,0.237220
freq ceros=1 ^ entropia=1,width=1 ^ actividad=1 ^ transitoriedad=1,0.655623,0.382610,0.216099,0.237220
freq dos=1,time entropy=1,0.683978,0.375233,0.235145,0.235216
freq dos=1,time entropy=1,0.683978,0.375233,0.235145,0.235216
freq ceros=1 ^ width=1,transitoriedad=1 ^ time entropy=1,0.634520,0.406975,0.225077,0.249524
freq ceros=1 ^ width=1,transitoriedad=1 ^ time entropy=1,0.634520,0.406975,0.225077,0.249524
width=1 ^ actividad=1,freq ceros=1 ^ entropia=1,0.652013,0.389348,0.220197,0.240400
freq dos=1 ^ width=1,freq ceros=1 ^ actividad=1 ^ transitoriedad=1,0.663785,0.403254,0.225425,0.225973
freq ceros=1 ^ freq dos=1 ^ width=1 ^ simetria=1 ^ actividad=1,transitoriedad=1 ^ time entropy=1,0.628613,0.418389,0.222997,0.244283
freq ceros=5 ^ freq unos=1 ^ freq dos=1 ^ pasos=1 ^ transitoriedad=2,width=2 ^ simetria=2 ^ actividad=1 ^ entropia=1 ^ time entropy=1,0.620226,0.437298,0.227632,0.244597
freq unos=1 ^ freq dos=1 ^ simetria=2 ^ entropia=1 ^ transitoriedad=2 ^ time entropy=1,freq ceros=5 ^ width=2 ^ pasos=1,0.645325,0.431103,0.225219,0.225234
freq ceros=5 ^ freq unos=1 ^ freq dos=1 ^ transitoriedad=2,width=2 ^ pasos=1 ^ actividad=1 ^ entropia=1 ^ time entropy=1,0.620191,0.437343,0.227655,0.244625
freq unos=1 ^ freq dos=1 ^ pasos=1 ^ entropia=1 ^ transitoriedad=2 ^ time entropy=1,freq ceros=5 ^ width=2,0.626722,0.458824,0.239893,0.239952
freq ceros=5 ^ freq unos=1 ^ freq dos=1 ^ transitoriedad=2,width=2 ^ pasos=1 ^ actividad=1 ^ entropia=1 ^ time entropy=1,0.620191,0.437343,0.227655,0.244625
freq ceros=1 ^ width=1 ^ entropia=1,transitoriedad=1 ^ time entropy=1,0.691387,0.337329,0.186088,0.202810
width=1 ^ entropia=1,freq ceros=1 ^ actividad=1 ^ transitoriedad=1,0.708868,0.317547,0.178811,0.193427
pasos=1 ^ transitoriedad=2,simetria=2,0.925512,0.077071,0.402613,0.413313
pasos=1 ^ transitoriedad=2,simetria=2,0.925512,0.077071,0.402613,0.413313
transitoriedad=2,simetria=2,0.925596,0.076981,0.402382,0.413035
width=1 ^ entropia=1,freq ceros=1 ^ actividad=1 ^ transitoriedad=1,0.708868,0.317547,0.178811,0.193427
freq ceros=1 ^ width=1 ^ entropia=1,transitoriedad=1 ^ time entropy=1,0.691387,0.337329,0.186088,0.202810
width=1 ^ entropia=1,freq ceros=1 ^ actividad=1 ^ transitoriedad=1,0.708868,0.317547,0.178811,0.193427
pasos=1 ^ simetria=2,transitoriedad=2,0.934394,0.067676,0.340773,0.346305
transitoriedad=2,pasos=1 ^ simetria=2,0.934394,0.067676,0.340773,0.346305
freq dos=1 ^ entropia=1,time entropy=1,0.713270,0.333417,0.206205,0.207153
freq ceros=1 ^ width=1 ^ entropia=1,transitoriedad=1 ^ time entropy=1,0.691387,0.337329,0.186088,0.202810
width=1 ^ entropia=1,freq ceros=1 ^ actividad=1 ^ transitoriedad=1,0.708868,0.317547,0.178811,0.193427
freq dos=1 ^ entropia=1,time entropy=1,0.713270,0.333417,0.206205,0.207153
freq dos=1 ^ entropia=1,time entropy=1,0.713270,0.333417,0.206205,0.207153
freq unos=1 ^ freq dos=1 ^ width=1 ^ actividad=1 ^ entropia=1,freq ceros=1 ^ transitoriedad=1,0.678631,0.352556,0.191949,0.209865
freq unos=1 ^ freq dos=1 ^ width=1 ^ actividad=1,entropia=1 ^ transitoriedad=1,0.686061,0.343423,0.186926,0.204029
freq unos=1 ^ simetria=2 ^ actividad=1 ^ entropia=1 ^ transitoriedad=2 ^ time entropy=1,freq ceros=5 ^ freq dos=1 ^ width=2,0.692031,0.362812,0.189062,0.189714
freq unos=1 ^ freq dos=1 ^ pasos=1 ^ transitoriedad=2 ^ time entropy=1,freq ceros=5 ^ width=2 ^ actividad=1 ^ entropia=1,0.674242,0.381869,0.198958,0.202873
freq unos=1 ^ freq dos=1 ^ entropia=1 ^ transitoriedad=2 ^ time entropy=1,freq ceros=5 ^ width=2 ^ pasos=1 ^ actividad=1,0.679726,0.376554,0.196215,0.198791
freq unos=1 ^ freq dos=1 ^ pasos=1 ^ transitoriedad=2 ^ time entropy=1,freq ceros=5 ^ width=2 ^ simetria=2 ^ entropia=1,0.664358,0.399214,0.208280,0.210498
freq unos=1 ^ transitoriedad=1,freq ceros=1 ^ width=1 ^ entropia=1,0.733903,0.288053,0.159791,0.171360
pasos=1 ^ simetria=2,transitoriedad=2,0.934394,0.067676,0.340773,0.346305
pasos=1 ^ simetria=2,transitoriedad=2,0.934394,0.067676,0.340773,0.346305
transitoriedad=2,pasos=1 ^ simetria=2,0.934394,0.067676,0.340773,0.346305
transitoriedad=2,pasos=1 ^ simetria=2,0.934394,0.067676,0.340773,0.346305
freq unos=1 ^ transitoriedad=1,freq ceros=1 ^ width=1 ^ entropia=1,0.733903,0.288053,0.159791,0.171360
actividad=1 ^ entropia=1 ^ transitoriedad=1,freq ceros=1 ^ width=1,0.759727,0.256961,0.144258,0.154389
actividad=1 ^ entropia=1 ^ transitoriedad=1,freq ceros=1 ^ width=1,0.759727,0.256961,0.144258,0.154389
actividad=1 ^ entropia=1 ^ transitoriedad=1,freq ceros=1 ^ width=1,0.759727,0.256961,0.144258,0.154389
freq unos=1 ^ transitoriedad=1,freq ceros=1 ^ width=1 ^ entropia=1,0.733903,0.288053,0.159791,0.171360
width=1 ^ entropia=1,freq ceros=1 ^ transitoriedad=1,0.742768,0.279025,0.158052,0.168362
transitoriedad=1,freq ceros=1 ^ freq dos=1 ^ width=1 ^ entropia=1,0.753058,0.277205,0.153992,0.156743
freq unos=1 ^ freq dos=1 ^ actividad=1 ^ entropia=1 ^ transitoriedad=2 ^ time entropy=1,freq ceros=5 ^ width=2 ^ pasos=1,0.735705,0.295885,0.153769,0.158422
freq unos=1 ^ freq dos=1 ^ actividad=1 ^ entropia=1 ^ transitoriedad=2,freq ceros=5 ^ width=2 ^ simetria=2,0.735636,0.296938,0.154373,0.158510
freq unos=1 ^ simetria=2 ^ actividad=1 ^ transitoriedad=2 ^ time entropy=1,freq ceros=5 ^ freq dos=1 ^ width=2 ^ entropia=1,0.700927,0.345948,0.180097,0.183170
freq ceros=1 ^ freq dos=1 ^ width=1 ^ actividad=1,transitoriedad=1,0.773417,0.241117,0.132525,0.141219
entropia=1 ^ transitoriedad=1,freq ceros=1 ^ width=1,0.799197,0.212504,0.119900,0.126702
pasos=1 ^ simetria=2,transitoriedad=2,0.934394,0.067676,0.340773,0.346305
entropia=1 ^ transitoriedad=1,freq ceros=1 ^ width=1,0.799197,0.212504,0.119900,0.126702
freq dos=1 ^ width=1 ^ actividad=1 ^ entropia=1,freq ceros=1 ^ transitoriedad=1,0.777317,0.236927,0.130211,0.138445
entropia=1 ^ transitoriedad=1,freq ceros=1 ^ width=1,0.799197,0.212504,0.119900,0.126702
entropia=1 ^ transitoriedad=1,freq ceros=1 ^ width=1,0.799197,0.212504,0.119900,0.126702
freq ceros=1 ^ freq dos=1 ^ width=1 ^ actividad=1,transitoriedad=1,0.773417,0.241117,0.132525,0.141219
freq ceros=1 ^ freq dos=1 ^ entropia=1 ^ transitoriedad=1,width=1 ^ actividad=1 ^ time entropy=1,0.792434,0.231050,0.126275,0.126601
freq ceros=1 ^ freq unos=1 ^ freq dos=1 ^ width=1 ^ actividad=1,entropia=1 ^ transitoriedad=1 ^ time entropy=1,0.766150,0.260465,0.141210,0.143740
actividad=1 ^ transitoriedad=1,freq ceros=1 ^ width=1 ^ entropia=1,0.824659,0.184916,0.103613,0.108167
actividad=1 ^ transitoriedad=1,freq ceros=1 ^ width=1 ^ entropia=1,0.824659,0.184916,0.103613,0.108167
actividad=1 ^ transitoriedad=1,freq ceros=1 ^ width=1 ^ entropia=1,0.824659,0.184916,0.103613,0.108167
actividad=1 ^ transitoriedad=1,freq ceros=1 ^ width=1 ^ entropia=1,0.824659,0.184916,0.103613,0.108167
width=1 ^ entropia=1 ^ transitoriedad=1,freq ceros=1 ^ actividad=1,0.838627,0.174307,0.097995,0.098763
freq unos=1 ^ freq dos=1 ^ simetria=2 ^ actividad=1 ^ transitoriedad=2 ^ time entropy=1,freq ceros=5 ^ width=2 ^ entropia=1,0.802563,0.216970,0.112647,0.113771
transitoriedad=1,freq ceros=1 ^ width=1 ^ entropia=1,0.859293,0.148279,0.083614,0.085561
transitoriedad=1,freq ceros=1 ^ width=1 ^ entropia=1,0.859293,0.148279,0.083614,0.085561
transitoriedad=1,freq ceros=1 ^ width=1 ^ entropia=1,0.859293,0.148279,0.083614,0.085561
transitoriedad=1,freq ceros=1 ^ width=1 ^ actividad=1 ^ entropia=1,0.931172,0.070055,0.039073,0.039836
