antecedente,consecuente,jaccard,cosine,phi,kappa
width=5 ^ entropia=1,freq ceros=5 ^ freq dos=1 ^ pasos=1 ^ simetria=1 ^ transitoriedad=2 ^ time entropy=1,0.649096,0.388976,0.196730,0.215441
width=5 ^ entropia=1,freq ceros=5 ^ freq dos=1 ^ pasos=1 ^ simetria=1 ^ transitoriedad=2 ^ time entropy=1,0.649096,0.388976,0.196730,0.215441
width=5 ^ entropia=1,freq ceros=5 ^ freq dos=1 ^ pasos=1 ^ simetria=1 ^ transitoriedad=2 ^ time entropy=1,0.649096,0.388976,0.196730,0.215441
width=5 ^ entropia=1,freq ceros=5 ^ freq dos=1 ^ pasos=1 ^ simetria=1 ^ transitoriedad=2 ^ time entropy=1,0.649096,0.388976,0.196730,0.215441
width=5 ^ entropia=1,freq ceros=5 ^ freq dos=1 ^ pasos=1 ^ simetria=1 ^ transitoriedad=2 ^ time entropy=1,0.649096,0.388976,0.196730,0.215441
width=5 ^ entropia=1,freq ceros=5 ^ freq dos=1 ^ pasos=1 ^ simetria=1 ^ transitoriedad=2 ^ time entropy=1,0.649096,0.388976,0.196730,0.215441
width=5 ^ entropia=1,freq ceros=5 ^ freq dos=1 ^ pasos=1 ^ simetria=1 ^ transitoriedad=2 ^ time entropy=1,0.649096,0.388976,0.196730,0.215441
width=5 ^ entropia=1,freq ceros=5 ^ freq dos=1 ^ pasos=1 ^ simetria=1 ^ transitoriedad=2 ^ time entropy=1,0.649096,0.388976,0.196730,0.215441
width=5 ^ entropia=1,freq ceros=5 ^ freq dos=1 ^ pasos=1 ^ simetria=1 ^ transitoriedad=2 ^ time entropy=1,0.649096,0.388976,0.196730,0.215441
width=5 ^ entropia=1,freq ceros=5 ^ freq dos=1 ^ simetria=1 ^ transitoriedad=2 ^ time entropy=1,0.649096,0.388976,0.196730,0.215441
width=5 ^ entropia=1,freq ceros=5 ^ freq dos=1 ^ simetria=1 ^ transitoriedad=2 ^ time entropy=1,0.649096,0.388976,0.196730,0.215441
width=5 ^ entropia=1,freq ceros=5 ^ freq dos=1 ^ simetria=1 ^ transitoriedad=2 ^ time entropy=1,0.649096,0.388976,0.196730,0.215441
width=5 ^ entropia=1,freq ceros=5 ^ freq dos=1 ^ simetria=1 ^ transitoriedad=2 ^ time entropy=1,0.649096,0.388976,0.196730,0.215441
width=5 ^ entropia=1,freq ceros=5 ^ freq dos=1 ^ pasos=1 ^ simetria=1 ^ transitoriedad=2 ^ time entropy=1,0.649096,0.388976,0.196730,0.215441
width=5 ^ entropia=1,freq ceros=5 ^ freq dos=1 ^ pasos=1 ^ simetria=1 ^ transitoriedad=2 ^ time entropy=1,0.649096,0.388976,0.196730,0.215441
width=5 ^ entropia=1,freq ceros=5 ^ freq dos=1 ^ pasos=1 ^ simetria=1 ^ transitoriedad=2 ^ time entropy=1,0.649096,0.388976,0.196730,0.215441
width=5 ^ entropia=1,freq ceros=5 ^ freq dos=1 ^ pasos=1 ^ simetria=1 ^ transitoriedad=2 ^ time entropy=1,0.649096,0.388976,0.196730,0.215441
freq ceros=1 ^ width=1 ^ entropia=1,freq unos=1 ^ freq dos=1 ^ actividad=1 ^ transitoriedad=1,0.600649,0.450128,0.245845,0.274783
freq ceros=1 ^ width=1 ^ entropia=1,freq unos=1 ^ freq dos=1 ^ actividad=1 ^ transitoriedad=1,0.600649,0.450128,0.245845,0.274783
freq ceros=1 ^ width=1 ^ entropia=1,freq unos=1 ^ freq dos=1 ^ actividad=1 ^ transitoriedad=1,0.600649,0.450128,0.245845,0.274783
freq ceros=1 ^ width=1 ^ entropia=1,freq unos=1 ^ freq dos=1 ^ actividad=1 ^ transitoriedad=1,0.600649,0.450128,0.245845,0.274783
width=5 ^ entropia=1,freq ceros=5 ^ freq dos=1 ^ simetria=1 ^ transitoriedad=2 ^ time entropy=1,0.649096,0.388976,0.196730,0.215441
width=5 ^ entropia=1,freq ceros=5 ^ freq dos=1 ^ simetria=1 ^ transitoriedad=2 ^ time entropy=1,0.649096,0.388976,0.196730,0.215441
width=5 ^ entropia=1,freq ceros=5 ^ freq dos=1 ^ simetria=1 ^ transitoriedad=2 ^ time entropy=1,0.649096,0.388976,0.196730,0.215441
width=5 ^ entropia=1,freq ceros=5 ^ freq dos=1 ^ simetria=1 ^ transitoriedad=2 ^ time entropy=1,0.649096,0.388976,0.196730,0.215441
width=5 ^ entropia=1,freq ceros=5 ^ freq dos=1 ^ pasos=1 ^ simetria=1 ^ transitoriedad=2 ^ time entropy=1,0.649096,0.388976,0.196730,0.215441
width=5 ^ entropia=1,freq ceros=5 ^ freq dos=1 ^ pasos=1 ^ simetria=1 ^ transitoriedad=2 ^ time entropy=1,0.649096,0.388976,0.196730,0.215441
freq ceros=1 ^ width=1 ^ entropia=1,freq unos=1 ^ freq dos=1 ^ actividad=1 ^ transitoriedad=1,0.600649,0.450128,0.245845,0.274783
freq ceros=1 ^ width=1 ^ entropia=1,freq unos=1 ^ freq dos=1 ^ transitoriedad=1 ^ time entropy=1,0.575005,0.483482,0.263306,0.296366
freq ceros=1 ^ width=1 ^ entropia=1,freq unos=1 ^ freq dos=1 ^ actividad=1 ^ transitoriedad=1 ^ time entropy=1,0.560856,0.502255,0.273103,0.308530
freq ceros=1 ^ width=1,freq unos=1 ^ freq dos=1 ^ actividad=1 ^ transitoriedad=1,0.550423,0.516361,0.282696,0.320417
freq ceros=1 ^ width=1 ^ entropia=1,freq unos=1 ^ freq dos=1 ^ actividad=1 ^ transitoriedad=1 ^ time entropy=1,0.560856,0.502255,0.273103,0.308530
freq ceros=1 ^ width=1 ^ entropia=1,freq unos=1 ^ freq dos=1 ^ transitoriedad=1 ^ time entropy=1,0.575005,0.483482,0.263306,0.296366
freq ceros=1 ^ width=1 ^ entropia=1 ^ time entropy=1,freq unos=1 ^ freq dos=1 ^ simetria=1 ^ transitoriedad=1,0.590515,0.466369,0.248832,0.276278
width=5 ^ entropia=1,freq ceros=5 ^ freq dos=1 ^ simetria=1 ^ transitoriedad=2 ^ time entropy=1,0.649096,0.388976,0.196730,0.215441
width=5 ^ entropia=1,freq ceros=5 ^ freq dos=1 ^ simetria=1 ^ transitoriedad=2 ^ time entropy=1,0.649096,0.388976,0.196730,0.215441
width=5 ^ entropia=1,freq ceros=5 ^ freq dos=1 ^ pasos=1 ^ simetria=1 ^ transitoriedad=2 ^ time entropy=1,0.649096,0.388976,0.196730,0.215441
freq ceros=1 ^ width=1 ^ entropia=1,freq unos=1 ^ freq dos=1 ^ transitoriedad=1 ^ time entropy=1,0.575005,0.483482,0.263306,0.296366
freq ceros=1 ^ width=1 ^ entropia=1,freq unos=1 ^ freq dos=1 ^ actividad=1 ^ transitoriedad=1 ^ time entropy=1,0.560856,0.502255,0.273103,0.308530
entropia=1 ^ transitoriedad=1,width=1 ^ simetria=1 ^ actividad=1 ^ time entropy=1,0.514860,0.564925,0.302530,0.345475
width=1 ^ entropia=1,freq unos=1 ^ freq dos=1 ^ actividad=1 ^ transitoriedad=1 ^ time entropy=1,0.481345,0.612419,0.334383,0.385957
width=1 ^ entropia=1,freq unos=1 ^ freq dos=1 ^ actividad=1 ^ transitoriedad=1 ^ time entropy=1,0.481345,0.612419,0.334383,0.385957
width=1 ^ entropia=1 ^ transitoriedad=1,freq ceros=1 ^ freq dos=1 ^ simetria=1 ^ actividad=1,0.508781,0.573422,0.306898,0.350995
freq ceros=1 ^ width=1 ^ pasos=1 ^ actividad=1 ^ time entropy=1,entropia=1 ^ transitoriedad=1,0.531479,0.542443,0.291010,0.330607
freq ceros=1 ^ width=1 ^ entropia=1 ^ time entropy=1,freq unos=1 ^ freq dos=1 ^ simetria=1 ^ actividad=1 ^ transitoriedad=1,0.573885,0.488259,0.260158,0.290157
width=5 ^ entropia=1,freq ceros=5 ^ freq dos=1 ^ simetria=1 ^ transitoriedad=2 ^ time entropy=1,0.649096,0.388976,0.196730,0.215441
freq ceros=1 ^ width=1 ^ entropia=1,freq unos=1 ^ freq dos=1 ^ transitoriedad=1 ^ time entropy=1,0.575005,0.483482,0.263306,0.296366
entropia=1 ^ transitoriedad=1,width=1 ^ simetria=1 ^ actividad=1,0.527248,0.547782,0.293704,0.334339
entropia=1 ^ transitoriedad=1,freq unos=1 ^ freq dos=1 ^ width=1 ^ simetria=1 ^ actividad=1 ^ time entropy=1,0.488194,0.602583,0.321860,0.369981
entropia=1,freq unos=1 ^ freq dos=1 ^ actividad=1,0.399233,0.737702,0.430654,0.509128
width=2 ^ pasos=1 ^ simetria=2,transitoriedad=2,0.285522,0.931378,0.795782,0.919818
pasos=1,width=1,0.168360,1.235143,1.362240,1.065186
transitoriedad=1,freq unos=1 ^ freq dos=1 ^ simetria=1 ^ actividad=1 ^ time entropy=1,0.480085,0.614237,0.328199,0.378059
freq ceros=1 ^ width=1 ^ pasos=1 ^ actividad=1 ^ entropia=1 ^ time entropy=1,transitoriedad=1,0.523056,0.553548,0.297035,0.338545
freq ceros=1 ^ width=1 ^ entropia=1 ^ time entropy=1,freq unos=1 ^ freq dos=1 ^ simetria=1 ^ actividad=1 ^ transitoriedad=1,0.573885,0.488259,0.260158,0.290157
entropia=1 ^ transitoriedad=1,width=1 ^ simetria=1 ^ actividad=1,0.527248,0.547782,0.293704,0.334339
width=1 ^ transitoriedad=1,freq unos=1 ^ freq dos=1 ^ simetria=1 ^ actividad=1 ^ entropia=1 ^ time entropy=1,0.480878,0.613093,0.327577,0.377266
freq ceros=1 ^ width=1,freq unos=1 ^ freq dos=1 ^ simetria=1 ^ actividad=1 ^ entropia=1 ^ time entropy=1,0.391916,0.747987,0.401473,0.472461
entropia=1,freq unos=1 ^ freq dos=1 ^ actividad=1 ^ transitoriedad=1,0.269346,0.962030,0.540406,0.651219
entropia=2,pasos=1,0.130587,1.277349,0.931586,0.990604
pasos=1,freq ceros=1 ^ freq unos=1 ^ entropia=1 ^ transitoriedad=1,0.060057,1.594517,1.546859,1.062310
freq dos=1 ^ width=5 ^ actividad=1 ^ entropia=1,freq ceros=5 ^ pasos=1 ^ simetria=1 ^ transitoriedad=2 ^ time entropy=1,0.423833,0.698485,0.351439,0.407477
freq ceros=1 ^ width=1 ^ pasos=1 ^ actividad=1 ^ time entropy=1,entropia=1 ^ transitoriedad=1,0.531479,0.542443,0.291010,0.330607
width=1 ^ entropia=1 ^ transitoriedad=1,freq unos=1 ^ freq dos=1 ^ simetria=1 ^ actividad=1,0.493342,0.595234,0.318093,0.365190
freq unos=4 ^ width=5 ^ actividad=1 ^ entropia=1 ^ transitoriedad=2 ^ time entropy=1,freq ceros=5 ^ freq dos=1 ^ simetria=1,0.417922,0.707238,0.355555,0.413004
freq ceros=5 ^ freq unos=4 ^ freq dos=1 ^ actividad=1 ^ entropia=1 ^ time entropy=1,width=5 ^ simetria=1 ^ transitoriedad=2,0.280628,0.940513,0.473178,0.565507
freq ceros=1 ^ freq unos=2 ^ width=1 ^ simetria=2 ^ actividad=1 ^ entropia=1,transitoriedad=1,0.115452,1.320435,0.677267,0.811337
freq ceros=1 ^ freq unos=2 ^ pasos=1 ^ simetria=2 ^ actividad=1 ^ entropia=1,transitoriedad=2,0.000254,1.995557,1.307012,1.023587
freq ceros=5 ^ freq unos=4 ^ actividad=1 ^ entropia=1 ^ time entropy=1,freq dos=1 ^ width=5 ^ pasos=1 ^ simetria=1 ^ transitoriedad=2,0.380545,0.766501,0.385411,0.451499
freq dos=1 ^ width=5 ^ actividad=1 ^ time entropy=1,freq ceros=5 ^ pasos=1 ^ simetria=1 ^ entropia=1 ^ transitoriedad=2,0.428260,0.694256,0.349322,0.403094
freq dos=1 ^ width=5 ^ actividad=1 ^ entropia=1,freq ceros=5 ^ pasos=1 ^ simetria=1 ^ transitoriedad=2 ^ time entropy=1,0.423833,0.698485,0.351439,0.407477
freq unos=4 ^ freq dos=1 ^ width=5 ^ actividad=1 ^ entropia=1,freq ceros=5 ^ pasos=1 ^ simetria=1 ^ transitoriedad=2 ^ time entropy=1,0.368308,0.786233,0.395353,0.464560
freq ceros=5 ^ freq dos=1 ^ width=5 ^ actividad=1 ^ entropia=1 ^ time entropy=1,simetria=1 ^ transitoriedad=2,0.257661,0.984794,0.496025,0.594908
freq dos=1 ^ width=5 ^ actividad=1 ^ entropia=1 ^ time entropy=1,freq ceros=5 ^ freq unos=4 ^ simetria=1 ^ transitoriedad=2 ^ sensitividad=1,0.193631,1.170862,0.586551,0.676818
freq dos=1 ^ width=5 ^ time entropy=1,freq ceros=5 ^ freq unos=4 ^ pasos=1 ^ simetria=1 ^ actividad=1 ^ entropia=1 ^ transitoriedad=2,0.343160,0.828493,0.416658,0.492157
freq dos=1 ^ width=5 ^ actividad=1 ^ entropia=1,freq ceros=5 ^ pasos=1 ^ simetria=1 ^ transitoriedad=2 ^ time entropy=1,0.423833,0.698485,0.351439,0.407477
freq unos=4 ^ width=5 ^ actividad=1 ^ entropia=1 ^ time entropy=1,freq ceros=5 ^ freq dos=1 ^ simetria=1 ^ transitoriedad=2,0.417922,0.707238,0.355555,0.413004
freq unos=4 ^ freq dos=1 ^ width=5 ^ actividad=1 ^ entropia=1,freq ceros=5 ^ pasos=1 ^ simetria=1 ^ transitoriedad=2 ^ time entropy=1,0.368308,0.786233,0.395353,0.464560
freq ceros=5 ^ freq unos=4 ^ width=5 ^ actividad=1 ^ entropia=1 ^ time entropy=1,freq dos=1 ^ pasos=1 ^ simetria=1 ^ transitoriedad=2,0.325808,0.858587,0.431835,0.511813
freq unos=4 ^ freq dos=1 ^ width=5 ^ actividad=1 ^ entropia=1,freq ceros=5 ^ pasos=1 ^ simetria=1 ^ transitoriedad=2 ^ time entropy=1,0.368308,0.786233,0.395353,0.464560
freq unos=4 ^ width=5 ^ actividad=1 ^ entropia=1 ^ time entropy=1,freq ceros=5 ^ freq dos=1 ^ simetria=1 ^ transitoriedad=2,0.417922,0.707238,0.355555,0.413004
freq dos=1 ^ width=5 ^ actividad=1 ^ entropia=1,freq ceros=5 ^ pasos=1 ^ simetria=1 ^ transitoriedad=2 ^ time entropy=1,0.423833,0.698485,0.351439,0.407477
freq unos=4 ^ width=5 ^ actividad=1 ^ entropia=1 ^ time entropy=1,freq ceros=5 ^ freq dos=1 ^ simetria=1 ^ transitoriedad=2,0.417922,0.707238,0.355555,0.413004
freq unos=4 ^ width=5 ^ actividad=1 ^ entropia=1 ^ time entropy=1,freq ceros=5 ^ freq dos=1 ^ pasos=1 ^ simetria=1 ^ transitoriedad=2,0.417922,0.707238,0.355555,0.413004
freq dos=1 ^ width=5 ^ actividad=1 ^ entropia=1,freq ceros=5 ^ pasos=1 ^ simetria=1 ^ transitoriedad=2 ^ time entropy=1,0.423833,0.698485,0.351439,0.407477
freq dos=1 ^ width=5 ^ actividad=1 ^ entropia=1,freq ceros=5 ^ pasos=1 ^ simetria=1 ^ transitoriedad=2 ^ time entropy=1,0.423833,0.698485,0.351439,0.407477
freq dos=1 ^ width=5 ^ actividad=1 ^ entropia=1,freq ceros=5 ^ pasos=1 ^ simetria=1 ^ transitoriedad=2 ^ time entropy=1,0.423833,0.698485,0.351439,0.407477
freq dos=1 ^ width=5 ^ actividad=1 ^ time entropy=1,freq ceros=5 ^ simetria=1 ^ entropia=1 ^ transitoriedad=2,0.428260,0.694256,0.349322,0.403094
freq dos=1 ^ width=5 ^ actividad=1 ^ time entropy=1,freq ceros=5 ^ simetria=1 ^ entropia=1 ^ transitoriedad=2,0.428260,0.694256,0.349322,0.403094
width=5 ^ actividad=1 ^ entropia=1 ^ time entropy=1,freq ceros=5 ^ freq dos=1 ^ pasos=1 ^ simetria=1 ^ transitoriedad=2,0.464013,0.663271,0.333824,0.368682
freq ceros=5 ^ width=5 ^ entropia=1 ^ time entropy=1,pasos=1 ^ simetria=1 ^ transitoriedad=2,0.535850,0.568369,0.288286,0.306760
width=5 ^ entropia=1,freq ceros=5 ^ freq dos=1 ^ pasos=1 ^ simetria=1 ^ transitoriedad=2 ^ time entropy=1,0.649096,0.388976,0.196730,0.215441
width=5 ^ entropia=1,freq ceros=5 ^ freq dos=1 ^ pasos=1 ^ simetria=1 ^ transitoriedad=2 ^ time entropy=1,0.649096,0.388976,0.196730,0.215441
width=5 ^ entropia=1,freq ceros=5 ^ freq dos=1 ^ pasos=1 ^ simetria=1 ^ transitoriedad=2 ^ time entropy=1,0.649096,0.388976,0.196730,0.215441
width=5 ^ entropia=1,freq ceros=5 ^ freq dos=1 ^ pasos=1 ^ simetria=1 ^ transitoriedad=2 ^ time entropy=1,0.649096,0.388976,0.196730,0.215441
freq ceros=1 ^ width=1 ^ entropia=1,freq dos=1 ^ actividad=1 ^ transitoriedad=1 ^ time entropy=1,0.615626,0.430887,0.235718,0.262434
freq ceros=1 ^ width=1 ^ entropia=1,freq unos=1 ^ freq dos=1 ^ actividad=1 ^ transitoriedad=1,0.600649,0.450128,0.245845,0.274783
freq ceros=1 ^ width=1 ^ entropia=1,freq unos=1 ^ freq dos=1 ^ actividad=1 ^ transitoriedad=1,0.600649,0.450128,0.245845,0.274783
freq ceros=1 ^ width=1 ^ entropia=1,freq dos=1 ^ actividad=1 ^ transitoriedad=1 ^ time entropy=1,0.615626,0.430887,0.235718,0.262434
width=5 ^ entropia=1,freq ceros=5 ^ freq dos=1 ^ simetria=1 ^ transitoriedad=2 ^ time entropy=1,0.649096,0.388976,0.196730,0.215441
width=5 ^ entropia=1,freq ceros=5 ^ freq dos=1 ^ simetria=1 ^ transitoriedad=2 ^ time entropy=1,0.649096,0.388976,0.196730,0.215441
width=5 ^ entropia=1,freq ceros=5 ^ freq dos=1 ^ simetria=1 ^ transitoriedad=2 ^ time entropy=1,0.649096,0.388976,0.196730,0.215441
width=5 ^ entropia=1,freq ceros=5 ^ freq dos=1 ^ simetria=1 ^ transitoriedad=2 ^ time entropy=1,0.649096,0.388976,0.196730,0.215441
width=5 ^ entropia=1,freq ceros=5 ^ freq dos=1 ^ pasos=1 ^ simetria=1 ^ transitoriedad=2 ^ time entropy=1,0.649096,0.388976,0.196730,0.215441
width=5 ^ entropia=1,freq ceros=5 ^ freq dos=1 ^ pasos=1 ^ simetria=1 ^ transitoriedad=2 ^ time entropy=1,0.649096,0.388976,0.196730,0.215441
freq ceros=1 ^ width=1 ^ entropia=1,freq unos=1 ^ freq dos=1 ^ actividad=1 ^ transitoriedad=1,0.600649,0.450128,0.245845,0.274783
freq ceros=1 ^ width=1 ^ entropia=1,freq unos=1 ^ freq dos=1 ^ transitoriedad=1 ^ time entropy=1,0.575005,0.483482,0.263306,0.296366
freq ceros=1 ^ width=1 ^ entropia=1,freq unos=1 ^ freq dos=1 ^ transitoriedad=1 ^ time entropy=1,0.575005,0.483482,0.263306,0.296366
freq ceros=1 ^ width=1 ^ entropia=1,freq unos=1 ^ freq dos=1 ^ transitoriedad=1 ^ time entropy=1,0.575005,0.483482,0.263306,0.296366
freq ceros=1 ^ width=1 ^ entropia=1,freq unos=1 ^ freq dos=1 ^ transitoriedad=1 ^ time entropy=1,0.575005,0.483482,0.263306,0.296366
freq ceros=1 ^ width=1 ^ entropia=1,freq unos=1 ^ freq dos=1 ^ transitoriedad=1 ^ time entropy=1,0.575005,0.483482,0.263306,0.296366
freq ceros=1 ^ width=1 ^ entropia=1,freq unos=1 ^ freq dos=1 ^ actividad=1 ^ transitoriedad=1,0.600649,0.450128,0.245845,0.274783
width=5 ^ entropia=1,freq ceros=5 ^ freq dos=1 ^ simetria=1 ^ transitoriedad=2 ^ time entropy=1,0.649096,0.388976,0.196730,0.215441
width=5 ^ entropia=1,freq ceros=5 ^ freq dos=1 ^ simetria=1 ^ transitoriedad=2 ^ time entropy=1,0.649096,0.388976,0.196730,0.215441
width=5 ^ entropia=1,freq ceros=5 ^ freq dos=1 ^ pasos=1 ^ simetria=1 ^ transitoriedad=2 ^ time entropy=1,0.649096,0.388976,0.196730,0.215441
freq ceros=1 ^ width=1 ^ entropia=1,freq unos=1 ^ freq dos=1 ^ actividad=1 ^ transitoriedad=1,0.600649,0.450128,0.245845,0.274783
freq ceros=1 ^ width=1 ^ entropia=1,freq unos=1 ^ freq dos=1 ^ actividad=1 ^ transitoriedad=1 ^ time entropy=1,0.560856,0.502255,0.273103,0.308530
width=1 ^ entropia=1,freq dos=1 ^ transitoriedad=1 ^ time entropy=1,0.540813,0.529253,0.291259,0.331240
width=1,actividad=1 ^ transitoriedad=1,0.511780,0.569224,0.324682,0.373575
width=1,actividad=1 ^ transitoriedad=1,0.511780,0.569224,0.324682,0.373575
width=1,freq ceros=1 ^ entropia=1 ^ transitoriedad=1,0.535139,0.536936,0.307636,0.351929
freq ceros=1 ^ width=1 ^ entropia=1,freq unos=1 ^ freq dos=1 ^ actividad=1 ^ transitoriedad=1 ^ time entropy=1,0.560856,0.502255,0.273103,0.308530
freq ceros=1 ^ width=1 ^ entropia=1 ^ time entropy=1,freq unos=1 ^ freq dos=1 ^ simetria=1 ^ transitoriedad=1,0.590515,0.466369,0.248832,0.276278
width=1 ^ transitoriedad=1 ^ time entropy=1,freq ceros=1 ^ freq unos=1 ^ freq dos=1 ^ simetria=1 ^ actividad=1,0.613387,0.436694,0.232387,0.256353
freq ceros=1 ^ width=1 ^ entropia=1,freq unos=1 ^ freq dos=1 ^ transitoriedad=1 ^ time entropy=1,0.575005,0.483482,0.263306,0.296366
freq ceros=1 ^ width=1 ^ entropia=1,freq unos=1 ^ freq dos=1 ^ actividad=1 ^ transitoriedad=1 ^ time entropy=1,0.560856,0.502255,0.273103,0.308530
entropia=1 ^ transitoriedad=1,width=1 ^ simetria=1 ^ actividad=1 ^ time entropy=1,0.514860,0.564925,0.302530,0.345475
entropia=1,freq unos=1 ^ freq dos=1,0.451997,0.660216,0.392317,0.456137
width=2,pasos=1 ^ simetria=2 ^ transitoriedad=2,0.291603,0.920958,0.779866,0.905888
entropia=1,pasos=1,0.241770,1.060461,1.295059,1.064864
width=1 ^ transitoriedad=1,freq ceros=1 ^ freq dos=1 ^ simetria=1 ^ actividad=1,0.501119,0.584205,0.312770,0.358433
freq ceros=1 ^ width=1 ^ pasos=1 ^ actividad=1 ^ time entropy=1,entropia=1 ^ transitoriedad=1,0.531479,0.542443,0.291010,0.330607
freq ceros=1 ^ width=1 ^ entropia=1 ^ time entropy=1,freq unos=1 ^ freq dos=1 ^ simetria=1 ^ actividad=1 ^ transitoriedad=1,0.573885,0.488259,0.260158,0.290157
freq ceros=1 ^ entropia=1 ^ transitoriedad=1,width=1 ^ simetria=1 ^ actividad=1,0.528345,0.546386,0.292944,0.333300
entropia=1 ^ transitoriedad=1,freq unos=1 ^ width=1 ^ simetria=1 ^ actividad=1 ^ time entropy=1,0.499888,0.585944,0.313331,0.359144
width=1,freq ceros=1 ^ freq unos=1 ^ actividad=1 ^ entropia=1 ^ transitoriedad=1,0.435002,0.680906,0.382658,0.448109
width=2,pasos=1 ^ simetria=2 ^ transitoriedad=2,0.291603,0.920958,0.779866,0.905888
width=2 ^ simetria=2,pasos=1,0.262756,0.974814,0.894157,0.977827
entropia=1,freq unos=1 ^ freq dos=1 ^ time entropy=1,0.417965,0.710174,0.417348,0.490203
entropia=1 ^ transitoriedad=1,freq unos=1 ^ freq dos=1 ^ simetria=1 ^ actividad=1 ^ time entropy=1,0.488194,0.602583,0.321860,0.369981
freq ceros=1 ^ width=1 ^ pasos=1 ^ actividad=1 ^ time entropy=1,entropia=1 ^ transitoriedad=1,0.531479,0.542443,0.291010,0.330607
entropia=1 ^ transitoriedad=1,freq dos=1 ^ width=1 ^ simetria=1 ^ actividad=1 ^ time entropy=1,0.501639,0.583471,0.312061,0.357534
freq dos=1 ^ width=5 ^ actividad=1 ^ entropia=1,freq ceros=5 ^ pasos=1 ^ simetria=1 ^ transitoriedad=2 ^ time entropy=1,0.423833,0.698485,0.351439,0.407477
width=1,freq unos=1 ^ freq dos=1 ^ actividad=1 ^ entropia=1 ^ transitoriedad=1 ^ time entropy=1,0.343523,0.827784,0.456818,0.544346
entropia=1,freq unos=1 ^ freq dos=1 ^ actividad=1 ^ transitoriedad=1 ^ time entropy=1,0.251368,0.997268,0.557183,0.672119
entropia=1,pasos=1 ^ sensitividad=1,0.314687,1.021639,0.653840,0.666001
freq unos=4 ^ width=5 ^ actividad=1 ^ entropia=1 ^ time entropy=1,freq ceros=5 ^ freq dos=1 ^ simetria=1 ^ transitoriedad=2,0.417922,0.707238,0.355555,0.413004
freq ceros=1 ^ entropia=1 ^ transitoriedad=1,freq unos=1 ^ freq dos=1 ^ simetria=1 ^ actividad=1 ^ time entropy=1,0.489363,0.600958,0.320977,0.368822
freq dos=1 ^ width=5 ^ actividad=1 ^ entropia=1,freq ceros=5 ^ pasos=1 ^ simetria=1 ^ transitoriedad=2 ^ time entropy=1,0.423833,0.698485,0.351439,0.407477
freq unos=4 ^ freq dos=1 ^ width=5 ^ actividad=1 ^ entropia=1,freq ceros=5 ^ pasos=1 ^ simetria=1 ^ transitoriedad=2 ^ time entropy=1,0.368308,0.786233,0.395353,0.464560
freq ceros=5 ^ freq dos=1 ^ width=5 ^ actividad=1 ^ entropia=1 ^ time entropy=1,pasos=1 ^ simetria=1 ^ transitoriedad=2,0.257742,0.984635,0.495944,0.594804
freq ceros=5 ^ width=5 ^ actividad=1 ^ entropia=1 ^ time entropy=1,pasos=1 ^ simetria=1 ^ transitoriedad=2 ^ sensitividad=1,0.203452,1.307563,0.656496,0.664605
freq unos=4 ^ actividad=1 ^ entropia=1 ^ time entropy=1,freq ceros=5 ^ freq dos=1 ^ width=5 ^ pasos=1 ^ simetria=1 ^ transitoriedad=2,0.334954,0.975577,0.491802,0.502283
freq dos=1 ^ width=5 ^ actividad=1 ^ entropia=1,freq ceros=5 ^ pasos=1 ^ simetria=1 ^ transitoriedad=2 ^ time entropy=1,0.423833,0.698485,0.351439,0.407477
freq unos=4 ^ width=5 ^ actividad=1 ^ entropia=1 ^ transitoriedad=2 ^ time entropy=1,freq ceros=5 ^ freq dos=1 ^ simetria=1,0.417922,0.707238,0.355555,0.413004
width=5 ^ time entropy=1,freq ceros=5 ^ freq dos=1 ^ pasos=1 ^ simetria=1 ^ actividad=1 ^ entropia=1 ^ transitoriedad=2,0.354216,0.809679,0.407527,0.480359
width=5 ^ time entropy=1,freq ceros=5 ^ freq unos=4 ^ freq dos=1 ^ simetria=1 ^ actividad=1 ^ entropia=1 ^ transitoriedad=2,0.307626,0.890719,0.448044,0.532972
freq unos=4 ^ width=5 ^ actividad=1,freq ceros=5 ^ freq dos=1 ^ pasos=1 ^ simetria=1 ^ entropia=1 ^ transitoriedad=2 ^ time entropy=1,0.326680,1.000296,0.504395,0.511832
freq unos=4 ^ width=5 ^ actividad=1 ^ entropia=1 ^ time entropy=1,freq ceros=5 ^ freq dos=1 ^ simetria=1 ^ transitoriedad=2,0.417922,0.707238,0.355555,0.413004
freq unos=4 ^ width=5 ^ actividad=1 ^ entropia=1 ^ time entropy=1,freq ceros=5 ^ freq dos=1 ^ simetria=1 ^ transitoriedad=2,0.417922,0.707238,0.355555,0.413004
freq ceros=5 ^ freq unos=4 ^ actividad=1 ^ entropia=1 ^ time entropy=1,freq dos=1 ^ width=5 ^ pasos=1 ^ simetria=1 ^ transitoriedad=2,0.380545,0.766501,0.385411,0.451499
freq ceros=5 ^ freq unos=4 ^ actividad=1 ^ entropia=1 ^ time entropy=1,freq dos=1 ^ width=5 ^ pasos=1 ^ simetria=1 ^ transitoriedad=2,0.380545,0.766501,0.385411,0.451499
freq unos=4 ^ width=5 ^ actividad=1 ^ entropia=1 ^ time entropy=1,freq ceros=5 ^ freq dos=1 ^ pasos=1 ^ simetria=1 ^ transitoriedad=2,0.417922,0.707238,0.355555,0.413004
freq dos=1 ^ width=5 ^ actividad=1 ^ entropia=1,freq ceros=5 ^ pasos=1 ^ simetria=1 ^ transitoriedad=2 ^ time entropy=1,0.423833,0.698485,0.351439,0.407477
freq dos=1 ^ width=5 ^ actividad=1 ^ entropia=1,freq ceros=5 ^ pasos=1 ^ simetria=1 ^ transitoriedad=2 ^ time entropy=1,0.423833,0.698485,0.351439,0.407477
freq dos=1 ^ width=5 ^ actividad=1 ^ time entropy=1,freq ceros=5 ^ simetria=1 ^ entropia=1 ^ transitoriedad=2,0.428260,0.694256,0.349322,0.403094
freq dos=1 ^ width=5 ^ actividad=1 ^ time entropy=1,freq ceros=5 ^ simetria=1 ^ entropia=1 ^ transitoriedad=2,0.428260,0.694256,0.349322,0.403094
width=5 ^ actividad=1 ^ entropia=1 ^ time entropy=1,freq ceros=5 ^ freq dos=1 ^ pasos=1 ^ simetria=1 ^ transitoriedad=2,0.464013,0.663271,0.333824,0.368682
freq ceros=5 ^ width=5 ^ entropia=1 ^ time entropy=1,simetria=1 ^ transitoriedad=2,0.535691,0.568594,0.288400,0.306896
width=5 ^ entropia=1,freq ceros=5 ^ freq dos=1 ^ pasos=1 ^ simetria=1 ^ transitoriedad=2 ^ time entropy=1,0.649096,0.388976,0.196730,0.215441
width=5 ^ entropia=1,freq ceros=5 ^ freq dos=1 ^ pasos=1 ^ simetria=1 ^ transitoriedad=2 ^ time entropy=1,0.649096,0.388976,0.196730,0.215441
freq ceros=1 ^ width=1 ^ entropia=1,freq dos=1 ^ actividad=1 ^ transitoriedad=1 ^ time entropy=1,0.615626,0.430887,0.235718,0.262434
freq ceros=1 ^ width=1 ^ entropia=1,freq unos=1 ^ freq dos=1 ^ actividad=1 ^ transitoriedad=1,0.600649,0.450128,0.245845,0.274783
freq ceros=1 ^ width=1 ^ entropia=1,freq unos=1 ^ freq dos=1 ^ actividad=1 ^ transitoriedad=1,0.600649,0.450128,0.245845,0.274783
freq ceros=1 ^ width=1 ^ entropia=1,freq unos=1 ^ freq dos=1 ^ actividad=1 ^ transitoriedad=1,0.600649,0.450128,0.245845,0.274783
freq ceros=1 ^ width=1 ^ entropia=1,freq unos=1 ^ freq dos=1 ^ actividad=1 ^ transitoriedad=1,0.600649,0.450128,0.245845,0.274783
freq ceros=1 ^ width=1 ^ entropia=1,freq unos=1 ^ freq dos=1 ^ actividad=1 ^ transitoriedad=1,0.600649,0.450128,0.245845,0.274783
freq ceros=1 ^ width=1 ^ entropia=1,freq dos=1 ^ actividad=1 ^ transitoriedad=1 ^ time entropy=1,0.615626,0.430887,0.235718,0.262434
width=5 ^ entropia=1,freq ceros=5 ^ freq dos=1 ^ simetria=1 ^ transitoriedad=2 ^ time entropy=1,0.649096,0.388976,0.196730,0.215441
width=5 ^ entropia=1,freq ceros=5 ^ freq dos=1 ^ simetria=1 ^ transitoriedad=2 ^ time entropy=1,0.649096,0.388976,0.196730,0.215441
width=5 ^ entropia=1,freq ceros=5 ^ freq dos=1 ^ pasos=1 ^ simetria=1 ^ transitoriedad=2 ^ time entropy=1,0.649096,0.388976,0.196730,0.215441
freq ceros=1 ^ width=1 ^ entropia=1,freq unos=1 ^ freq dos=1 ^ actividad=1 ^ transitoriedad=1,0.600649,0.450128,0.245845,0.274783
freq ceros=1 ^ width=1 ^ entropia=1,freq unos=1 ^ freq dos=1 ^ actividad=1 ^ transitoriedad=1,0.600649,0.450128,0.245845,0.274783
freq ceros=1 ^ width=1,freq unos=1 ^ entropia=1 ^ transitoriedad=1 ^ time entropy=1,0.577086,0.480760,0.264047,0.297269
width=1,freq ceros=1 ^ transitoriedad=1,0.541933,0.527678,0.302724,0.345719
width=1,freq ceros=1 ^ transitoriedad=1,0.541933,0.527678,0.302724,0.345719
freq ceros=1 ^ width=1,freq unos=1 ^ entropia=1 ^ transitoriedad=1 ^ time entropy=1,0.577086,0.480760,0.264047,0.297269
width=1 ^ entropia=1,freq ceros=1 ^ freq dos=1 ^ actividad=1 ^ transitoriedad=1,0.590563,0.463273,0.256635,0.287991
freq ceros=1 ^ width=1 ^ entropia=1,freq unos=1 ^ freq dos=1 ^ actividad=1 ^ transitoriedad=1,0.600649,0.450128,0.245845,0.274783
width=5 ^ entropia=1,freq ceros=5 ^ freq dos=1 ^ simetria=1 ^ transitoriedad=2 ^ time entropy=1,0.649096,0.388976,0.196730,0.215441
freq ceros=1 ^ width=1 ^ entropia=1,freq unos=1 ^ freq dos=1 ^ actividad=1 ^ transitoriedad=1,0.600649,0.450128,0.245845,0.274783
freq ceros=1 ^ width=1 ^ entropia=1,freq unos=1 ^ freq dos=1 ^ transitoriedad=1 ^ time entropy=1,0.575005,0.483482,0.263306,0.296366
width=1,freq ceros=1 ^ transitoriedad=1,0.541933,0.527678,0.302724,0.345719
width=1,freq ceros=1 ^ entropia=1 ^ transitoriedad=1,0.535139,0.536936,0.307636,0.351929
entropia=1,actividad=1 ^ time entropy=1,0.511405,0.579989,0.352532,0.399493
entropia=1,actividad=1 ^ time entropy=1,0.511405,0.579989,0.352532,0.399493
width=1,freq ceros=1 ^ transitoriedad=1,0.541933,0.527678,0.302724,0.345719
freq ceros=1 ^ width=1 ^ entropia=1,freq unos=1 ^ freq dos=1 ^ transitoriedad=1 ^ time entropy=1,0.575005,0.483482,0.263306,0.296366
freq ceros=1 ^ width=1 ^ entropia=1 ^ time entropy=1,freq unos=1 ^ freq dos=1 ^ simetria=1 ^ transitoriedad=1,0.590515,0.466369,0.248832,0.276278
freq ceros=1 ^ width=1 ^ entropia=1,freq unos=1 ^ freq dos=1 ^ actividad=1 ^ transitoriedad=1 ^ time entropy=1,0.560856,0.502255,0.273103,0.308530
entropia=1 ^ transitoriedad=1,width=1 ^ simetria=1 ^ actividad=1,0.527248,0.547782,0.293704,0.334339
width=1,freq ceros=1 ^ actividad=1 ^ entropia=1 ^ transitoriedad=1,0.508038,0.574464,0.327436,0.377085
entropia=1,freq unos=1 ^ freq dos=1,0.451997,0.660216,0.392317,0.456137
entropia=1,freq unos=1 ^ freq dos=1,0.451997,0.660216,0.392317,0.456137
entropia=1,freq unos=1 ^ time entropy=1,0.483554,0.619352,0.373225,0.426376
freq ceros=1 ^ width=1 ^ pasos=1 ^ actividad=1 ^ entropia=1 ^ time entropy=1,transitoriedad=1,0.523056,0.553548,0.297035,0.338545
freq ceros=1 ^ width=1 ^ time entropy=1,freq unos=1 ^ freq dos=1 ^ simetria=1 ^ actividad=1 ^ entropia=1 ^ transitoriedad=1,0.565589,0.499293,0.266112,0.297488
entropia=1 ^ transitoriedad=1,freq ceros=1 ^ width=1 ^ simetria=1 ^ actividad=1,0.527076,0.548012,0.293822,0.334492
transitoriedad=1,freq unos=1 ^ freq dos=1 ^ width=1 ^ simetria=1 ^ actividad=1 ^ entropia=1 ^ time entropy=1,0.480085,0.614237,0.328199,0.378059
entropia=1,freq unos=1 ^ freq dos=1 ^ time entropy=1,0.417965,0.710174,0.417348,0.490203
entropia=1,freq unos=1 ^ freq dos=1 ^ actividad=1 ^ time entropy=1,0.379991,0.768074,0.445796,0.529211
entropia=1,width=1,0.431759,0.779027,0.506097,0.516227
freq ceros=1 ^ width=1 ^ entropia=1,simetria=1 ^ transitoriedad=1 ^ time entropy=1,0.463571,0.638343,0.343342,0.397381
freq ceros=1 ^ width=1 ^ pasos=1 ^ actividad=1 ^ entropia=1 ^ time entropy=1,transitoriedad=1,0.523056,0.553548,0.297035,0.338545
width=1 ^ entropia=1 ^ transitoriedad=1,freq unos=1 ^ freq dos=1 ^ simetria=1 ^ actividad=1 ^ time entropy=1,0.488230,0.602531,0.321832,0.369945
freq unos=4 ^ width=5 ^ actividad=1 ^ entropia=1 ^ transitoriedad=2 ^ time entropy=1,freq ceros=5 ^ freq dos=1 ^ simetria=1,0.417922,0.707238,0.355555,0.413004
freq ceros=1 ^ entropia=1,freq dos=1 ^ simetria=1 ^ actividad=1 ^ transitoriedad=1,0.353925,0.810266,0.437406,0.519090
freq ceros=1,freq dos=1 ^ actividad=1 ^ entropia=1,0.352843,0.938156,0.560540,0.571561
width=1 ^ pasos=1 ^ time entropy=1,freq ceros=1 ^ freq unos=1 ^ freq dos=1 ^ transitoriedad=1,0.418675,0.819511,0.443503,0.443515
width=5 ^ actividad=1 ^ entropia=1 ^ time entropy=1,freq ceros=5 ^ freq dos=1 ^ pasos=1 ^ simetria=1 ^ transitoriedad=2,0.464013,0.663271,0.333824,0.368682
freq dos=1 ^ width=5 ^ actividad=1 ^ entropia=1,freq ceros=5 ^ pasos=1 ^ simetria=1 ^ transitoriedad=2 ^ time entropy=1,0.423833,0.698485,0.351439,0.407477
freq ceros=5 ^ freq unos=4 ^ actividad=1 ^ entropia=1 ^ time entropy=1,freq dos=1 ^ width=5 ^ pasos=1 ^ simetria=1 ^ transitoriedad=2,0.380545,0.766501,0.385411,0.451499
freq dos=1 ^ width=5 ^ time entropy=1,freq ceros=5 ^ freq unos=4 ^ pasos=1 ^ simetria=1 ^ actividad=1 ^ entropia=1 ^ transitoriedad=2,0.343160,0.828493,0.416658,0.492157
freq ceros=5 ^ freq dos=1 ^ width=5 ^ entropia=1 ^ time entropy=1,pasos=1 ^ simetria=1 ^ actividad=1 ^ transitoriedad=2,0.365453,0.897533,0.452659,0.468777
freq unos=2 ^ width=5 ^ time entropy=1,freq ceros=5 ^ freq dos=1 ^ pasos=1 ^ simetria=1 ^ entropia=1 ^ transitoriedad=2,0.435438,0.712641,0.358612,0.395982
freq dos=1 ^ width=5 ^ actividad=1 ^ entropia=1,freq ceros=5 ^ pasos=1 ^ simetria=1 ^ transitoriedad=2 ^ time entropy=1,0.423833,0.698485,0.351439,0.407477
freq ceros=5 ^ freq unos=4 ^ actividad=1 ^ entropia=1 ^ time entropy=1,freq dos=1 ^ width=5 ^ pasos=1 ^ simetria=1 ^ transitoriedad=2,0.380545,0.766501,0.385411,0.451499
freq ceros=5 ^ freq dos=1 ^ width=5 ^ entropia=1,simetria=1 ^ actividad=1 ^ transitoriedad=2 ^ time entropy=1,0.402834,0.783600,0.394701,0.428962
freq unos=2 ^ width=5 ^ time entropy=1,freq ceros=5 ^ freq dos=1 ^ pasos=1 ^ simetria=1 ^ transitoriedad=2,0.432949,0.716489,0.360552,0.398424
freq dos=1 ^ width=5 ^ actividad=1 ^ entropia=1,freq ceros=5 ^ pasos=1 ^ simetria=1 ^ transitoriedad=2 ^ time entropy=1,0.423833,0.698485,0.351439,0.407477
freq dos=1 ^ width=5 ^ actividad=1 ^ entropia=1,freq ceros=5 ^ pasos=1 ^ simetria=1 ^ transitoriedad=2 ^ time entropy=1,0.423833,0.698485,0.351439,0.407477
freq unos=2 ^ width=5 ^ entropia=1 ^ time entropy=1,freq ceros=5 ^ freq dos=1 ^ pasos=1 ^ simetria=1 ^ transitoriedad=2,0.442190,0.687301,0.345758,0.389340
width=5 ^ actividad=1 ^ entropia=1 ^ time entropy=1,freq ceros=5 ^ freq dos=1 ^ simetria=1 ^ transitoriedad=2,0.464013,0.663271,0.333824,0.368682
width=5 ^ actividad=1 ^ entropia=1 ^ time entropy=1,freq ceros=5 ^ freq dos=1 ^ simetria=1 ^ transitoriedad=2,0.464013,0.663271,0.333824,0.368682
freq ceros=5 ^ width=5 ^ entropia=1 ^ time entropy=1,simetria=1 ^ transitoriedad=2,0.535691,0.568594,0.288400,0.306896
width=5 ^ entropia=1,freq ceros=5 ^ freq dos=1 ^ pasos=1 ^ simetria=1 ^ transitoriedad=2 ^ time entropy=1,0.649096,0.388976,0.196730,0.215441
freq ceros=1 ^ width=1 ^ entropia=1,freq dos=1 ^ actividad=1 ^ transitoriedad=1 ^ time entropy=1,0.615626,0.430887,0.235718,0.262434
freq ceros=1 ^ width=1 ^ entropia=1,freq dos=1 ^ actividad=1 ^ transitoriedad=1 ^ time entropy=1,0.615626,0.430887,0.235718,0.262434
width=1 ^ entropia=1,freq ceros=1 ^ freq dos=1 ^ transitoriedad=1,0.611838,0.436090,0.242285,0.270169
width=1 ^ entropia=1,transitoriedad=1 ^ time entropy=1,0.593560,0.459442,0.254622,0.285461
width=1 ^ entropia=1,transitoriedad=1 ^ time entropy=1,0.593560,0.459442,0.254622,0.285461
width=1 ^ entropia=1,freq ceros=1 ^ freq dos=1 ^ transitoriedad=1,0.611838,0.436090,0.242285,0.270169
freq ceros=1 ^ width=1 ^ entropia=1,freq dos=1 ^ actividad=1 ^ transitoriedad=1 ^ time entropy=1,0.615626,0.430887,0.235718,0.262434
freq ceros=1 ^ width=1 ^ entropia=1,freq dos=1 ^ transitoriedad=1 ^ time entropy=1,0.630058,0.412598,0.226068,0.250716
width=5 ^ entropia=1,freq ceros=5 ^ freq dos=1 ^ simetria=1 ^ transitoriedad=2 ^ time entropy=1,0.649096,0.388976,0.196730,0.215441
freq ceros=1 ^ width=1 ^ entropia=1,freq dos=1 ^ actividad=1 ^ transitoriedad=1 ^ time entropy=1,0.615626,0.430887,0.235718,0.262434
freq ceros=1 ^ width=1 ^ entropia=1,freq unos=1 ^ freq dos=1 ^ actividad=1 ^ transitoriedad=1,0.600649,0.450128,0.245845,0.274783
width=1 ^ entropia=1,freq ceros=1 ^ freq dos=1 ^ actividad=1 ^ transitoriedad=1,0.590563,0.463273,0.256635,0.287991
entropia=1,freq dos=1 ^ time entropy=1,0.577100,0.488420,0.302061,0.337404
entropia=1,freq dos=1 ^ time entropy=1,0.577100,0.488420,0.302061,0.337404
entropia=1,freq dos=1 ^ time entropy=1,0.577100,0.488420,0.302061,0.337404
width=1 ^ entropia=1,freq ceros=1 ^ freq dos=1 ^ actividad=1 ^ transitoriedad=1,0.590563,0.463273,0.256635,0.287991
freq ceros=1 ^ width=1 ^ entropia=1,freq unos=1 ^ freq dos=1 ^ actividad=1 ^ transitoriedad=1,0.600649,0.450128,0.245845,0.274783
freq ceros=1 ^ width=1 ^ entropia=1,freq dos=1 ^ actividad=1 ^ transitoriedad=1 ^ time entropy=1,0.615626,0.430887,0.235718,0.262434
freq ceros=1 ^ width=1 ^ entropia=1,freq unos=1 ^ freq dos=1 ^ actividad=1 ^ transitoriedad=1,0.600649,0.450128,0.245845,0.274783
freq ceros=1 ^ width=1,freq unos=1 ^ entropia=1 ^ transitoriedad=1 ^ time entropy=1,0.577086,0.480760,0.264047,0.297269
width=1,freq ceros=1 ^ transitoriedad=1,0.541933,0.527678,0.302724,0.345719
width=1,freq ceros=1 ^ entropia=1 ^ transitoriedad=1,0.535139,0.536936,0.307636,0.351929
entropia=1,actividad=1 ^ time entropy=1,0.511405,0.579989,0.352532,0.399493
entropia=1,freq dos=1 ^ time entropy=1,0.577100,0.488420,0.302061,0.337404
width=1 ^ entropia=1,freq ceros=1 ^ freq unos=1 ^ freq dos=1,0.562922,0.499438,0.275639,0.311735
freq ceros=1 ^ width=1 ^ entropia=1,freq unos=1 ^ freq dos=1 ^ actividad=1 ^ transitoriedad=1,0.600649,0.450128,0.245845,0.274783
freq ceros=1 ^ width=1 ^ entropia=1,freq unos=1 ^ freq dos=1 ^ actividad=1 ^ transitoriedad=1 ^ time entropy=1,0.560856,0.502255,0.273103,0.308530
width=1,freq ceros=1 ^ entropia=1 ^ transitoriedad=1,0.535139,0.536936,0.307636,0.351929
width=1,freq ceros=1 ^ actividad=1 ^ entropia=1 ^ transitoriedad=1,0.508038,0.574464,0.327436,0.377085
entropia=1,freq unos=1 ^ time entropy=1,0.483554,0.619352,0.373225,0.426376
entropia=1,actividad=1 ^ time entropy=1,0.511405,0.579989,0.352532,0.399493
width=1,freq ceros=1 ^ entropia=1 ^ transitoriedad=1,0.535139,0.536936,0.307636,0.351929
freq ceros=1 ^ width=1 ^ entropia=1,freq unos=1 ^ freq dos=1 ^ actividad=1 ^ transitoriedad=1 ^ time entropy=1,0.560856,0.502255,0.273103,0.308530
entropia=1 ^ transitoriedad=1,freq ceros=1 ^ width=1 ^ simetria=1 ^ actividad=1,0.527076,0.548012,0.293822,0.334492
freq ceros=1 ^ entropia=1,freq dos=1 ^ width=1 ^ actividad=1 ^ transitoriedad=1 ^ time entropy=1,0.488850,0.601790,0.331426,0.382064
entropia=1,freq unos=1 ^ freq dos=1,0.451997,0.660216,0.392317,0.456137
entropia=1,freq unos=1 ^ pasos=1,0.463205,0.697300,0.438660,0.463986
freq unos=1 ^ entropia=1,freq dos=1,0.496050,0.668367,0.410296,0.413869
freq ceros=1 ^ width=1 ^ pasos=1 ^ actividad=1 ^ entropia=1 ^ time entropy=1,transitoriedad=1,0.523056,0.553548,0.297035,0.338545
width=1 ^ entropia=1 ^ transitoriedad=1,freq unos=1 ^ freq dos=1 ^ simetria=1 ^ actividad=1,0.493342,0.595234,0.318093,0.365190
freq dos=1 ^ width=5 ^ actividad=1 ^ entropia=1,freq ceros=5 ^ pasos=1 ^ simetria=1 ^ transitoriedad=2 ^ time entropy=1,0.423833,0.698485,0.351439,0.407477
freq unos=4 ^ width=5 ^ actividad=1 ^ entropia=1 ^ transitoriedad=2 ^ time entropy=1,freq ceros=5 ^ freq dos=1 ^ simetria=1,0.417922,0.707238,0.355555,0.413004
freq ceros=1 ^ freq dos=1 ^ width=1 ^ pasos=1,freq unos=1 ^ entropia=1 ^ transitoriedad=1 ^ time entropy=1,0.461367,0.732512,0.394010,0.396585
freq dos=1 ^ width=5,simetria=1 ^ transitoriedad=2,0.507621,0.638698,0.324579,0.332009
freq dos=1 ^ width=5 ^ actividad=1 ^ time entropy=1,freq ceros=5 ^ pasos=1 ^ simetria=1 ^ entropia=1 ^ transitoriedad=2,0.428260,0.694256,0.349322,0.403094
freq dos=1 ^ width=5 ^ actividad=1 ^ time entropy=1,freq ceros=5 ^ pasos=1 ^ simetria=1 ^ entropia=1 ^ transitoriedad=2,0.428260,0.694256,0.349322,0.403094
width=5 ^ actividad=1 ^ entropia=1,freq ceros=5 ^ freq dos=1 ^ pasos=1 ^ simetria=1 ^ transitoriedad=2,0.450623,0.701307,0.353105,0.381483
width=5 ^ actividad=1 ^ time entropy=1,freq ceros=5 ^ freq dos=1 ^ pasos=1 ^ simetria=1 ^ entropia=1,0.457752,0.684584,0.344636,0.374651
width=5 ^ actividad=1 ^ entropia=1 ^ time entropy=1,freq ceros=5 ^ freq dos=1 ^ simetria=1 ^ transitoriedad=2,0.464013,0.663271,0.333824,0.368682
width=5 ^ actividad=1 ^ entropia=1 ^ time entropy=1,freq ceros=5 ^ freq dos=1 ^ simetria=1 ^ transitoriedad=2,0.464013,0.663271,0.333824,0.368682
width=5 ^ actividad=1 ^ entropia=1 ^ time entropy=1,freq ceros=5 ^ freq dos=1 ^ simetria=1 ^ transitoriedad=2,0.464013,0.663271,0.333824,0.368682
width=5 ^ actividad=1 ^ entropia=1 ^ time entropy=1,freq ceros=5 ^ freq dos=1 ^ simetria=1 ^ transitoriedad=2,0.464013,0.663271,0.333824,0.368682
freq ceros=5 ^ freq dos=1 ^ width=5 ^ entropia=1 ^ time entropy=1,simetria=1 ^ transitoriedad=2,0.500049,0.621778,0.315191,0.338112
freq ceros=5 ^ width=5 ^ entropia=1 ^ time entropy=1,simetria=1 ^ transitoriedad=2,0.535691,0.568594,0.288400,0.306896
width=5 ^ entropia=1,freq ceros=5 ^ freq dos=1 ^ pasos=1 ^ simetria=1 ^ transitoriedad=2 ^ time entropy=1,0.649096,0.388976,0.196730,0.215441
freq ceros=1 ^ width=1 ^ entropia=1,freq dos=1 ^ transitoriedad=1 ^ time entropy=1,0.630058,0.412598,0.226068,0.250716
freq ceros=1 ^ width=1,actividad=1 ^ entropia=1 ^ transitoriedad=1 ^ time entropy=1,0.620388,0.424796,0.234532,0.261014
pasos=1,simetria=2 ^ transitoriedad=2,0.900191,0.102441,0.528799,0.635912
pasos=1,simetria=2 ^ transitoriedad=2,0.900191,0.102441,0.528799,0.635912
pasos=1,simetria=2 ^ transitoriedad=2,0.900191,0.102441,0.528799,0.635912
freq ceros=1 ^ width=1,actividad=1 ^ transitoriedad=1 ^ time entropy=1,0.620925,0.424131,0.234183,0.260576
freq ceros=1 ^ width=1,entropia=1 ^ transitoriedad=1 ^ time entropy=1,0.633987,0.407623,0.225418,0.249952
width=5 ^ entropia=1,freq ceros=5 ^ freq dos=1 ^ simetria=1 ^ transitoriedad=2 ^ time entropy=1,0.649096,0.388976,0.196730,0.215441
freq ceros=1 ^ width=1 ^ entropia=1,freq dos=1 ^ actividad=1 ^ transitoriedad=1 ^ time entropy=1,0.615626,0.430887,0.235718,0.262434
width=1 ^ entropia=1,freq ceros=1 ^ freq dos=1 ^ transitoriedad=1,0.611838,0.436090,0.242285,0.270169
width=1 ^ entropia=1,transitoriedad=1 ^ time entropy=1,0.593560,0.459442,0.254622,0.285461
entropia=1,freq dos=1 ^ time entropy=1,0.577100,0.488420,0.302061,0.337404
pasos=1,simetria=2 ^ transitoriedad=2,0.900191,0.102441,0.528799,0.635912
entropia=1,freq dos=1,0.630473,0.436808,0.282934,0.295856
width=1 ^ entropia=1,freq ceros=1 ^ freq dos=1 ^ transitoriedad=1,0.611838,0.436090,0.242285,0.270169
freq ceros=1 ^ width=1 ^ entropia=1,freq unos=1 ^ transitoriedad=1 ^ time entropy=1,0.629624,0.413194,0.226391,0.251070
freq ceros=1 ^ width=1 ^ entropia=1,freq unos=1 ^ freq dos=1 ^ actividad=1 ^ transitoriedad=1,0.600649,0.450128,0.245845,0.274783
width=1 ^ entropia=1,actividad=1 ^ transitoriedad=1 ^ time entropy=1,0.580824,0.476071,0.263402,0.296298
entropia=1,freq dos=1 ^ time entropy=1,0.577100,0.488420,0.302061,0.337404
entropia=1,freq dos=1 ^ time entropy=1,0.577100,0.488420,0.302061,0.337404
entropia=1,freq dos=1 ^ time entropy=1,0.577100,0.488420,0.302061,0.337404
entropia=1,freq dos=1 ^ time entropy=1,0.577100,0.488420,0.302061,0.337404
freq ceros=1 ^ width=1 ^ entropia=1,freq unos=1 ^ freq dos=1 ^ actividad=1 ^ transitoriedad=1,0.600649,0.450128,0.245845,0.274783
freq ceros=1 ^ width=1 ^ entropia=1,freq unos=1 ^ freq dos=1 ^ transitoriedad=1 ^ time entropy=1,0.575005,0.483482,0.263306,0.296366
width=1,freq ceros=1 ^ transitoriedad=1,0.541933,0.527678,0.302724,0.345719
width=1,freq ceros=1 ^ transitoriedad=1,0.541933,0.527678,0.302724,0.345719
entropia=1,pasos=1 ^ time entropy=1,0.553482,0.538265,0.338150,0.365099
entropia=1,freq unos=1,0.564062,0.539751,0.349101,0.362498
freq ceros=1 ^ width=1 ^ entropia=1,freq unos=1 ^ freq dos=1 ^ transitoriedad=1 ^ time entropy=1,0.575005,0.483482,0.263306,0.296366
freq ceros=1 ^ width=1,freq unos=1 ^ freq dos=1 ^ actividad=1 ^ entropia=1 ^ transitoriedad=1,0.550423,0.516361,0.282696,0.320417
freq ceros=1 ^ width=1 ^ pasos=1 ^ actividad=1 ^ entropia=1 ^ time entropy=1,transitoriedad=1,0.523056,0.553548,0.297035,0.338545
width=1,actividad=1 ^ transitoriedad=1,0.511780,0.569224,0.324682,0.373575
freq unos=1 ^ entropia=1,freq dos=1 ^ actividad=1,0.535532,0.599369,0.354585,0.358202
freq ceros=5 ^ width=5 ^ time entropy=1,pasos=1 ^ simetria=1 ^ transitoriedad=2,0.546297,0.556391,0.282332,0.297937
entropia=1 ^ transitoriedad=1,freq ceros=1 ^ width=1 ^ simetria=1 ^ actividad=1,0.527076,0.548012,0.293822,0.334492
entropia=1 ^ transitoriedad=1,freq ceros=1 ^ freq unos=1 ^ simetria=1 ^ actividad=1,0.508357,0.574024,0.307210,0.351385
freq dos=1 ^ width=5,pasos=1 ^ simetria=1 ^ transitoriedad=2,0.507759,0.638484,0.324470,0.331885
freq dos=1 ^ width=5,pasos=1 ^ simetria=1 ^ transitoriedad=2,0.507759,0.638484,0.324470,0.331885
freq ceros=5 ^ width=5 ^ entropia=1 ^ time entropy=1,simetria=1 ^ transitoriedad=2,0.535691,0.568594,0.288400,0.306896
freq ceros=5 ^ freq dos=1 ^ width=5 ^ entropia=1 ^ time entropy=1,pasos=1 ^ simetria=1 ^ transitoriedad=2,0.500197,0.621561,0.315081,0.337978
freq dos=1 ^ width=5,pasos=1 ^ simetria=1 ^ transitoriedad=2,0.507759,0.638484,0.324470,0.331885
freq ceros=5 ^ width=5 ^ entropia=1 ^ time entropy=1,simetria=1 ^ transitoriedad=2,0.535691,0.568594,0.288400,0.306896
freq ceros=5 ^ width=5 ^ entropia=1 ^ time entropy=1,simetria=1 ^ transitoriedad=2,0.535691,0.568594,0.288400,0.306896
freq ceros=5 ^ width=5 ^ entropia=1 ^ time entropy=1,pasos=1 ^ simetria=1 ^ transitoriedad=2,0.535850,0.568369,0.288286,0.306760
width=5 ^ entropia=1,freq ceros=5 ^ freq dos=1 ^ simetria=1 ^ transitoriedad=2 ^ time entropy=1,0.649096,0.388976,0.196730,0.215441
freq ceros=1 ^ width=1,transitoriedad=1 ^ time entropy=1,0.634520,0.406975,0.225077,0.249524
pasos=1,simetria=2 ^ transitoriedad=2,0.900191,0.102441,0.528799,0.635912
pasos=1,simetria=2 ^ transitoriedad=2,0.900191,0.102441,0.528799,0.635912
pasos=1,simetria=2 ^ transitoriedad=2,0.900191,0.102441,0.528799,0.635912
pasos=1,simetria=2,0.934941,0.066687,0.566456,0.609919
freq ceros=1 ^ width=1,freq unos=1 ^ actividad=1 ^ entropia=1 ^ transitoriedad=1,0.650610,0.387050,0.214492,0.236650
freq ceros=1 ^ width=1,freq unos=1 ^ actividad=1 ^ transitoriedad=1,0.651827,0.385595,0.213725,0.235688
freq ceros=1 ^ width=1,entropia=1 ^ transitoriedad=1 ^ time entropy=1,0.633987,0.407623,0.225418,0.249952
freq ceros=1 ^ width=1,entropia=1 ^ transitoriedad=1 ^ time entropy=1,0.633987,0.407623,0.225418,0.249952
width=1 ^ entropia=1,freq ceros=1 ^ freq unos=1 ^ transitoriedad=1,0.631110,0.412245,0.229705,0.254387
pasos=1,simetria=2 ^ transitoriedad=2,0.900191,0.102441,0.528799,0.635912
pasos=1,simetria=2 ^ transitoriedad=2,0.900191,0.102441,0.528799,0.635912
time entropy=1,entropia=1,0.643532,0.414538,0.266955,0.282069
freq ceros=1 ^ width=1,freq unos=1 ^ actividad=1 ^ entropia=1 ^ transitoriedad=1,0.650610,0.387050,0.214492,0.236650
freq ceros=1 ^ width=1,actividad=1 ^ entropia=1 ^ transitoriedad=1 ^ time entropy=1,0.620388,0.424796,0.234532,0.261014
width=1 ^ entropia=1,freq ceros=1 ^ freq dos=1 ^ transitoriedad=1,0.611838,0.436090,0.242285,0.270169
entropia=1,time entropy=1,0.643532,0.414538,0.266955,0.282069
entropia=1,freq dos=1,0.630473,0.436808,0.282934,0.295856
entropia=1,freq dos=1,0.630473,0.436808,0.282934,0.295856
time entropy=1,entropia=1,0.643532,0.414538,0.266955,0.282069
freq ceros=1 ^ width=1 ^ entropia=1,freq unos=1 ^ freq dos=1 ^ actividad=1 ^ transitoriedad=1,0.600649,0.450128,0.245845,0.274783
width=1 ^ entropia=1,freq ceros=1 ^ freq dos=1 ^ actividad=1 ^ transitoriedad=1,0.590563,0.463273,0.256635,0.287991
entropia=1,freq dos=1 ^ time entropy=1,0.577100,0.488420,0.302061,0.337404
entropia=1,freq dos=1,0.630473,0.436808,0.282934,0.295856
time entropy=1,actividad=1 ^ entropia=1,0.622994,0.459604,0.281157,0.284648
freq ceros=1 ^ width=1 ^ time entropy=1,freq unos=1 ^ freq dos=1 ^ simetria=1 ^ entropia=1 ^ transitoriedad=1,0.581980,0.477563,0.254877,0.283672
freq ceros=1 ^ width=1 ^ entropia=1 ^ time entropy=1,freq unos=1 ^ freq dos=1 ^ simetria=1 ^ actividad=1 ^ transitoriedad=1,0.573885,0.488259,0.260158,0.290157
freq ceros=5 ^ freq dos=1 ^ width=5 ^ time entropy=1,pasos=1 ^ simetria=1 ^ entropia=1 ^ transitoriedad=2,0.575255,0.515219,0.261013,0.273315
freq dos=1 ^ width=5,freq ceros=5 ^ simetria=1 ^ transitoriedad=2,0.587434,0.519060,0.263157,0.263530
freq ceros=1 ^ width=1 ^ entropia=1 ^ time entropy=1,freq unos=1 ^ freq dos=1 ^ simetria=1 ^ actividad=1 ^ transitoriedad=1,0.573885,0.488259,0.260158,0.290157
freq ceros=5 ^ freq dos=1 ^ width=5 ^ time entropy=1,simetria=1 ^ entropia=1 ^ transitoriedad=2,0.575059,0.515491,0.261150,0.273476
freq dos=1 ^ width=5,freq ceros=5 ^ simetria=1 ^ transitoriedad=2,0.587434,0.519060,0.263157,0.263530
freq ceros=5 ^ freq dos=1 ^ width=5 ^ time entropy=1,simetria=1 ^ entropia=1 ^ transitoriedad=2,0.575059,0.515491,0.261150,0.273476
freq dos=1 ^ width=5,pasos=1 ^ simetria=1 ^ entropia=1 ^ transitoriedad=2,0.571729,0.541333,0.274839,0.276703
freq ceros=5 ^ freq dos=1 ^ width=5 ^ time entropy=1,simetria=1 ^ entropia=1 ^ transitoriedad=2,0.575059,0.515491,0.261150,0.273476
freq ceros=1 ^ width=1,freq unos=1 ^ entropia=1 ^ transitoriedad=1,0.674873,0.357443,0.198690,0.217618
freq ceros=1 ^ width=1,freq unos=1 ^ entropia=1 ^ transitoriedad=1,0.674873,0.357443,0.198690,0.217618
pasos=1,transitoriedad=2,0.919896,0.081783,0.483786,0.578402
pasos=1,transitoriedad=2,0.919896,0.081783,0.483786,0.578402
pasos=1,simetria=2,0.934941,0.066687,0.566456,0.609919
simetria=2,pasos=1 ^ transitoriedad=2,0.925512,0.077071,0.402613,0.413313
freq ceros=1 ^ width=1,freq unos=1 ^ entropia=1 ^ transitoriedad=1,0.674873,0.357443,0.198690,0.217618
freq ceros=1 ^ width=1,freq unos=1 ^ actividad=1 ^ transitoriedad=1,0.651827,0.385595,0.213725,0.235688
freq ceros=1 ^ entropia=1,actividad=1 ^ transitoriedad=1,0.655623,0.382610,0.216099,0.237220
pasos=1,transitoriedad=2,0.919896,0.081783,0.483786,0.578402
simetria=2,pasos=1 ^ transitoriedad=2,0.925512,0.077071,0.402613,0.413313
entropia=1 ^ time entropy=1,freq dos=1,0.697774,0.354081,0.219558,0.220980
freq ceros=1 ^ width=1,freq unos=1 ^ entropia=1 ^ transitoriedad=1,0.674873,0.357443,0.198690,0.217618
freq ceros=1 ^ width=1,freq unos=1 ^ actividad=1 ^ entropia=1 ^ transitoriedad=1,0.650610,0.387050,0.214492,0.236650
freq ceros=1 ^ entropia=1,actividad=1 ^ transitoriedad=1,0.655623,0.382610,0.216099,0.237220
freq ceros=1 ^ entropia=1,actividad=1 ^ transitoriedad=1,0.655623,0.382610,0.216099,0.237220
time entropy=1,freq dos=1,0.683978,0.375233,0.235145,0.235216
time entropy=1,freq dos=1,0.683978,0.375233,0.235145,0.235216
freq ceros=1 ^ width=1,transitoriedad=1 ^ time entropy=1,0.634520,0.406975,0.225077,0.249524
freq ceros=1 ^ width=1,transitoriedad=1 ^ time entropy=1,0.634520,0.406975,0.225077,0.249524
freq ceros=1 ^ width=1,transitoriedad=1 ^ time entropy=1,0.634520,0.406975,0.225077,0.249524
width=1 ^ time entropy=1,freq ceros=1 ^ freq dos=1 ^ entropia=1,0.659043,0.411022,0.229063,0.229067
width=5 ^ entropia=1,freq ceros=5 ^ freq dos=1 ^ pasos=1 ^ simetria=1 ^ transitoriedad=2,0.647029,0.392921,0.198740,0.216990
freq dos=1 ^ width=5 ^ time entropy=1,pasos=1 ^ simetria=1 ^ entropia=1 ^ transitoriedad=2,0.629540,0.439953,0.223057,0.230605
freq dos=1 ^ width=5,pasos=1 ^ simetria=1 ^ entropia=1 ^ transitoriedad=2 ^ time entropy=1,0.630109,0.453708,0.230171,0.230231
freq dos=1 ^ width=5 ^ time entropy=1,simetria=1 ^ entropia=1 ^ transitoriedad=2,0.629326,0.440239,0.223202,0.230768
freq dos=1 ^ width=5,simetria=1 ^ entropia=1 ^ transitoriedad=2 ^ time entropy=1,0.629931,0.453972,0.230306,0.230367
width=5 ^ entropia=1,freq ceros=5 ^ simetria=1 ^ transitoriedad=2,0.612964,0.475249,0.241077,0.243464
freq ceros=1 ^ width=1 ^ entropia=1,transitoriedad=1 ^ time entropy=1,0.691387,0.337329,0.186088,0.202810
width=1 ^ entropia=1,freq ceros=1 ^ actividad=1 ^ transitoriedad=1,0.708868,0.317547,0.178811,0.193427
simetria=2,pasos=1 ^ transitoriedad=2,0.925512,0.077071,0.402613,0.413313
simetria=2,pasos=1 ^ transitoriedad=2,0.925512,0.077071,0.402613,0.413313
transitoriedad=2,simetria=2,0.925596,0.076981,0.402382,0.413035
width=1 ^ entropia=1,freq ceros=1 ^ actividad=1 ^ transitoriedad=1,0.708868,0.317547,0.178811,0.193427
freq ceros=1 ^ width=1 ^ entropia=1,transitoriedad=1 ^ time entropy=1,0.691387,0.337329,0.186088,0.202810
width=1 ^ entropia=1,freq ceros=1 ^ actividad=1 ^ transitoriedad=1,0.708868,0.317547,0.178811,0.193427
pasos=1 ^ simetria=2,transitoriedad=2,0.934394,0.067676,0.340773,0.346305
transitoriedad=2,pasos=1 ^ simetria=2,0.934394,0.067676,0.340773,0.346305
time entropy=1,freq dos=1 ^ entropia=1,0.713270,0.333417,0.206205,0.207153
freq ceros=1 ^ width=1 ^ entropia=1,transitoriedad=1 ^ time entropy=1,0.691387,0.337329,0.186088,0.202810
width=1 ^ entropia=1,freq ceros=1 ^ actividad=1 ^ transitoriedad=1,0.708868,0.317547,0.178811,0.193427
time entropy=1,freq dos=1 ^ entropia=1,0.713270,0.333417,0.206205,0.207153
time entropy=1,freq dos=1 ^ entropia=1,0.713270,0.333417,0.206205,0.207153
entropia=1 ^ transitoriedad=1,freq ceros=1 ^ freq unos=1 ^ freq dos=1 ^ actividad=1,0.685708,0.343851,0.187152,0.204296
width=1 ^ entropia=1 ^ transitoriedad=1,freq ceros=1 ^ freq unos=1 ^ freq dos=1 ^ actividad=1,0.685759,0.343789,0.187118,0.204256
width=5 ^ time entropy=1,freq ceros=5 ^ pasos=1 ^ simetria=1 ^ transitoriedad=2,0.697130,0.356629,0.180776,0.180925
width=5 ^ entropia=1,freq ceros=5 ^ freq dos=1 ^ pasos=1 ^ simetria=1 ^ transitoriedad=2 ^ time entropy=1,0.649096,0.388976,0.196730,0.215441
freq ceros=5 ^ width=5 ^ entropia=1 ^ time entropy=1,freq dos=1 ^ pasos=1 ^ simetria=1 ^ transitoriedad=2,0.673852,0.388469,0.196707,0.197334
width=5 ^ entropia=1,freq ceros=5 ^ freq dos=1 ^ pasos=1 ^ simetria=1 ^ transitoriedad=2 ^ time entropy=1,0.649096,0.388976,0.196730,0.215441
freq ceros=1 ^ width=1 ^ entropia=1,freq unos=1 ^ transitoriedad=1,0.733903,0.288053,0.159791,0.171360
pasos=1 ^ simetria=2,transitoriedad=2,0.934394,0.067676,0.340773,0.346305
pasos=1 ^ simetria=2,transitoriedad=2,0.934394,0.067676,0.340773,0.346305
pasos=1 ^ simetria=2,transitoriedad=2,0.934394,0.067676,0.340773,0.346305
pasos=1 ^ simetria=2,transitoriedad=2,0.934394,0.067676,0.340773,0.346305
freq ceros=1 ^ width=1 ^ entropia=1,freq unos=1 ^ transitoriedad=1,0.733903,0.288053,0.159791,0.171360
freq ceros=1 ^ width=1,actividad=1 ^ entropia=1 ^ transitoriedad=1,0.759727,0.256961,0.144258,0.154389
freq ceros=1 ^ width=1,actividad=1 ^ entropia=1 ^ transitoriedad=1,0.759727,0.256961,0.144258,0.154389
freq ceros=1 ^ width=1,actividad=1 ^ entropia=1 ^ transitoriedad=1,0.759727,0.256961,0.144258,0.154389
freq ceros=1 ^ width=1 ^ entropia=1,freq unos=1 ^ transitoriedad=1,0.733903,0.288053,0.159791,0.171360
width=1 ^ entropia=1,freq ceros=1 ^ transitoriedad=1,0.742768,0.279025,0.158052,0.168362
freq ceros=1 ^ freq dos=1 ^ width=1 ^ entropia=1,transitoriedad=1,0.753058,0.277205,0.153992,0.156743
width=5 ^ time entropy=1,freq ceros=5 ^ freq dos=1 ^ pasos=1 ^ simetria=1 ^ transitoriedad=2,0.729588,0.292823,0.148054,0.158207
freq dos=1 ^ width=5 ^ actividad=1 ^ entropia=1 ^ time entropy=1,freq ceros=5 ^ freq unos=4 ^ pasos=1 ^ simetria=1 ^ transitoriedad=2,0.728016,0.314113,0.157855,0.158198
width=5 ^ time entropy=1,freq dos=1 ^ pasos=1 ^ simetria=1 ^ entropia=1 ^ transitoriedad=2,0.706785,0.342745,0.173703,0.174135
freq ceros=1 ^ freq dos=1 ^ width=1 ^ actividad=1,transitoriedad=1,0.773417,0.241117,0.132525,0.141219
freq ceros=1 ^ width=1,entropia=1 ^ transitoriedad=1,0.799197,0.212504,0.119900,0.126702
pasos=1 ^ simetria=2,transitoriedad=2,0.934394,0.067676,0.340773,0.346305
freq ceros=1 ^ width=1,entropia=1 ^ transitoriedad=1,0.799197,0.212504,0.119900,0.126702
freq dos=1 ^ width=1 ^ actividad=1 ^ entropia=1,freq ceros=1 ^ transitoriedad=1,0.777317,0.236927,0.130211,0.138445
freq ceros=1 ^ width=1,entropia=1 ^ transitoriedad=1,0.799197,0.212504,0.119900,0.126702
freq ceros=1 ^ width=1,entropia=1 ^ transitoriedad=1,0.799197,0.212504,0.119900,0.126702
width=5 ^ entropia=1 ^ time entropy=1,freq ceros=5 ^ freq dos=1 ^ pasos=1 ^ simetria=1 ^ transitoriedad=2,0.760575,0.257010,0.129930,0.137583
width=5 ^ actividad=1 ^ entropia=1 ^ time entropy=1,freq ceros=5 ^ freq unos=4 ^ freq dos=1 ^ pasos=1 ^ simetria=1 ^ transitoriedad=2,0.779278,0.241476,0.121311,0.124655
width=5 ^ actividad=1 ^ time entropy=1,freq ceros=5 ^ freq unos=4 ^ freq dos=1 ^ pasos=1 ^ simetria=1 ^ entropia=1 ^ transitoriedad=2,0.753439,0.271190,0.136243,0.141310
freq ceros=1 ^ width=1 ^ entropia=1,actividad=1 ^ transitoriedad=1,0.824659,0.184916,0.103613,0.108167
freq ceros=1 ^ width=1 ^ entropia=1,actividad=1 ^ transitoriedad=1,0.824659,0.184916,0.103613,0.108167
freq ceros=1 ^ width=1 ^ entropia=1,actividad=1 ^ transitoriedad=1,0.824659,0.184916,0.103613,0.108167
freq ceros=1 ^ width=1 ^ entropia=1,actividad=1 ^ transitoriedad=1,0.824659,0.184916,0.103613,0.108167
freq ceros=1 ^ actividad=1,entropia=1 ^ transitoriedad=1,0.838572,0.174375,0.098033,0.098801
freq dos=1 ^ width=5 ^ actividad=1 ^ entropia=1,freq ceros=5 ^ freq unos=4 ^ pasos=1 ^ simetria=1 ^ transitoriedad=2 ^ time entropy=1,0.832911,0.180226,0.090533,0.091590
freq ceros=1 ^ width=1 ^ entropia=1,transitoriedad=1,0.859293,0.148279,0.083614,0.085561
freq ceros=1 ^ width=1 ^ entropia=1,transitoriedad=1,0.859293,0.148279,0.083614,0.085561
freq ceros=1 ^ width=1 ^ entropia=1,transitoriedad=1,0.859293,0.148279,0.083614,0.085561
width=1 ^ actividad=1 ^ entropia=1,transitoriedad=1,0.930452,0.070925,0.039573,0.040275
