antecedente,consecuente,jaccard,cosine,phi,kappa
transitoriedad=1,freq ceros=1 ^ width=1 ^ pasos=1 ^ actividad=1 ^ entropia=1,0.646831,0.391484,0.212608,0.234579
transitoriedad=1,freq ceros=1 ^ width=1 ^ pasos=1 ^ actividad=1 ^ entropia=1,0.646831,0.391484,0.212608,0.234579
transitoriedad=1,freq ceros=1 ^ width=1 ^ pasos=1 ^ actividad=1 ^ entropia=1,0.646831,0.391484,0.212608,0.234579
transitoriedad=1,freq ceros=1 ^ width=1 ^ pasos=1 ^ actividad=1 ^ entropia=1,0.646831,0.391484,0.212608,0.234579
freq dos=1 ^ transitoriedad=1 ^ time entropy=1,freq ceros=1 ^ width=1 ^ entropia=1,0.630058,0.412598,0.226068,0.250716
freq dos=1 ^ actividad=1 ^ transitoriedad=1 ^ time entropy=1,freq ceros=1 ^ width=1 ^ entropia=1,0.615626,0.430887,0.235718,0.262434
freq dos=1 ^ actividad=1 ^ transitoriedad=1 ^ time entropy=1,freq ceros=1 ^ width=1 ^ entropia=1,0.615626,0.430887,0.235718,0.262434
freq dos=1 ^ actividad=1 ^ transitoriedad=1 ^ time entropy=1,freq ceros=1 ^ width=1 ^ entropia=1,0.615626,0.430887,0.235718,0.262434
freq dos=1 ^ transitoriedad=1 ^ time entropy=1,freq ceros=1 ^ width=1 ^ entropia=1,0.630058,0.412598,0.226068,0.250716
transitoriedad=1,freq ceros=1 ^ width=1 ^ pasos=1 ^ actividad=1 ^ entropia=1,0.646831,0.391484,0.212608,0.234579
transitoriedad=1,freq ceros=1 ^ width=1 ^ pasos=1 ^ actividad=1 ^ entropia=1,0.646831,0.391484,0.212608,0.234579
transitoriedad=1,freq ceros=1 ^ width=1 ^ pasos=1 ^ actividad=1 ^ entropia=1,0.646831,0.391484,0.212608,0.234579
transitoriedad=1,freq ceros=1 ^ width=1 ^ pasos=1 ^ actividad=1 ^ entropia=1,0.646831,0.391484,0.212608,0.234579
transitoriedad=1,freq ceros=1 ^ width=1 ^ pasos=1 ^ actividad=1 ^ entropia=1,0.646831,0.391484,0.212608,0.234579
transitoriedad=1,freq ceros=1 ^ width=1 ^ pasos=1 ^ actividad=1 ^ entropia=1,0.646831,0.391484,0.212608,0.234579
freq dos=1 ^ actividad=1 ^ transitoriedad=1 ^ time entropy=1,freq ceros=1 ^ width=1 ^ entropia=1,0.615626,0.430887,0.235718,0.262434
freq dos=1 ^ actividad=1 ^ transitoriedad=1 ^ time entropy=1,freq ceros=1 ^ width=1 ^ entropia=1,0.615626,0.430887,0.235718,0.262434
freq unos=1 ^ freq dos=1 ^ actividad=1 ^ transitoriedad=1,freq ceros=1 ^ width=1 ^ entropia=1,0.600649,0.450128,0.245845,0.274783
freq unos=1 ^ freq dos=1 ^ actividad=1 ^ transitoriedad=1,freq ceros=1 ^ width=1 ^ entropia=1,0.600649,0.450128,0.245845,0.274783
freq unos=1 ^ freq dos=1 ^ actividad=1 ^ transitoriedad=1,freq ceros=1 ^ width=1 ^ entropia=1,0.600649,0.450128,0.245845,0.274783
freq unos=1 ^ freq dos=1 ^ actividad=1 ^ transitoriedad=1,freq ceros=1 ^ width=1 ^ entropia=1,0.600649,0.450128,0.245845,0.274783
freq dos=1 ^ actividad=1 ^ transitoriedad=1 ^ time entropy=1,freq ceros=1 ^ width=1 ^ entropia=1,0.615626,0.430887,0.235718,0.262434
freq dos=1 ^ actividad=1 ^ transitoriedad=1 ^ time entropy=1,freq ceros=1 ^ width=1 ^ entropia=1,0.615626,0.430887,0.235718,0.262434
transitoriedad=1,freq ceros=1 ^ width=1 ^ pasos=1 ^ actividad=1 ^ entropia=1,0.646831,0.391484,0.212608,0.234579
transitoriedad=1,freq ceros=1 ^ width=1 ^ pasos=1 ^ actividad=1 ^ entropia=1,0.646831,0.391484,0.212608,0.234579
transitoriedad=1,freq ceros=1 ^ width=1 ^ pasos=1 ^ actividad=1 ^ entropia=1,0.646831,0.391484,0.212608,0.234579
freq dos=1 ^ actividad=1 ^ transitoriedad=1 ^ time entropy=1,freq ceros=1 ^ width=1 ^ entropia=1,0.615626,0.430887,0.235718,0.262434
freq unos=1 ^ freq dos=1 ^ actividad=1 ^ transitoriedad=1,freq ceros=1 ^ width=1 ^ entropia=1,0.600649,0.450128,0.245845,0.274783
freq unos=1 ^ freq dos=1 ^ transitoriedad=1 ^ time entropy=1,freq ceros=1 ^ width=1 ^ entropia=1,0.575005,0.483482,0.263306,0.296366
freq unos=1 ^ freq dos=1 ^ actividad=1 ^ transitoriedad=1 ^ time entropy=1,freq ceros=1 ^ width=1 ^ entropia=1,0.560856,0.502255,0.273103,0.308530
freq unos=1 ^ freq dos=1 ^ actividad=1 ^ transitoriedad=1,freq ceros=1 ^ width=1,0.550423,0.516361,0.282696,0.320417
freq unos=1 ^ freq dos=1 ^ actividad=1 ^ transitoriedad=1 ^ time entropy=1,freq ceros=1 ^ width=1 ^ entropia=1,0.560856,0.502255,0.273103,0.308530
freq unos=1 ^ freq dos=1 ^ transitoriedad=1 ^ time entropy=1,freq ceros=1 ^ width=1 ^ entropia=1,0.575005,0.483482,0.263306,0.296366
width=2 ^ simetria=2 ^ actividad=1 ^ transitoriedad=2 ^ time entropy=1,freq ceros=5 ^ freq unos=1 ^ freq dos=1 ^ entropia=1,0.589281,0.470953,0.245074,0.269816
simetria=2 ^ actividad=1 ^ transitoriedad=2 ^ time entropy=1,freq ceros=5 ^ freq dos=1 ^ width=2 ^ entropia=1,0.614753,0.439655,0.229506,0.249839
simetria=2 ^ actividad=1 ^ transitoriedad=2 ^ time entropy=1,freq ceros=5 ^ freq dos=1 ^ width=2 ^ entropia=1,0.614753,0.439655,0.229506,0.249839
width=2 ^ simetria=2 ^ actividad=1 ^ transitoriedad=2 ^ time entropy=1,freq ceros=5 ^ freq unos=1 ^ freq dos=1 ^ pasos=1 ^ entropia=1,0.589281,0.470953,0.245074,0.269816
freq unos=1 ^ freq dos=1 ^ transitoriedad=1 ^ time entropy=1,freq ceros=1 ^ width=1 ^ entropia=1,0.575005,0.483482,0.263306,0.296366
freq unos=1 ^ freq dos=1 ^ actividad=1 ^ transitoriedad=1 ^ time entropy=1,freq ceros=1 ^ width=1 ^ entropia=1,0.560856,0.502255,0.273103,0.308530
transitoriedad=1,freq ceros=1 ^ freq unos=1 ^ width=1 ^ pasos=1 ^ actividad=1 ^ entropia=1,0.522103,0.554866,0.297714,0.339400
freq unos=1 ^ freq dos=1 ^ actividad=1 ^ transitoriedad=1 ^ time entropy=1,width=1 ^ entropia=1,0.481345,0.612419,0.334383,0.385957
freq unos=1 ^ freq dos=1 ^ actividad=1 ^ transitoriedad=1 ^ time entropy=1,width=1 ^ entropia=1,0.481345,0.612419,0.334383,0.385957
transitoriedad=1,freq ceros=1 ^ freq unos=1 ^ width=1 ^ pasos=1 ^ actividad=1 ^ entropia=1,0.522103,0.554866,0.297714,0.339400
entropia=1 ^ transitoriedad=1,freq ceros=1 ^ freq unos=1 ^ width=1 ^ pasos=1 ^ actividad=1,0.530063,0.544931,0.292361,0.331910
width=2 ^ actividad=1 ^ transitoriedad=2 ^ time entropy=1,freq ceros=5 ^ freq unos=1 ^ freq dos=1 ^ simetria=2 ^ entropia=1,0.589249,0.470994,0.245096,0.269842
width=2 ^ simetria=2 ^ actividad=1 ^ transitoriedad=2 ^ time entropy=1,freq ceros=5 ^ freq unos=1 ^ freq dos=1 ^ entropia=1,0.589281,0.470953,0.245074,0.269816
freq unos=1 ^ freq dos=1 ^ transitoriedad=1 ^ time entropy=1,freq ceros=1 ^ width=1 ^ entropia=1,0.575005,0.483482,0.263306,0.296366
transitoriedad=1,freq ceros=1 ^ freq unos=1 ^ width=1 ^ pasos=1 ^ actividad=1,0.523697,0.552662,0.296579,0.337970
transitoriedad=1,freq ceros=1 ^ freq dos=1 ^ width=1 ^ pasos=1 ^ actividad=1 ^ entropia=1,0.501328,0.583910,0.312655,0.358287
entropia=1,freq unos=1 ^ freq dos=1 ^ actividad=1,0.399233,0.737702,0.430654,0.509128
transitoriedad=2,width=2 ^ pasos=1,0.286189,0.930131,0.795462,0.919577
pasos=1,actividad=1,0.169045,1.232256,1.351944,1.063299
freq unos=1 ^ freq dos=1 ^ pasos=1 ^ actividad=1 ^ transitoriedad=2 ^ sensitividad=1 ^ time entropy=1,freq ceros=5 ^ width=2 ^ simetria=2 ^ entropia=1,0.477808,0.620098,0.317406,0.362603
transitoriedad=1,freq ceros=1 ^ freq unos=1 ^ width=1 ^ pasos=1 ^ actividad=1,0.523697,0.552662,0.296579,0.337970
simetria=2 ^ actividad=1 ^ transitoriedad=2 ^ time entropy=1,freq ceros=5 ^ freq unos=1 ^ freq dos=1 ^ width=2 ^ entropia=1,0.570392,0.495945,0.258180,0.285776
transitoriedad=1,freq ceros=1 ^ freq unos=1 ^ width=1 ^ pasos=1 ^ actividad=1,0.523697,0.552662,0.296579,0.337970
freq unos=1 ^ freq dos=1 ^ actividad=1 ^ transitoriedad=2 ^ sensitividad=1 ^ time entropy=1,freq ceros=5 ^ width=2 ^ entropia=1,0.477808,0.620098,0.317406,0.362603
transitoriedad=1,freq ceros=1 ^ freq unos=1 ^ freq dos=1 ^ width=1 ^ pasos=1 ^ actividad=1 ^ entropia=1,0.411944,0.716343,0.380129,0.444836
entropia=1,freq unos=1 ^ freq dos=1 ^ width=1 ^ actividad=1,0.269346,0.962030,0.540406,0.651219
entropia=2,pasos=1,0.130587,1.277349,0.931586,0.990604
pasos=1,freq unos=1 ^ width=1 ^ actividad=1,0.057523,1.605439,1.550267,1.061605
freq unos=1 ^ freq dos=1 ^ actividad=1 ^ entropia=1 ^ transitoriedad=2 ^ sensitividad=1,freq ceros=5 ^ width=2 ^ simetria=2,0.438730,0.675344,0.345909,0.400669
pasos=1 ^ actividad=1 ^ transitoriedad=2 ^ time entropy=1,freq ceros=5 ^ freq unos=1 ^ freq dos=1 ^ width=2 ^ simetria=2 ^ entropia=1,0.519226,0.565750,0.294863,0.331097
freq unos=1 ^ freq dos=1 ^ actividad=1 ^ transitoriedad=2 ^ sensitividad=1 ^ time entropy=1,freq ceros=5 ^ width=2 ^ entropia=1,0.477808,0.620098,0.317406,0.362603
freq unos=1 ^ freq dos=1 ^ actividad=1 ^ entropia=1 ^ transitoriedad=2 ^ sensitividad=1 ^ time entropy=1,freq ceros=5 ^ width=2 ^ simetria=2,0.434788,0.681231,0.348868,0.404521
entropia=1 ^ transitoriedad=1,freq unos=1 ^ width=1 ^ pasos=2 ^ actividad=1,0.280112,0.941488,0.492277,0.590100
freq unos=1 ^ freq dos=1 ^ width=2 ^ actividad=1 ^ entropia=1 ^ transitoriedad=2 ^ sensitividad=1,freq ceros=5 ^ simetria=2,0.105452,1.350595,0.703097,0.837945
freq unos=1 ^ width=1 ^ simetria=1 ^ entropia=1 ^ transitoriedad=2 ^ time entropy=1,freq ceros=1 ^ freq dos=1 ^ actividad=5,0.228793,1.056137,0.529407,0.629263
freq ceros=1 ^ freq unos=1 ^ freq dos=1 ^ pasos=1 ^ transitoriedad=2,width=1 ^ actividad=5 ^ entropia=1,0.399596,0.750464,0.377554,0.431861
freq unos=1 ^ freq dos=1 ^ pasos=1 ^ actividad=1 ^ transitoriedad=2 ^ sensitividad=1 ^ time entropy=1,freq ceros=5 ^ width=2 ^ simetria=2 ^ entropia=1,0.477808,0.620098,0.317406,0.362603
freq unos=1 ^ freq dos=1 ^ actividad=1 ^ entropia=1 ^ transitoriedad=2 ^ sensitividad=1,freq ceros=5 ^ width=2 ^ simetria=2,0.438730,0.675344,0.345909,0.400669
freq unos=1 ^ freq dos=1 ^ width=2 ^ actividad=1 ^ entropia=1 ^ transitoriedad=2 ^ sensitividad=1,freq ceros=5 ^ time entropy=1,0.352278,0.816509,0.418957,0.492751
freq unos=1 ^ width=1 ^ simetria=1 ^ entropia=1 ^ transitoriedad=2 ^ time entropy=1,freq ceros=1 ^ freq dos=1 ^ actividad=5,0.228793,1.056137,0.529407,0.629263
freq ceros=1 ^ freq unos=1 ^ width=1 ^ simetria=1 ^ entropia=1 ^ transitoriedad=2 ^ time entropy=1,freq dos=1 ^ pasos=1 ^ actividad=5,0.213914,1.088719,0.545773,0.649285
freq ceros=1 ^ freq unos=1 ^ freq dos=1 ^ transitoriedad=2 ^ time entropy=1,width=1 ^ actividad=5 ^ entropia=1,0.332805,0.859776,0.432215,0.503518
freq unos=1 ^ freq dos=1 ^ actividad=1 ^ entropia=1 ^ transitoriedad=2 ^ sensitividad=1,freq ceros=5 ^ width=2 ^ simetria=2,0.438730,0.675344,0.345909,0.400669
freq unos=1 ^ freq dos=1 ^ pasos=1 ^ actividad=1 ^ entropia=1 ^ transitoriedad=2 ^ sensitividad=1 ^ time entropy=1,freq ceros=5 ^ width=2 ^ simetria=2,0.434788,0.681231,0.348868,0.404521
freq ceros=1 ^ freq unos=1 ^ freq dos=1 ^ transitoriedad=2 ^ time entropy=1,width=1 ^ actividad=5 ^ entropia=1,0.332805,0.859776,0.432215,0.503518
freq ceros=1 ^ freq unos=1 ^ freq dos=1 ^ pasos=1 ^ transitoriedad=2 ^ time entropy=1,width=1 ^ actividad=5 ^ entropia=1,0.330779,0.863374,0.434015,0.505803
freq ceros=1 ^ freq unos=1 ^ freq dos=1 ^ transitoriedad=2 ^ time entropy=1,width=1 ^ actividad=5 ^ entropia=1,0.332805,0.859776,0.432215,0.503518
freq ceros=1 ^ freq unos=1 ^ freq dos=1 ^ transitoriedad=2,width=1 ^ actividad=5 ^ entropia=1,0.403369,0.744350,0.374492,0.428012
freq unos=1 ^ freq dos=1 ^ actividad=1 ^ entropia=1 ^ transitoriedad=2 ^ sensitividad=1,freq ceros=5 ^ width=2,0.438730,0.675344,0.345909,0.400669
freq ceros=1 ^ freq unos=1 ^ freq dos=1 ^ transitoriedad=2,width=1 ^ actividad=5 ^ entropia=1,0.403369,0.744350,0.374492,0.428012
freq ceros=1 ^ freq unos=1 ^ freq dos=1 ^ transitoriedad=2,width=1 ^ actividad=5 ^ entropia=1,0.403369,0.744350,0.374492,0.428012
freq ceros=1 ^ freq unos=1 ^ freq dos=1 ^ transitoriedad=2,width=1 ^ actividad=5 ^ entropia=1,0.403369,0.744350,0.374492,0.428012
freq unos=1 ^ freq dos=1 ^ actividad=1 ^ transitoriedad=2 ^ sensitividad=1 ^ time entropy=1,freq ceros=5 ^ width=2 ^ simetria=2 ^ entropia=1,0.477808,0.620098,0.317406,0.362603
freq unos=1 ^ freq dos=1 ^ actividad=1 ^ transitoriedad=2 ^ sensitividad=1 ^ time entropy=1,freq ceros=5 ^ width=2 ^ simetria=2 ^ entropia=1,0.477808,0.620098,0.317406,0.362603
freq unos=1 ^ freq dos=1 ^ actividad=1 ^ transitoriedad=2 ^ sensitividad=1 ^ time entropy=1,freq ceros=5 ^ width=2 ^ simetria=2 ^ entropia=1,0.477808,0.620098,0.317406,0.362603
freq unos=1 ^ freq dos=1 ^ actividad=1 ^ transitoriedad=2 ^ sensitividad=1 ^ time entropy=1,freq ceros=5 ^ width=2 ^ simetria=2 ^ entropia=1,0.477808,0.620098,0.317406,0.362603
freq unos=1 ^ freq dos=1 ^ actividad=1 ^ transitoriedad=2 ^ sensitividad=1 ^ time entropy=1,freq ceros=5 ^ width=2 ^ simetria=2 ^ entropia=1,0.477808,0.620098,0.317406,0.362603
freq unos=1 ^ freq dos=1 ^ actividad=1 ^ transitoriedad=2 ^ sensitividad=1,freq ceros=5 ^ width=2 ^ entropia=1 ^ time entropy=1,0.488246,0.610630,0.312642,0.352872
transitoriedad=1,freq ceros=1 ^ width=1 ^ pasos=1 ^ actividad=1 ^ entropia=1,0.646831,0.391484,0.212608,0.234579
transitoriedad=1,freq ceros=1 ^ width=1 ^ pasos=1 ^ actividad=1 ^ entropia=1,0.646831,0.391484,0.212608,0.234579
freq dos=1 ^ transitoriedad=1 ^ time entropy=1,freq ceros=1 ^ width=1 ^ entropia=1,0.630058,0.412598,0.226068,0.250716
freq dos=1 ^ actividad=1 ^ transitoriedad=1 ^ time entropy=1,freq ceros=1 ^ width=1 ^ entropia=1,0.615626,0.430887,0.235718,0.262434
freq dos=1 ^ actividad=1 ^ transitoriedad=1 ^ time entropy=1,freq ceros=1 ^ width=1 ^ entropia=1,0.615626,0.430887,0.235718,0.262434
freq unos=1 ^ freq dos=1 ^ actividad=1 ^ transitoriedad=1,freq ceros=1 ^ width=1 ^ entropia=1,0.600649,0.450128,0.245845,0.274783
freq unos=1 ^ freq dos=1 ^ actividad=1 ^ transitoriedad=1,freq ceros=1 ^ width=1 ^ entropia=1,0.600649,0.450128,0.245845,0.274783
freq dos=1 ^ actividad=1 ^ transitoriedad=1 ^ time entropy=1,freq ceros=1 ^ width=1 ^ entropia=1,0.615626,0.430887,0.235718,0.262434
freq dos=1 ^ actividad=1 ^ transitoriedad=1 ^ time entropy=1,freq ceros=1 ^ width=1 ^ entropia=1,0.615626,0.430887,0.235718,0.262434
freq dos=1 ^ transitoriedad=1 ^ time entropy=1,freq ceros=1 ^ width=1 ^ entropia=1,0.630058,0.412598,0.226068,0.250716
transitoriedad=1,freq ceros=1 ^ width=1 ^ pasos=1 ^ actividad=1 ^ entropia=1,0.646831,0.391484,0.212608,0.234579
transitoriedad=1,freq ceros=1 ^ width=1 ^ pasos=1 ^ actividad=1 ^ entropia=1,0.646831,0.391484,0.212608,0.234579
freq dos=1 ^ transitoriedad=1 ^ time entropy=1,freq ceros=1 ^ width=1 ^ entropia=1,0.630058,0.412598,0.226068,0.250716
freq dos=1 ^ actividad=1 ^ transitoriedad=1 ^ time entropy=1,freq ceros=1 ^ width=1 ^ entropia=1,0.615626,0.430887,0.235718,0.262434
freq unos=1 ^ freq dos=1 ^ actividad=1 ^ transitoriedad=1,freq ceros=1 ^ width=1 ^ entropia=1,0.600649,0.450128,0.245845,0.274783
freq unos=1 ^ freq dos=1 ^ transitoriedad=1 ^ time entropy=1,freq ceros=1 ^ width=1 ^ entropia=1,0.575005,0.483482,0.263306,0.296366
freq unos=1 ^ freq dos=1 ^ transitoriedad=1 ^ time entropy=1,freq ceros=1 ^ width=1 ^ entropia=1,0.575005,0.483482,0.263306,0.296366
freq unos=1 ^ freq dos=1 ^ transitoriedad=1 ^ time entropy=1,freq ceros=1 ^ width=1 ^ entropia=1,0.575005,0.483482,0.263306,0.296366
freq unos=1 ^ freq dos=1 ^ transitoriedad=1 ^ time entropy=1,freq ceros=1 ^ width=1 ^ entropia=1,0.575005,0.483482,0.263306,0.296366
freq unos=1 ^ freq dos=1 ^ transitoriedad=1 ^ time entropy=1,freq ceros=1 ^ width=1 ^ entropia=1,0.575005,0.483482,0.263306,0.296366
freq unos=1 ^ freq dos=1 ^ actividad=1 ^ transitoriedad=1,freq ceros=1 ^ width=1 ^ entropia=1,0.600649,0.450128,0.245845,0.274783
freq dos=1 ^ actividad=1 ^ transitoriedad=1 ^ time entropy=1,freq ceros=1 ^ width=1 ^ entropia=1,0.615626,0.430887,0.235718,0.262434
freq dos=1 ^ transitoriedad=1 ^ time entropy=1,freq ceros=1 ^ width=1 ^ entropia=1,0.630058,0.412598,0.226068,0.250716
freq dos=1 ^ actividad=1 ^ transitoriedad=1 ^ time entropy=1,freq ceros=1 ^ width=1 ^ entropia=1,0.615626,0.430887,0.235718,0.262434
freq unos=1 ^ freq dos=1 ^ actividad=1 ^ transitoriedad=1,freq ceros=1 ^ width=1 ^ entropia=1,0.600649,0.450128,0.245845,0.274783
freq unos=1 ^ freq dos=1 ^ actividad=1 ^ transitoriedad=1 ^ time entropy=1,freq ceros=1 ^ width=1 ^ entropia=1,0.560856,0.502255,0.273103,0.308530
freq ceros=1 ^ transitoriedad=1,width=1,0.541933,0.527678,0.302724,0.345719
actividad=1 ^ transitoriedad=1,width=1,0.511780,0.569224,0.324682,0.373575
actividad=1 ^ transitoriedad=1,width=1,0.511780,0.569224,0.324682,0.373575
freq ceros=1 ^ entropia=1 ^ transitoriedad=1,width=1,0.535139,0.536936,0.307636,0.351929
freq unos=1 ^ freq dos=1 ^ actividad=1 ^ transitoriedad=1 ^ time entropy=1,freq ceros=1 ^ width=1 ^ entropia=1,0.560856,0.502255,0.273103,0.308530
width=2 ^ actividad=1 ^ transitoriedad=2 ^ time entropy=1,freq ceros=5 ^ freq unos=1 ^ freq dos=1 ^ simetria=2 ^ entropia=1,0.589249,0.470994,0.245096,0.269842
width=2 ^ simetria=2 ^ actividad=1 ^ transitoriedad=2 ^ time entropy=1,freq ceros=5 ^ freq unos=1 ^ freq dos=1 ^ entropia=1,0.589281,0.470953,0.245074,0.269816
freq unos=1 ^ freq dos=1 ^ transitoriedad=1 ^ time entropy=1,freq ceros=1 ^ width=1 ^ entropia=1,0.575005,0.483482,0.263306,0.296366
freq unos=1 ^ freq dos=1 ^ actividad=1 ^ transitoriedad=1 ^ time entropy=1,freq ceros=1 ^ width=1 ^ entropia=1,0.560856,0.502255,0.273103,0.308530
freq ceros=1 ^ freq unos=1 ^ freq dos=1 ^ actividad=1 ^ transitoriedad=1,width=1 ^ entropia=1,0.515505,0.564027,0.309357,0.354108
entropia=1,freq unos=1 ^ freq dos=1,0.451997,0.660216,0.392317,0.456137
pasos=1 ^ simetria=2 ^ transitoriedad=2,width=2,0.291603,0.920958,0.779866,0.905888
entropia=1,pasos=1,0.241770,1.060461,1.295059,1.064864
freq ceros=1 ^ actividad=1 ^ entropia=1 ^ transitoriedad=1,width=1,0.508038,0.574464,0.327436,0.377085
entropia=1 ^ transitoriedad=1,freq ceros=1 ^ freq unos=1 ^ width=1 ^ pasos=1 ^ actividad=1,0.530063,0.544931,0.292361,0.331910
width=2 ^ actividad=1 ^ transitoriedad=2 ^ time entropy=1,freq ceros=5 ^ freq unos=1 ^ freq dos=1 ^ simetria=2 ^ entropia=1,0.589249,0.470994,0.245096,0.269842
freq unos=1 ^ freq dos=1 ^ actividad=1 ^ transitoriedad=1 ^ time entropy=1,freq ceros=1 ^ width=1 ^ entropia=1,0.560856,0.502255,0.273103,0.308530
transitoriedad=1,freq ceros=1 ^ freq dos=1 ^ width=1 ^ pasos=1 ^ actividad=1 ^ entropia=1,0.501328,0.583910,0.312655,0.358287
freq ceros=1 ^ freq unos=1 ^ actividad=1 ^ entropia=1 ^ transitoriedad=1,width=1,0.435002,0.680906,0.382658,0.448109
pasos=1 ^ simetria=2 ^ transitoriedad=2,width=2,0.291603,0.920958,0.779866,0.905888
pasos=1,width=2,0.263370,0.973618,0.893992,0.977758
entropia=1,freq unos=1 ^ freq dos=1 ^ time entropy=1,0.417965,0.710174,0.417348,0.490203
freq unos=1 ^ freq dos=1 ^ actividad=1 ^ transitoriedad=2 ^ sensitividad=1 ^ time entropy=1,freq ceros=5 ^ width=2 ^ entropia=1,0.477808,0.620098,0.317406,0.362603
entropia=1 ^ transitoriedad=1,freq ceros=1 ^ freq unos=1 ^ width=1 ^ pasos=1 ^ actividad=1,0.530063,0.544931,0.292361,0.331910
freq unos=1 ^ freq dos=1 ^ actividad=1 ^ transitoriedad=2 ^ sensitividad=1 ^ time entropy=1,freq ceros=5 ^ width=2 ^ entropia=1,0.477808,0.620098,0.317406,0.362603
freq unos=1 ^ freq dos=1 ^ actividad=1 ^ entropia=1 ^ transitoriedad=2 ^ sensitividad=1 ^ time entropy=1,freq ceros=5 ^ width=2 ^ simetria=2,0.434788,0.681231,0.348868,0.404521
freq ceros=1 ^ freq unos=1 ^ freq dos=1 ^ actividad=1 ^ entropia=1 ^ time entropy=1,width=1,0.343458,0.827895,0.456873,0.544417
entropia=1,freq unos=1 ^ freq dos=1 ^ width=1 ^ actividad=1 ^ time entropy=1,0.251368,0.997268,0.557183,0.672119
entropia=1,pasos=1 ^ sensitividad=1,0.314687,1.021639,0.653840,0.666001
freq unos=1 ^ freq dos=1 ^ pasos=1 ^ actividad=1 ^ transitoriedad=2 ^ sensitividad=1 ^ time entropy=1,freq ceros=5 ^ simetria=2 ^ entropia=1,0.411318,0.720012,0.368958,0.428566
freq unos=1 ^ freq dos=1 ^ actividad=1 ^ transitoriedad=2 ^ sensitividad=1 ^ time entropy=1,freq ceros=5 ^ width=2 ^ entropia=1,0.477808,0.620098,0.317406,0.362603
freq unos=1 ^ freq dos=1 ^ actividad=1 ^ entropia=1 ^ transitoriedad=2 ^ sensitividad=1,freq ceros=5 ^ width=2 ^ simetria=2,0.438730,0.675344,0.345909,0.400669
freq unos=1 ^ freq dos=1 ^ width=2 ^ actividad=1 ^ entropia=1 ^ transitoriedad=2 ^ sensitividad=1,freq ceros=5 ^ time entropy=1,0.352278,0.816509,0.418957,0.492751
freq ceros=1 ^ freq unos=1 ^ freq dos=1 ^ width=1 ^ transitoriedad=2 ^ time entropy=1,actividad=5 ^ entropia=1,0.263808,0.986120,0.495944,0.586116
freq unos=1 ^ freq dos=1 ^ width=1 ^ transitoriedad=2 ^ time entropy=1,freq ceros=1 ^ simetria=2 ^ actividad=5 ^ entropia=1,0.207119,1.313625,0.661071,0.661096
freq ceros=1 ^ freq unos=1 ^ freq dos=1 ^ width=1 ^ transitoriedad=2,simetria=2 ^ actividad=5 ^ entropia=1 ^ time entropy=1,0.338125,0.984833,0.494561,0.496783
freq unos=1 ^ freq dos=1 ^ actividad=1 ^ entropia=1 ^ transitoriedad=2 ^ sensitividad=1,freq ceros=5 ^ width=2 ^ simetria=2,0.438730,0.675344,0.345909,0.400669
freq unos=1 ^ freq dos=1 ^ actividad=1 ^ entropia=1 ^ transitoriedad=2 ^ sensitividad=1 ^ time entropy=1,freq ceros=5 ^ width=2 ^ simetria=2,0.434788,0.681231,0.348868,0.404521
freq ceros=1 ^ freq unos=1 ^ freq dos=1 ^ transitoriedad=2 ^ time entropy=1,width=1 ^ actividad=5 ^ entropia=1,0.332805,0.859776,0.432215,0.503518
freq ceros=1 ^ freq unos=1 ^ freq dos=1 ^ width=1 ^ pasos=1 ^ transitoriedad=2,actividad=5 ^ entropia=1,0.317024,0.888920,0.447425,0.522286
freq ceros=1 ^ freq unos=1 ^ width=1 ^ pasos=1 ^ entropia=1 ^ transitoriedad=2 ^ time entropy=1,freq dos=1 ^ simetria=2 ^ actividad=5,0.329874,1.006064,0.505258,0.506132
freq ceros=1 ^ freq unos=1 ^ freq dos=1 ^ transitoriedad=2,width=1 ^ actividad=5 ^ entropia=1,0.403369,0.744350,0.374492,0.428012
freq unos=1 ^ freq dos=1 ^ pasos=1 ^ actividad=1 ^ entropia=1 ^ transitoriedad=2 ^ sensitividad=1 ^ time entropy=1,freq ceros=5 ^ width=2 ^ simetria=2,0.434788,0.681231,0.348868,0.404521
freq ceros=1 ^ freq unos=1 ^ freq dos=1 ^ pasos=1 ^ transitoriedad=2,width=1 ^ actividad=5 ^ entropia=1,0.399596,0.750464,0.377554,0.431861
freq ceros=1 ^ freq unos=1 ^ freq dos=1 ^ pasos=1 ^ transitoriedad=2,width=1 ^ actividad=5 ^ entropia=1,0.399596,0.750464,0.377554,0.431861
freq ceros=1 ^ freq unos=1 ^ freq dos=1 ^ transitoriedad=2,width=1 ^ actividad=5 ^ entropia=1,0.403369,0.744350,0.374492,0.428012
freq unos=1 ^ freq dos=1 ^ actividad=1 ^ entropia=1 ^ transitoriedad=2 ^ sensitividad=1,freq ceros=5 ^ width=2,0.438730,0.675344,0.345909,0.400669
freq unos=1 ^ freq dos=1 ^ actividad=1 ^ entropia=1 ^ transitoriedad=2 ^ sensitividad=1,freq ceros=5 ^ width=2,0.438730,0.675344,0.345909,0.400669
freq unos=1 ^ freq dos=1 ^ width=2 ^ actividad=1 ^ entropia=1 ^ transitoriedad=2 ^ sensitividad=1,freq ceros=5 ^ simetria=2 ^ time entropy=1,0.450272,0.661372,0.338698,0.389180
freq unos=1 ^ freq dos=1 ^ actividad=1 ^ transitoriedad=2 ^ sensitividad=1 ^ time entropy=1,freq ceros=5 ^ width=2 ^ simetria=2 ^ entropia=1,0.477808,0.620098,0.317406,0.362603
freq unos=1 ^ freq dos=1 ^ actividad=1 ^ transitoriedad=2 ^ sensitividad=1 ^ time entropy=1,freq ceros=5 ^ width=2 ^ simetria=2 ^ entropia=1,0.477808,0.620098,0.317406,0.362603
freq unos=1 ^ freq dos=1 ^ actividad=1 ^ transitoriedad=2 ^ sensitividad=1 ^ time entropy=1,freq ceros=5 ^ width=2 ^ simetria=2 ^ entropia=1,0.477808,0.620098,0.317406,0.362603
transitoriedad=1,freq ceros=1 ^ width=1 ^ pasos=1 ^ actividad=1 ^ entropia=1,0.646831,0.391484,0.212608,0.234579
freq dos=1 ^ transitoriedad=1 ^ time entropy=1,freq ceros=1 ^ width=1 ^ entropia=1,0.630058,0.412598,0.226068,0.250716
freq dos=1 ^ actividad=1 ^ transitoriedad=1 ^ time entropy=1,freq ceros=1 ^ width=1 ^ entropia=1,0.615626,0.430887,0.235718,0.262434
freq unos=1 ^ freq dos=1 ^ actividad=1 ^ transitoriedad=1,freq ceros=1 ^ width=1 ^ entropia=1,0.600649,0.450128,0.245845,0.274783
freq unos=1 ^ freq dos=1 ^ actividad=1 ^ transitoriedad=1,freq ceros=1 ^ width=1 ^ entropia=1,0.600649,0.450128,0.245845,0.274783
freq unos=1 ^ freq dos=1 ^ actividad=1 ^ transitoriedad=1,freq ceros=1 ^ width=1 ^ entropia=1,0.600649,0.450128,0.245845,0.274783
freq unos=1 ^ freq dos=1 ^ actividad=1 ^ transitoriedad=1,freq ceros=1 ^ width=1 ^ entropia=1,0.600649,0.450128,0.245845,0.274783
freq unos=1 ^ freq dos=1 ^ actividad=1 ^ transitoriedad=1,freq ceros=1 ^ width=1 ^ entropia=1,0.600649,0.450128,0.245845,0.274783
freq dos=1 ^ actividad=1 ^ transitoriedad=1 ^ time entropy=1,freq ceros=1 ^ width=1 ^ entropia=1,0.615626,0.430887,0.235718,0.262434
freq dos=1 ^ transitoriedad=1 ^ time entropy=1,freq ceros=1 ^ width=1 ^ entropia=1,0.630058,0.412598,0.226068,0.250716
transitoriedad=1,freq ceros=1 ^ width=1 ^ pasos=1 ^ actividad=1 ^ entropia=1,0.646831,0.391484,0.212608,0.234579
freq dos=1 ^ actividad=1 ^ transitoriedad=1 ^ time entropy=1,freq ceros=1 ^ width=1 ^ entropia=1,0.615626,0.430887,0.235718,0.262434
freq unos=1 ^ freq dos=1 ^ actividad=1 ^ transitoriedad=1,freq ceros=1 ^ width=1 ^ entropia=1,0.600649,0.450128,0.245845,0.274783
freq unos=1 ^ freq dos=1 ^ actividad=1 ^ transitoriedad=1,freq ceros=1 ^ width=1 ^ entropia=1,0.600649,0.450128,0.245845,0.274783
freq unos=1 ^ entropia=1 ^ transitoriedad=1 ^ time entropy=1,freq ceros=1 ^ width=1,0.577086,0.480760,0.264047,0.297269
freq ceros=1 ^ transitoriedad=1,width=1,0.541933,0.527678,0.302724,0.345719
freq ceros=1 ^ transitoriedad=1,width=1,0.541933,0.527678,0.302724,0.345719
freq unos=1 ^ entropia=1 ^ transitoriedad=1 ^ time entropy=1,freq ceros=1 ^ width=1,0.577086,0.480760,0.264047,0.297269
freq ceros=1 ^ freq dos=1 ^ actividad=1 ^ transitoriedad=1,width=1 ^ entropia=1,0.590563,0.463273,0.256635,0.287991
freq unos=1 ^ freq dos=1 ^ actividad=1 ^ transitoriedad=1,freq ceros=1 ^ width=1 ^ entropia=1,0.600649,0.450128,0.245845,0.274783
freq dos=1 ^ actividad=1 ^ transitoriedad=1 ^ time entropy=1,freq ceros=1 ^ width=1 ^ entropia=1,0.615626,0.430887,0.235718,0.262434
freq unos=1 ^ freq dos=1 ^ actividad=1 ^ transitoriedad=1,freq ceros=1 ^ width=1 ^ entropia=1,0.600649,0.450128,0.245845,0.274783
freq unos=1 ^ freq dos=1 ^ transitoriedad=1 ^ time entropy=1,freq ceros=1 ^ width=1 ^ entropia=1,0.575005,0.483482,0.263306,0.296366
freq ceros=1 ^ transitoriedad=1,width=1,0.541933,0.527678,0.302724,0.345719
freq ceros=1 ^ entropia=1 ^ transitoriedad=1,width=1,0.535139,0.536936,0.307636,0.351929
entropia=1,actividad=1 ^ time entropy=1,0.511405,0.579989,0.352532,0.399493
entropia=1,actividad=1 ^ time entropy=1,0.511405,0.579989,0.352532,0.399493
freq ceros=1 ^ transitoriedad=1,width=1,0.541933,0.527678,0.302724,0.345719
freq unos=1 ^ freq dos=1 ^ transitoriedad=1 ^ time entropy=1,freq ceros=1 ^ width=1 ^ entropia=1,0.575005,0.483482,0.263306,0.296366
width=2 ^ simetria=2 ^ actividad=1 ^ transitoriedad=2 ^ time entropy=1,freq ceros=5 ^ freq unos=1 ^ freq dos=1 ^ entropia=1,0.589281,0.470953,0.245074,0.269816
freq unos=1 ^ freq dos=1 ^ actividad=1 ^ transitoriedad=1 ^ time entropy=1,freq ceros=1 ^ width=1 ^ entropia=1,0.560856,0.502255,0.273103,0.308530
freq unos=1 ^ freq dos=1 ^ transitoriedad=1,width=1 ^ entropia=1,0.529945,0.544053,0.298970,0.340983
freq ceros=1 ^ actividad=1 ^ entropia=1 ^ transitoriedad=1,width=1,0.508038,0.574464,0.327436,0.377085
entropia=1,freq unos=1 ^ freq dos=1,0.451997,0.660216,0.392317,0.456137
entropia=1,freq unos=1 ^ freq dos=1,0.451997,0.660216,0.392317,0.456137
entropia=1,freq unos=1 ^ time entropy=1,0.483554,0.619352,0.373225,0.426376
transitoriedad=1,freq ceros=1 ^ freq unos=1 ^ width=1 ^ pasos=1 ^ actividad=1,0.523697,0.552662,0.296579,0.337970
freq unos=1 ^ freq dos=1 ^ actividad=1 ^ transitoriedad=1 ^ time entropy=1,freq ceros=1 ^ width=1 ^ entropia=1,0.560856,0.502255,0.273103,0.308530
transitoriedad=1,freq ceros=1 ^ freq unos=1 ^ width=1 ^ pasos=1 ^ actividad=1,0.523697,0.552662,0.296579,0.337970
freq unos=1 ^ freq dos=1 ^ actividad=1 ^ transitoriedad=1 ^ time entropy=1,width=1 ^ entropia=1,0.481345,0.612419,0.334383,0.385957
freq unos=1 ^ freq dos=1 ^ time entropy=1,entropia=1,0.417965,0.710174,0.417348,0.490203
entropia=1,freq unos=1 ^ freq dos=1 ^ actividad=1 ^ time entropy=1,0.379991,0.768074,0.445796,0.529211
entropia=1,width=1,0.431759,0.779027,0.506097,0.516227
entropia=1 ^ transitoriedad=1,freq unos=1 ^ width=1 ^ pasos=1 ^ actividad=1 ^ time entropy=1,0.462860,0.639558,0.340784,0.393978
pasos=1 ^ actividad=1 ^ transitoriedad=2 ^ time entropy=1,freq ceros=5 ^ freq unos=1 ^ freq dos=1 ^ width=2 ^ simetria=2 ^ entropia=1,0.519226,0.565750,0.294863,0.331097
freq unos=1 ^ freq dos=1 ^ actividad=1 ^ transitoriedad=2 ^ sensitividad=1 ^ time entropy=1,freq ceros=5 ^ width=2 ^ entropia=1,0.477808,0.620098,0.317406,0.362603
freq unos=1 ^ freq dos=1 ^ actividad=1 ^ entropia=1 ^ transitoriedad=2 ^ sensitividad=1 ^ time entropy=1,freq ceros=5 ^ width=2 ^ simetria=2,0.434788,0.681231,0.348868,0.404521
freq unos=1 ^ freq dos=1 ^ entropia=1 ^ transitoriedad=1 ^ time entropy=1,width=1,0.352195,0.813079,0.449491,0.534849
actividad=1 ^ entropia=1,pasos=1 ^ simetria=2 ^ time entropy=1,0.356123,0.936586,0.546911,0.554482
width=2 ^ actividad=1 ^ entropia=1 ^ transitoriedad=2,freq unos=1 ^ freq dos=1 ^ simetria=2 ^ time entropy=1,0.418945,0.818963,0.435502,0.435519
freq unos=1 ^ freq dos=1 ^ actividad=1 ^ transitoriedad=2 ^ sensitividad=1 ^ time entropy=1,freq ceros=5 ^ width=2 ^ entropia=1,0.477808,0.620098,0.317406,0.362603
freq unos=1 ^ freq dos=1 ^ actividad=1 ^ entropia=1 ^ transitoriedad=2 ^ sensitividad=1,freq ceros=5 ^ width=2,0.438730,0.675344,0.345909,0.400669
freq ceros=1 ^ freq unos=1 ^ freq dos=1 ^ pasos=1 ^ transitoriedad=2,width=1 ^ actividad=5 ^ entropia=1,0.399596,0.750464,0.377554,0.431861
freq ceros=1 ^ freq unos=1 ^ freq dos=1 ^ transitoriedad=2 ^ time entropy=1,width=1 ^ actividad=5 ^ entropia=1,0.332805,0.859776,0.432215,0.503518
freq ceros=1 ^ freq unos=1 ^ freq dos=1 ^ transitoriedad=2,width=1 ^ simetria=2 ^ actividad=5 ^ entropia=1 ^ time entropy=1,0.362995,0.922149,0.462947,0.469260
freq ceros=1 ^ width=1 ^ entropia=1 ^ transitoriedad=2 ^ time entropy=1,freq unos=1 ^ freq dos=1 ^ pasos=1 ^ actividad=5,0.441038,0.775373,0.390077,0.390281
freq unos=1 ^ freq dos=1 ^ actividad=1 ^ entropia=1 ^ transitoriedad=2 ^ sensitividad=1,freq ceros=5 ^ width=2,0.438730,0.675344,0.345909,0.400669
freq ceros=1 ^ freq unos=1 ^ freq dos=1 ^ pasos=1 ^ transitoriedad=2,width=1 ^ actividad=5 ^ entropia=1,0.399596,0.750464,0.377554,0.431861
freq ceros=1 ^ freq unos=1 ^ freq dos=1 ^ entropia=1 ^ transitoriedad=2,width=1 ^ pasos=1 ^ actividad=5 ^ time entropy=1,0.402336,0.808429,0.406633,0.428795
freq ceros=1 ^ width=1 ^ pasos=1 ^ entropia=1 ^ transitoriedad=2 ^ time entropy=1,freq unos=1 ^ freq dos=1 ^ actividad=5,0.439593,0.777952,0.391379,0.391688
freq unos=1 ^ freq dos=1 ^ width=2 ^ pasos=1 ^ actividad=1 ^ entropia=1 ^ transitoriedad=2 ^ sensitividad=1,freq ceros=5 ^ simetria=2 ^ time entropy=1,0.450272,0.661372,0.338698,0.389180
freq ceros=1 ^ freq unos=1 ^ freq dos=1 ^ transitoriedad=2,width=1 ^ actividad=5 ^ entropia=1,0.403369,0.744350,0.374492,0.428012
freq ceros=1 ^ freq unos=1 ^ width=1 ^ pasos=1 ^ entropia=1 ^ transitoriedad=2 ^ time entropy=1,freq dos=1 ^ actividad=5,0.456757,0.714887,0.359451,0.375051
freq unos=1 ^ freq dos=1 ^ actividad=1 ^ transitoriedad=2 ^ sensitividad=1 ^ time entropy=1,freq ceros=5 ^ width=2 ^ simetria=2 ^ entropia=1,0.477808,0.620098,0.317406,0.362603
freq unos=1 ^ freq dos=1 ^ actividad=1 ^ transitoriedad=2 ^ sensitividad=1 ^ time entropy=1,freq ceros=5 ^ width=2 ^ simetria=2 ^ entropia=1,0.477808,0.620098,0.317406,0.362603
freq unos=1 ^ freq dos=1 ^ actividad=1 ^ transitoriedad=2 ^ sensitividad=1,freq ceros=5 ^ width=2 ^ entropia=1 ^ time entropy=1,0.488246,0.610630,0.312642,0.352872
freq dos=1 ^ transitoriedad=1 ^ time entropy=1,freq ceros=1 ^ width=1 ^ entropia=1,0.630058,0.412598,0.226068,0.250716
freq dos=1 ^ actividad=1 ^ transitoriedad=1 ^ time entropy=1,freq ceros=1 ^ width=1 ^ entropia=1,0.615626,0.430887,0.235718,0.262434
freq dos=1 ^ actividad=1 ^ transitoriedad=1 ^ time entropy=1,freq ceros=1 ^ width=1 ^ entropia=1,0.615626,0.430887,0.235718,0.262434
freq ceros=1 ^ freq dos=1 ^ transitoriedad=1,width=1 ^ entropia=1,0.611838,0.436090,0.242285,0.270169
freq ceros=1 ^ freq unos=1 ^ actividad=1 ^ transitoriedad=1,width=1 ^ entropia=1,0.608785,0.440114,0.244441,0.272719
freq ceros=1 ^ freq unos=1 ^ actividad=1 ^ transitoriedad=1,width=1 ^ entropia=1,0.608785,0.440114,0.244441,0.272719
freq ceros=1 ^ freq dos=1 ^ transitoriedad=1,width=1 ^ entropia=1,0.611838,0.436090,0.242285,0.270169
freq dos=1 ^ actividad=1 ^ transitoriedad=1 ^ time entropy=1,freq ceros=1 ^ width=1 ^ entropia=1,0.615626,0.430887,0.235718,0.262434
freq dos=1 ^ transitoriedad=1 ^ time entropy=1,freq ceros=1 ^ width=1 ^ entropia=1,0.630058,0.412598,0.226068,0.250716
freq dos=1 ^ transitoriedad=1 ^ time entropy=1,freq ceros=1 ^ width=1 ^ entropia=1,0.630058,0.412598,0.226068,0.250716
freq dos=1 ^ actividad=1 ^ transitoriedad=1 ^ time entropy=1,freq ceros=1 ^ width=1 ^ entropia=1,0.615626,0.430887,0.235718,0.262434
freq unos=1 ^ freq dos=1 ^ actividad=1 ^ transitoriedad=1,freq ceros=1 ^ width=1 ^ entropia=1,0.600649,0.450128,0.245845,0.274783
freq ceros=1 ^ freq dos=1 ^ actividad=1 ^ transitoriedad=1,width=1 ^ entropia=1,0.590563,0.463273,0.256635,0.287991
entropia=1,freq dos=1 ^ time entropy=1,0.577100,0.488420,0.302061,0.337404
entropia=1,freq dos=1 ^ time entropy=1,0.577100,0.488420,0.302061,0.337404
entropia=1,freq dos=1 ^ time entropy=1,0.577100,0.488420,0.302061,0.337404
freq ceros=1 ^ freq dos=1 ^ actividad=1 ^ transitoriedad=1,width=1 ^ entropia=1,0.590563,0.463273,0.256635,0.287991
freq unos=1 ^ freq dos=1 ^ actividad=1 ^ transitoriedad=1,freq ceros=1 ^ width=1 ^ entropia=1,0.600649,0.450128,0.245845,0.274783
freq dos=1 ^ actividad=1 ^ transitoriedad=1 ^ time entropy=1,freq ceros=1 ^ width=1 ^ entropia=1,0.615626,0.430887,0.235718,0.262434
freq unos=1 ^ freq dos=1 ^ actividad=1 ^ transitoriedad=1,freq ceros=1 ^ width=1 ^ entropia=1,0.600649,0.450128,0.245845,0.274783
freq unos=1 ^ entropia=1 ^ transitoriedad=1 ^ time entropy=1,freq ceros=1 ^ width=1,0.577086,0.480760,0.264047,0.297269
freq ceros=1 ^ transitoriedad=1,width=1,0.541933,0.527678,0.302724,0.345719
freq ceros=1 ^ entropia=1 ^ transitoriedad=1,width=1,0.535139,0.536936,0.307636,0.351929
entropia=1,actividad=1 ^ time entropy=1,0.511405,0.579989,0.352532,0.399493
entropia=1,freq dos=1 ^ time entropy=1,0.577100,0.488420,0.302061,0.337404
freq dos=1 ^ actividad=1 ^ entropia=1 ^ transitoriedad=1 ^ time entropy=1,freq ceros=1 ^ width=1,0.564196,0.497823,0.272992,0.308376
freq unos=1 ^ freq dos=1 ^ actividad=1 ^ transitoriedad=1,freq ceros=1 ^ width=1 ^ entropia=1,0.600649,0.450128,0.245845,0.274783
freq unos=1 ^ freq dos=1 ^ actividad=1 ^ transitoriedad=1 ^ time entropy=1,freq ceros=1 ^ width=1 ^ entropia=1,0.560856,0.502255,0.273103,0.308530
freq ceros=1 ^ entropia=1 ^ transitoriedad=1,width=1,0.535139,0.536936,0.307636,0.351929
freq ceros=1 ^ actividad=1 ^ entropia=1 ^ transitoriedad=1,width=1,0.508038,0.574464,0.327436,0.377085
entropia=1,freq unos=1 ^ time entropy=1,0.483554,0.619352,0.373225,0.426376
entropia=1,actividad=1 ^ time entropy=1,0.511405,0.579989,0.352532,0.399493
freq ceros=1 ^ entropia=1 ^ transitoriedad=1,width=1,0.535139,0.536936,0.307636,0.351929
freq unos=1 ^ freq dos=1 ^ actividad=1 ^ transitoriedad=1 ^ time entropy=1,freq ceros=1 ^ width=1 ^ entropia=1,0.560856,0.502255,0.273103,0.308530
transitoriedad=1,freq ceros=1 ^ freq unos=1 ^ width=1 ^ pasos=1 ^ actividad=1,0.523697,0.552662,0.296579,0.337970
freq unos=1 ^ freq dos=1 ^ transitoriedad=1 ^ time entropy=1,width=1 ^ entropia=1,0.493497,0.595013,0.325404,0.374495
entropia=1,freq unos=1 ^ freq dos=1,0.451997,0.660216,0.392317,0.456137
entropia=1,freq unos=1 ^ pasos=1,0.463205,0.697300,0.438660,0.463986
freq dos=1,freq unos=1 ^ entropia=1,0.496050,0.668367,0.410296,0.413869
pasos=1 ^ actividad=1 ^ transitoriedad=2 ^ time entropy=1,freq ceros=5 ^ freq unos=1 ^ freq dos=1 ^ width=2 ^ simetria=2 ^ entropia=1,0.519226,0.565750,0.294863,0.331097
freq unos=1 ^ freq dos=1 ^ actividad=1 ^ transitoriedad=2 ^ sensitividad=1 ^ time entropy=1,freq ceros=5 ^ width=2 ^ entropia=1,0.477808,0.620098,0.317406,0.362603
freq unos=1 ^ freq dos=1 ^ actividad=1 ^ entropia=1 ^ transitoriedad=2 ^ sensitividad=1,freq ceros=5 ^ width=2,0.438730,0.675344,0.345909,0.400669
freq unos=1 ^ freq dos=1 ^ width=2 ^ pasos=1 ^ actividad=1 ^ transitoriedad=2 ^ sensitividad=1 ^ time entropy=1,freq ceros=5 ^ simetria=2 ^ entropia=1,0.411318,0.720012,0.368958,0.428566
freq ceros=1 ^ width=1 ^ entropia=1 ^ transitoriedad=2 ^ time entropy=1,freq unos=1 ^ freq dos=1 ^ actividad=5,0.442285,0.772835,0.388810,0.389083
freq ceros=1 ^ freq unos=1 ^ freq dos=1 ^ transitoriedad=2,width=1 ^ pasos=1 ^ actividad=5 ^ entropia=1 ^ time entropy=1,0.489570,0.667583,0.335632,0.344586
freq unos=1 ^ freq dos=1 ^ actividad=1 ^ transitoriedad=2 ^ sensitividad=1 ^ time entropy=1,freq ceros=5 ^ width=2 ^ entropia=1,0.477808,0.620098,0.317406,0.362603
freq unos=1 ^ freq dos=1 ^ actividad=1 ^ entropia=1 ^ transitoriedad=2 ^ sensitividad=1,freq ceros=5 ^ width=2,0.438730,0.675344,0.345909,0.400669
freq ceros=1 ^ width=1 ^ entropia=1 ^ transitoriedad=2 ^ time entropy=1,freq unos=1 ^ freq dos=1 ^ actividad=5,0.442285,0.772835,0.388810,0.389083
freq ceros=1 ^ freq unos=1 ^ width=1 ^ transitoriedad=2 ^ time entropy=1,freq dos=1 ^ pasos=1 ^ actividad=5 ^ entropia=1,0.461076,0.715003,0.359535,0.370984
freq unos=1 ^ freq dos=1 ^ actividad=1 ^ transitoriedad=2 ^ sensitividad=1 ^ time entropy=1,freq ceros=5 ^ width=2 ^ entropia=1,0.477808,0.620098,0.317406,0.362603
freq ceros=1 ^ freq unos=1 ^ width=1 ^ entropia=1 ^ transitoriedad=2 ^ time entropy=1,freq dos=1 ^ actividad=5,0.459555,0.710180,0.357090,0.372411
freq ceros=1 ^ freq unos=1 ^ freq dos=1 ^ transitoriedad=2,width=1 ^ pasos=1 ^ actividad=5 ^ entropia=1 ^ time entropy=1,0.489570,0.667583,0.335632,0.344586
freq unos=1 ^ freq dos=1 ^ actividad=1 ^ transitoriedad=2 ^ sensitividad=1 ^ time entropy=1,freq ceros=5 ^ width=2 ^ simetria=2 ^ entropia=1,0.477808,0.620098,0.317406,0.362603
freq ceros=1 ^ freq unos=1 ^ freq dos=1 ^ transitoriedad=2,width=1 ^ actividad=5 ^ entropia=1 ^ time entropy=1,0.491799,0.662939,0.333300,0.342573
freq unos=1 ^ freq dos=1 ^ pasos=1 ^ actividad=1 ^ transitoriedad=2 ^ sensitividad=1,freq ceros=5 ^ width=2 ^ simetria=2 ^ entropia=1 ^ time entropy=1,0.488246,0.610630,0.312642,0.352872
freq dos=1 ^ transitoriedad=1 ^ time entropy=1,freq ceros=1 ^ width=1 ^ entropia=1,0.630058,0.412598,0.226068,0.250716
freq dos=1 ^ transitoriedad=1 ^ time entropy=1,freq ceros=1 ^ width=1 ^ entropia=1,0.630058,0.412598,0.226068,0.250716
actividad=1 ^ entropia=1 ^ transitoriedad=1 ^ time entropy=1,freq ceros=1 ^ width=1,0.620388,0.424796,0.234532,0.261014
pasos=1,simetria=2 ^ transitoriedad=2,0.900191,0.102441,0.528799,0.635912
pasos=1,simetria=2 ^ transitoriedad=2,0.900191,0.102441,0.528799,0.635912
pasos=1,simetria=2 ^ transitoriedad=2,0.900191,0.102441,0.528799,0.635912
actividad=1 ^ transitoriedad=1 ^ time entropy=1,freq ceros=1 ^ width=1,0.620925,0.424131,0.234183,0.260576
entropia=1 ^ transitoriedad=1 ^ time entropy=1,freq ceros=1 ^ width=1,0.633987,0.407623,0.225418,0.249952
transitoriedad=1,freq ceros=1 ^ width=1 ^ pasos=1 ^ actividad=1 ^ entropia=1,0.646831,0.391484,0.212608,0.234579
freq dos=1 ^ actividad=1 ^ transitoriedad=1 ^ time entropy=1,freq ceros=1 ^ width=1 ^ entropia=1,0.615626,0.430887,0.235718,0.262434
freq ceros=1 ^ freq dos=1 ^ transitoriedad=1,width=1 ^ entropia=1,0.611838,0.436090,0.242285,0.270169
freq ceros=1 ^ freq dos=1 ^ actividad=1 ^ transitoriedad=1,width=1 ^ entropia=1,0.590563,0.463273,0.256635,0.287991
entropia=1,freq dos=1 ^ time entropy=1,0.577100,0.488420,0.302061,0.337404
pasos=1,simetria=2 ^ transitoriedad=2,0.900191,0.102441,0.528799,0.635912
freq dos=1,entropia=1,0.630473,0.436808,0.282934,0.295856
freq ceros=1 ^ freq dos=1 ^ transitoriedad=1,width=1 ^ entropia=1,0.611838,0.436090,0.242285,0.270169
freq unos=1 ^ transitoriedad=1 ^ time entropy=1,freq ceros=1 ^ width=1 ^ entropia=1,0.629624,0.413194,0.226391,0.251070
freq unos=1 ^ freq dos=1 ^ actividad=1 ^ transitoriedad=1,freq ceros=1 ^ width=1 ^ entropia=1,0.600649,0.450128,0.245845,0.274783
freq ceros=1 ^ freq dos=1 ^ actividad=1 ^ transitoriedad=1,width=1 ^ entropia=1,0.590563,0.463273,0.256635,0.287991
entropia=1,freq dos=1 ^ time entropy=1,0.577100,0.488420,0.302061,0.337404
entropia=1,freq dos=1 ^ time entropy=1,0.577100,0.488420,0.302061,0.337404
entropia=1,freq dos=1 ^ time entropy=1,0.577100,0.488420,0.302061,0.337404
entropia=1,freq dos=1 ^ time entropy=1,0.577100,0.488420,0.302061,0.337404
freq unos=1 ^ freq dos=1 ^ actividad=1 ^ transitoriedad=1,freq ceros=1 ^ width=1 ^ entropia=1,0.600649,0.450128,0.245845,0.274783
freq unos=1 ^ freq dos=1 ^ transitoriedad=1 ^ time entropy=1,freq ceros=1 ^ width=1 ^ entropia=1,0.575005,0.483482,0.263306,0.296366
freq ceros=1 ^ transitoriedad=1,width=1,0.541933,0.527678,0.302724,0.345719
freq ceros=1 ^ transitoriedad=1,width=1,0.541933,0.527678,0.302724,0.345719
entropia=1,pasos=1 ^ time entropy=1,0.553482,0.538265,0.338150,0.365099
entropia=1,freq unos=1,0.564062,0.539751,0.349101,0.362498
freq unos=1 ^ freq dos=1 ^ transitoriedad=1 ^ time entropy=1,freq ceros=1 ^ width=1 ^ entropia=1,0.575005,0.483482,0.263306,0.296366
freq unos=1 ^ freq dos=1 ^ actividad=1 ^ transitoriedad=1,freq ceros=1 ^ width=1,0.550423,0.516361,0.282696,0.320417
transitoriedad=1,freq ceros=1 ^ freq unos=1 ^ width=1 ^ pasos=1 ^ actividad=1 ^ entropia=1,0.522103,0.554866,0.297714,0.339400
actividad=1 ^ transitoriedad=1,width=1,0.511780,0.569224,0.324682,0.373575
actividad=1,freq dos=1,0.545991,0.587254,0.368022,0.368080
freq dos=1 ^ width=2 ^ actividad=1 ^ entropia=1,freq ceros=5 ^ freq unos=1,0.556506,0.569679,0.298803,0.298900
actividad=1 ^ transitoriedad=2 ^ time entropy=1,freq ceros=5 ^ freq unos=1 ^ freq dos=1 ^ width=2 ^ simetria=2 ^ entropia=1,0.519226,0.565750,0.294863,0.331097
freq unos=1 ^ freq dos=1 ^ actividad=1 ^ transitoriedad=2 ^ sensitividad=1,freq ceros=5 ^ width=2 ^ entropia=1 ^ time entropy=1,0.488246,0.610630,0.312642,0.352872
freq ceros=1 ^ freq unos=1 ^ freq dos=1 ^ transitoriedad=2,width=1 ^ actividad=5 ^ entropia=1 ^ time entropy=1,0.491799,0.662939,0.333300,0.342573
freq unos=1 ^ width=2 ^ actividad=1 ^ transitoriedad=2,freq ceros=5 ^ freq dos=1 ^ time entropy=1,0.534742,0.606070,0.318308,0.318433
actividad=1 ^ transitoriedad=2 ^ time entropy=1,freq ceros=5 ^ freq unos=1 ^ freq dos=1 ^ width=2 ^ simetria=2 ^ entropia=1,0.519226,0.565750,0.294863,0.331097
freq unos=1 ^ freq dos=1 ^ actividad=1 ^ transitoriedad=2 ^ sensitividad=1,freq ceros=5 ^ width=2 ^ entropia=1 ^ time entropy=1,0.488246,0.610630,0.312642,0.352872
freq ceros=1 ^ freq unos=1 ^ freq dos=1 ^ transitoriedad=2,width=1 ^ actividad=5 ^ entropia=1 ^ time entropy=1,0.491799,0.662939,0.333300,0.342573
actividad=1 ^ transitoriedad=2 ^ time entropy=1,freq ceros=5 ^ freq unos=1 ^ freq dos=1 ^ width=2 ^ simetria=2 ^ entropia=1,0.519226,0.565750,0.294863,0.331097
freq ceros=1 ^ freq unos=1 ^ freq dos=1 ^ transitoriedad=2,width=1 ^ actividad=5 ^ entropia=1 ^ time entropy=1,0.491799,0.662939,0.333300,0.342573
pasos=1 ^ actividad=1 ^ entropia=1 ^ transitoriedad=2 ^ time entropy=1,freq ceros=5 ^ freq unos=1 ^ freq dos=1 ^ width=2 ^ simetria=2,0.548765,0.532508,0.277622,0.304690
transitoriedad=1,freq ceros=1 ^ width=1 ^ pasos=1 ^ actividad=1 ^ entropia=1,0.646831,0.391484,0.212608,0.234579
transitoriedad=1 ^ time entropy=1,freq ceros=1 ^ width=1,0.634520,0.406975,0.225077,0.249524
pasos=1,simetria=2 ^ transitoriedad=2,0.900191,0.102441,0.528799,0.635912
pasos=1,simetria=2 ^ transitoriedad=2,0.900191,0.102441,0.528799,0.635912
pasos=1,simetria=2 ^ transitoriedad=2,0.900191,0.102441,0.528799,0.635912
pasos=1,simetria=2,0.934941,0.066687,0.566456,0.609919
freq unos=1 ^ actividad=1 ^ entropia=1 ^ transitoriedad=1,freq ceros=1 ^ width=1,0.650610,0.387050,0.214492,0.236650
transitoriedad=1,freq ceros=1 ^ width=1 ^ pasos=1 ^ actividad=1,0.652248,0.384837,0.209116,0.230339
entropia=1 ^ transitoriedad=1 ^ time entropy=1,freq ceros=1 ^ width=1,0.633987,0.407623,0.225418,0.249952
entropia=1 ^ transitoriedad=1 ^ time entropy=1,freq ceros=1 ^ width=1,0.633987,0.407623,0.225418,0.249952
freq ceros=1 ^ freq unos=1 ^ transitoriedad=1,width=1 ^ entropia=1,0.631110,0.412245,0.229705,0.254387
pasos=1,simetria=2 ^ transitoriedad=2,0.900191,0.102441,0.528799,0.635912
pasos=1,simetria=2 ^ transitoriedad=2,0.900191,0.102441,0.528799,0.635912
entropia=1,time entropy=1,0.643532,0.414538,0.266955,0.282069
freq unos=1 ^ actividad=1 ^ entropia=1 ^ transitoriedad=1,freq ceros=1 ^ width=1,0.650610,0.387050,0.214492,0.236650
actividad=1 ^ entropia=1 ^ transitoriedad=1 ^ time entropy=1,freq ceros=1 ^ width=1,0.620388,0.424796,0.234532,0.261014
freq ceros=1 ^ freq dos=1 ^ transitoriedad=1,width=1 ^ entropia=1,0.611838,0.436090,0.242285,0.270169
entropia=1,time entropy=1,0.643532,0.414538,0.266955,0.282069
freq dos=1,entropia=1,0.630473,0.436808,0.282934,0.295856
freq dos=1,entropia=1,0.630473,0.436808,0.282934,0.295856
entropia=1,time entropy=1,0.643532,0.414538,0.266955,0.282069
freq unos=1 ^ freq dos=1 ^ actividad=1 ^ transitoriedad=1,freq ceros=1 ^ width=1 ^ entropia=1,0.600649,0.450128,0.245845,0.274783
freq ceros=1 ^ freq dos=1 ^ actividad=1 ^ transitoriedad=1,width=1 ^ entropia=1,0.590563,0.463273,0.256635,0.287991
entropia=1,freq dos=1 ^ time entropy=1,0.577100,0.488420,0.302061,0.337404
freq dos=1,entropia=1,0.630473,0.436808,0.282934,0.295856
actividad=1 ^ entropia=1,time entropy=1,0.622994,0.459604,0.281157,0.284648
freq unos=1 ^ freq dos=1 ^ transitoriedad=1 ^ time entropy=1,freq ceros=1 ^ width=1 ^ entropia=1,0.575005,0.483482,0.263306,0.296366
simetria=2 ^ actividad=1 ^ transitoriedad=2 ^ time entropy=1,freq ceros=5 ^ freq unos=1 ^ freq dos=1 ^ width=2 ^ entropia=1,0.570392,0.495945,0.258180,0.285776
freq unos=1 ^ freq dos=1 ^ entropia=1 ^ transitoriedad=2,freq ceros=5 ^ width=2,0.585877,0.519601,0.272220,0.273658
freq ceros=5 ^ freq dos=1 ^ actividad=1 ^ transitoriedad=2,freq unos=1 ^ width=2 ^ entropia=1 ^ time entropy=1,0.587937,0.517686,0.270972,0.271677
simetria=2 ^ actividad=1 ^ transitoriedad=2 ^ time entropy=1,freq ceros=5 ^ freq unos=1 ^ freq dos=1 ^ width=2 ^ entropia=1,0.570392,0.495945,0.258180,0.285776
pasos=1 ^ simetria=2 ^ actividad=1 ^ transitoriedad=2 ^ time entropy=1,freq ceros=5 ^ freq unos=1 ^ freq dos=1 ^ entropia=1,0.570382,0.495967,0.258192,0.285784
freq dos=1 ^ width=2 ^ actividad=1 ^ entropia=1 ^ transitoriedad=2 ^ time entropy=1,freq ceros=5 ^ freq unos=1 ^ simetria=2,0.578790,0.533549,0.279449,0.279469
simetria=2 ^ actividad=1 ^ transitoriedad=2 ^ time entropy=1,freq ceros=5 ^ freq unos=1 ^ freq dos=1 ^ width=2 ^ entropia=1,0.570392,0.495945,0.258180,0.285776
freq dos=1 ^ pasos=1 ^ actividad=1 ^ transitoriedad=2 ^ time entropy=1,freq ceros=5 ^ freq unos=1 ^ simetria=2 ^ entropia=1,0.573461,0.521563,0.272560,0.283669
simetria=2 ^ actividad=1 ^ transitoriedad=2 ^ time entropy=1,freq ceros=5 ^ freq unos=1 ^ freq dos=1 ^ width=2 ^ entropia=1,0.570392,0.495945,0.258180,0.285776
freq unos=1 ^ entropia=1 ^ transitoriedad=1,freq ceros=1 ^ width=1,0.674873,0.357443,0.198690,0.217618
freq unos=1 ^ entropia=1 ^ transitoriedad=1,freq ceros=1 ^ width=1,0.674873,0.357443,0.198690,0.217618
pasos=1,transitoriedad=2,0.919896,0.081783,0.483786,0.578402
pasos=1,transitoriedad=2,0.919896,0.081783,0.483786,0.578402
pasos=1,simetria=2,0.934941,0.066687,0.566456,0.609919
pasos=1 ^ transitoriedad=2,simetria=2,0.925512,0.077071,0.402613,0.413313
freq unos=1 ^ entropia=1 ^ transitoriedad=1,freq ceros=1 ^ width=1,0.674873,0.357443,0.198690,0.217618
freq unos=1 ^ actividad=1 ^ transitoriedad=1,freq ceros=1 ^ width=1,0.651827,0.385595,0.213725,0.235688
actividad=1 ^ transitoriedad=1,freq ceros=1 ^ entropia=1,0.655623,0.382610,0.216099,0.237220
pasos=1,transitoriedad=2,0.919896,0.081783,0.483786,0.578402
pasos=1 ^ transitoriedad=2,simetria=2,0.925512,0.077071,0.402613,0.413313
freq dos=1,entropia=1 ^ time entropy=1,0.697774,0.354081,0.219558,0.220980
freq unos=1 ^ entropia=1 ^ transitoriedad=1,freq ceros=1 ^ width=1,0.674873,0.357443,0.198690,0.217618
freq unos=1 ^ actividad=1 ^ entropia=1 ^ transitoriedad=1,freq ceros=1 ^ width=1,0.650610,0.387050,0.214492,0.236650
actividad=1 ^ transitoriedad=1,freq ceros=1 ^ entropia=1,0.655623,0.382610,0.216099,0.237220
actividad=1 ^ transitoriedad=1,freq ceros=1 ^ entropia=1,0.655623,0.382610,0.216099,0.237220
freq dos=1,time entropy=1,0.683978,0.375233,0.235145,0.235216
freq dos=1,time entropy=1,0.683978,0.375233,0.235145,0.235216
transitoriedad=1 ^ time entropy=1,freq ceros=1 ^ width=1,0.634520,0.406975,0.225077,0.249524
transitoriedad=1 ^ time entropy=1,freq ceros=1 ^ width=1,0.634520,0.406975,0.225077,0.249524
transitoriedad=1 ^ time entropy=1,freq ceros=1 ^ width=1,0.634520,0.406975,0.225077,0.249524
actividad=1 ^ transitoriedad=1,freq dos=1 ^ width=1,0.663996,0.402986,0.225297,0.225822
simetria=2 ^ actividad=1 ^ transitoriedad=2 ^ time entropy=1,freq ceros=5 ^ freq dos=1 ^ width=2 ^ entropia=1,0.614753,0.439655,0.229506,0.249839
width=2 ^ simetria=2 ^ actividad=1 ^ entropia=1 ^ transitoriedad=2 ^ time entropy=1,freq ceros=5 ^ freq unos=1 ^ freq dos=1,0.620226,0.437298,0.227632,0.244597
freq unos=1 ^ freq dos=1 ^ simetria=2 ^ entropia=1 ^ transitoriedad=2 ^ time entropy=1,freq ceros=5 ^ width=2,0.645325,0.431103,0.225219,0.225234
simetria=2 ^ actividad=1 ^ transitoriedad=2 ^ time entropy=1,freq ceros=5 ^ freq dos=1 ^ width=2 ^ entropia=1,0.614753,0.439655,0.229506,0.249839
freq unos=1 ^ freq dos=1 ^ pasos=1 ^ entropia=1 ^ transitoriedad=2 ^ time entropy=1,freq ceros=5 ^ width=2 ^ simetria=2,0.626722,0.458824,0.239893,0.239952
pasos=1 ^ simetria=2 ^ actividad=1 ^ entropia=1 ^ transitoriedad=2 ^ time entropy=1,freq ceros=5 ^ freq unos=1 ^ freq dos=1 ^ width=2,0.605491,0.456494,0.237695,0.256530
transitoriedad=1 ^ time entropy=1,freq ceros=1 ^ width=1 ^ entropia=1,0.691387,0.337329,0.186088,0.202810
freq ceros=1 ^ actividad=1 ^ transitoriedad=1,width=1 ^ entropia=1,0.708868,0.317547,0.178811,0.193427
pasos=1 ^ transitoriedad=2,simetria=2,0.925512,0.077071,0.402613,0.413313
pasos=1 ^ transitoriedad=2,simetria=2,0.925512,0.077071,0.402613,0.413313
transitoriedad=2,simetria=2,0.925596,0.076981,0.402382,0.413035
freq ceros=1 ^ actividad=1 ^ transitoriedad=1,width=1 ^ entropia=1,0.708868,0.317547,0.178811,0.193427
transitoriedad=1 ^ time entropy=1,freq ceros=1 ^ width=1 ^ entropia=1,0.691387,0.337329,0.186088,0.202810
freq ceros=1 ^ actividad=1 ^ transitoriedad=1,width=1 ^ entropia=1,0.708868,0.317547,0.178811,0.193427
pasos=1 ^ simetria=2,transitoriedad=2,0.934394,0.067676,0.340773,0.346305
transitoriedad=2,pasos=1 ^ simetria=2,0.934394,0.067676,0.340773,0.346305
freq dos=1 ^ entropia=1,time entropy=1,0.713270,0.333417,0.206205,0.207153
transitoriedad=1 ^ time entropy=1,freq ceros=1 ^ width=1 ^ entropia=1,0.691387,0.337329,0.186088,0.202810
freq ceros=1 ^ actividad=1 ^ transitoriedad=1,width=1 ^ entropia=1,0.708868,0.317547,0.178811,0.193427
freq dos=1 ^ entropia=1,time entropy=1,0.713270,0.333417,0.206205,0.207153
freq dos=1 ^ entropia=1,time entropy=1,0.713270,0.333417,0.206205,0.207153
actividad=1 ^ transitoriedad=1 ^ time entropy=1,freq ceros=1 ^ width=1 ^ entropia=1,0.676563,0.355267,0.195670,0.214126
freq dos=1 ^ actividad=1 ^ transitoriedad=1,freq ceros=1 ^ width=1 ^ entropia=1,0.687852,0.341681,0.188429,0.205501
freq unos=1 ^ simetria=2 ^ actividad=1 ^ entropia=1 ^ transitoriedad=2 ^ time entropy=1,freq ceros=5 ^ freq dos=1 ^ width=2 ^ pasos=1,0.692031,0.362812,0.189062,0.189714
freq unos=1 ^ freq dos=1 ^ pasos=1 ^ transitoriedad=2 ^ time entropy=1,freq ceros=5 ^ width=2 ^ actividad=1 ^ entropia=1,0.674242,0.381869,0.198958,0.202873
freq unos=1 ^ actividad=1 ^ entropia=1 ^ transitoriedad=2 ^ time entropy=1,freq ceros=5 ^ freq dos=1 ^ width=2 ^ pasos=1 ^ simetria=2,0.684398,0.373106,0.194470,0.195347
freq dos=1 ^ simetria=2 ^ actividad=1 ^ entropia=1 ^ transitoriedad=2,freq ceros=5 ^ freq unos=1 ^ width=2 ^ time entropy=1,0.655918,0.399523,0.208061,0.216705
freq unos=1 ^ transitoriedad=1,freq ceros=1 ^ width=1 ^ entropia=1,0.733903,0.288053,0.159791,0.171360
pasos=1 ^ simetria=2,transitoriedad=2,0.934394,0.067676,0.340773,0.346305
pasos=1 ^ simetria=2,transitoriedad=2,0.934394,0.067676,0.340773,0.346305
pasos=1 ^ simetria=2,transitoriedad=2,0.934394,0.067676,0.340773,0.346305
pasos=1 ^ simetria=2,transitoriedad=2,0.934394,0.067676,0.340773,0.346305
freq unos=1 ^ transitoriedad=1,freq ceros=1 ^ width=1 ^ entropia=1,0.733903,0.288053,0.159791,0.171360
actividad=1 ^ entropia=1 ^ transitoriedad=1,freq ceros=1 ^ width=1,0.759727,0.256961,0.144258,0.154389
actividad=1 ^ entropia=1 ^ transitoriedad=1,freq ceros=1 ^ width=1,0.759727,0.256961,0.144258,0.154389
actividad=1 ^ entropia=1 ^ transitoriedad=1,freq ceros=1 ^ width=1,0.759727,0.256961,0.144258,0.154389
freq unos=1 ^ transitoriedad=1,freq ceros=1 ^ width=1 ^ entropia=1,0.733903,0.288053,0.159791,0.171360
freq ceros=1 ^ transitoriedad=1,width=1 ^ entropia=1,0.742768,0.279025,0.158052,0.168362
transitoriedad=1,freq ceros=1 ^ freq dos=1 ^ width=1 ^ entropia=1,0.753058,0.277205,0.153992,0.156743
freq unos=1 ^ freq dos=1 ^ actividad=1 ^ entropia=1 ^ transitoriedad=2 ^ time entropy=1,freq ceros=5 ^ width=2 ^ simetria=2,0.735705,0.295885,0.153769,0.158422
freq unos=1 ^ freq dos=1 ^ simetria=2 ^ actividad=1 ^ entropia=1 ^ transitoriedad=2,freq ceros=5 ^ width=2,0.735636,0.296938,0.154373,0.158510
freq dos=1 ^ simetria=2 ^ actividad=1 ^ entropia=1 ^ transitoriedad=2,freq ceros=5 ^ width=2 ^ time entropy=1,0.704988,0.337754,0.176333,0.180828
transitoriedad=1,freq ceros=1 ^ freq dos=1 ^ width=1 ^ actividad=1,0.773417,0.241117,0.132525,0.141219
entropia=1 ^ transitoriedad=1,freq ceros=1 ^ width=1,0.799197,0.212504,0.119900,0.126702
pasos=1 ^ simetria=2,transitoriedad=2,0.934394,0.067676,0.340773,0.346305
entropia=1 ^ transitoriedad=1,freq ceros=1 ^ width=1,0.799197,0.212504,0.119900,0.126702
transitoriedad=1,freq ceros=1 ^ freq dos=1 ^ width=1 ^ actividad=1,0.773417,0.241117,0.132525,0.141219
entropia=1 ^ transitoriedad=1,freq ceros=1 ^ width=1,0.799197,0.212504,0.119900,0.126702
entropia=1 ^ transitoriedad=1,freq ceros=1 ^ width=1,0.799197,0.212504,0.119900,0.126702
transitoriedad=1,freq ceros=1 ^ freq dos=1 ^ width=1 ^ actividad=1,0.773417,0.241117,0.132525,0.141219
entropia=1 ^ transitoriedad=1,freq ceros=1 ^ freq dos=1 ^ width=1 ^ actividad=1,0.785433,0.227648,0.125071,0.132728
freq unos=1 ^ freq dos=1 ^ pasos=1 ^ actividad=1 ^ entropia=1 ^ transitoriedad=2,freq ceros=5 ^ simetria=2 ^ time entropy=1,0.756643,0.272144,0.141418,0.144066
actividad=1 ^ transitoriedad=1,freq ceros=1 ^ width=1 ^ entropia=1,0.824659,0.184916,0.103613,0.108167
actividad=1 ^ transitoriedad=1,freq ceros=1 ^ width=1 ^ entropia=1,0.824659,0.184916,0.103613,0.108167
actividad=1 ^ transitoriedad=1,freq ceros=1 ^ width=1 ^ entropia=1,0.824659,0.184916,0.103613,0.108167
actividad=1 ^ transitoriedad=1,freq ceros=1 ^ width=1 ^ entropia=1,0.824659,0.184916,0.103613,0.108167
actividad=1 ^ transitoriedad=1,freq ceros=1 ^ width=1 ^ entropia=1,0.824659,0.184916,0.103613,0.108167
freq unos=1 ^ freq dos=1 ^ actividad=1 ^ transitoriedad=2,freq ceros=5 ^ width=2 ^ entropia=1 ^ time entropy=1,0.814094,0.204358,0.106098,0.106420
transitoriedad=1,freq ceros=1 ^ width=1 ^ entropia=1,0.859293,0.148279,0.083614,0.085561
transitoriedad=1,freq ceros=1 ^ width=1 ^ entropia=1,0.859293,0.148279,0.083614,0.085561
transitoriedad=1,freq ceros=1 ^ width=1 ^ entropia=1,0.859293,0.148279,0.083614,0.085561
transitoriedad=1,freq ceros=1 ^ width=1 ^ actividad=1 ^ entropia=1,0.931172,0.070055,0.039073,0.039836
