antecedente,consecuente,contador
r26=0 ^ r27=0 ^ transitoriedad=1,freq unos=5 ^ freq dos=1 ^ width=1 ^ pasos=2 ^ actividad=1 ^ entropia=1,1
r18=0 ^ entropia=1 ^ transitoriedad=1,freq unos=5 ^ width=1 ^ actividad=1,1
r14=1 ^ transitoriedad=1,freq unos=5 ^ freq dos=1 ^ width=1 ^ pasos=1 ^ actividad=1 ^ time entropy=1,1
r18=0 ^ r27=1 ^ pasos=1 ^ transitoriedad=1,freq unos=5 ^ freq dos=1 ^ width=1 ^ actividad=1,1
r14=1 ^ r27=1 ^ transitoriedad=1,freq unos=5 ^ width=1 ^ simetria=1 ^ actividad=1,2
r27=1 ^ transitoriedad=1,freq unos=5 ^ freq dos=1 ^ width=1 ^ simetria=1 ^ actividad=1,1
r14=1 ^ r26=0 ^ r27=0 ^ transitoriedad=2,freq ceros=1 ^ freq unos=5 ^ width=1 ^ simetria=1 ^ actividad=1,1
r14=1 ^ r27=1,freq unos=5 ^ freq dos=1 ^ width=1 ^ simetria=1 ^ transitoriedad=2,1
r6=0 ^ r20=1,freq unos=5 ^ width=1 ^ pasos=1 ^ simetria=1 ^ actividad=1 ^ entropia=1,1
r27=1 ^ transitoriedad=1,freq unos=5 ^ width=1 ^ simetria=1 ^ entropia=1 ^ time entropy=1,1
r27=1 ^ transitoriedad=2,freq unos=5 ^ width=1 ^ actividad=1 ^ entropia=1,1
r26=1 ^ entropia=1 ^ transitoriedad=1,freq unos=5 ^ width=1 ^ actividad=1,1
r14=1 ^ r27=0 ^ entropia=1 ^ transitoriedad=1,freq unos=5 ^ width=1 ^ actividad=1 ^ time entropy=1,1
r18=0 ^ r27=1,freq unos=5 ^ width=1 ^ pasos=1 ^ simetria=1 ^ actividad=1 ^ entropia=1,1
r14=1 ^ r26=0 ^ r27=1 ^ transitoriedad=1,freq unos=5 ^ freq dos=1 ^ width=1 ^ actividad=1 ^ time entropy=1,1
r27=1 ^ transitoriedad=2,freq unos=5 ^ width=1 ^ actividad=1,2
r27=0 ^ transitoriedad=1,freq unos=5 ^ freq dos=1 ^ width=1 ^ actividad=1 ^ entropia=1,1
r27=1 ^ transitoriedad=1,freq unos=5 ^ width=1 ^ actividad=1,3
r14=1 ^ r18=0 ^ r27=1 ^ transitoriedad=1,freq unos=5 ^ freq dos=1 ^ width=1 ^ actividad=1 ^ entropia=1,2
r27=1 ^ transitoriedad=1,freq unos=5 ^ width=1 ^ actividad=1 ^ entropia=1,9
r10=1 ^ transitoriedad=1,freq unos=5 ^ width=1 ^ actividad=1,1
r18=0 ^ r27=1 ^ transitoriedad=1,freq unos=5 ^ width=1 ^ simetria=1 ^ actividad=1,1
r14=1 ^ r26=0 ^ r27=0 ^ freq ceros=1,freq unos=1 ^ freq dos=1 ^ width=1 ^ actividad=1 ^ transitoriedad=2,1
r14=1 ^ r18=0 ^ r27=0 ^ transitoriedad=1,freq unos=5 ^ width=1 ^ actividad=1 ^ entropia=1,1
r27=1 ^ entropia=1 ^ transitoriedad=1,freq unos=5 ^ width=1 ^ actividad=1,10
r27=0 ^ freq ceros=1 ^ entropia=1 ^ transitoriedad=2,freq unos=5 ^ freq dos=1 ^ width=1 ^ actividad=1,1
r14=1 ^ r27=1 ^ transitoriedad=1,freq unos=5 ^ width=1 ^ actividad=1 ^ entropia=1,4
r26=0 ^ r27=1,freq unos=5 ^ width=1 ^ actividad=1 ^ entropia=1,1
r26=0 ^ r27=1 ^ transitoriedad=1,freq unos=5 ^ width=1 ^ actividad=1 ^ entropia=1,1
r27=1 ^ entropia=1 ^ transitoriedad=2,freq unos=5 ^ width=1 ^ actividad=1,1
r2=2 ^ r8=1 ^ r16=2 ^ r19=1,freq ceros=3 ^ freq dos=4 ^ pasos=2 ^ entropia=5,1
r18=0 ^ r27=1 ^ transitoriedad=1,freq unos=5 ^ width=1 ^ actividad=1 ^ entropia=1,4
r17=0 ^ transitoriedad=1,freq unos=5 ^ pasos=2 ^ simetria=1 ^ actividad=1 ^ entropia=1,1
r27=0 ^ transitoriedad=1,freq unos=5 ^ width=1 ^ pasos=1 ^ simetria=1 ^ entropia=1 ^ time entropy=1,1
r14=1 ^ r26=0 ^ r27=0 ^ transitoriedad=1,freq unos=5 ^ freq dos=1 ^ width=1 ^ simetria=1,1
r14=1 ^ r27=1 ^ entropia=1 ^ transitoriedad=1,freq unos=5 ^ width=1 ^ actividad=1,10
r27=0 ^ transitoriedad=1,freq unos=5 ^ width=1 ^ actividad=1,1
r14=1 ^ r27=1 ^ transitoriedad=1,freq unos=5 ^ freq dos=1 ^ width=1 ^ time entropy=1,1
r1=1 ^ r18=0 ^ r27=0 ^ transitoriedad=1,freq unos=5 ^ freq dos=1 ^ width=1 ^ actividad=1 ^ entropia=1,1
r27=0 ^ freq ceros=1 ^ entropia=1 ^ transitoriedad=1,freq unos=5 ^ width=1 ^ actividad=1,1
r14=1 ^ r17=0,freq unos=5 ^ pasos=2 ^ simetria=1 ^ actividad=1 ^ entropia=1 ^ time entropy=1,1
r27=0 ^ pasos=1 ^ transitoriedad=2,freq unos=5 ^ freq dos=1 ^ width=1,1
r27=0 ^ freq ceros=1 ^ transitoriedad=1,freq unos=5 ^ width=1 ^ actividad=1 ^ entropia=1,1
r18=0 ^ transitoriedad=1,freq unos=5 ^ width=1 ^ actividad=1 ^ entropia=1,1
r14=1 ^ r27=0 ^ freq ceros=1 ^ transitoriedad=2,freq unos=5 ^ width=1 ^ actividad=1 ^ entropia=1,1
r27=0 ^ transitoriedad=1,freq unos=5 ^ width=1 ^ actividad=1 ^ entropia=1,1
r14=1 ^ r27=0 ^ transitoriedad=1,freq unos=5 ^ width=1 ^ actividad=1 ^ entropia=1,1
r27=1 ^ entropia=1 ^ transitoriedad=1,freq unos=5 ^ width=1 ^ actividad=1 ^ time entropy=1,2
r2=1 ^ r5=0 ^ r6=0 ^ r11=0,freq ceros=3 ^ freq unos=1 ^ freq dos=1 ^ width=5 ^ simetria=1 ^ transitoriedad=1,1
r14=1,freq unos=5 ^ width=1 ^ pasos=1 ^ actividad=1,1
r27=1 ^ transitoriedad=1,freq unos=5 ^ width=1 ^ actividad=1 ^ entropia=1 ^ time entropy=1,1
r27=1 ^ transitoriedad=1,freq unos=5 ^ freq dos=1 ^ width=1 ^ actividad=1 ^ entropia=1,1
r19=1 ^ r27=1 ^ transitoriedad=2,freq unos=5 ^ width=1 ^ actividad=1,1
r1=1 ^ r24=0 ^ r27=0 ^ transitoriedad=1,freq unos=5 ^ width=1 ^ actividad=1 ^ entropia=1,1
r14=1 ^ r27=1 ^ entropia=1 ^ transitoriedad=1,freq unos=5 ^ width=1 ^ actividad=1 ^ time entropy=1,1
r14=1 ^ r27=0 ^ freq ceros=1 ^ transitoriedad=1,freq unos=5 ^ width=1 ^ actividad=1,1
r14=1 ^ r18=0 ^ r27=1 ^ transitoriedad=2,freq unos=5 ^ freq dos=1 ^ width=1,1
r26=0 ^ r27=1 ^ entropia=1 ^ transitoriedad=1,freq unos=5 ^ width=1 ^ actividad=1,2
r27=1 ^ transitoriedad=2,freq unos=5 ^ width=1 ^ pasos=2 ^ simetria=1 ^ entropia=1,1
r27=2 ^ entropia=1 ^ transitoriedad=1,freq unos=5 ^ width=1 ^ actividad=1,1
r14=1 ^ r18=0 ^ r26=0 ^ r27=1,freq unos=5 ^ width=1 ^ simetria=1 ^ actividad=1 ^ entropia=1,1
r14=1 ^ r18=0 ^ transitoriedad=1,freq unos=5 ^ width=1 ^ pasos=1 ^ actividad=1 ^ entropia=1 ^ time entropy=1,1
r14=1 ^ transitoriedad=1,freq unos=5 ^ freq dos=1 ^ width=1 ^ pasos=1 ^ actividad=1,1
r27=0 ^ entropia=1 ^ transitoriedad=1,freq unos=5 ^ width=1 ^ actividad=1 ^ time entropy=1,1
r14=1 ^ r27=1 ^ transitoriedad=2,freq unos=5 ^ freq dos=1 ^ width=1,1
r14=1 ^ r27=1 ^ transitoriedad=1,freq unos=5 ^ width=1 ^ actividad=1,1
r18=0 ^ r24=1 ^ r27=0 ^ transitoriedad=1,freq ceros=1 ^ freq unos=5 ^ width=1 ^ pasos=1 ^ actividad=1 ^ entropia=1 ^ time entropy=1,1
r14=1 ^ r27=0 ^ freq ceros=1 ^ transitoriedad=1,freq unos=5 ^ width=1 ^ pasos=2 ^ simetria=1 ^ entropia=1,1
r27=1 ^ simetria=2 ^ transitoriedad=1,freq unos=5 ^ width=1 ^ entropia=1 ^ time entropy=1,1
r14=1 ^ r27=1 ^ transitoriedad=1,freq unos=5 ^ freq dos=1 ^ width=1 ^ simetria=1 ^ entropia=1,1
r18=0 ^ r27=1 ^ transitoriedad=2,freq unos=5 ^ freq dos=1 ^ width=1 ^ simetria=1,1
r14=1 ^ r27=0 ^ freq ceros=1 ^ transitoriedad=1,freq unos=5 ^ width=1 ^ actividad=1 ^ time entropy=1,1
r18=0 ^ r24=1 ^ r26=0 ^ r27=0,freq ceros=1 ^ freq unos=5 ^ pasos=1 ^ simetria=1 ^ actividad=1 ^ entropia=1 ^ time entropy=1,1
r1=1 ^ r14=1 ^ transitoriedad=1,freq unos=5 ^ freq dos=1 ^ width=1 ^ pasos=1 ^ actividad=1 ^ entropia=1,1
r18=0 ^ r27=1 ^ transitoriedad=1,freq unos=5 ^ freq dos=1 ^ width=1 ^ simetria=1,1
r14=1 ^ r27=1 ^ transitoriedad=2,freq unos=5 ^ width=1 ^ actividad=1,1
