antecedente,consecuente,contador
r17=0 ^ r27=0 ^ width=5 ^ transitoriedad=2,freq ceros=5 ^ freq unos=2 ^ freq dos=1 ^ simetria=1 ^ actividad=1 ^ entropia=1,1
r17=0 ^ width=5 ^ transitoriedad=2,freq ceros=5 ^ freq unos=2 ^ freq dos=1 ^ simetria=1 ^ actividad=1 ^ entropia=1,1
r26=1 ^ r27=0 ^ width=5 ^ entropia=1,freq ceros=5 ^ freq unos=4 ^ freq dos=1 ^ simetria=1 ^ actividad=2,1
r27=0 ^ width=5 ^ entropia=1,freq ceros=5 ^ freq unos=2 ^ freq dos=1 ^ simetria=1 ^ actividad=1,1
r18=1 ^ time entropy=1,freq ceros=5 ^ freq unos=4 ^ freq dos=1 ^ simetria=1 ^ actividad=2 ^ entropia=1 ^ transitoriedad=2,1
r26=1 ^ r27=0 ^ width=5 ^ sensitividad=2,freq ceros=5 ^ freq unos=4 ^ freq dos=1 ^ simetria=1 ^ actividad=2 ^ entropia=1,1
r18=1 ^ r27=0 ^ width=5 ^ entropia=1,freq ceros=5 ^ freq unos=4 ^ freq dos=1 ^ simetria=1 ^ actividad=2 ^ transitoriedad=2,1
r27=0 ^ width=2 ^ entropia=1 ^ time entropy=1,freq ceros=5 ^ freq unos=1 ^ freq dos=1 ^ simetria=1 ^ actividad=2,1
r18=1 ^ r24=0 ^ r27=0 ^ width=5,freq ceros=5 ^ freq unos=4 ^ freq dos=1 ^ simetria=1 ^ actividad=2 ^ entropia=1 ^ transitoriedad=2,1
r5=1 ^ width=2 ^ time entropy=1,freq ceros=5 ^ freq unos=1 ^ freq dos=1 ^ simetria=1 ^ actividad=2 ^ entropia=1,1
r27=0 ^ width=5 ^ time entropy=1,freq ceros=5 ^ freq unos=4 ^ freq dos=1 ^ simetria=1 ^ actividad=2 ^ transitoriedad=2,1
r18=1 ^ r26=1 ^ r27=0 ^ time entropy=1,freq ceros=5 ^ freq unos=4 ^ freq dos=1 ^ simetria=1 ^ actividad=2 ^ transitoriedad=2,2
r18=1 ^ r27=0 ^ width=5 ^ time entropy=1,freq ceros=5 ^ freq unos=1 ^ freq dos=1 ^ simetria=1 ^ actividad=2 ^ transitoriedad=2,1
r17=0 ^ r27=0 ^ width=5 ^ time entropy=1,freq ceros=5 ^ freq unos=1 ^ freq dos=1 ^ simetria=1 ^ actividad=2 ^ transitoriedad=2,2
r18=1 ^ r24=0 ^ r26=1 ^ r27=0,freq ceros=5 ^ freq unos=4 ^ freq dos=1 ^ simetria=1 ^ actividad=2 ^ entropia=1 ^ transitoriedad=2,1
r26=1 ^ time entropy=1,freq ceros=5 ^ freq unos=2 ^ freq dos=1 ^ simetria=1 ^ actividad=1 ^ entropia=1,1
r18=1 ^ r27=0 ^ time entropy=1,freq ceros=5 ^ freq unos=2 ^ freq dos=1 ^ simetria=1 ^ actividad=1 ^ entropia=1 ^ transitoriedad=2,1
r16=2 ^ width=2 ^ time entropy=1,freq ceros=5 ^ freq unos=1 ^ freq dos=1 ^ simetria=1 ^ actividad=2 ^ entropia=1,1
r24=0 ^ r27=0 ^ width=5 ^ entropia=1,freq ceros=5 ^ freq unos=1 ^ freq dos=1 ^ simetria=1 ^ actividad=2 ^ transitoriedad=2,1
r27=0,freq ceros=5 ^ freq unos=1 ^ freq dos=1 ^ width=5 ^ entropia=1 ^ transitoriedad=2 ^ time entropy=1,1
r18=1 ^ r27=0 ^ width=5 ^ entropia=1,freq ceros=5 ^ freq unos=1 ^ freq dos=1 ^ simetria=1 ^ actividad=2 ^ transitoriedad=2,2
r24=0 ^ r27=0 ^ width=5 ^ entropia=1,freq ceros=5 ^ freq unos=4 ^ freq dos=1 ^ simetria=1 ^ actividad=2,1
r18=1 ^ r27=0 ^ width=5 ^ time entropy=1,freq ceros=5 ^ freq unos=1 ^ freq dos=1 ^ simetria=1 ^ actividad=2 ^ entropia=1,1
r23=0 ^ width=5 ^ time entropy=1,freq ceros=5 ^ freq unos=1 ^ freq dos=1 ^ simetria=1 ^ actividad=2,1
r23=1 ^ width=5 ^ time entropy=1,freq ceros=5 ^ freq unos=2 ^ freq dos=1 ^ simetria=1 ^ actividad=1 ^ entropia=1,1
r15=1 ^ width=2 ^ entropia=1,freq ceros=5 ^ freq unos=1 ^ freq dos=1 ^ simetria=1 ^ actividad=2 ^ transitoriedad=2,1
r17=0 ^ r27=0 ^ width=5 ^ time entropy=1,freq ceros=5 ^ freq unos=2 ^ freq dos=1 ^ simetria=1 ^ actividad=1 ^ entropia=1,1
r10=1 ^ width=2 ^ time entropy=1,freq ceros=5 ^ freq unos=1 ^ freq dos=1 ^ simetria=1 ^ actividad=2 ^ entropia=1,1
r26=1 ^ width=5 ^ sensitividad=2,freq ceros=5 ^ freq unos=4 ^ freq dos=1 ^ simetria=1 ^ actividad=2,1
r17=0 ^ width=2 ^ time entropy=1,freq ceros=5 ^ freq unos=1 ^ freq dos=1 ^ simetria=1 ^ actividad=2 ^ entropia=1,1
r26=1 ^ r27=0 ^ time entropy=1,freq ceros=5 ^ freq unos=4 ^ freq dos=1 ^ simetria=1 ^ actividad=2 ^ entropia=1,2
r18=1 ^ width=5 ^ time entropy=1,freq ceros=5 ^ freq unos=4 ^ freq dos=1 ^ simetria=1 ^ actividad=2 ^ entropia=1,1
r14=0 ^ width=5 ^ time entropy=1,freq ceros=5 ^ freq unos=1 ^ freq dos=1 ^ simetria=1 ^ actividad=2 ^ entropia=1,1
r18=1 ^ r24=0 ^ r27=0 ^ time entropy=1,freq ceros=5 ^ freq unos=1 ^ freq dos=1 ^ simetria=1 ^ actividad=2 ^ entropia=1,1
r18=1 ^ r26=1 ^ r27=0 ^ width=5,freq ceros=5 ^ freq unos=4 ^ freq dos=1 ^ simetria=1 ^ actividad=2,1
r27=0 ^ width=2 ^ entropia=1 ^ sensitividad=2,freq ceros=5 ^ freq unos=1 ^ freq dos=1 ^ simetria=1 ^ actividad=2 ^ transitoriedad=2,1
r24=0 ^ entropia=1 ^ time entropy=1,freq ceros=5 ^ freq unos=4 ^ freq dos=1 ^ simetria=1 ^ actividad=2 ^ transitoriedad=2,1
r11=0 ^ width=5 ^ time entropy=1,freq ceros=5 ^ freq unos=2 ^ freq dos=1 ^ simetria=1 ^ actividad=1 ^ entropia=1,1
r27=0 ^ width=2 ^ time entropy=1,freq ceros=5 ^ freq unos=1 ^ freq dos=1 ^ simetria=1 ^ actividad=2 ^ entropia=1,12
r15=0 ^ width=5 ^ time entropy=1,freq ceros=5 ^ freq unos=2 ^ freq dos=1 ^ simetria=1 ^ actividad=1 ^ entropia=1,1
r18=1 ^ width=5 ^ transitoriedad=2 ^ time entropy=1,freq ceros=5 ^ freq unos=2 ^ freq dos=1 ^ simetria=1 ^ actividad=1 ^ entropia=1,1
r14=1 ^ width=5 ^ time entropy=1,freq ceros=5 ^ freq unos=2 ^ freq dos=1 ^ simetria=1 ^ actividad=1 ^ entropia=1,1
r24=0 ^ r26=1 ^ r27=0 ^ entropia=1,freq ceros=5 ^ freq unos=4 ^ freq dos=1 ^ simetria=1 ^ actividad=2 ^ transitoriedad=2,1
r27=0 ^ width=2 ^ time entropy=1,freq ceros=5 ^ freq unos=1 ^ freq dos=1 ^ simetria=1 ^ actividad=1 ^ entropia=1,2
r17=0 ^ r27=0 ^ width=5 ^ time entropy=1,freq ceros=5 ^ freq unos=1 ^ freq dos=1 ^ simetria=1 ^ actividad=2 ^ entropia=1,10
r7=0 ^ width=5 ^ time entropy=1,freq ceros=5 ^ freq unos=2 ^ freq dos=1 ^ simetria=1 ^ actividad=1 ^ entropia=1,1
r1=2 ^ width=2 ^ time entropy=1,freq ceros=5 ^ freq unos=1 ^ freq dos=1 ^ simetria=1 ^ actividad=2 ^ entropia=1 ^ transitoriedad=2,1
r17=0 ^ width=5 ^ time entropy=1,freq ceros=5 ^ freq unos=2 ^ freq dos=1 ^ simetria=1 ^ actividad=1 ^ entropia=1,9
r18=1 ^ width=5 ^ time entropy=1,freq ceros=5 ^ freq unos=4 ^ simetria=1 ^ actividad=2 ^ entropia=1 ^ transitoriedad=2,1
r24=0 ^ width=5 ^ time entropy=1,freq ceros=5 ^ freq unos=1 ^ freq dos=1 ^ simetria=1 ^ actividad=2 ^ transitoriedad=2,1
r27=2 ^ width=5 ^ time entropy=1,freq ceros=5 ^ freq unos=2 ^ freq dos=1 ^ simetria=1 ^ actividad=1 ^ entropia=1,1
r17=0 ^ width=2 ^ time entropy=1,freq ceros=5 ^ freq unos=1 ^ freq dos=1 ^ simetria=1 ^ actividad=2 ^ entropia=1 ^ transitoriedad=2,1
r17=0 ^ r27=0 ^ width=5 ^ time entropy=1,freq ceros=5 ^ freq unos=1 ^ freq dos=1 ^ simetria=1 ^ actividad=2 ^ entropia=1 ^ transitoriedad=2,3
r27=0 ^ width=5 ^ time entropy=1,freq ceros=5 ^ freq unos=1 ^ freq dos=1 ^ simetria=1,1
r18=1 ^ r27=0 ^ width=2 ^ time entropy=1,freq ceros=5 ^ freq unos=4 ^ freq dos=1 ^ simetria=2 ^ actividad=1 ^ entropia=1,1
r24=0 ^ r27=0 ^ width=5 ^ time entropy=1,freq ceros=5 ^ freq unos=4 ^ freq dos=1 ^ simetria=1 ^ actividad=2 ^ transitoriedad=2,2
r24=0 ^ r27=0 ^ width=2 ^ time entropy=1,freq ceros=5 ^ freq unos=1 ^ freq dos=1 ^ simetria=1 ^ actividad=2 ^ transitoriedad=2,2
r26=1 ^ r27=0 ^ width=5 ^ time entropy=1,freq ceros=5 ^ freq unos=4 ^ freq dos=1 ^ simetria=1 ^ actividad=2 ^ transitoriedad=2,1
r18=1 ^ r24=0 ^ time entropy=1,freq ceros=5 ^ freq unos=4 ^ freq dos=1 ^ simetria=1 ^ actividad=2,1
r18=1 ^ r24=0 ^ width=5 ^ time entropy=1,freq ceros=5 ^ freq unos=1 ^ freq dos=1 ^ simetria=1 ^ actividad=2 ^ transitoriedad=2,3
r18=1 ^ r24=0 ^ width=5 ^ time entropy=1,freq ceros=5 ^ freq unos=4 ^ simetria=1 ^ actividad=2 ^ entropia=1 ^ transitoriedad=2,1
r17=0 ^ width=5 ^ entropia=1 ^ time entropy=1,freq ceros=5 ^ freq unos=4 ^ freq dos=1 ^ simetria=1 ^ actividad=2 ^ transitoriedad=2,1
r24=0 ^ width=5 ^ time entropy=1,freq ceros=5 ^ freq unos=1 ^ freq dos=1 ^ simetria=1 ^ actividad=2 ^ entropia=1 ^ transitoriedad=2,1
r18=1 ^ r26=1 ^ width=5,freq ceros=5 ^ freq unos=4 ^ freq dos=1 ^ simetria=1 ^ actividad=2 ^ transitoriedad=2,1
r17=0 ^ r27=0 ^ width=2 ^ time entropy=1,freq ceros=5 ^ freq unos=1 ^ freq dos=1 ^ simetria=1 ^ actividad=2 ^ entropia=1,15
r4=2 ^ width=5 ^ time entropy=1,freq ceros=5 ^ freq unos=2 ^ freq dos=1 ^ simetria=1 ^ actividad=1 ^ entropia=1 ^ transitoriedad=2,1
r17=0 ^ r27=0 ^ width=2 ^ time entropy=1,freq ceros=5 ^ freq unos=1 ^ freq dos=1 ^ simetria=1 ^ actividad=2 ^ entropia=1 ^ transitoriedad=2,3
r26=1 ^ r27=0 ^ width=5 ^ time entropy=1,freq ceros=5 ^ freq unos=4 ^ freq dos=1 ^ simetria=1 ^ actividad=2 ^ entropia=1,1
r18=1 ^ r26=1 ^ r27=0 ^ width=5,freq ceros=5 ^ freq unos=4 ^ freq dos=1 ^ simetria=1 ^ actividad=2 ^ transitoriedad=2,1
r18=1 ^ r24=0 ^ width=5 ^ time entropy=1,freq ceros=5 ^ freq unos=1 ^ freq dos=1 ^ simetria=1 ^ actividad=2 ^ entropia=1 ^ transitoriedad=2,1
r18=1 ^ r24=0 ^ width=2 ^ time entropy=1,freq ceros=5 ^ freq unos=1 ^ freq dos=1 ^ simetria=1 ^ actividad=1 ^ entropia=1,1
r18=1 ^ r27=0 ^ width=5 ^ time entropy=1,freq ceros=5 ^ freq unos=4 ^ freq dos=1 ^ simetria=1 ^ actividad=2,1
r27=0 ^ width=2 ^ time entropy=1,freq ceros=5 ^ freq unos=2 ^ freq dos=1 ^ simetria=1 ^ actividad=1 ^ entropia=1,1
r18=1 ^ r26=1 ^ r27=0 ^ time entropy=1,freq ceros=5 ^ freq unos=4 ^ freq dos=1 ^ simetria=1 ^ actividad=2 ^ entropia=1,2
r18=1 ^ r27=0 ^ width=2 ^ time entropy=1,freq ceros=5 ^ freq unos=1 ^ freq dos=1 ^ simetria=1 ^ actividad=2,2
r27=0 ^ width=5 ^ time entropy=1,freq ceros=5 ^ freq unos=4 ^ freq dos=1 ^ simetria=2 ^ actividad=1 ^ entropia=1,1
r24=0 ^ r27=0 ^ width=2 ^ time entropy=1,freq ceros=5 ^ freq unos=1 ^ freq dos=1 ^ simetria=1 ^ actividad=2,2
r2=1 ^ width=5,freq ceros=5 ^ freq unos=2 ^ freq dos=1 ^ simetria=1 ^ actividad=1 ^ entropia=1 ^ transitoriedad=2 ^ time entropy=1,1
r18=1 ^ r24=0 ^ width=2 ^ time entropy=1,freq ceros=5 ^ freq unos=1 ^ freq dos=1 ^ simetria=1 ^ entropia=1,1
r18=1 ^ width=5 ^ entropia=1 ^ sensitividad=2,freq ceros=5 ^ freq unos=4 ^ freq dos=1 ^ simetria=1 ^ actividad=2,1
r18=1 ^ r27=0 ^ width=2 ^ entropia=1,freq ceros=5 ^ freq unos=1 ^ freq dos=1 ^ simetria=1 ^ actividad=2,1
r18=1 ^ r26=1 ^ r27=0 ^ width=2,freq ceros=5 ^ freq unos=1 ^ entropia=1 ^ time entropy=1,1
r18=1 ^ r24=0 ^ width=5 ^ time entropy=1,freq ceros=5 ^ freq unos=1 ^ freq dos=1 ^ simetria=1 ^ entropia=1,1
r18=1 ^ r24=0 ^ width=2 ^ time entropy=1,freq ceros=5 ^ freq unos=1 ^ freq dos=1 ^ simetria=1,1
r18=1 ^ r27=0 ^ width=2 ^ time entropy=1,freq ceros=5 ^ freq unos=1 ^ freq dos=1 ^ simetria=1 ^ actividad=1 ^ entropia=1,2
r18=1 ^ r24=0 ^ r27=0 ^ time entropy=1,freq ceros=5 ^ freq unos=1 ^ freq dos=1 ^ simetria=1,2
r18=1 ^ r24=0 ^ width=2 ^ time entropy=1,freq ceros=5 ^ freq unos=1 ^ freq dos=1 ^ simetria=1 ^ actividad=2,1
r27=0 ^ width=5 ^ entropia=1,freq ceros=5 ^ freq unos=1 ^ freq dos=1 ^ simetria=1 ^ actividad=2,1
r26=1 ^ r27=0 ^ entropia=1,freq ceros=5 ^ freq unos=4 ^ freq dos=1 ^ simetria=1 ^ actividad=2 ^ transitoriedad=2,3
r18=1 ^ r27=0 ^ width=5 ^ time entropy=1,freq ceros=5 ^ freq unos=1 ^ freq dos=1 ^ simetria=1 ^ actividad=1 ^ entropia=1,2
r24=0 ^ r27=0 ^ width=2 ^ time entropy=1,freq ceros=5 ^ freq unos=1 ^ freq dos=1 ^ simetria=1,2
r27=0 ^ freq unos=1 ^ freq dos=1 ^ width=5,freq ceros=5 ^ pasos=1 ^ simetria=2 ^ actividad=1 ^ time entropy=1,1
r27=0 ^ time entropy=1,freq ceros=5 ^ freq unos=2 ^ freq dos=1 ^ simetria=1 ^ actividad=1 ^ entropia=1 ^ transitoriedad=2,1
r18=1 ^ r27=0 ^ width=2 ^ time entropy=1,freq ceros=5 ^ freq unos=1 ^ freq dos=1 ^ simetria=1 ^ entropia=1,1
r26=1 ^ width=2 ^ time entropy=1,freq ceros=5 ^ freq unos=1 ^ freq dos=1 ^ simetria=1 ^ actividad=2 ^ entropia=1 ^ transitoriedad=2,1
r18=1 ^ r27=0 ^ width=5 ^ sensitividad=2,freq ceros=5 ^ freq unos=4 ^ freq dos=1 ^ simetria=1 ^ actividad=2,1
r24=0 ^ width=2 ^ time entropy=1,freq ceros=5 ^ freq unos=1 ^ freq dos=1 ^ simetria=1 ^ actividad=1 ^ entropia=1,1
r27=0 ^ width=2 ^ time entropy=1,freq ceros=5 ^ freq unos=1 ^ freq dos=1 ^ simetria=1,3
r27=0 ^ width=2 ^ sensitividad=2 ^ time entropy=1,freq ceros=5 ^ freq unos=1 ^ freq dos=1 ^ simetria=1 ^ actividad=2 ^ entropia=1 ^ transitoriedad=2,1
r17=0 ^ r27=0 ^ width=5 ^ time entropy=1,freq ceros=5 ^ freq unos=1 ^ freq dos=1 ^ simetria=1 ^ actividad=1 ^ entropia=1,2
r27=0 ^ width=5 ^ time entropy=1,freq ceros=5 ^ freq unos=1 ^ freq dos=1 ^ simetria=1 ^ entropia=1,1
r24=0 ^ r27=0 ^ time entropy=1,freq ceros=5 ^ freq unos=4 ^ freq dos=1 ^ simetria=1 ^ actividad=2 ^ entropia=1,1
r18=1 ^ r27=0 ^ time entropy=1,freq ceros=5 ^ freq unos=4 ^ freq dos=1 ^ simetria=1 ^ actividad=2,1
r24=0 ^ r27=0 ^ width=2 ^ time entropy=1,freq ceros=5 ^ freq unos=1 ^ freq dos=1 ^ simetria=1 ^ actividad=1 ^ entropia=1 ^ transitoriedad=2,1
r27=0 ^ width=5 ^ entropia=1 ^ time entropy=1,freq ceros=5 ^ freq unos=1 ^ freq dos=1 ^ simetria=1 ^ actividad=2 ^ transitoriedad=2,1
r27=0 ^ width=5 ^ time entropy=1,freq ceros=5 ^ freq unos=1 ^ freq dos=1 ^ simetria=1 ^ actividad=1 ^ entropia=1,5
r24=0 ^ width=2 ^ pasos=1 ^ time entropy=1,freq ceros=5 ^ freq unos=1 ^ freq dos=1 ^ simetria=1 ^ entropia=1,1
r18=1 ^ r27=0 ^ width=5 ^ time entropy=1,freq ceros=5 ^ freq unos=1 ^ freq dos=1 ^ simetria=1 ^ entropia=1 ^ transitoriedad=2,2
r10=1 ^ width=2 ^ pasos=1 ^ time entropy=1,freq ceros=5 ^ freq unos=1 ^ freq dos=1 ^ simetria=1 ^ actividad=2 ^ entropia=1 ^ transitoriedad=2,1
r18=1 ^ r27=0 ^ width=5 ^ time entropy=1,freq ceros=5 ^ freq unos=2 ^ freq dos=1 ^ simetria=1 ^ actividad=1 ^ entropia=1 ^ transitoriedad=2,2
r18=1 ^ r24=0 ^ r27=0 ^ width=2,freq ceros=5 ^ freq unos=1 ^ freq dos=1 ^ simetria=1 ^ transitoriedad=2,1
r18=1 ^ r27=0 ^ width=5 ^ time entropy=1,freq ceros=5 ^ freq unos=1 ^ freq dos=1 ^ simetria=1 ^ transitoriedad=2,1
r18=1 ^ r27=0 ^ width=5 ^ time entropy=1,freq ceros=5 ^ freq unos=4 ^ simetria=1 ^ actividad=2 ^ entropia=1 ^ transitoriedad=2,1
r18=1 ^ r26=1 ^ width=5 ^ time entropy=1,freq ceros=5 ^ freq unos=4 ^ freq dos=1 ^ simetria=1 ^ actividad=2 ^ entropia=1 ^ transitoriedad=2,21
r18=1 ^ r24=0 ^ r27=0 ^ time entropy=1,freq ceros=5 ^ freq unos=4 ^ freq dos=1 ^ simetria=1 ^ actividad=2 ^ entropia=1,2
r18=1 ^ r27=0 ^ width=5 ^ time entropy=1,freq ceros=5 ^ freq unos=4 ^ simetria=1 ^ actividad=2 ^ entropia=1,3
r26=1 ^ width=5 ^ time entropy=1,freq ceros=5 ^ freq unos=4 ^ freq dos=1 ^ simetria=1 ^ actividad=2 ^ entropia=1 ^ transitoriedad=2,7
r27=2 ^ freq dos=1 ^ width=5 ^ pasos=1,freq ceros=5 ^ simetria=2,1
r24=0 ^ r27=0 ^ width=5 ^ time entropy=1,freq ceros=5 ^ freq unos=4 ^ freq dos=1 ^ simetria=1 ^ actividad=2 ^ entropia=1,4
r24=0 ^ r26=1 ^ r27=0 ^ time entropy=1,freq ceros=5 ^ freq unos=4 ^ width=5 ^ simetria=1 ^ actividad=2 ^ entropia=1,1
r17=0 ^ r18=1 ^ r24=0 ^ width=5,freq ceros=5 ^ freq unos=4 ^ simetria=1 ^ actividad=2 ^ entropia=1,1
r18=1 ^ r24=0 ^ r27=0 ^ width=5,freq ceros=5 ^ freq unos=4 ^ freq dos=1 ^ simetria=1 ^ actividad=2 ^ entropia=1 ^ transitoriedad=2 ^ time entropy=1,1
r18=1 ^ r27=0 ^ width=5 ^ entropia=1,freq ceros=5 ^ freq unos=4 ^ freq dos=1 ^ simetria=1 ^ actividad=2,1
r18=1 ^ r26=1 ^ width=5 ^ time entropy=1,freq ceros=5 ^ freq unos=4 ^ freq dos=1 ^ actividad=2 ^ entropia=1 ^ transitoriedad=2,1
r27=0 ^ width=5 ^ time entropy=1,freq ceros=5 ^ freq unos=1 ^ freq dos=1 ^ simetria=1 ^ actividad=2 ^ entropia=1,9
r17=0 ^ width=5 ^ time entropy=1,freq ceros=5 ^ freq unos=1 ^ freq dos=1 ^ simetria=1 ^ actividad=2 ^ entropia=1,6
r18=1 ^ width=5,freq ceros=5 ^ freq unos=2 ^ freq dos=1 ^ simetria=1 ^ actividad=1 ^ entropia=1 ^ time entropy=1,2
r18=1 ^ r24=0 ^ r27=0 ^ time entropy=1,freq ceros=5 ^ freq unos=4 ^ freq dos=1 ^ simetria=1 ^ actividad=2 ^ entropia=1 ^ transitoriedad=2,3
r18=1 ^ r26=1 ^ width=5 ^ time entropy=1,freq ceros=5 ^ freq unos=4 ^ freq dos=1 ^ actividad=2 ^ entropia=1,1
r27=0 ^ width=5 ^ time entropy=1,freq ceros=5 ^ freq unos=4 ^ simetria=1 ^ actividad=2 ^ entropia=1,3
r26=1 ^ width=5,freq ceros=5 ^ freq unos=2 ^ freq dos=1 ^ simetria=1 ^ actividad=1 ^ entropia=1 ^ time entropy=1,1
r24=0 ^ width=5 ^ time entropy=1,freq ceros=5 ^ freq unos=2 ^ freq dos=1 ^ simetria=1 ^ actividad=1 ^ transitoriedad=2,1
r18=1 ^ r24=0 ^ width=5 ^ time entropy=1,freq ceros=5 ^ freq unos=1 ^ freq dos=1 ^ simetria=1 ^ actividad=2,1
r24=0 ^ freq dos=1 ^ width=5 ^ time entropy=1,freq ceros=5 ^ freq unos=4 ^ simetria=1 ^ actividad=2 ^ entropia=1,2
r26=1 ^ r27=0 ^ freq dos=1 ^ time entropy=1,freq ceros=5 ^ freq unos=4 ^ simetria=1 ^ actividad=2 ^ entropia=1,1
r24=0 ^ width=5,freq ceros=5 ^ freq unos=2 ^ freq dos=1 ^ simetria=1 ^ actividad=1 ^ entropia=1 ^ time entropy=1,8
r27=0 ^ freq dos=1 ^ sensitividad=2,freq ceros=5 ^ freq unos=4 ^ width=5 ^ simetria=1 ^ actividad=2 ^ entropia=1,1
r18=1 ^ r26=1 ^ width=5 ^ sensitividad=2,freq ceros=5 ^ freq unos=4 ^ freq dos=1 ^ actividad=2 ^ entropia=1,1
r27=0 ^ width=5,freq ceros=5 ^ freq unos=2 ^ freq dos=1 ^ simetria=1 ^ actividad=1 ^ entropia=1 ^ time entropy=1,4
r18=1 ^ freq dos=1 ^ width=5 ^ time entropy=1,freq ceros=5 ^ freq unos=4 ^ simetria=1 ^ actividad=2 ^ entropia=1 ^ transitoriedad=2,4
r27=0 ^ width=5 ^ time entropy=1,freq ceros=5 ^ freq unos=4 ^ freq dos=1 ^ simetria=1 ^ actividad=2 ^ entropia=1,2
r24=0 ^ width=2 ^ pasos=1 ^ time entropy=1,freq ceros=5 ^ freq unos=1 ^ freq dos=1 ^ simetria=1 ^ actividad=2 ^ entropia=1 ^ transitoriedad=2,1
r27=0 ^ width=5,freq ceros=5 ^ freq unos=4 ^ simetria=1 ^ actividad=2 ^ entropia=1 ^ time entropy=1,1
r27=0 ^ width=2 ^ time entropy=1,freq ceros=5 ^ freq unos=1 ^ freq dos=1 ^ simetria=1 ^ actividad=2 ^ entropia=1 ^ transitoriedad=2,3
r24=0 ^ r27=0 ^ width=5,freq ceros=5 ^ freq unos=2 ^ freq dos=1 ^ simetria=1 ^ actividad=1 ^ entropia=1 ^ time entropy=1,4
r18=1 ^ r26=1 ^ freq dos=1 ^ sensitividad=2,freq ceros=5 ^ freq unos=4 ^ width=5 ^ simetria=1 ^ actividad=2 ^ entropia=1,1
r18=1 ^ r27=0 ^ width=5 ^ time entropy=1,freq ceros=5 ^ freq unos=4 ^ freq dos=1 ^ simetria=1 ^ actividad=2 ^ entropia=1,11
r2=2 ^ r10=0 ^ r20=2 ^ freq ceros=3,freq dos=3 ^ width=4 ^ pasos=2 ^ simetria=2 ^ entropia=4 ^ sensitividad=5,1
r18=1 ^ r27=0 ^ sensitividad=2 ^ time entropy=1,freq ceros=5 ^ freq unos=4 ^ freq dos=1 ^ simetria=1 ^ actividad=2 ^ entropia=1 ^ transitoriedad=2,1
r26=1 ^ r27=0 ^ width=5,freq ceros=5 ^ freq unos=4 ^ freq dos=1 ^ simetria=1 ^ actividad=2 ^ entropia=1 ^ time entropy=1,1
r18=1 ^ r27=0 ^ width=2 ^ time entropy=1,freq ceros=5 ^ freq unos=1 ^ freq dos=1 ^ simetria=1 ^ actividad=2 ^ transitoriedad=2,1
r18=1 ^ r27=0 ^ entropia=1 ^ time entropy=1,freq ceros=5 ^ freq unos=4 ^ freq dos=1 ^ simetria=1 ^ actividad=2,4
r24=0 ^ width=5 ^ time entropy=1,freq ceros=5 ^ freq unos=4 ^ freq dos=1 ^ simetria=1 ^ actividad=2 ^ entropia=1 ^ transitoriedad=2,2
r27=0 ^ width=2 ^ pasos=1 ^ time entropy=1,freq ceros=5 ^ freq unos=1 ^ freq dos=1 ^ simetria=1 ^ actividad=1 ^ entropia=1 ^ transitoriedad=2,1
r26=1 ^ freq dos=1 ^ sensitividad=2,freq ceros=5 ^ freq unos=4 ^ width=5 ^ simetria=1 ^ actividad=2 ^ entropia=1,1
r18=1 ^ r26=1 ^ freq dos=1 ^ width=5,freq ceros=5 ^ freq unos=4 ^ actividad=2 ^ entropia=1 ^ time entropy=1,1
r17=0 ^ r27=0 ^ width=2 ^ time entropy=1,freq ceros=5 ^ freq unos=1 ^ freq dos=1 ^ simetria=1 ^ actividad=1 ^ entropia=1,1
r27=0 ^ width=5 ^ time entropy=1,freq ceros=5 ^ freq unos=1 ^ freq dos=1 ^ simetria=1 ^ actividad=1 ^ entropia=1 ^ transitoriedad=2,1
r26=1 ^ r27=0 ^ freq dos=1 ^ time entropy=1,freq ceros=5 ^ freq unos=4 ^ width=5 ^ simetria=1 ^ actividad=2 ^ entropia=1,2
r18=1 ^ r24=0 ^ r27=0 ^ time entropy=1,freq ceros=5 ^ freq unos=2 ^ freq dos=1 ^ width=5 ^ simetria=1 ^ actividad=1 ^ entropia=1,1
r24=0 ^ r27=0 ^ freq dos=1 ^ time entropy=1,freq ceros=5 ^ freq unos=4 ^ width=5 ^ simetria=1 ^ actividad=2 ^ entropia=1,1
r27=0 ^ width=5 ^ time entropy=1,freq unos=2 ^ freq dos=1 ^ simetria=1 ^ actividad=1 ^ entropia=1 ^ transitoriedad=2,1
r27=0 ^ freq dos=1 ^ time entropy=1,freq ceros=5 ^ freq unos=4 ^ width=5 ^ simetria=1 ^ actividad=2 ^ entropia=1,1
r18=2 ^ width=5 ^ time entropy=1,freq ceros=5 ^ freq unos=2 ^ freq dos=1 ^ simetria=1 ^ actividad=1 ^ entropia=1,1
r18=1 ^ r24=0 ^ r26=1 ^ freq dos=1,freq ceros=5 ^ freq unos=4 ^ simetria=1 ^ actividad=2 ^ entropia=1 ^ time entropy=1,1
r27=0 ^ freq dos=1 ^ width=5 ^ time entropy=1,freq ceros=5 ^ freq unos=4 ^ simetria=1 ^ actividad=2 ^ entropia=1,17
r18=1 ^ r24=0 ^ width=5 ^ time entropy=1,freq ceros=5 ^ freq unos=2 ^ freq dos=1 ^ simetria=1 ^ actividad=1 ^ entropia=1,6
r18=1 ^ r26=1 ^ width=5,freq ceros=5 ^ freq unos=4 ^ freq dos=1 ^ simetria=1 ^ actividad=2 ^ entropia=1 ^ transitoriedad=2,1
r27=0 ^ width=5 ^ time entropy=1,freq ceros=5 ^ freq unos=4 ^ freq dos=1 ^ simetria=1 ^ actividad=2,1
r24=0 ^ r27=0 ^ width=5 ^ entropia=1,freq ceros=5 ^ freq unos=1 ^ freq dos=1 ^ simetria=1 ^ actividad=2,2
r24=2 ^ width=5 ^ sensitividad=2 ^ time entropy=1,freq ceros=5 ^ freq unos=4 ^ freq dos=1 ^ simetria=1 ^ actividad=2 ^ entropia=1 ^ transitoriedad=2,1
r27=0 ^ freq dos=1 ^ width=5,freq ceros=5 ^ freq unos=4 ^ simetria=1 ^ actividad=2 ^ entropia=1 ^ time entropy=1,1
r26=1 ^ width=5 ^ entropia=1,freq ceros=5 ^ freq unos=4 ^ freq dos=1 ^ simetria=1 ^ actividad=2,1
r27=0 ^ width=5,freq ceros=5 ^ freq unos=2 ^ freq dos=1 ^ simetria=1 ^ actividad=1 ^ entropia=1 ^ transitoriedad=2 ^ time entropy=1,1
r18=1 ^ r26=1 ^ freq dos=1 ^ width=5,freq ceros=5 ^ freq unos=4 ^ simetria=1 ^ actividad=2 ^ entropia=1 ^ transitoriedad=2,2
r15=1 ^ width=5 ^ time entropy=1,freq ceros=5 ^ freq unos=2 ^ freq dos=1 ^ simetria=1 ^ actividad=1 ^ entropia=1 ^ transitoriedad=2,1
r18=1 ^ r24=0 ^ freq dos=1 ^ time entropy=1,freq ceros=5 ^ freq unos=4 ^ simetria=1 ^ actividad=2 ^ entropia=1,1
r18=1 ^ r26=1 ^ r27=0 ^ freq dos=1,freq ceros=5 ^ freq unos=4 ^ width=5 ^ simetria=1 ^ actividad=2 ^ entropia=1 ^ time entropy=1,47
r18=1 ^ r26=1 ^ freq dos=1,freq ceros=5 ^ freq unos=4 ^ width=5 ^ actividad=2 ^ entropia=1 ^ time entropy=1,2
r18=1 ^ r27=0 ^ width=5 ^ time entropy=1,freq ceros=5 ^ freq unos=2 ^ freq dos=1 ^ simetria=1 ^ actividad=1 ^ entropia=1,1
r18=1 ^ r26=1 ^ width=5 ^ entropia=1,freq ceros=5 ^ freq unos=4 ^ freq dos=1 ^ simetria=1 ^ actividad=2 ^ transitoriedad=2,1
r18=1 ^ r26=1 ^ r27=0 ^ width=5,freq ceros=5 ^ freq unos=4 ^ simetria=1 ^ actividad=2 ^ entropia=1 ^ time entropy=1,3
r24=0 ^ r27=0 ^ width=5 ^ time entropy=1,freq ceros=5 ^ freq unos=4 ^ simetria=1 ^ actividad=2 ^ entropia=1 ^ transitoriedad=2,2
r24=0 ^ width=5 ^ time entropy=1,freq ceros=5 ^ freq unos=4 ^ simetria=1 ^ actividad=2 ^ entropia=1 ^ transitoriedad=2,1
r18=1 ^ r27=0 ^ width=5 ^ sensitividad=2,freq ceros=5 ^ freq unos=4 ^ freq dos=1 ^ simetria=1 ^ actividad=2 ^ entropia=1 ^ transitoriedad=2,1
r18=1 ^ r26=1 ^ width=5 ^ time entropy=1,freq ceros=5 ^ freq unos=4 ^ freq dos=1 ^ simetria=1 ^ actividad=2 ^ transitoriedad=2,9
r22=2 ^ width=5,freq ceros=5 ^ freq unos=2 ^ freq dos=1 ^ simetria=1 ^ actividad=1 ^ entropia=1 ^ transitoriedad=2 ^ time entropy=1,1
r18=1 ^ r24=0 ^ r26=1 ^ r27=0,freq ceros=5 ^ freq unos=4 ^ width=5 ^ actividad=2 ^ entropia=1 ^ time entropy=1,1
r18=1 ^ width=5 ^ entropia=1 ^ time entropy=1,freq ceros=5 ^ freq unos=4 ^ freq dos=1 ^ simetria=1 ^ actividad=2 ^ transitoriedad=2,1
r18=1 ^ freq dos=1 ^ width=5,freq ceros=5 ^ freq unos=4 ^ simetria=1 ^ actividad=2 ^ entropia=1 ^ time entropy=1,4
r18=1 ^ r26=1 ^ width=5 ^ entropia=1,freq ceros=5 ^ freq unos=4 ^ freq dos=1 ^ simetria=1 ^ actividad=2,3
r18=1 ^ r24=0 ^ time entropy=1,freq ceros=5 ^ freq unos=2 ^ freq dos=1 ^ width=5 ^ simetria=1 ^ actividad=1 ^ entropia=1,1
r17=0 ^ r18=1 ^ r24=0 ^ freq dos=1,freq ceros=5 ^ freq unos=4 ^ width=5 ^ actividad=2 ^ entropia=1 ^ time entropy=1,1
r26=1 ^ width=5 ^ time entropy=1,freq ceros=5 ^ freq unos=4 ^ freq dos=1 ^ simetria=1 ^ actividad=2 ^ transitoriedad=2,2
r18=1 ^ r24=0 ^ freq dos=1,freq ceros=5 ^ freq unos=4 ^ width=5 ^ actividad=2 ^ entropia=1 ^ time entropy=1,1
r17=0 ^ r18=1 ^ r27=0 ^ freq dos=1,freq ceros=5 ^ freq unos=4 ^ simetria=1 ^ actividad=2 ^ entropia=1 ^ time entropy=1,1
r24=0 ^ r26=1 ^ r27=0 ^ time entropy=1,freq ceros=5 ^ freq unos=4 ^ freq dos=1 ^ simetria=1 ^ actividad=2 ^ entropia=1,1
r1=0 ^ r19=1 ^ r26=1 ^ freq dos=5,freq ceros=2 ^ width=5 ^ pasos=2 ^ simetria=1 ^ entropia=3 ^ transitoriedad=1,1
r15=0 ^ width=5,freq ceros=5 ^ freq unos=2 ^ freq dos=1 ^ simetria=1 ^ actividad=1 ^ entropia=1 ^ time entropy=1,1
r18=1 ^ r26=1 ^ freq dos=1 ^ width=5,freq ceros=5 ^ freq unos=4 ^ simetria=1 ^ actividad=2 ^ entropia=1 ^ time entropy=1,6
r18=1 ^ r24=0 ^ r26=1 ^ entropia=1,freq ceros=5 ^ freq unos=4 ^ freq dos=1 ^ simetria=1 ^ actividad=2 ^ transitoriedad=2,1
r18=1 ^ r24=0 ^ r26=1 ^ freq dos=1,freq ceros=5 ^ freq unos=4 ^ width=5 ^ actividad=2 ^ entropia=1 ^ time entropy=1,2
r27=0 ^ width=5 ^ time entropy=1,freq ceros=5 ^ freq unos=1 ^ freq dos=1 ^ simetria=1 ^ entropia=1 ^ transitoriedad=2,4
r17=1 ^ r26=1 ^ width=5 ^ time entropy=1,freq ceros=5 ^ freq unos=4 ^ freq dos=1 ^ simetria=1 ^ actividad=2,1
r18=1 ^ r26=1 ^ r27=0,freq ceros=5 ^ freq unos=2 ^ freq dos=1 ^ width=5 ^ simetria=1 ^ actividad=1 ^ entropia=1 ^ time entropy=1,1
r26=1 ^ width=5 ^ pasos=1 ^ entropia=1,freq ceros=5 ^ freq unos=4 ^ freq dos=1 ^ simetria=1 ^ actividad=2 ^ transitoriedad=2,1
r18=1 ^ r26=1 ^ width=5 ^ time entropy=1,freq ceros=5 ^ freq unos=4 ^ freq dos=1 ^ simetria=1 ^ actividad=2 ^ entropia=1,12
r26=1 ^ r27=0 ^ freq dos=1 ^ width=5,freq ceros=5 ^ freq unos=4 ^ actividad=2 ^ entropia=1 ^ time entropy=1,1
r26=1 ^ width=5 ^ sensitividad=2 ^ time entropy=1,freq ceros=5 ^ freq unos=4 ^ freq dos=1 ^ simetria=1 ^ actividad=2 ^ entropia=1,1
r18=1 ^ r27=0 ^ freq dos=1 ^ sensitividad=2,freq ceros=5 ^ freq unos=4 ^ width=5 ^ simetria=1 ^ actividad=2 ^ entropia=1,1
r18=1 ^ r26=1 ^ width=5 ^ time entropy=1,freq ceros=5 ^ freq unos=4 ^ simetria=1 ^ actividad=2 ^ entropia=1,2
r17=0 ^ r18=1 ^ r24=0 ^ r26=1,freq ceros=5 ^ freq unos=4 ^ simetria=1 ^ actividad=2 ^ entropia=1,1
r18=1 ^ r27=0 ^ width=5 ^ time entropy=1,freq ceros=5 ^ freq unos=4 ^ freq dos=1 ^ simetria=1 ^ actividad=2 ^ transitoriedad=2,1
r24=0 ^ r26=1 ^ freq dos=1 ^ time entropy=1,freq ceros=5 ^ freq unos=4 ^ simetria=1 ^ actividad=2 ^ entropia=1 ^ transitoriedad=2,2
r18=1 ^ freq dos=1 ^ width=5 ^ pasos=1,freq ceros=5 ^ freq unos=4 ^ actividad=2 ^ entropia=1 ^ time entropy=1,1
r18=1 ^ r26=1 ^ width=5,freq ceros=5 ^ freq unos=2 ^ freq dos=1 ^ simetria=1 ^ actividad=1 ^ entropia=1,1
r18=1 ^ r27=0 ^ width=2 ^ time entropy=1,freq ceros=5 ^ freq unos=1 ^ freq dos=1 ^ simetria=1 ^ actividad=2 ^ entropia=1,1
r18=1 ^ r24=0 ^ r26=1 ^ time entropy=1,freq ceros=5 ^ freq unos=4 ^ freq dos=1 ^ simetria=1 ^ actividad=2,1
r17=0 ^ r18=1 ^ r26=1 ^ r27=0,freq ceros=5 ^ freq unos=4 ^ width=5 ^ simetria=1 ^ actividad=2 ^ entropia=1 ^ time entropy=1,1
r17=0 ^ r18=1 ^ r27=0 ^ freq dos=1,freq ceros=5 ^ freq unos=4 ^ width=5 ^ simetria=1 ^ actividad=2 ^ entropia=1 ^ time entropy=1,1
r18=1 ^ r26=1 ^ r27=0 ^ time entropy=1,freq ceros=5 ^ freq unos=4 ^ freq dos=1 ^ simetria=1 ^ actividad=2 ^ entropia=1 ^ transitoriedad=2,8
r17=0 ^ r27=0 ^ width=5 ^ time entropy=1,freq ceros=5 ^ freq unos=4 ^ simetria=1 ^ actividad=2 ^ entropia=1 ^ transitoriedad=2,1
r24=0 ^ freq dos=1 ^ time entropy=1,freq ceros=5 ^ freq unos=4 ^ width=5 ^ simetria=1 ^ actividad=2 ^ entropia=1,1
r18=1 ^ r27=0 ^ width=5,freq ceros=5 ^ freq unos=4 ^ simetria=1 ^ actividad=2 ^ entropia=1 ^ time entropy=1,1
r18=1 ^ r24=0 ^ width=5 ^ time entropy=1,freq ceros=5 ^ freq unos=4 ^ freq dos=1 ^ actividad=2 ^ entropia=1,1
r18=1 ^ r24=0 ^ width=5,freq ceros=5 ^ freq unos=4 ^ simetria=1 ^ actividad=2 ^ entropia=1 ^ time entropy=1,1
r18=1 ^ r24=0 ^ width=5 ^ time entropy=1,freq ceros=5 ^ freq unos=4 ^ freq dos=1 ^ simetria=1 ^ actividad=2 ^ entropia=1,4
r18=1 ^ r24=0 ^ r26=1 ^ width=5,freq ceros=5 ^ freq unos=4 ^ actividad=2 ^ entropia=1 ^ time entropy=1,1
r24=0 ^ r26=1 ^ r27=0 ^ entropia=1,freq ceros=5 ^ freq unos=4 ^ freq dos=1 ^ simetria=1 ^ actividad=2,1
r18=1 ^ time entropy=1,freq ceros=5 ^ freq unos=2 ^ freq dos=1 ^ simetria=1 ^ actividad=1 ^ entropia=1 ^ transitoriedad=2,1
r27=0 ^ width=2 ^ time entropy=1,freq ceros=5 ^ freq unos=4 ^ freq dos=1 ^ pasos=1 ^ simetria=2 ^ actividad=1 ^ entropia=1,1
r27=0 ^ freq dos=1 ^ width=5 ^ sensitividad=2,freq ceros=5 ^ freq unos=4 ^ simetria=1 ^ actividad=2 ^ entropia=1 ^ time entropy=1,1
r24=0 ^ r26=1 ^ width=5 ^ pasos=1,freq ceros=5 ^ freq unos=2 ^ freq dos=1 ^ simetria=1 ^ actividad=1 ^ entropia=1 ^ transitoriedad=2,1
r18=1 ^ r26=1 ^ r27=0 ^ width=5,freq ceros=5 ^ freq unos=4 ^ freq dos=1 ^ simetria=1 ^ actividad=2 ^ entropia=1 ^ time entropy=1,2
r24=0 ^ r27=0 ^ width=5 ^ time entropy=1,freq ceros=5 ^ freq unos=1 ^ freq dos=1 ^ simetria=1 ^ actividad=2,1
r27=0 ^ freq dos=1 ^ width=5 ^ time entropy=1,freq ceros=5 ^ freq unos=4 ^ simetria=1 ^ actividad=2 ^ entropia=1 ^ transitoriedad=2,4
r18=1 ^ r26=1 ^ r27=0 ^ freq dos=1,freq ceros=5 ^ freq unos=4 ^ simetria=1 ^ actividad=2 ^ entropia=1 ^ time entropy=1,3
r24=0 ^ r27=0 ^ width=2 ^ time entropy=1,freq ceros=5 ^ freq unos=1 ^ freq dos=1 ^ simetria=1 ^ actividad=2 ^ entropia=1,1
r18=1 ^ r24=0 ^ width=2 ^ time entropy=1,freq ceros=5 ^ freq unos=1 ^ freq dos=1 ^ simetria=1 ^ actividad=2 ^ entropia=1,1
r18=1 ^ r24=0 ^ r27=0 ^ width=5,freq ceros=5 ^ freq unos=2 ^ freq dos=1 ^ simetria=1 ^ actividad=1 ^ entropia=1 ^ time entropy=1,1
r3=2 ^ r7=2 ^ width=4,freq ceros=1 ^ freq unos=5 ^ transitoriedad=2 ^ sensitividad=5 ^ time entropy=3,1
r24=0 ^ r27=0 ^ width=5 ^ time entropy=1,freq ceros=5 ^ freq unos=4 ^ freq dos=1 ^ simetria=1 ^ actividad=2 ^ entropia=1 ^ transitoriedad=2,5
r27=2 ^ freq dos=1 ^ width=5,freq ceros=5 ^ actividad=2 ^ time entropy=1,1
r17=0 ^ r27=0 ^ width=5 ^ entropia=1,freq ceros=5 ^ freq unos=4 ^ freq dos=1 ^ simetria=1 ^ actividad=2,1
r17=0 ^ r18=1 ^ r24=0 ^ r27=0,freq ceros=5 ^ freq unos=4 ^ simetria=1 ^ actividad=2 ^ entropia=1 ^ time entropy=1,1
r1=2 ^ width=5 ^ time entropy=1,freq ceros=5 ^ freq unos=1 ^ freq dos=1 ^ simetria=1 ^ actividad=2 ^ entropia=1,1
r17=0 ^ r24=0 ^ r27=0 ^ width=5,freq ceros=5 ^ freq unos=4 ^ simetria=1 ^ actividad=2 ^ entropia=1 ^ time entropy=1,1
r18=1 ^ freq dos=1,freq ceros=5 ^ freq unos=4 ^ width=5 ^ simetria=1 ^ actividad=2 ^ entropia=1 ^ time entropy=1,2
r2=1 ^ r7=0 ^ r13=0,freq unos=4 ^ width=5 ^ simetria=1 ^ actividad=3 ^ entropia=4 ^ sensitividad=2 ^ time entropy=3,1
r18=1 ^ r24=0 ^ r26=1 ^ r27=0,freq ceros=5 ^ freq unos=4 ^ freq dos=1 ^ simetria=1 ^ actividad=2 ^ entropia=1,1
r18=1 ^ r26=1 ^ r27=0 ^ freq dos=1,freq ceros=5 ^ freq unos=4 ^ width=5 ^ actividad=2 ^ entropia=1 ^ time entropy=1,10
r18=1 ^ r26=1 ^ time entropy=1,freq ceros=5 ^ freq unos=2 ^ freq dos=1 ^ simetria=1 ^ actividad=1 ^ entropia=1 ^ transitoriedad=2,2
r17=2 ^ r18=1 ^ r20=1 ^ r26=0,freq unos=2 ^ pasos=2 ^ simetria=2 ^ actividad=3 ^ time entropy=1,1
r18=1 ^ r27=0 ^ freq dos=1 ^ width=5,freq ceros=5 ^ freq unos=4 ^ simetria=1 ^ actividad=2 ^ entropia=1 ^ transitoriedad=2 ^ time entropy=1,1
r18=1 ^ r24=0 ^ r27=0 ^ width=5,freq ceros=5 ^ freq unos=2 ^ freq dos=1 ^ simetria=1 ^ actividad=1 ^ entropia=1 ^ transitoriedad=2,1
r18=1 ^ r24=0 ^ r27=0 ^ freq dos=1,freq ceros=5 ^ freq unos=4 ^ width=5 ^ actividad=2 ^ entropia=1 ^ time entropy=1,1
r18=1 ^ r24=0 ^ r26=1 ^ freq dos=1,freq ceros=5 ^ freq unos=4 ^ width=5 ^ simetria=1 ^ actividad=2 ^ entropia=1 ^ time entropy=1,9
r26=1 ^ r27=0 ^ time entropy=1,freq ceros=5 ^ freq unos=4 ^ freq dos=1 ^ simetria=1 ^ actividad=2 ^ entropia=1 ^ transitoriedad=2,3
r24=0 ^ r26=1 ^ width=5,freq ceros=5 ^ freq unos=2 ^ freq dos=1 ^ simetria=1 ^ actividad=1 ^ entropia=1 ^ time entropy=1,1
r24=0 ^ r26=1 ^ freq dos=1 ^ width=5,freq ceros=5 ^ freq unos=4 ^ simetria=1 ^ actividad=2 ^ entropia=1 ^ time entropy=1,1
r2=1 ^ r19=0 ^ r20=2,width=3 ^ pasos=2 ^ simetria=2 ^ entropia=4 ^ transitoriedad=1 ^ sensitividad=2,1
r24=0 ^ r26=1 ^ width=5 ^ time entropy=1,freq ceros=5 ^ freq unos=4 ^ freq dos=1 ^ simetria=1 ^ actividad=2 ^ entropia=1 ^ transitoriedad=2,5
r18=1 ^ r26=1 ^ freq dos=1 ^ time entropy=1,freq ceros=5 ^ freq unos=4 ^ width=5 ^ simetria=1 ^ actividad=2 ^ entropia=1,1
r18=1 ^ r27=0 ^ freq dos=1 ^ width=5,freq ceros=5 ^ freq unos=4 ^ simetria=1 ^ actividad=2 ^ entropia=1 ^ time entropy=1,12
r24=0 ^ r27=0 ^ freq dos=1 ^ width=5,freq ceros=5 ^ freq unos=4 ^ simetria=1 ^ actividad=2 ^ entropia=1 ^ time entropy=1,1
r27=0 ^ width=5,freq ceros=5 ^ freq unos=4 ^ freq dos=1 ^ simetria=1 ^ actividad=2 ^ entropia=1 ^ transitoriedad=2 ^ time entropy=1,1
r26=1 ^ r27=0 ^ freq dos=1,freq ceros=5 ^ freq unos=4 ^ width=5 ^ simetria=1 ^ actividad=2 ^ entropia=1 ^ time entropy=1,1
r18=1 ^ r26=1 ^ r27=0 ^ width=2,freq ceros=5 ^ freq unos=1 ^ simetria=2 ^ actividad=1 ^ entropia=1 ^ time entropy=1,1
r18=1 ^ r27=0 ^ width=2 ^ time entropy=1,freq ceros=5 ^ freq unos=1 ^ freq dos=1 ^ simetria=1 ^ transitoriedad=2,3
r26=1 ^ r27=0 ^ width=5,freq ceros=5 ^ freq unos=2 ^ freq dos=1 ^ simetria=1 ^ actividad=1 ^ entropia=1 ^ time entropy=1,1
r17=0 ^ r26=1 ^ r27=0 ^ freq dos=1,freq ceros=5 ^ freq unos=4 ^ width=5 ^ simetria=1 ^ actividad=2 ^ entropia=1 ^ time entropy=1,1
r27=2 ^ freq dos=1 ^ width=5,freq ceros=5 ^ freq unos=4 ^ entropia=1 ^ time entropy=1,1
r26=1 ^ freq dos=1 ^ width=5 ^ time entropy=1,freq ceros=5 ^ freq unos=4 ^ simetria=1 ^ actividad=2 ^ entropia=1,5
r26=1 ^ r27=0 ^ time entropy=1,freq ceros=5 ^ freq unos=4 ^ simetria=1 ^ actividad=2 ^ entropia=1,1
r27=0 ^ width=5 ^ time entropy=1,freq ceros=5 ^ freq unos=1 ^ freq dos=1 ^ simetria=1 ^ actividad=2 ^ entropia=1 ^ transitoriedad=2,12
r27=0 ^ width=5 ^ time entropy=1,freq ceros=5 ^ freq unos=1 ^ freq dos=1 ^ simetria=1 ^ actividad=2,2
r18=1 ^ r26=1 ^ r27=0 ^ width=5,freq ceros=5 ^ freq unos=4 ^ freq dos=1 ^ simetria=1 ^ actividad=2 ^ entropia=1,3
r24=0 ^ r26=1 ^ freq dos=1,freq ceros=5 ^ freq unos=4 ^ simetria=1 ^ actividad=2 ^ entropia=1 ^ time entropy=1,1
r18=1 ^ r26=1 ^ r27=0 ^ width=5,freq ceros=5 ^ freq unos=2 ^ freq dos=1 ^ simetria=1 ^ actividad=1 ^ entropia=1 ^ transitoriedad=2,1
r24=0 ^ r27=0 ^ width=5 ^ entropia=1,freq ceros=5 ^ freq unos=4 ^ freq dos=1 ^ simetria=1 ^ actividad=2 ^ transitoriedad=2,2
r24=0 ^ width=5 ^ time entropy=1,freq ceros=5 ^ freq unos=4 ^ freq dos=1 ^ simetria=1 ^ actividad=2 ^ entropia=1,1
r18=1 ^ r24=0 ^ r27=0 ^ freq dos=1,freq ceros=5 ^ freq unos=4 ^ width=5 ^ simetria=1 ^ actividad=2 ^ entropia=1,1
r17=0 ^ freq dos=1 ^ width=5 ^ sensitividad=2,freq ceros=5 ^ freq unos=4 ^ simetria=1 ^ actividad=2 ^ entropia=1,1
r26=1 ^ r27=0 ^ freq dos=1 ^ width=5,freq ceros=5 ^ freq unos=4 ^ simetria=1 ^ actividad=2 ^ entropia=1 ^ time entropy=1,2
r18=1 ^ r26=1 ^ width=5,freq ceros=5 ^ freq unos=4 ^ freq dos=1 ^ simetria=1 ^ actividad=2 ^ entropia=1 ^ transitoriedad=2 ^ time entropy=1,2
r17=0 ^ r18=1 ^ r27=0 ^ width=5,freq ceros=5 ^ freq unos=4 ^ simetria=1 ^ actividad=2 ^ entropia=1 ^ time entropy=1,1
r17=0 ^ r24=0 ^ r26=1 ^ r27=0,freq ceros=5 ^ freq unos=4 ^ width=5 ^ simetria=1 ^ actividad=2 ^ entropia=1 ^ time entropy=1,1
r18=1 ^ r27=0 ^ sensitividad=2,freq ceros=5 ^ freq unos=4 ^ width=5 ^ simetria=1 ^ actividad=2 ^ entropia=1,1
r18=1 ^ r24=0 ^ freq dos=1,freq ceros=5 ^ freq unos=4 ^ width=5 ^ simetria=1 ^ actividad=2 ^ entropia=1 ^ time entropy=1,2
r6=1 ^ r12=2 ^ r26=1,freq ceros=5 ^ actividad=5 ^ transitoriedad=1 ^ time entropy=2,1
r18=1 ^ width=5 ^ time entropy=1,freq ceros=5 ^ freq unos=4 ^ freq dos=1 ^ simetria=1 ^ actividad=2 ^ entropia=1 ^ transitoriedad=2,1
r18=1 ^ r26=1 ^ freq dos=1,freq ceros=5 ^ freq unos=4 ^ width=5 ^ simetria=1 ^ actividad=2 ^ entropia=1 ^ time entropy=1,3
r17=0 ^ r18=1 ^ r26=1 ^ r27=0,freq ceros=5 ^ freq unos=4 ^ width=5 ^ actividad=2 ^ entropia=1 ^ time entropy=1,1
r18=1 ^ r24=0 ^ freq dos=1 ^ width=5,freq ceros=5 ^ freq unos=4 ^ simetria=1 ^ actividad=2 ^ entropia=1 ^ time entropy=1,6
r18=1 ^ r24=0 ^ width=5 ^ time entropy=1,freq ceros=5 ^ freq unos=4 ^ simetria=1 ^ actividad=2 ^ entropia=1,3
r7=0 ^ width=5,freq ceros=5 ^ freq unos=2 ^ freq dos=1 ^ simetria=1 ^ actividad=1 ^ entropia=1 ^ time entropy=1,1
r24=0 ^ width=5 ^ time entropy=1,freq ceros=5 ^ freq unos=2 ^ freq dos=1 ^ simetria=1 ^ actividad=1 ^ entropia=1,10
r18=1 ^ r24=0 ^ r27=0 ^ width=2,freq ceros=5 ^ freq unos=1 ^ freq dos=1 ^ simetria=1 ^ actividad=2 ^ entropia=1,2
r18=1 ^ r27=0 ^ freq dos=1 ^ width=5,freq ceros=5 ^ freq unos=4 ^ actividad=2 ^ entropia=1 ^ time entropy=1,1
r27=0 ^ freq dos=1 ^ width=5 ^ sensitividad=2,freq ceros=5 ^ freq unos=4 ^ simetria=1 ^ actividad=2 ^ entropia=1,1
r18=1 ^ r26=1 ^ width=5 ^ sensitividad=2,freq ceros=5 ^ freq unos=4 ^ simetria=1 ^ actividad=2 ^ entropia=1 ^ transitoriedad=2,1
r18=1 ^ width=5 ^ time entropy=1,freq ceros=5 ^ freq unos=4 ^ freq dos=1 ^ simetria=1 ^ actividad=2 ^ transitoriedad=2,1
r18=1 ^ r27=0 ^ width=2 ^ time entropy=1,freq ceros=5 ^ freq unos=1 ^ freq dos=1 ^ simetria=1,1
r18=1 ^ r24=0 ^ r26=1 ^ time entropy=1,freq ceros=5 ^ freq unos=4 ^ freq dos=1 ^ simetria=1 ^ actividad=2 ^ entropia=1 ^ transitoriedad=2,3
r18=1 ^ r26=1 ^ freq dos=1 ^ time entropy=1,freq ceros=5 ^ freq unos=4 ^ simetria=1 ^ actividad=2 ^ entropia=1,1
r18=1 ^ freq dos=1 ^ width=5 ^ time entropy=1,freq ceros=5 ^ freq unos=4 ^ simetria=1 ^ actividad=2 ^ entropia=1,4
r18=1 ^ r26=1 ^ width=5 ^ time entropy=1,freq ceros=5 ^ freq unos=2 ^ freq dos=1 ^ simetria=1 ^ actividad=1 ^ entropia=1,2
r24=0 ^ r27=0 ^ sensitividad=2,freq ceros=5 ^ freq unos=2 ^ freq dos=1 ^ simetria=1 ^ actividad=1 ^ entropia=1 ^ time entropy=1,1
r24=0 ^ r27=0 ^ width=5,freq ceros=5 ^ freq unos=2 ^ freq dos=1 ^ simetria=1 ^ actividad=1 ^ entropia=1 ^ transitoriedad=2 ^ time entropy=1,1
r24=0 ^ r26=1 ^ width=5 ^ time entropy=1,freq ceros=5 ^ freq unos=4 ^ freq dos=1 ^ simetria=1 ^ actividad=2 ^ entropia=1,1
r27=0 ^ width=5,freq ceros=5 ^ freq unos=2 ^ freq dos=1 ^ simetria=1 ^ actividad=1 ^ entropia=1 ^ transitoriedad=2,1
r27=0 ^ width=5 ^ time entropy=1,freq ceros=5 ^ freq unos=1 ^ freq dos=1 ^ simetria=1 ^ actividad=2 ^ transitoriedad=2,7
r18=1 ^ r24=0 ^ r27=0 ^ width=5,freq ceros=5 ^ freq unos=4 ^ freq dos=1 ^ simetria=1 ^ actividad=2,1
r18=1 ^ r24=0 ^ r27=0 ^ width=5,freq ceros=5 ^ freq unos=1 ^ freq dos=1 ^ simetria=1 ^ actividad=2 ^ entropia=1 ^ transitoriedad=2,1
r24=0 ^ r26=1 ^ width=5 ^ time entropy=1,freq ceros=5 ^ freq unos=4 ^ freq dos=1 ^ simetria=1 ^ actividad=2 ^ transitoriedad=2,1
r26=1 ^ r27=0 ^ time entropy=1,freq ceros=5 ^ freq unos=2 ^ freq dos=1 ^ simetria=1 ^ actividad=1 ^ entropia=1,1
r27=0 ^ width=5 ^ time entropy=1,freq ceros=5 ^ freq unos=4 ^ simetria=1 ^ actividad=2 ^ entropia=1 ^ transitoriedad=2,2
r18=1 ^ r26=1 ^ width=5,freq ceros=5 ^ freq unos=4 ^ freq dos=1 ^ simetria=1 ^ actividad=2 ^ entropia=1 ^ time entropy=1,1
r18=1 ^ r26=1 ^ freq dos=1 ^ time entropy=1,freq ceros=5 ^ freq unos=4 ^ simetria=1 ^ actividad=2 ^ entropia=1 ^ transitoriedad=2,2
r18=1 ^ r26=1 ^ r27=0 ^ freq dos=1,freq ceros=5 ^ freq unos=4 ^ actividad=2 ^ entropia=1 ^ time entropy=1,3
r24=0 ^ r27=0 ^ width=5 ^ time entropy=1,freq ceros=5 ^ freq unos=2 ^ freq dos=1 ^ simetria=1 ^ actividad=1 ^ entropia=1,2
r17=0 ^ r27=0 ^ width=5 ^ time entropy=1,freq ceros=5 ^ freq unos=1 ^ freq dos=1 ^ simetria=1 ^ actividad=2,1
r27=0 ^ width=5 ^ sensitividad=2 ^ time entropy=1,freq ceros=5 ^ freq unos=1 ^ freq dos=1 ^ simetria=1 ^ actividad=2 ^ entropia=1 ^ transitoriedad=2,2
r27=0 ^ entropia=1,freq ceros=5 ^ freq unos=4 ^ freq dos=1 ^ simetria=1 ^ actividad=2 ^ transitoriedad=2,1
r27=0 ^ width=5 ^ time entropy=1,freq ceros=5 ^ freq unos=4 ^ freq dos=1 ^ simetria=1 ^ actividad=2 ^ entropia=1 ^ transitoriedad=2,3
r18=1 ^ width=5 ^ time entropy=1,freq ceros=5 ^ freq unos=2 ^ freq dos=1 ^ simetria=1 ^ actividad=1 ^ entropia=1,3
r27=0 ^ width=5,freq ceros=5 ^ freq unos=1 ^ freq dos=1 ^ simetria=1 ^ actividad=2 ^ entropia=1 ^ transitoriedad=2 ^ time entropy=1,1
r24=0 ^ freq dos=1 ^ time entropy=1,freq ceros=5 ^ freq unos=4 ^ simetria=1 ^ actividad=2 ^ entropia=1 ^ transitoriedad=2,1
r27=0 ^ width=5 ^ entropia=1,freq ceros=5 ^ freq unos=4 ^ freq dos=1 ^ simetria=1 ^ actividad=2,1
r24=0 ^ r27=0 ^ freq dos=1 ^ width=5,freq ceros=5 ^ freq unos=4 ^ simetria=1 ^ actividad=2 ^ entropia=1 ^ transitoriedad=2,1
r24=0 ^ r27=0 ^ width=2 ^ time entropy=1,freq ceros=5 ^ freq unos=1 ^ freq dos=1 ^ simetria=1 ^ actividad=2 ^ entropia=1 ^ transitoriedad=2,1
r18=1 ^ width=5 ^ sensitividad=2 ^ time entropy=1,freq ceros=5 ^ freq unos=4 ^ freq dos=1 ^ simetria=1 ^ actividad=2 ^ entropia=1 ^ transitoriedad=2,2
r18=1 ^ freq dos=1 ^ width=5 ^ sensitividad=2,freq ceros=5 ^ freq unos=4 ^ simetria=1 ^ actividad=2 ^ entropia=1,2
r18=1 ^ r27=0 ^ width=5,freq ceros=5 ^ freq unos=4 ^ freq dos=1 ^ simetria=1 ^ actividad=2 ^ entropia=1,1
r18=1 ^ r24=0 ^ width=5,freq ceros=5 ^ freq unos=2 ^ freq dos=1 ^ simetria=1 ^ actividad=1 ^ entropia=1 ^ time entropy=1,1
r3=1 ^ width=5,freq ceros=5 ^ freq unos=2 ^ freq dos=1 ^ simetria=1 ^ actividad=1 ^ entropia=1 ^ time entropy=1,1
r22=2 ^ width=5 ^ time entropy=1,freq ceros=5 ^ freq unos=2 ^ freq dos=1 ^ simetria=1 ^ actividad=1 ^ entropia=1,1
r26=1 ^ r27=0 ^ width=5 ^ time entropy=1,freq ceros=5 ^ freq unos=4 ^ simetria=1 ^ actividad=2 ^ entropia=1,3
r27=0 ^ width=5,freq ceros=5 ^ freq unos=1 ^ freq dos=1 ^ simetria=1 ^ actividad=2 ^ entropia=1 ^ time entropy=1,2
r27=0 ^ width=2 ^ time entropy=1,freq ceros=5 ^ freq unos=1 ^ freq dos=1 ^ simetria=1 ^ actividad=2 ^ transitoriedad=2,1
r26=1 ^ freq dos=1 ^ time entropy=1,freq ceros=5 ^ freq unos=4 ^ simetria=1 ^ actividad=2 ^ entropia=1 ^ transitoriedad=2,1
r24=0 ^ width=5 ^ time entropy=1,freq ceros=5 ^ freq unos=1 ^ freq dos=1 ^ simetria=1,1
r18=1 ^ r27=0 ^ width=5 ^ time entropy=1,freq ceros=5 ^ freq unos=1 ^ freq dos=1 ^ simetria=1 ^ actividad=2 ^ entropia=1 ^ transitoriedad=2,6
r27=0 ^ width=5 ^ sensitividad=2,freq ceros=5 ^ freq unos=4 ^ freq dos=1 ^ simetria=1 ^ actividad=2 ^ entropia=1,1
r24=0 ^ r26=1 ^ freq dos=1 ^ width=5,freq ceros=5 ^ freq unos=4 ^ simetria=1 ^ actividad=2 ^ entropia=1 ^ transitoriedad=2,1
r24=0 ^ time entropy=1,freq ceros=5 ^ freq unos=4 ^ freq dos=1 ^ simetria=1 ^ actividad=2 ^ entropia=1,1
r18=1 ^ r24=0 ^ r26=1 ^ width=5,freq ceros=5 ^ freq unos=4 ^ freq dos=1 ^ simetria=1 ^ actividad=2 ^ entropia=1 ^ transitoriedad=2 ^ time entropy=1,1
r18=1 ^ r26=1 ^ entropia=1,freq ceros=5 ^ freq unos=4 ^ freq dos=1 ^ simetria=1 ^ actividad=2 ^ transitoriedad=2,1
r18=1 ^ width=5 ^ time entropy=1,freq ceros=5 ^ freq unos=2 ^ freq dos=1 ^ simetria=1 ^ actividad=1 ^ entropia=1 ^ transitoriedad=2,2
r18=1 ^ r24=0 ^ width=5 ^ entropia=1,freq ceros=5 ^ freq unos=1 ^ freq dos=1 ^ simetria=1 ^ actividad=2 ^ transitoriedad=2,1
r27=0 ^ width=5 ^ entropia=1,freq ceros=5 ^ freq unos=1 ^ freq dos=1 ^ simetria=1 ^ actividad=2 ^ transitoriedad=2,2
r27=0 ^ freq dos=1 ^ width=5 ^ sensitividad=2,freq ceros=5 ^ freq unos=4 ^ simetria=1 ^ actividad=2 ^ entropia=1 ^ transitoriedad=2,1
r18=1 ^ r24=0 ^ r27=0 ^ time entropy=1,freq ceros=5 ^ freq unos=1 ^ freq dos=1 ^ simetria=1 ^ transitoriedad=2,1
r18=1 ^ r24=0 ^ freq dos=1 ^ time entropy=1,freq ceros=5 ^ freq unos=4 ^ width=5 ^ simetria=1 ^ actividad=2 ^ entropia=1,2
r18=1 ^ r24=0 ^ width=5 ^ time entropy=1,freq ceros=5 ^ freq unos=4 ^ freq dos=1 ^ simetria=1 ^ actividad=2 ^ entropia=1 ^ transitoriedad=2,4
r24=0 ^ r27=0 ^ width=5,freq ceros=5 ^ freq unos=4 ^ freq dos=1 ^ simetria=1 ^ actividad=2 ^ entropia=1 ^ transitoriedad=2 ^ time entropy=1,1
r15=1 ^ width=2 ^ time entropy=1,freq ceros=5 ^ freq unos=1 ^ freq dos=1 ^ simetria=1,1
r24=0 ^ r27=0 ^ width=5 ^ time entropy=1,freq ceros=5 ^ freq unos=1 ^ freq dos=1 ^ simetria=1 ^ actividad=2 ^ transitoriedad=2,1
r27=0 ^ width=5 ^ time entropy=1,freq ceros=5 ^ freq unos=2 ^ freq dos=1 ^ simetria=1 ^ actividad=1 ^ entropia=1,3
r18=1 ^ r24=0 ^ r26=1 ^ width=5,freq ceros=5 ^ freq unos=4 ^ simetria=1 ^ actividad=2 ^ entropia=1 ^ time entropy=1,2
r18=1 ^ r27=0 ^ width=5,freq ceros=5 ^ freq unos=4 ^ freq dos=1 ^ simetria=1 ^ actividad=2 ^ entropia=1 ^ time entropy=1,1
r18=1 ^ r27=0 ^ width=5 ^ time entropy=1,freq ceros=5 ^ freq unos=4 ^ freq dos=1 ^ simetria=1 ^ actividad=2 ^ entropia=1 ^ transitoriedad=2,9
r18=1 ^ r26=1 ^ width=5 ^ time entropy=1,freq ceros=5 ^ freq unos=4 ^ freq dos=1 ^ simetria=1 ^ actividad=2,5
r27=0 ^ width=5 ^ time entropy=1,freq ceros=5 ^ freq unos=2 ^ freq dos=1 ^ simetria=1 ^ actividad=1 ^ entropia=1 ^ transitoriedad=2,3
r6=0 ^ r27=2 ^ freq dos=1 ^ width=5,freq ceros=5 ^ freq unos=4 ^ simetria=1 ^ actividad=1 ^ entropia=1,1
r19=1 ^ freq dos=1 ^ width=5 ^ time entropy=1,freq ceros=5 ^ freq unos=4 ^ simetria=1 ^ actividad=2 ^ entropia=1,1
r26=1 ^ width=5 ^ time entropy=1,freq ceros=5 ^ freq unos=4 ^ freq dos=1 ^ simetria=1 ^ actividad=2 ^ entropia=1,3
r24=0 ^ r27=0 ^ width=5 ^ pasos=1,freq ceros=5 ^ freq unos=2 ^ freq dos=1 ^ simetria=1 ^ actividad=1 ^ entropia=1 ^ time entropy=1,2
r17=1 ^ r18=1 ^ r24=0 ^ time entropy=1,freq ceros=5 ^ freq unos=4 ^ freq dos=1 ^ simetria=1 ^ actividad=2 ^ entropia=1,1
r27=0 ^ width=5 ^ entropia=1 ^ time entropy=1,freq ceros=5 ^ freq unos=4 ^ freq dos=1 ^ simetria=1 ^ actividad=2 ^ transitoriedad=2,1
r9=1 ^ width=5 ^ time entropy=1,freq ceros=5 ^ freq unos=4 ^ freq dos=1 ^ simetria=1 ^ actividad=2 ^ transitoriedad=2,1
r18=1 ^ r24=0 ^ r26=1 ^ freq dos=1,freq ceros=5 ^ freq unos=4 ^ simetria=1 ^ actividad=2 ^ entropia=1 ^ transitoriedad=2 ^ time entropy=1,1
r27=0 ^ sensitividad=2,freq ceros=5 ^ freq unos=4 ^ freq dos=1 ^ simetria=1 ^ actividad=2 ^ entropia=1 ^ transitoriedad=2,1
r18=1 ^ r27=0 ^ freq dos=1 ^ time entropy=1,freq ceros=5 ^ freq unos=4 ^ simetria=1 ^ actividad=2 ^ entropia=1 ^ transitoriedad=2,1
r24=0 ^ width=5 ^ pasos=1,freq ceros=5 ^ freq unos=2 ^ freq dos=1 ^ simetria=1 ^ actividad=1 ^ entropia=1 ^ time entropy=1,1
r27=2 ^ freq dos=1 ^ width=5 ^ transitoriedad=2,freq ceros=5 ^ freq unos=2 ^ simetria=1 ^ actividad=2 ^ entropia=1 ^ time entropy=1,1
r17=1 ^ r18=1 ^ freq dos=1,freq ceros=5 ^ freq unos=4 ^ simetria=1 ^ actividad=2 ^ entropia=1 ^ time entropy=1,1
r18=1 ^ r24=0 ^ r27=0 ^ width=5,freq ceros=5 ^ freq unos=1 ^ freq dos=1 ^ simetria=1 ^ actividad=2 ^ transitoriedad=2,1
r20=0 ^ width=2 ^ time entropy=1,freq ceros=5 ^ freq unos=1 ^ freq dos=1 ^ simetria=1 ^ actividad=2 ^ transitoriedad=2,1
r27=0 ^ width=5 ^ entropia=1,freq ceros=5 ^ freq unos=4 ^ freq dos=1 ^ simetria=1 ^ actividad=2 ^ transitoriedad=2,1
r8=0 ^ width=5,freq ceros=5 ^ freq unos=2 ^ freq dos=1 ^ simetria=1 ^ actividad=1 ^ entropia=1 ^ transitoriedad=2,1
r18=1 ^ r26=1 ^ width=5 ^ sensitividad=2,freq ceros=5 ^ freq unos=4 ^ freq dos=1 ^ simetria=1 ^ actividad=2 ^ entropia=1 ^ transitoriedad=2,1
r18=1 ^ r27=0 ^ time entropy=1,freq ceros=5 ^ freq unos=4 ^ freq dos=1 ^ simetria=1 ^ actividad=2 ^ entropia=1 ^ transitoriedad=2,1
r27=0 ^ width=5 ^ sensitividad=2 ^ time entropy=1,freq ceros=5 ^ freq unos=4 ^ freq dos=1 ^ simetria=1 ^ actividad=2 ^ entropia=1 ^ transitoriedad=2,1
r18=1 ^ r26=1 ^ r27=0 ^ width=5,freq ceros=5 ^ freq unos=2 ^ freq dos=1 ^ simetria=1 ^ actividad=1 ^ entropia=1 ^ transitoriedad=2 ^ time entropy=1,1
r24=0 ^ freq dos=1 ^ width=5 ^ time entropy=1,freq ceros=5 ^ freq unos=4 ^ simetria=1 ^ actividad=2 ^ entropia=1 ^ transitoriedad=2,1
r18=1 ^ width=5 ^ entropia=1 ^ time entropy=1,freq ceros=5 ^ freq unos=4 ^ freq dos=1 ^ simetria=1 ^ actividad=2,3
r18=1 ^ r24=0 ^ r26=1 ^ width=5,freq ceros=5 ^ freq unos=4 ^ freq dos=1 ^ simetria=1 ^ actividad=2 ^ transitoriedad=2,2
r20=2 ^ width=5 ^ time entropy=1,freq ceros=5 ^ freq unos=2 ^ freq dos=1 ^ simetria=1 ^ actividad=1 ^ entropia=1,1
r18=1 ^ r27=1 ^ freq dos=1 ^ width=5,freq ceros=5 ^ freq unos=4 ^ simetria=1 ^ actividad=1,1
r27=2 ^ freq dos=1 ^ width=5 ^ time entropy=1,freq ceros=5 ^ freq unos=4 ^ simetria=1 ^ actividad=1 ^ entropia=1,1
r26=1 ^ r27=0 ^ pasos=1 ^ time entropy=1,freq ceros=5 ^ freq unos=4 ^ simetria=1 ^ actividad=2 ^ entropia=1 ^ transitoriedad=2,1
r18=1 ^ r24=0 ^ r27=0 ^ time entropy=1,freq ceros=5 ^ freq unos=1 ^ freq dos=1 ^ simetria=1 ^ actividad=2,1
r27=0 ^ freq dos=1 ^ width=5,freq ceros=5 ^ freq unos=4 ^ simetria=1 ^ actividad=2 ^ entropia=1 ^ transitoriedad=2 ^ time entropy=1,1
r27=0 ^ width=5 ^ sensitividad=2,freq ceros=5 ^ freq unos=4 ^ freq dos=1 ^ simetria=1 ^ actividad=2 ^ entropia=1 ^ transitoriedad=2,1
r18=1 ^ r27=0 ^ sensitividad=2 ^ time entropy=1,freq ceros=5 ^ freq unos=4 ^ freq dos=1 ^ simetria=1 ^ actividad=2,1
r24=0 ^ width=5 ^ entropia=1 ^ time entropy=1,freq ceros=5 ^ freq unos=4 ^ freq dos=1 ^ simetria=1 ^ actividad=2 ^ transitoriedad=2,1
r18=1 ^ r24=0 ^ width=5,freq ceros=5 ^ freq unos=1 ^ freq dos=1 ^ simetria=1 ^ actividad=2 ^ entropia=1 ^ transitoriedad=2 ^ time entropy=1,1
r26=1 ^ width=5,freq ceros=5 ^ freq unos=4 ^ freq dos=1 ^ simetria=1 ^ actividad=2 ^ entropia=1 ^ transitoriedad=2,1
r18=1 ^ r27=0 ^ width=2 ^ time entropy=1,freq ceros=5 ^ freq unos=1 ^ freq dos=1 ^ simetria=1 ^ actividad=2 ^ entropia=1 ^ transitoriedad=2,3
r18=1 ^ r26=1 ^ width=5 ^ entropia=1,freq ceros=5 ^ freq unos=2 ^ freq dos=1 ^ simetria=1 ^ actividad=1 ^ transitoriedad=2,1
r26=1 ^ width=5 ^ entropia=1,freq ceros=5 ^ freq unos=4 ^ freq dos=1 ^ simetria=1 ^ actividad=2 ^ transitoriedad=2,2
r18=1 ^ r26=1 ^ r27=0 ^ entropia=1,freq ceros=5 ^ freq unos=4 ^ freq dos=1 ^ simetria=1 ^ actividad=2 ^ transitoriedad=2,5
r26=1 ^ width=5 ^ sensitividad=2,freq ceros=5 ^ freq unos=4 ^ freq dos=1 ^ simetria=1 ^ actividad=2 ^ entropia=1,2
r24=0 ^ width=5 ^ time entropy=1,freq ceros=5 ^ freq unos=2 ^ freq dos=1 ^ simetria=1 ^ actividad=1 ^ entropia=1 ^ transitoriedad=2,3
r18=1 ^ r27=0 ^ width=5 ^ time entropy=1,freq ceros=5 ^ freq unos=1 ^ freq dos=1 ^ simetria=1 ^ actividad=2,2
r26=1 ^ r27=0 ^ width=5 ^ time entropy=1,freq ceros=5 ^ freq unos=4 ^ freq dos=1 ^ simetria=1 ^ actividad=2 ^ entropia=1 ^ transitoriedad=2,1
r18=1 ^ r27=0 ^ width=5,freq ceros=5 ^ freq unos=2 ^ freq dos=1 ^ simetria=1 ^ actividad=1 ^ entropia=1 ^ transitoriedad=2,1
r24=0 ^ width=2 ^ time entropy=1,freq ceros=5 ^ freq unos=1 ^ freq dos=1 ^ simetria=1 ^ actividad=2 ^ transitoriedad=2,1
r18=1 ^ r26=1 ^ r27=0 ^ width=5,freq ceros=5 ^ freq unos=4 ^ simetria=1 ^ actividad=2 ^ entropia=1,1
r18=1 ^ r24=0 ^ r27=0 ^ entropia=1,freq ceros=5 ^ freq unos=4 ^ freq dos=1 ^ simetria=1 ^ actividad=2 ^ transitoriedad=2,1
r18=1 ^ r27=0 ^ width=5,freq ceros=5 ^ freq unos=2 ^ freq dos=1 ^ simetria=1 ^ actividad=1 ^ entropia=1 ^ transitoriedad=2 ^ time entropy=1,1
r18=1 ^ r24=0 ^ r26=1 ^ width=5,freq ceros=5 ^ freq unos=4 ^ freq dos=1 ^ simetria=1 ^ actividad=2 ^ entropia=1,1
r24=0 ^ width=5,freq ceros=5 ^ freq unos=2 ^ freq dos=1 ^ simetria=1 ^ actividad=1 ^ entropia=1 ^ transitoriedad=2 ^ time entropy=1,1
r26=1 ^ width=5 ^ entropia=1 ^ time entropy=1,freq ceros=5 ^ freq unos=4 ^ freq dos=1 ^ simetria=1 ^ actividad=2 ^ transitoriedad=2,2
r18=1 ^ r27=0 ^ width=2 ^ pasos=1,freq ceros=5 ^ freq unos=1 ^ freq dos=1 ^ simetria=1 ^ actividad=2 ^ transitoriedad=2,1
r18=2 ^ width=5 ^ time entropy=1,freq ceros=5 ^ freq unos=4 ^ freq dos=1 ^ simetria=1 ^ actividad=2 ^ entropia=1 ^ transitoriedad=2,1
r18=1 ^ r24=0 ^ r26=1 ^ width=5,freq ceros=5 ^ freq unos=2 ^ freq dos=1 ^ simetria=1 ^ actividad=1 ^ entropia=1 ^ time entropy=1,1
r27=0 ^ freq unos=1 ^ freq dos=1 ^ width=5,freq ceros=5 ^ pasos=1 ^ simetria=2 ^ actividad=1 ^ entropia=1 ^ transitoriedad=2,1
r27=0 ^ width=5 ^ time entropy=1,freq ceros=5 ^ freq unos=1 ^ freq dos=1 ^ simetria=1 ^ transitoriedad=2,2
r3=1 ^ width=5 ^ time entropy=1,freq ceros=5 ^ freq unos=2 ^ freq dos=1 ^ simetria=1 ^ actividad=1 ^ transitoriedad=2,1
r2=0 ^ r17=2 ^ r26=0 ^ sensitividad=3,freq ceros=1 ^ freq unos=3 ^ freq dos=5 ^ width=2 ^ pasos=2 ^ simetria=1 ^ entropia=5,1
r27=0 ^ width=2 ^ time entropy=1,freq ceros=5 ^ freq unos=1 ^ freq dos=1 ^ simetria=1 ^ transitoriedad=2,1
r18=1 ^ r26=1 ^ width=5 ^ time entropy=1,freq ceros=5 ^ freq unos=2 ^ freq dos=1 ^ simetria=1 ^ actividad=1 ^ entropia=1 ^ transitoriedad=2,3
r18=1 ^ r24=0 ^ r27=0 ^ freq dos=1,freq ceros=5 ^ freq unos=4 ^ width=5 ^ simetria=1 ^ actividad=2 ^ entropia=1 ^ time entropy=1,5
r27=0 ^ width=5 ^ time entropy=1,freq ceros=5 ^ freq unos=4 ^ freq dos=1 ^ pasos=1 ^ simetria=2 ^ actividad=1 ^ entropia=1 ^ transitoriedad=2,1
r18=1 ^ r24=0 ^ width=2 ^ time entropy=1,freq ceros=5 ^ freq unos=1 ^ freq dos=1 ^ simetria=1 ^ transitoriedad=2,3
