antecedente,consecuente,contador
r18=0 ^ r27=0 ^ width=5 ^ actividad=1,freq ceros=4 ^ transitoriedad=1,1
r18=0 ^ r27=0 ^ width=5 ^ simetria=2,freq ceros=5 ^ entropia=1 ^ transitoriedad=1,1
r27=0 ^ width=5 ^ actividad=2,freq ceros=5 ^ entropia=1 ^ transitoriedad=1,1
r18=1 ^ r27=0 ^ width=1 ^ actividad=1,freq ceros=5 ^ freq dos=1,1
r27=0 ^ width=5 ^ simetria=2,freq ceros=5 ^ entropia=1 ^ transitoriedad=1,1
r23=1 ^ r27=0 ^ width=5 ^ actividad=1,freq ceros=5 ^ entropia=1 ^ transitoriedad=1,1
r19=0 ^ r27=0 ^ width=5 ^ actividad=1,freq ceros=5 ^ transitoriedad=1,1
r18=1 ^ r27=0,freq ceros=5 ^ transitoriedad=1,1
r18=1 ^ r27=0 ^ width=5 ^ actividad=1,freq ceros=5 ^ entropia=1 ^ transitoriedad=1,2
r27=0 ^ width=1 ^ actividad=1,freq ceros=5 ^ freq dos=1 ^ entropia=1 ^ transitoriedad=1,3
r14=1 ^ r27=0 ^ width=5 ^ actividad=1,freq ceros=5 ^ entropia=1 ^ transitoriedad=1,1
r12=1 ^ r27=0 ^ width=5 ^ actividad=1,freq ceros=5 ^ entropia=1 ^ transitoriedad=1,1
r18=1 ^ r27=0 ^ width=1 ^ actividad=1,sensitividad=3,1
r27=0 ^ width=5 ^ simetria=2 ^ actividad=1,freq ceros=5 ^ entropia=1 ^ transitoriedad=1,1
r27=0 ^ width=5,freq ceros=5 ^ entropia=1 ^ transitoriedad=1,2
r18=1 ^ r27=0 ^ width=5 ^ simetria=2,freq ceros=5 ^ transitoriedad=1,1
r24=1 ^ r27=0 ^ width=1 ^ actividad=1,freq ceros=5 ^ transitoriedad=1,1
r26=1 ^ r27=0 ^ width=1 ^ actividad=1,freq dos=1 ^ transitoriedad=1,1
r18=1 ^ r27=0 ^ width=1 ^ actividad=1,freq ceros=5 ^ transitoriedad=1,2
r18=1 ^ r27=0 ^ width=1 ^ actividad=1,freq ceros=4 ^ transitoriedad=1,1
r18=1 ^ r27=0 ^ width=1 ^ actividad=1,transitoriedad=1,2
r19=1 ^ r27=0 ^ width=5 ^ actividad=1,freq ceros=5 ^ transitoriedad=1,1
r18=1 ^ r27=0 ^ width=1 ^ actividad=1,freq dos=1,1
r23=0 ^ r27=0 ^ width=5 ^ actividad=1,freq ceros=5 ^ transitoriedad=1,1
r18=1 ^ width=5 ^ simetria=2 ^ actividad=1,freq ceros=5 ^ transitoriedad=1,1
r18=1 ^ r27=0 ^ width=5 ^ actividad=1,freq ceros=5 ^ transitoriedad=1,1
r27=1 ^ width=5 ^ actividad=1,freq ceros=5 ^ entropia=1 ^ transitoriedad=1,1
r27=1 ^ width=5 ^ actividad=1,freq ceros=5 ^ transitoriedad=1,1
r27=0 ^ width=1 ^ simetria=2,freq ceros=5 ^ transitoriedad=1,1
r18=1 ^ r27=0 ^ width=1 ^ actividad=1,entropia=1 ^ transitoriedad=1,1
r18=2 ^ r27=0 ^ width=5 ^ actividad=1,freq ceros=5 ^ transitoriedad=1,1
r27=2 ^ width=5 ^ simetria=2,freq ceros=5 ^ transitoriedad=1,1
r18=1 ^ r27=0 ^ width=1 ^ actividad=1,freq dos=1 ^ transitoriedad=1,6
r18=2 ^ r27=0 ^ width=1,freq ceros=5 ^ transitoriedad=1,1
r27=0,freq ceros=5 ^ pasos=1 ^ transitoriedad=1,1
r18=1 ^ r27=0 ^ width=1,freq ceros=5 ^ transitoriedad=1,1
r27=0 ^ width=5,freq ceros=5 ^ actividad=1 ^ transitoriedad=1,2
r18=2 ^ r27=0,freq ceros=5 ^ simetria=1 ^ transitoriedad=1,1
r18=1 ^ r27=0 ^ width=5,freq ceros=5 ^ transitoriedad=1,7
r18=1 ^ r27=1 ^ width=5,transitoriedad=2,1
r18=0 ^ r27=0 ^ width=5,transitoriedad=2,1
r18=0 ^ r27=0 ^ width=5 ^ transitoriedad=2,freq ceros=5,3
r27=0 ^ width=5 ^ actividad=1,freq ceros=5 ^ transitoriedad=1,1
r18=1 ^ r27=0 ^ width=1,freq dos=2,1
r27=0,freq ceros=5 ^ simetria=2 ^ transitoriedad=1,1
r18=1 ^ r27=1 ^ width=1,freq ceros=5 ^ transitoriedad=1,1
r18=2 ^ r27=0 ^ width=5,freq ceros=5 ^ actividad=1 ^ transitoriedad=1,1
r11=0 ^ r22=1 ^ freq dos=1 ^ transitoriedad=2,freq unos=3 ^ pasos=2 ^ simetria=2 ^ entropia=4,1
r18=1 ^ r27=0 ^ width=1,actividad=1,1
r18=0 ^ r27=0 ^ width=5 ^ transitoriedad=2,freq ceros=5 ^ simetria=2,6
r18=1 ^ r27=0 ^ width=1,freq ceros=5 ^ actividad=1 ^ transitoriedad=1,3
r18=0 ^ r27=0 ^ width=5,freq ceros=5 ^ simetria=2 ^ transitoriedad=2,1
r27=0 ^ width=1,freq ceros=5 ^ actividad=1 ^ transitoriedad=1,4
r27=0 ^ width=1 ^ actividad=1,freq ceros=5 ^ entropia=1 ^ transitoriedad=1,5
r18=0 ^ r27=0 ^ width=5 ^ simetria=2,freq ceros=5 ^ transitoriedad=1,1
r18=0 ^ r27=0 ^ width=5 ^ transitoriedad=2,freq ceros=5 ^ pasos=1 ^ simetria=2,1
r15=0 ^ freq unos=4 ^ entropia=4,freq ceros=1 ^ freq dos=4 ^ pasos=2 ^ transitoriedad=2 ^ time entropy=3,1
r6=1 ^ r8=1 ^ r10=2 ^ freq ceros=3,freq unos=3 ^ width=1 ^ simetria=1 ^ actividad=4 ^ transitoriedad=1 ^ time entropy=3,1
r9=1 ^ r15=0 ^ width=2,freq ceros=1 ^ freq unos=5 ^ freq dos=2 ^ pasos=2,1
r2=0 ^ r8=0 ^ r15=2 ^ transitoriedad=2,freq ceros=2 ^ freq unos=2 ^ freq dos=2 ^ width=2 ^ simetria=2 ^ actividad=2 ^ sensitividad=1,1
r18=1 ^ r27=0 ^ width=1,simetria=1 ^ transitoriedad=1,2
r18=1 ^ r27=0 ^ width=1,freq ceros=5 ^ freq dos=1,1
r18=2 ^ r27=0 ^ width=5,freq ceros=5 ^ pasos=1 ^ simetria=2 ^ actividad=1 ^ transitoriedad=1,1
r9=1 ^ r10=0 ^ r13=2 ^ width=2,freq ceros=1 ^ freq unos=5 ^ freq dos=2 ^ pasos=2 ^ actividad=1 ^ transitoriedad=2,1
r11=0 ^ r27=0 ^ width=5 ^ actividad=1,freq ceros=5 ^ transitoriedad=1,1
r27=0,freq ceros=5 ^ actividad=1 ^ transitoriedad=1,2
r3=2 ^ r5=0 ^ r27=0,width=3 ^ simetria=1 ^ actividad=4 ^ entropia=1 ^ transitoriedad=2 ^ time entropy=4,1
r18=0 ^ r27=0 ^ width=5 ^ simetria=2,freq ceros=5 ^ transitoriedad=2,12
r18=1 ^ r25=0 ^ r27=0,freq ceros=5 ^ transitoriedad=1,1
r18=0 ^ r27=0 ^ width=5 ^ simetria=2,freq ceros=5,5
r9=2 ^ r10=2 ^ r27=2 ^ width=5,freq ceros=1 ^ freq dos=3 ^ simetria=1 ^ actividad=3 ^ time entropy=4,1
r18=1 ^ r27=0 ^ width=1,freq ceros=1 ^ actividad=1 ^ transitoriedad=1,1
r1=1 ^ r9=0 ^ r26=1 ^ r27=0,freq dos=4 ^ pasos=2 ^ simetria=1 ^ sensitividad=4,1
r2=0 ^ r18=0 ^ r27=0 ^ width=5,freq ceros=5 ^ transitoriedad=2,1
r18=0 ^ r27=0 ^ width=1 ^ actividad=1,freq ceros=5 ^ entropia=1 ^ transitoriedad=1,1
r18=2 ^ r27=0 ^ actividad=1,freq ceros=5 ^ entropia=1 ^ transitoriedad=1,1
r18=2 ^ r27=0,freq ceros=5 ^ actividad=1 ^ transitoriedad=1,1
r18=1 ^ r27=0 ^ width=1,actividad=1 ^ transitoriedad=1,6
r18=1 ^ width=1,freq ceros=5 ^ actividad=1 ^ transitoriedad=1,1
r27=0 ^ width=1 ^ actividad=1,freq ceros=5 ^ freq dos=1 ^ transitoriedad=1,3
r18=1 ^ r27=0 ^ width=5,freq ceros=5 ^ actividad=1 ^ transitoriedad=1,4
r18=1 ^ r27=0 ^ width=1,freq ceros=5 ^ transitoriedad=2,1
r27=0 ^ width=1,freq ceros=5 ^ transitoriedad=1,4
r8=2 ^ r27=0 ^ width=1 ^ actividad=1,freq ceros=5 ^ transitoriedad=1,1
r27=0 ^ width=5,freq ceros=5 ^ simetria=2 ^ transitoriedad=1,2
r27=0,freq ceros=5 ^ transitoriedad=1,1
r24=1 ^ width=5 ^ simetria=2 ^ actividad=1,freq ceros=5 ^ transitoriedad=1,1
r18=1 ^ r27=0 ^ width=1,freq ceros=5 ^ actividad=1 ^ transitoriedad=2,1
r27=0 ^ actividad=1,freq ceros=5 ^ entropia=1 ^ transitoriedad=1,1
r27=0 ^ width=5 ^ simetria=2 ^ actividad=1,freq ceros=5 ^ transitoriedad=1,3
r17=2 ^ r27=0 ^ width=5,freq ceros=5 ^ actividad=1 ^ transitoriedad=1,1
r18=1 ^ r27=0 ^ width=1,freq ceros=5 ^ freq dos=1 ^ transitoriedad=1,1
r18=2 ^ r27=0 ^ width=5,freq ceros=5 ^ pasos=1 ^ simetria=2 ^ transitoriedad=1,1
r18=2 ^ r27=0 ^ width=5,freq ceros=5 ^ transitoriedad=1,1
r18=1 ^ r27=0 ^ actividad=1,freq ceros=5 ^ entropia=1 ^ transitoriedad=1,1
r18=1 ^ r27=1 ^ width=5 ^ simetria=2,transitoriedad=1,1
r18=1 ^ r27=0 ^ width=1,simetria=1,2
r27=0 ^ width=1 ^ actividad=1,freq ceros=5 ^ transitoriedad=1,9
r27=0 ^ width=1,freq ceros=5 ^ simetria=1 ^ transitoriedad=1,3
r18=1 ^ r27=0 ^ width=1,freq ceros=5,4
r18=1 ^ r27=0 ^ width=1 ^ simetria=2,freq ceros=5,2
r18=1 ^ r27=0,freq ceros=5 ^ actividad=1 ^ transitoriedad=1,3
r18=2 ^ r27=0 ^ width=1,freq ceros=5 ^ simetria=1 ^ transitoriedad=1,1
r12=2 ^ r15=0 ^ actividad=2 ^ entropia=4,freq ceros=1 ^ freq unos=5 ^ freq dos=5 ^ width=3 ^ pasos=2 ^ simetria=2,1
r27=0 ^ width=5 ^ simetria=2,freq ceros=5 ^ transitoriedad=1,12
r18=1 ^ r27=0 ^ width=1,freq dos=1,2
r27=0 ^ width=5,freq ceros=5 ^ transitoriedad=1,7
r27=0 ^ width=5 ^ actividad=1 ^ sensitividad=1,freq ceros=5 ^ transitoriedad=1,1
r2=0 ^ r18=1 ^ r27=0 ^ width=1,freq ceros=5,2
r18=0 ^ r27=0 ^ width=5,sensitividad=4,1
r18=2 ^ r27=0,freq ceros=5 ^ transitoriedad=1,2
r27=0 ^ actividad=1,freq ceros=5 ^ transitoriedad=1,1
r3=2 ^ r5=0 ^ r11=0 ^ r27=0,width=3 ^ simetria=1 ^ actividad=4 ^ entropia=1 ^ transitoriedad=2 ^ time entropy=4,1
r18=1 ^ r27=0 ^ width=1,freq dos=1 ^ transitoriedad=1,1
r18=0 ^ r27=0 ^ width=5,freq ceros=5 ^ transitoriedad=2,11
r18=1 ^ r27=0 ^ width=1,freq ceros=5 ^ simetria=1 ^ transitoriedad=1,1
