antecedente,consecuente,contador
r18=0 ^ r27=0 ^ width=5 ^ transitoriedad=2,freq ceros=5 ^ pasos=1 ^ simetria=2,8
r18=0 ^ r26=1 ^ r27=0 ^ width=5,freq ceros=5 ^ freq dos=1 ^ pasos=1 ^ simetria=1 ^ entropia=1 ^ time entropy=1,1
r18=0 ^ r27=0 ^ width=5,freq ceros=5 ^ freq dos=1 ^ pasos=1 ^ simetria=1,1
r18=0 ^ r27=0 ^ width=5 ^ actividad=2,freq ceros=5 ^ pasos=1,1
r13=2 ^ r16=2 ^ r26=1 ^ freq unos=1,freq dos=2 ^ pasos=2 ^ simetria=2 ^ entropia=5,1
r8=1 ^ r11=1 ^ r22=2 ^ freq ceros=1,freq unos=3 ^ freq dos=5 ^ width=3 ^ actividad=1 ^ transitoriedad=1 ^ sensitividad=3,1
r5=0 ^ r13=2 ^ r25=1 ^ width=4,freq dos=3 ^ actividad=4 ^ transitoriedad=1,1
r3=2 ^ r5=0 ^ r17=2 ^ r23=2,freq ceros=5 ^ freq unos=3 ^ pasos=2 ^ actividad=3 ^ entropia=4 ^ sensitividad=5 ^ time entropy=1,1
r5=0 ^ r25=1 ^ width=4,freq dos=3 ^ actividad=4 ^ transitoriedad=1,1
r18=0 ^ r27=0 ^ width=5,pasos=1,1
r5=0 ^ r20=0 ^ r26=0 ^ freq unos=4,freq dos=3 ^ width=2 ^ actividad=3 ^ transitoriedad=1 ^ sensitividad=4 ^ time entropy=5,1
r18=0 ^ r27=0 ^ width=5 ^ transitoriedad=2,freq ceros=5 ^ pasos=1 ^ simetria=1 ^ time entropy=1,1
r18=0 ^ r27=0 ^ width=5 ^ simetria=2,freq ceros=5 ^ pasos=1,13
r4=1 ^ r13=2 ^ r24=2 ^ r26=1,freq ceros=1 ^ freq unos=5 ^ freq dos=2 ^ width=3 ^ actividad=1 ^ entropia=4,1
r18=0 ^ r27=0 ^ width=5 ^ transitoriedad=2,freq ceros=3 ^ pasos=1,3
r18=0 ^ r27=0 ^ width=5 ^ transitoriedad=2,freq ceros=5 ^ pasos=1,10
r18=0 ^ r27=0 ^ width=5,freq ceros=5 ^ pasos=1,10
r12=0 ^ r15=0 ^ r24=0 ^ r26=0,freq ceros=4 ^ freq dos=1 ^ width=5 ^ actividad=3 ^ entropia=5 ^ time entropy=5,1
r18=0 ^ r27=0 ^ width=5 ^ simetria=2,freq ceros=3 ^ pasos=1,2
