antecedente,consecuente,contador
r18=0 ^ r27=0 ^ width=5 ^ transitoriedad=2,freq ceros=5 ^ pasos=1 ^ simetria=2,1
r18=0 ^ r27=0 ^ width=5,freq ceros=5 ^ time entropy=1,1
r18=0 ^ r27=0 ^ width=5 ^ simetria=2,freq ceros=5,2
r18=0 ^ r27=0 ^ width=5,freq ceros=5 ^ freq unos=4 ^ freq dos=1 ^ simetria=1 ^ entropia=1,1
r18=0 ^ r27=0 ^ width=5 ^ transitoriedad=2,freq ceros=5,2
r27=2 ^ freq dos=1 ^ width=5 ^ actividad=2,simetria=1 ^ entropia=1 ^ time entropy=1,1
r18=0 ^ r27=0 ^ width=5,freq ceros=5,5
r27=2 ^ freq dos=1 ^ width=5,freq ceros=5 ^ simetria=1,2
r18=0 ^ r27=0 ^ width=5 ^ transitoriedad=2,freq ceros=5 ^ pasos=1,2
r27=2 ^ freq dos=1 ^ width=5 ^ actividad=2,freq ceros=5 ^ freq unos=2 ^ simetria=1 ^ entropia=1 ^ time entropy=1,1
r18=0 ^ r27=0 ^ width=5 ^ simetria=2,freq ceros=5 ^ pasos=1,5
r5=0 ^ r6=1 ^ r8=2 ^ r19=1,freq dos=5 ^ actividad=1 ^ entropia=3 ^ sensitividad=1 ^ time entropy=5,1
r9=2 ^ r13=2 ^ r21=2 ^ r27=2,freq unos=1 ^ freq dos=4 ^ pasos=1 ^ simetria=1 ^ actividad=4,1
r27=2 ^ freq dos=1 ^ width=5 ^ actividad=2,freq ceros=5 ^ simetria=1,1
r11=0 ^ r12=0 ^ r19=1 ^ freq unos=1,width=4 ^ simetria=1 ^ entropia=3 ^ transitoriedad=1,1
r10=1 ^ r11=1 ^ r16=2 ^ simetria=2,freq unos=3 ^ actividad=3 ^ entropia=1 ^ transitoriedad=1 ^ sensitividad=1 ^ time entropy=4,1
r27=2 ^ freq dos=1 ^ width=5 ^ actividad=2,freq ceros=5 ^ simetria=1 ^ entropia=1 ^ time entropy=1,3
r14=0 ^ r27=2 ^ freq dos=1 ^ width=5,freq ceros=5 ^ freq unos=2 ^ simetria=1 ^ entropia=1 ^ time entropy=1,1
r5=1 ^ r15=0 ^ r19=0 ^ entropia=1,freq ceros=1 ^ width=3 ^ pasos=2 ^ simetria=1 ^ actividad=1 ^ time entropy=5,1
r12=2 ^ r13=0 ^ r16=0 ^ freq ceros=3,freq unos=3 ^ freq dos=5 ^ pasos=2 ^ simetria=1 ^ actividad=3 ^ transitoriedad=2,1
r27=2 ^ freq dos=1 ^ width=5 ^ transitoriedad=2,freq ceros=5 ^ simetria=2 ^ time entropy=1,1
r10=0 ^ time entropy=1,freq unos=5 ^ freq dos=3 ^ width=4 ^ pasos=2 ^ actividad=2 ^ entropia=1,1
r18=1 ^ r27=2 ^ freq dos=1 ^ width=5,simetria=1 ^ entropia=1,1
r18=0 ^ r27=0 ^ width=5 ^ transitoriedad=2,freq ceros=5 ^ simetria=2,3
r27=2 ^ freq dos=1 ^ width=5 ^ actividad=2,simetria=1,1
