antecedente,consecuente,contador
r23=0 ^ freq ceros=1 ^ simetria=1,freq unos=1 ^ freq dos=1 ^ width=1 ^ pasos=1 ^ actividad=1 ^ transitoriedad=2 ^ sensitividad=5,1
r18=0 ^ r26=1 ^ simetria=1,freq unos=1 ^ freq dos=1 ^ actividad=1,1
r18=0 ^ r24=1 ^ r27=0 ^ simetria=1,freq ceros=1 ^ freq unos=1 ^ freq dos=1 ^ width=1 ^ pasos=1 ^ actividad=1 ^ transitoriedad=2 ^ sensitividad=5,1
r18=0 ^ r26=1 ^ simetria=1,actividad=1 ^ transitoriedad=1 ^ time entropy=1,1
r5=2 ^ r27=0 ^ freq ceros=1 ^ simetria=1,freq unos=1 ^ freq dos=1 ^ width=1 ^ actividad=1 ^ transitoriedad=2,1
r26=1 ^ r27=0 ^ freq ceros=1,freq unos=1 ^ width=1,1
r18=0 ^ r26=1 ^ simetria=1,width=1 ^ actividad=1 ^ transitoriedad=1 ^ time entropy=1,1
r18=0 ^ r26=1 ^ simetria=1,freq dos=1 ^ width=1 ^ actividad=1 ^ entropia=1,1
r26=1 ^ r27=0 ^ freq ceros=1,freq unos=1 ^ freq dos=1 ^ actividad=1 ^ entropia=1 ^ transitoriedad=1 ^ time entropy=1,1
r27=0,freq ceros=1 ^ freq unos=1 ^ freq dos=1 ^ width=1 ^ pasos=2 ^ transitoriedad=2 ^ sensitividad=5,1
r18=0 ^ r26=1 ^ r27=0 ^ freq ceros=1,freq unos=1 ^ freq dos=1 ^ pasos=1 ^ time entropy=1,1
r24=1 ^ r27=0 ^ freq ceros=1,freq unos=1 ^ freq dos=1 ^ width=1 ^ pasos=1 ^ actividad=1 ^ transitoriedad=2 ^ sensitividad=5,1
r18=0 ^ r26=1 ^ simetria=1,freq dos=1 ^ actividad=1 ^ entropia=1 ^ transitoriedad=1,1
r26=1 ^ r27=0 ^ freq ceros=1,freq unos=1 ^ width=1 ^ transitoriedad=1,1
r26=1 ^ r27=0 ^ freq ceros=1 ^ actividad=1,freq unos=1 ^ transitoriedad=1,1
r18=0 ^ r26=1 ^ simetria=1,freq unos=1 ^ freq dos=1 ^ actividad=1 ^ entropia=1 ^ transitoriedad=1 ^ time entropy=1,1
r18=1 ^ r27=0 ^ freq ceros=1,width=1 ^ entropia=1,1
r26=1 ^ r27=0 ^ freq ceros=1 ^ actividad=1,width=1 ^ entropia=1 ^ transitoriedad=1,1
r18=1 ^ r27=0 ^ freq ceros=1 ^ actividad=1,freq unos=1 ^ entropia=1 ^ transitoriedad=1,4
r18=1 ^ r27=0 ^ freq ceros=1 ^ simetria=1,freq unos=1 ^ freq dos=1 ^ width=1 ^ actividad=1 ^ entropia=1 ^ transitoriedad=1 ^ time entropy=1,3
r18=1 ^ r27=0 ^ freq ceros=1 ^ transitoriedad=2,freq unos=1 ^ width=1,1
r18=1 ^ r27=0 ^ freq ceros=1 ^ transitoriedad=2,freq unos=1 ^ freq dos=1 ^ pasos=1 ^ time entropy=1,1
r27=0 ^ freq ceros=1 ^ actividad=1 ^ transitoriedad=2,freq unos=1 ^ width=1,1
r27=0 ^ freq ceros=1 ^ simetria=1,freq unos=1 ^ freq dos=1 ^ width=1 ^ actividad=1 ^ entropia=1 ^ transitoriedad=2,1
r18=1 ^ r27=0 ^ freq ceros=1 ^ transitoriedad=2,width=1,1
r18=0 ^ r26=1 ^ simetria=1,width=1 ^ actividad=1 ^ entropia=1 ^ transitoriedad=1 ^ time entropy=1,1
r2=0 ^ r23=2 ^ r26=0 ^ actividad=3,pasos=2 ^ entropia=3,1
r18=0 ^ r26=1 ^ simetria=1,pasos=1 ^ actividad=1 ^ entropia=1 ^ transitoriedad=1 ^ time entropy=1,1
r18=1 ^ r27=0 ^ freq ceros=1,freq unos=1 ^ pasos=1 ^ entropia=1 ^ transitoriedad=1 ^ time entropy=1,1
r1=2 ^ r2=1 ^ r7=0 ^ r14=2,pasos=2 ^ actividad=4 ^ entropia=3 ^ transitoriedad=1 ^ sensitividad=5,1
r18=0 ^ r26=1 ^ simetria=1,pasos=1 ^ actividad=1 ^ entropia=1 ^ transitoriedad=1,1
r26=1 ^ r27=0 ^ freq ceros=1,freq unos=1 ^ pasos=1 ^ actividad=1 ^ entropia=1 ^ transitoriedad=1 ^ time entropy=1,1
r4=0 ^ r10=1 ^ r19=2 ^ r24=2,freq ceros=5 ^ pasos=1 ^ actividad=4 ^ transitoriedad=1,1
r18=1 ^ r27=0 ^ freq ceros=1 ^ simetria=1,freq unos=1 ^ freq dos=1 ^ width=1 ^ entropia=1 ^ transitoriedad=1,1
r9=2 ^ r12=0 ^ r23=2 ^ r27=0,freq ceros=4 ^ freq unos=1 ^ width=5 ^ entropia=4 ^ sensitividad=3 ^ time entropy=2,1
r15=2 ^ r19=1 ^ pasos=2 ^ time entropy=4,entropia=2 ^ transitoriedad=1 ^ sensitividad=3,1
r18=1 ^ r27=0 ^ freq ceros=1 ^ transitoriedad=2,pasos=2,1
r18=1 ^ r27=0 ^ freq ceros=1 ^ actividad=1,freq unos=1 ^ pasos=1 ^ entropia=1 ^ transitoriedad=1,1
r3=1 ^ r11=1 ^ r19=2 ^ freq dos=2,width=5 ^ pasos=2,1
r24=2 ^ r25=2 ^ freq dos=5 ^ time entropy=2,freq unos=2 ^ pasos=2 ^ actividad=1 ^ entropia=1 ^ transitoriedad=2,1
r18=0 ^ r26=1 ^ freq ceros=1 ^ simetria=1,freq unos=1 ^ freq dos=1 ^ width=1 ^ entropia=1 ^ transitoriedad=1,1
r18=1 ^ r27=0 ^ freq ceros=1 ^ actividad=1,freq unos=1 ^ width=1,1
r18=0 ^ r26=1 ^ freq ceros=1 ^ simetria=1,freq unos=1 ^ freq dos=1 ^ width=1 ^ actividad=1 ^ entropia=1 ^ transitoriedad=1 ^ time entropy=1,1
r2=2 ^ r10=1,freq ceros=5 ^ pasos=1 ^ actividad=4 ^ transitoriedad=1,1
r3=0 ^ r27=0 ^ freq ceros=1 ^ simetria=1,freq unos=1 ^ freq dos=1 ^ width=1 ^ actividad=1 ^ entropia=1 ^ transitoriedad=2,1
r18=1 ^ r27=0 ^ freq ceros=1 ^ simetria=1,freq unos=1 ^ freq dos=1 ^ width=1 ^ time entropy=1,1
r1=2 ^ r3=1 ^ r5=2 ^ pasos=1,freq ceros=3 ^ freq dos=1 ^ width=3 ^ actividad=1 ^ entropia=4 ^ transitoriedad=1 ^ sensitividad=4,1
r18=1 ^ r27=0 ^ freq ceros=1 ^ simetria=1,freq unos=1 ^ freq dos=1 ^ width=1 ^ actividad=1 ^ entropia=1 ^ transitoriedad=1,3
r27=0 ^ freq ceros=1 ^ simetria=1,freq unos=1 ^ freq dos=1 ^ width=1 ^ actividad=1 ^ transitoriedad=2,1
r26=1 ^ r27=0 ^ freq ceros=1 ^ simetria=1,freq unos=1 ^ freq dos=1 ^ width=1 ^ actividad=1 ^ entropia=1 ^ transitoriedad=1 ^ time entropy=1,1
r18=1 ^ r27=0 ^ freq ceros=1 ^ actividad=1,width=1 ^ transitoriedad=1,1
r18=1 ^ r27=0 ^ freq ceros=1 ^ actividad=1,freq unos=1,1
r18=1 ^ r27=0 ^ freq ceros=1 ^ entropia=1,freq unos=1 ^ transitoriedad=1,1
r12=0 ^ width=5,freq unos=2 ^ pasos=2 ^ actividad=4 ^ transitoriedad=1 ^ time entropy=2,1
r27=0 ^ freq ceros=1 ^ actividad=1 ^ transitoriedad=2,freq unos=1 ^ freq dos=1 ^ time entropy=1,1
r18=1 ^ r27=0 ^ freq ceros=1,freq unos=1 ^ pasos=1,1
r27=0 ^ freq ceros=1 ^ simetria=1,freq unos=1 ^ freq dos=1 ^ width=1 ^ pasos=1 ^ actividad=1 ^ entropia=1 ^ transitoriedad=2,1
r27=0 ^ freq ceros=1 ^ actividad=1 ^ transitoriedad=2,freq unos=1 ^ entropia=1,1
r18=1 ^ r27=0 ^ freq ceros=1 ^ simetria=1,freq unos=1 ^ freq dos=1 ^ width=1 ^ actividad=1 ^ transitoriedad=1 ^ time entropy=1,1
r26=1 ^ r27=0 ^ freq ceros=1,freq unos=1 ^ freq dos=1 ^ width=1 ^ pasos=1,1
r18=1 ^ r27=0 ^ freq ceros=1 ^ simetria=1,freq unos=1 ^ entropia=1 ^ transitoriedad=1 ^ time entropy=1,1
r18=0 ^ r26=1 ^ simetria=1,freq dos=1,1
r18=0 ^ r26=1 ^ simetria=1,pasos=1 ^ entropia=1 ^ transitoriedad=1 ^ time entropy=1,1
r18=0 ^ r27=0 ^ freq ceros=1 ^ simetria=1,freq unos=1 ^ freq dos=1 ^ width=1 ^ actividad=1 ^ transitoriedad=2,1
r18=0 ^ r26=1 ^ simetria=1,width=1 ^ actividad=1 ^ entropia=1 ^ transitoriedad=1,1
r18=0 ^ r26=1 ^ simetria=1,freq dos=1 ^ width=1 ^ actividad=1 ^ entropia=1 ^ transitoriedad=1 ^ time entropy=1,1
r26=1 ^ r27=0 ^ freq ceros=1 ^ actividad=1,freq unos=1 ^ width=1,2
r18=0 ^ r26=1 ^ simetria=1,actividad=1 ^ entropia=1 ^ transitoriedad=1 ^ time entropy=1,1
r18=0 ^ r26=1 ^ simetria=1,width=1 ^ entropia=1 ^ transitoriedad=1,1
r18=0 ^ r26=1 ^ freq ceros=1 ^ simetria=1,freq unos=1 ^ freq dos=1 ^ pasos=1 ^ entropia=1 ^ transitoriedad=1 ^ time entropy=1,1
r27=0 ^ freq ceros=1 ^ actividad=1 ^ transitoriedad=2,width=1,1
r26=1 ^ r27=0 ^ freq ceros=1,freq unos=1 ^ freq dos=1 ^ transitoriedad=1,1
r18=1 ^ r27=0 ^ freq ceros=1,freq unos=1 ^ pasos=1 ^ transitoriedad=1 ^ time entropy=1,1
r26=1 ^ r27=0 ^ freq ceros=1 ^ simetria=1,freq unos=1 ^ freq dos=1 ^ pasos=1 ^ entropia=1 ^ transitoriedad=1 ^ time entropy=1,1
r26=1 ^ r27=0 ^ freq ceros=1 ^ actividad=1,freq unos=1 ^ entropia=1 ^ transitoriedad=1,4
r27=0 ^ freq ceros=1 ^ simetria=1,freq unos=1 ^ freq dos=1 ^ width=1 ^ actividad=1 ^ transitoriedad=2 ^ time entropy=1,1
r18=0 ^ r26=1 ^ simetria=1,freq dos=1 ^ actividad=1 ^ entropia=1 ^ transitoriedad=1 ^ time entropy=1,1
r18=1 ^ r27=0 ^ freq ceros=1,freq dos=1 ^ pasos=1 ^ entropia=1,1
r18=0 ^ r27=0 ^ simetria=1,freq ceros=1 ^ freq unos=1 ^ freq dos=1 ^ width=1 ^ pasos=2 ^ actividad=1 ^ transitoriedad=2 ^ sensitividad=5,1
