antecedente,consecuente,contador
r18=0 ^ r27=0 ^ width=5 ^ transitoriedad=2,freq ceros=5,1
r18=0 ^ r27=0 ^ width=5 ^ simetria=2,freq ceros=5,1
r18=2 ^ r27=2 ^ width=5,simetria=2 ^ transitoriedad=2,1
r18=0 ^ r27=0 ^ width=5,freq ceros=5 ^ transitoriedad=2,1
r18=0 ^ r27=0 ^ width=5 ^ simetria=2,freq ceros=5 ^ transitoriedad=2,6
r21=1 ^ r22=1 ^ r24=0 ^ r27=0,freq dos=1 ^ width=4 ^ actividad=4 ^ entropia=4 ^ transitoriedad=1,1
r7=0 ^ r9=1 ^ r12=1 ^ r23=2,freq dos=5 ^ width=5 ^ simetria=2 ^ actividad=3 ^ transitoriedad=1 ^ sensitividad=1,1
r8=1 ^ r16=2 ^ r17=0 ^ r26=1,freq unos=1 ^ freq dos=4 ^ actividad=3 ^ entropia=3 ^ time entropy=2,1
r18=0 ^ r27=0 ^ width=5,freq ceros=5,1
r1=2 ^ r19=1 ^ r21=0 ^ simetria=1,freq ceros=1 ^ freq unos=5 ^ pasos=2 ^ actividad=5 ^ entropia=1,1
r12=1 ^ r13=0 ^ r19=1 ^ freq ceros=4,width=4 ^ simetria=1 ^ actividad=2 ^ transitoriedad=1 ^ sensitividad=4 ^ time entropy=5,1
