antecedente,consecuente,contador
r14=0,pasos=2 ^ actividad=1 ^ transitoriedad=2,1
r18=0 ^ r27=0,pasos=2 ^ actividad=1 ^ entropia=1 ^ transitoriedad=2,1
r18=1 ^ r27=0 ^ width=1 ^ actividad=1,freq unos=1 ^ transitoriedad=1,2
r24=0 ^ r26=0 ^ r27=0 ^ entropia=1,freq ceros=1 ^ pasos=2 ^ actividad=1 ^ transitoriedad=2 ^ time entropy=1,1
r18=1 ^ r27=0 ^ freq ceros=1 ^ simetria=1,freq unos=1 ^ entropia=1 ^ transitoriedad=1,1
r18=0 ^ r24=0 ^ r26=0 ^ r27=0,freq ceros=1 ^ freq dos=1 ^ pasos=2 ^ actividad=1 ^ entropia=1 ^ transitoriedad=2,1
r18=1 ^ r27=0 ^ width=1 ^ actividad=1,freq ceros=1 ^ freq unos=1 ^ freq dos=1 ^ transitoriedad=1,1
r18=1 ^ r26=0 ^ r27=0 ^ width=1,freq ceros=1 ^ transitoriedad=1,1
r18=1 ^ r27=0 ^ freq ceros=1 ^ width=1,transitoriedad=1,1
r18=1 ^ r27=0 ^ width=1 ^ actividad=1,freq unos=1 ^ freq dos=1 ^ entropia=1 ^ transitoriedad=1,1
r18=1 ^ r26=0 ^ r27=0 ^ width=1,transitoriedad=1,1
r14=0 ^ r17=1 ^ r18=0,freq dos=2 ^ actividad=5 ^ entropia=2 ^ transitoriedad=1 ^ sensitividad=5,1
r12=0 ^ r13=1 ^ r19=1,pasos=2 ^ simetria=2 ^ actividad=2 ^ entropia=3,1
r18=1 ^ r27=0 ^ width=1 ^ entropia=1,transitoriedad=1,1
r6=2 ^ r16=0 ^ r20=1 ^ freq unos=4,freq ceros=1 ^ pasos=2 ^ actividad=3,1
r18=1 ^ r27=0 ^ width=1 ^ entropia=1,simetria=1,1
r19=1 ^ r22=2,freq unos=5 ^ width=5 ^ actividad=1 ^ entropia=3,1
r10=2 ^ r18=1 ^ r25=1 ^ r27=1,freq unos=4 ^ width=2 ^ actividad=3 ^ transitoriedad=1 ^ sensitividad=2 ^ time entropy=1,1
r26=0 ^ r27=0 ^ freq ceros=1 ^ freq dos=3,pasos=1,1
r3=2 ^ r8=1 ^ r26=1,freq ceros=1 ^ width=3 ^ pasos=2 ^ entropia=5 ^ transitoriedad=1 ^ sensitividad=4,1
r18=1 ^ r27=0 ^ width=1 ^ actividad=1,transitoriedad=1,3
r18=1 ^ r27=0 ^ width=1 ^ actividad=1,freq ceros=1 ^ freq unos=1 ^ freq dos=1 ^ entropia=1 ^ transitoriedad=1 ^ time entropy=1,1
r4=1 ^ r24=2,freq unos=4 ^ freq dos=5 ^ width=1 ^ transitoriedad=2,1
r18=1 ^ r26=0 ^ r27=0 ^ freq ceros=1,freq unos=1 ^ entropia=1 ^ transitoriedad=1,1
r18=1 ^ r27=0 ^ width=1 ^ actividad=1,freq ceros=1 ^ transitoriedad=1,1
r18=1 ^ r27=0 ^ freq dos=1 ^ width=1,transitoriedad=1,1
r18=1 ^ r27=0 ^ width=1 ^ entropia=1,simetria=1 ^ transitoriedad=1,1
