antecedente,consecuente,contador
r18=1 ^ r26=1 ^ r27=0,freq ceros=5 ^ freq unos=2 ^ freq dos=1 ^ simetria=1 ^ actividad=1 ^ entropia=1,1
r24=0 ^ r27=0 ^ actividad=2 ^ time entropy=1,freq ceros=5 ^ freq unos=1 ^ freq dos=1 ^ width=2 ^ simetria=1 ^ entropia=1,1
r18=1 ^ r24=0 ^ r27=0,freq ceros=5 ^ freq unos=2 ^ freq dos=1 ^ simetria=1 ^ actividad=1 ^ entropia=1,1
r18=1 ^ r26=1 ^ r27=0 ^ time entropy=1,freq ceros=5 ^ width=2 ^ simetria=1 ^ entropia=1,1
r27=0 ^ transitoriedad=2 ^ time entropy=1,freq ceros=5 ^ width=2 ^ simetria=1 ^ entropia=1,1
r27=0 ^ actividad=1 ^ time entropy=1,freq ceros=5 ^ width=2 ^ simetria=1 ^ entropia=1,1
r24=0 ^ r27=0 ^ actividad=2 ^ time entropy=1,freq ceros=5 ^ freq unos=1 ^ freq dos=1 ^ simetria=1 ^ entropia=1,1
r26=1 ^ r27=0 ^ time entropy=1,freq ceros=5 ^ freq unos=2 ^ freq dos=1 ^ width=2 ^ simetria=1 ^ entropia=1,2
r18=1 ^ r27=0 ^ actividad=1 ^ transitoriedad=2,freq ceros=5 ^ freq unos=4 ^ freq dos=1 ^ width=2 ^ entropia=1,1
r18=1 ^ r26=1 ^ transitoriedad=2 ^ time entropy=1,freq ceros=5 ^ freq unos=1 ^ freq dos=1 ^ simetria=1 ^ entropia=1,1
r21=0 ^ transitoriedad=2 ^ time entropy=1,freq ceros=5 ^ freq unos=4 ^ freq dos=1 ^ width=2 ^ entropia=1,1
r26=1 ^ r27=0 ^ time entropy=1,freq ceros=5 ^ freq unos=4 ^ freq dos=1 ^ width=2 ^ simetria=1 ^ entropia=1,1
r27=0 ^ actividad=1 ^ transitoriedad=2 ^ time entropy=1,freq ceros=5 ^ freq unos=4 ^ freq dos=1 ^ width=2 ^ entropia=1,1
r27=0 ^ actividad=2 ^ transitoriedad=2 ^ time entropy=1,freq ceros=5 ^ freq unos=1 ^ freq dos=1 ^ width=2 ^ simetria=1 ^ entropia=1,1
r26=1 ^ r27=0 ^ actividad=1 ^ time entropy=1,freq ceros=5 ^ freq unos=4 ^ freq dos=1 ^ width=2 ^ entropia=1,1
r27=0 ^ time entropy=1,freq ceros=5 ^ freq unos=2 ^ freq dos=1 ^ simetria=1 ^ actividad=1 ^ entropia=1,1
r26=1 ^ r27=0 ^ simetria=1 ^ time entropy=1,freq ceros=5 ^ freq unos=4 ^ freq dos=1 ^ width=2 ^ entropia=1,1
r27=0 ^ actividad=1 ^ time entropy=1,freq ceros=5 ^ freq unos=4 ^ freq dos=1 ^ width=2 ^ entropia=1,1
r26=1 ^ actividad=2 ^ transitoriedad=2 ^ time entropy=1,freq ceros=5 ^ width=2 ^ simetria=1 ^ entropia=1,1
r26=1 ^ r27=0 ^ transitoriedad=2 ^ time entropy=1,freq ceros=5 ^ freq unos=4 ^ freq dos=1 ^ width=2 ^ entropia=1,1
r18=1 ^ r26=1 ^ r27=0 ^ time entropy=1,freq ceros=5 ^ freq unos=4 ^ freq dos=1 ^ width=2 ^ simetria=1 ^ actividad=1 ^ entropia=1,1
r26=1 ^ r27=0 ^ time entropy=1,freq ceros=5 ^ freq unos=4 ^ freq dos=1 ^ width=2 ^ simetria=1 ^ actividad=1 ^ entropia=1,1
r27=0 ^ pasos=1 ^ time entropy=1,freq ceros=5 ^ freq unos=1 ^ freq dos=1 ^ simetria=1 ^ actividad=1 ^ entropia=1,1
r18=1 ^ r27=0 ^ simetria=2 ^ transitoriedad=2,freq ceros=5 ^ freq unos=4 ^ freq dos=1 ^ width=2 ^ actividad=1 ^ entropia=1,3
r18=1 ^ r24=0 ^ r27=0 ^ time entropy=1,freq ceros=5 ^ freq unos=2 ^ freq dos=1 ^ simetria=1 ^ actividad=1 ^ entropia=1,1
r18=1 ^ r27=0 ^ pasos=1 ^ simetria=2,freq ceros=5 ^ freq unos=4 ^ freq dos=1 ^ width=2 ^ actividad=1 ^ entropia=1,1
r18=1 ^ r26=1 ^ r27=0 ^ time entropy=1,freq ceros=5 ^ freq unos=4 ^ freq dos=1 ^ width=2 ^ simetria=1 ^ entropia=1,1
r24=0 ^ r27=0 ^ actividad=2 ^ time entropy=1,freq ceros=5 ^ freq dos=1 ^ width=2 ^ simetria=1 ^ entropia=1,1
r24=0 ^ r26=1 ^ r27=0 ^ time entropy=1,freq ceros=5 ^ freq unos=2 ^ freq dos=1 ^ simetria=1 ^ actividad=1 ^ entropia=1,1
r24=0 ^ r26=1 ^ transitoriedad=2 ^ time entropy=1,freq ceros=5 ^ freq unos=2 ^ freq dos=1 ^ simetria=1 ^ actividad=1 ^ entropia=1,1
r18=1 ^ r27=0 ^ transitoriedad=2 ^ time entropy=1,freq ceros=5 ^ freq unos=4 ^ freq dos=1 ^ width=2 ^ actividad=1 ^ entropia=1,2
r26=1 ^ actividad=2 ^ time entropy=1,freq ceros=5 ^ freq unos=2 ^ freq dos=1 ^ width=2 ^ simetria=1 ^ entropia=1,1
r18=1 ^ r27=0 ^ time entropy=1,freq ceros=5 ^ freq unos=1 ^ freq dos=1 ^ simetria=1 ^ actividad=1 ^ entropia=1,1
r27=0 ^ actividad=2 ^ time entropy=1,freq ceros=5 ^ freq unos=1 ^ width=2 ^ simetria=1 ^ entropia=1,1
r18=1 ^ r26=1 ^ r27=0 ^ transitoriedad=2,freq ceros=5 ^ freq unos=4 ^ freq dos=1 ^ width=2 ^ entropia=1,2
r26=1 ^ transitoriedad=2 ^ time entropy=1,freq ceros=5 ^ freq unos=4 ^ freq dos=1 ^ width=2 ^ pasos=1 ^ actividad=1 ^ entropia=1,1
r18=1 ^ r26=1 ^ r27=0 ^ time entropy=1,freq ceros=5 ^ freq unos=2 ^ freq dos=1 ^ width=2 ^ simetria=1 ^ entropia=1,2
r27=0 ^ actividad=2 ^ transitoriedad=2 ^ time entropy=1,freq ceros=5 ^ freq dos=1 ^ width=2 ^ simetria=1 ^ entropia=1,1
r27=0 ^ transitoriedad=2 ^ time entropy=1,freq ceros=5 ^ freq unos=4 ^ freq dos=1 ^ width=2 ^ simetria=1 ^ actividad=1 ^ entropia=1,1
r18=1 ^ r27=0 ^ actividad=1 ^ time entropy=1,freq ceros=5 ^ freq unos=1 ^ freq dos=1 ^ width=2 ^ simetria=1 ^ entropia=1,1
r18=0 ^ r24=0 ^ width=2 ^ time entropy=1,freq ceros=5 ^ freq unos=1 ^ freq dos=1 ^ simetria=1 ^ entropia=1,2
r18=1 ^ r27=0 ^ actividad=1,freq ceros=5 ^ freq unos=1 ^ freq dos=1 ^ simetria=1 ^ entropia=1,2
r27=0 ^ actividad=1,freq ceros=5 ^ freq unos=1 ^ freq dos=1 ^ simetria=1 ^ entropia=1,1
r18=1 ^ r26=1 ^ pasos=1 ^ actividad=1,freq ceros=5 ^ freq unos=1 ^ freq dos=1 ^ width=2 ^ simetria=1 ^ entropia=1,1
r18=1 ^ r24=0 ^ time entropy=1,freq ceros=5 ^ freq unos=2 ^ freq dos=1 ^ simetria=1 ^ actividad=1 ^ entropia=1,1
r18=1 ^ r24=0 ^ r27=0 ^ actividad=1,freq ceros=5 ^ freq unos=1 ^ freq dos=1 ^ simetria=1 ^ entropia=1,1
r26=1 ^ r27=0 ^ time entropy=1,freq ceros=5 ^ freq unos=4 ^ freq dos=1 ^ width=2 ^ entropia=1,3
r26=1 ^ r27=0 ^ pasos=1 ^ actividad=2,freq ceros=5 ^ freq unos=1 ^ freq dos=1 ^ simetria=1 ^ entropia=1,1
r26=1 ^ r27=0 ^ transitoriedad=2 ^ time entropy=1,freq ceros=5 ^ freq dos=1 ^ width=2 ^ simetria=1 ^ actividad=1 ^ entropia=1,1
r24=0 ^ r27=0 ^ actividad=2 ^ time entropy=1,freq ceros=5 ^ freq unos=1 ^ width=2 ^ simetria=1 ^ entropia=1,1
r18=1 ^ r26=1 ^ r27=0 ^ width=2,freq ceros=5 ^ freq dos=1 ^ actividad=1 ^ entropia=1,1
r27=0,freq ceros=5 ^ freq dos=1 ^ width=2 ^ simetria=1 ^ entropia=1,1
r18=1 ^ r26=1 ^ actividad=1 ^ time entropy=1,freq ceros=5 ^ freq unos=4 ^ freq dos=1 ^ width=2 ^ entropia=1,1
r18=1 ^ r27=0 ^ width=2 ^ transitoriedad=1,freq unos=1 ^ freq dos=1 ^ actividad=1 ^ entropia=1,1
r18=1 ^ r24=0 ^ r27=0 ^ actividad=2,freq ceros=5 ^ freq dos=1 ^ width=2 ^ simetria=1 ^ entropia=1,1
r18=1 ^ r24=0 ^ r27=0,freq ceros=5 ^ freq unos=1 ^ freq dos=1 ^ simetria=1 ^ actividad=1 ^ entropia=1,1
r18=1 ^ r27=0 ^ pasos=1 ^ time entropy=1,freq ceros=5 ^ freq unos=1 ^ freq dos=1 ^ width=2 ^ simetria=1 ^ entropia=1,1
r18=0 ^ r27=0 ^ width=5 ^ transitoriedad=2,freq ceros=5 ^ pasos=1 ^ simetria=2,1
r18=1 ^ r24=0 ^ r27=0 ^ actividad=1,freq ceros=5 ^ freq dos=1 ^ width=2 ^ simetria=1 ^ entropia=1,1
r27=0 ^ pasos=1 ^ time entropy=1,freq ceros=5 ^ freq unos=1 ^ freq dos=1 ^ width=2 ^ simetria=1 ^ entropia=1,1
r18=1 ^ r26=1 ^ r27=0 ^ width=2,freq ceros=5 ^ freq dos=1 ^ simetria=1 ^ entropia=1,1
r27=0 ^ simetria=2 ^ time entropy=1,freq ceros=5 ^ freq unos=4 ^ freq dos=1 ^ width=2 ^ actividad=1 ^ entropia=1,7
r27=0 ^ width=2 ^ transitoriedad=1,freq dos=1 ^ actividad=1 ^ entropia=1,1
r18=1 ^ r27=0 ^ transitoriedad=2 ^ time entropy=1,freq ceros=5 ^ freq unos=1 ^ freq dos=1 ^ simetria=1 ^ actividad=1 ^ entropia=1,2
r3=2 ^ r6=2 ^ r25=0 ^ r26=1,freq ceros=5 ^ freq unos=1 ^ entropia=1 ^ transitoriedad=1,1
r18=1 ^ r24=0 ^ r27=0 ^ time entropy=1,freq ceros=5 ^ freq unos=1 ^ freq dos=1 ^ width=2 ^ simetria=1 ^ entropia=1,1
r18=1 ^ r27=0 ^ time entropy=1,freq ceros=5 ^ freq dos=1 ^ width=2 ^ simetria=1 ^ entropia=1,6
r27=0 ^ width=2 ^ transitoriedad=1 ^ time entropy=1,freq unos=1 ^ freq dos=1 ^ entropia=1,1
r26=1 ^ r27=0 ^ simetria=2 ^ actividad=1,freq ceros=5 ^ freq unos=4 ^ freq dos=1 ^ width=2 ^ entropia=1,1
r27=0 ^ actividad=2 ^ time entropy=1,freq ceros=5 ^ freq unos=1 ^ freq dos=1 ^ simetria=1 ^ entropia=1,9
r18=1 ^ r26=1 ^ simetria=2 ^ time entropy=1,freq ceros=5 ^ freq unos=4 ^ freq dos=1 ^ width=2 ^ pasos=1 ^ actividad=1 ^ entropia=1,1
r1=1 ^ r11=2 ^ r17=1 ^ simetria=1,freq unos=5 ^ freq dos=2 ^ pasos=2 ^ actividad=5 ^ entropia=4 ^ transitoriedad=1 ^ time entropy=1,1
r24=0 ^ r26=1 ^ time entropy=1,freq ceros=5 ^ freq unos=2 ^ freq dos=1 ^ simetria=1 ^ actividad=1 ^ entropia=1,1
r18=1 ^ r26=1 ^ r27=0 ^ actividad=1,freq ceros=5 ^ freq unos=1 ^ freq dos=1 ^ simetria=1 ^ entropia=1,1
r18=1 ^ r27=0 ^ transitoriedad=1,freq dos=1 ^ width=2 ^ entropia=1,1
r18=1 ^ r26=1 ^ transitoriedad=2 ^ time entropy=1,freq ceros=5 ^ freq unos=4 ^ freq dos=1 ^ width=2 ^ entropia=1,2
r26=1 ^ r27=0 ^ transitoriedad=1,actividad=5 ^ entropia=1,1
r18=1 ^ r27=0 ^ time entropy=1,freq ceros=5 ^ freq unos=1 ^ freq dos=1 ^ simetria=1 ^ entropia=1,15
r18=1 ^ r27=0 ^ pasos=1 ^ time entropy=1,freq ceros=5 ^ freq unos=1 ^ freq dos=1 ^ simetria=1 ^ actividad=1 ^ entropia=1,1
r27=0 ^ transitoriedad=2 ^ time entropy=1,freq ceros=5 ^ freq dos=1 ^ width=2 ^ simetria=1 ^ actividad=1 ^ entropia=1,2
r27=0 ^ time entropy=4,freq ceros=5 ^ freq dos=1 ^ width=2 ^ simetria=1 ^ actividad=1 ^ entropia=1,1
r18=1 ^ r27=0 ^ pasos=1 ^ time entropy=1,freq ceros=5 ^ freq unos=1 ^ freq dos=1 ^ simetria=1 ^ entropia=1,2
r18=1 ^ r24=0 ^ actividad=2 ^ time entropy=1,freq ceros=5 ^ freq unos=2 ^ freq dos=1 ^ width=2 ^ simetria=1 ^ entropia=1,1
r18=1 ^ r26=1 ^ r27=0 ^ time entropy=1,freq ceros=5 ^ freq unos=4 ^ freq dos=1 ^ width=2 ^ actividad=1 ^ entropia=1,3
r4=1 ^ r8=2 ^ r13=2 ^ r17=0,freq ceros=3 ^ freq unos=2 ^ freq dos=3 ^ simetria=1,1
r18=1 ^ r27=0 ^ transitoriedad=2 ^ time entropy=1,freq ceros=5 ^ freq unos=1 ^ freq dos=1 ^ simetria=1 ^ entropia=1,1
r26=1 ^ r27=0 ^ pasos=1 ^ time entropy=1,freq ceros=5 ^ freq unos=4 ^ freq dos=1 ^ width=2 ^ entropia=1,1
r27=0 ^ actividad=2 ^ transitoriedad=2 ^ time entropy=1,freq ceros=5 ^ freq unos=1 ^ freq dos=1 ^ simetria=1 ^ entropia=1,1
r18=1 ^ r24=0 ^ r27=0 ^ transitoriedad=1,freq ceros=5 ^ freq unos=1 ^ freq dos=1 ^ actividad=1 ^ entropia=1,1
r27=0 ^ time entropy=1,freq ceros=5 ^ freq unos=1 ^ freq dos=1 ^ width=2 ^ simetria=1 ^ entropia=1,7
r18=0 ^ r27=0 ^ width=5 ^ simetria=2,freq ceros=5,3
r18=1 ^ r27=0 ^ transitoriedad=2 ^ time entropy=1,freq ceros=5 ^ freq unos=1 ^ freq dos=1 ^ width=2 ^ simetria=1 ^ entropia=1,1
r27=0 ^ transitoriedad=2 ^ time entropy=1,freq ceros=5 ^ freq unos=1 ^ freq dos=1 ^ simetria=1 ^ actividad=1 ^ entropia=1,2
r27=0 ^ time entropy=1,freq ceros=5 ^ freq dos=1 ^ width=2 ^ simetria=1 ^ entropia=1,7
r27=0 ^ time entropy=1,freq ceros=5 ^ freq unos=1 ^ freq dos=1 ^ simetria=1 ^ actividad=1 ^ entropia=1,3
r26=1 ^ r27=0 ^ actividad=1 ^ time entropy=1,freq ceros=5 ^ freq dos=1 ^ width=2 ^ simetria=1 ^ entropia=1,1
r18=1 ^ r26=1 ^ r27=0 ^ width=2,freq ceros=5 ^ freq dos=1,1
r18=1 ^ r27=0 ^ pasos=1 ^ transitoriedad=2,freq ceros=5 ^ freq unos=4 ^ freq dos=1 ^ width=2 ^ actividad=1 ^ entropia=1,1
r18=1 ^ r27=0 ^ width=2 ^ time entropy=1,freq ceros=5 ^ freq unos=1 ^ freq dos=1 ^ simetria=1 ^ entropia=1,1
r18=1 ^ r26=1 ^ r27=0 ^ width=2,freq ceros=5 ^ freq dos=1 ^ entropia=1,1
r18=1 ^ r24=0 ^ r27=0,freq ceros=5 ^ freq unos=1 ^ freq dos=1 ^ simetria=1,1
r27=0 ^ pasos=1 ^ transitoriedad=2 ^ time entropy=1,freq ceros=5 ^ freq unos=4 ^ freq dos=1 ^ width=2 ^ actividad=1 ^ entropia=1,1
r18=1 ^ r26=1 ^ simetria=2 ^ transitoriedad=2,freq ceros=5 ^ freq unos=4 ^ width=2 ^ actividad=1 ^ entropia=1,1
r18=1 ^ r27=0 ^ time entropy=1,freq ceros=5 ^ freq unos=1 ^ freq dos=1 ^ width=2 ^ pasos=1 ^ simetria=1 ^ entropia=1,1
r27=0 ^ time entropy=1,freq ceros=5 ^ freq unos=1 ^ freq dos=1 ^ simetria=1 ^ entropia=1,6
r18=0 ^ r27=0 ^ width=5 ^ transitoriedad=2,freq ceros=5 ^ pasos=1,1
r18=1 ^ r27=0 ^ actividad=1 ^ time entropy=1,freq ceros=5 ^ freq unos=1 ^ freq dos=1 ^ simetria=1 ^ entropia=1,2
r18=1 ^ r27=0 ^ transitoriedad=1,freq ceros=5 ^ freq dos=1 ^ actividad=1 ^ entropia=1,1
r18=1 ^ r26=1 ^ r27=0 ^ time entropy=1,freq ceros=5 ^ freq unos=4 ^ freq dos=1 ^ width=2 ^ entropia=1,4
r18=1 ^ r27=0 ^ width=2 ^ actividad=2,freq ceros=5 ^ freq unos=1 ^ freq dos=1 ^ simetria=1 ^ entropia=1,1
r18=1 ^ r24=0 ^ r27=0 ^ width=2,freq ceros=5 ^ freq unos=1 ^ freq dos=1 ^ simetria=1 ^ entropia=1,1
r6=1 ^ r17=0 ^ r27=1 ^ freq dos=3,freq ceros=5 ^ width=5 ^ pasos=2 ^ transitoriedad=2 ^ sensitividad=4 ^ time entropy=3,1
r26=1 ^ r27=0 ^ transitoriedad=2 ^ time entropy=1,freq ceros=5 ^ freq unos=2 ^ freq dos=1 ^ simetria=1 ^ actividad=1 ^ entropia=1,5
r18=1 ^ r26=1 ^ r27=0 ^ pasos=1,freq ceros=5 ^ freq unos=4 ^ freq dos=1 ^ width=2 ^ actividad=1 ^ entropia=1,1
r18=1 ^ r27=0 ^ time entropy=1,freq ceros=5 ^ freq unos=1 ^ freq dos=1 ^ width=2 ^ simetria=1 ^ entropia=1,3
r2=2 ^ r22=1 ^ r23=0 ^ r26=1,width=5 ^ actividad=4 ^ transitoriedad=1,1
r27=0 ^ simetria=2 ^ transitoriedad=2 ^ time entropy=1,freq ceros=5 ^ freq unos=4 ^ width=2 ^ actividad=1 ^ entropia=1,2
r27=0 ^ actividad=1 ^ transitoriedad=2,freq ceros=5 ^ freq unos=4 ^ freq dos=1 ^ width=2 ^ entropia=1,1
r27=0 ^ transitoriedad=2 ^ time entropy=1,freq ceros=5 ^ freq unos=2 ^ freq dos=1 ^ simetria=1 ^ actividad=1 ^ entropia=1,1
r18=1 ^ r24=0 ^ r27=0,freq ceros=5 ^ freq unos=1 ^ freq dos=1 ^ simetria=1 ^ entropia=1,2
r18=1 ^ r27=0 ^ time entropy=1,freq ceros=5 ^ freq unos=2 ^ freq dos=1 ^ simetria=1 ^ actividad=1 ^ entropia=1,1
r18=1 ^ r27=0 ^ pasos=1 ^ time entropy=1,freq ceros=5 ^ freq unos=2 ^ freq dos=1 ^ width=2 ^ simetria=1 ^ entropia=1,1
r18=0 ^ r27=0 ^ width=5,freq ceros=5 ^ pasos=1 ^ simetria=2 ^ transitoriedad=2,1
r27=0 ^ transitoriedad=2 ^ time entropy=1,freq ceros=5 ^ freq unos=4 ^ freq dos=1 ^ width=2 ^ actividad=1 ^ entropia=1,1
r18=1 ^ r26=1 ^ r27=0 ^ simetria=2,freq ceros=5 ^ freq unos=4 ^ freq dos=1 ^ width=2 ^ actividad=1 ^ entropia=1,4
r18=1 ^ r27=0 ^ time entropy=1,freq ceros=5 ^ freq unos=1 ^ freq dos=1 ^ width=2 ^ simetria=1 ^ actividad=1 ^ entropia=1,1
r26=1 ^ r27=0 ^ time entropy=1,freq ceros=5 ^ freq unos=1 ^ freq dos=1 ^ width=2 ^ simetria=1 ^ entropia=1,2
r18=1 ^ r27=0 ^ transitoriedad=1,actividad=5 ^ entropia=1,1
r18=1 ^ r27=0 ^ transitoriedad=1 ^ time entropy=1,freq ceros=5 ^ freq dos=1 ^ actividad=1 ^ entropia=1,1
r18=1 ^ r26=1 ^ simetria=2 ^ time entropy=1,freq ceros=5 ^ freq unos=4 ^ freq dos=1 ^ width=2 ^ actividad=1 ^ entropia=1,2
r18=1 ^ r27=0 ^ transitoriedad=2 ^ time entropy=1,freq ceros=5 ^ freq dos=1 ^ width=2 ^ simetria=1 ^ entropia=1,1
r27=0 ^ time entropy=1,freq ceros=5 ^ freq unos=1 ^ freq dos=1 ^ width=2 ^ simetria=1 ^ actividad=1 ^ entropia=1,1
r18=0 ^ r27=0 ^ width=5 ^ transitoriedad=2,freq ceros=5,2
r27=0 ^ pasos=1 ^ time entropy=1,freq ceros=5 ^ freq unos=1 ^ freq dos=1 ^ simetria=1 ^ entropia=1,2
r18=1 ^ r27=0 ^ pasos=1 ^ time entropy=1,freq ceros=5 ^ freq unos=4 ^ freq dos=1 ^ width=2 ^ actividad=1 ^ entropia=1,1
r18=1 ^ r26=1 ^ r27=0 ^ width=2,freq ceros=5 ^ freq unos=1 ^ freq dos=1 ^ actividad=1 ^ entropia=1,1
r26=1 ^ r27=0 ^ simetria=2 ^ transitoriedad=2,freq ceros=5 ^ freq unos=4 ^ freq dos=1 ^ width=2 ^ actividad=1 ^ entropia=1,2
r18=1 ^ r26=1 ^ transitoriedad=2 ^ time entropy=1,freq ceros=5 ^ freq unos=2 ^ freq dos=1 ^ simetria=1 ^ actividad=1 ^ entropia=1,1
r18=1 ^ r26=1 ^ r27=0 ^ time entropy=1,freq ceros=5 ^ freq unos=1 ^ freq dos=1 ^ width=2 ^ simetria=1 ^ entropia=1,6
r18=1 ^ r24=0 ^ r27=0 ^ transitoriedad=1,freq ceros=5 ^ freq dos=1 ^ width=2 ^ entropia=1,1
r26=1 ^ r27=0 ^ simetria=2 ^ time entropy=1,freq ceros=5 ^ freq unos=4 ^ freq dos=1 ^ width=2 ^ actividad=1 ^ entropia=1,12
r3=1 ^ simetria=2 ^ transitoriedad=2 ^ time entropy=1,freq ceros=5 ^ freq unos=4 ^ freq dos=1 ^ width=2 ^ actividad=1 ^ entropia=1,1
r27=0 ^ actividad=2 ^ time entropy=1,freq ceros=5 ^ width=2 ^ simetria=1 ^ entropia=1,6
r27=0 ^ pasos=1 ^ simetria=2 ^ time entropy=1,freq ceros=5 ^ freq unos=4 ^ freq dos=1 ^ width=2 ^ actividad=1 ^ entropia=1,3
r7=2 ^ r9=1 ^ r10=2 ^ sensitividad=1,freq ceros=5 ^ pasos=2 ^ actividad=3,1
r27=0 ^ actividad=2,freq ceros=5 ^ freq unos=1 ^ freq dos=1 ^ width=2 ^ simetria=1 ^ entropia=1,1
r24=0 ^ actividad=2 ^ transitoriedad=2 ^ time entropy=1,freq ceros=5 ^ freq dos=1 ^ width=2 ^ simetria=1 ^ entropia=1,1
r26=1 ^ pasos=1 ^ simetria=2 ^ time entropy=1,freq ceros=5 ^ freq unos=4 ^ freq dos=1 ^ width=2 ^ actividad=1 ^ entropia=1,3
r18=1 ^ r27=0 ^ simetria=2 ^ time entropy=1,freq ceros=5 ^ freq unos=4 ^ freq dos=1 ^ width=2 ^ actividad=1 ^ entropia=1,6
r26=1 ^ r27=0 ^ pasos=1 ^ time entropy=1,freq ceros=5 ^ freq unos=4 ^ freq dos=1 ^ width=2 ^ actividad=1 ^ entropia=1,3
r27=0 ^ actividad=2 ^ transitoriedad=2 ^ time entropy=1,freq ceros=5 ^ width=2 ^ simetria=1 ^ entropia=1,1
r27=0 ^ simetria=2 ^ transitoriedad=2 ^ time entropy=1,freq ceros=5 ^ freq unos=4 ^ freq dos=1 ^ width=2 ^ actividad=1 ^ entropia=1,11
r7=1 ^ r17=2 ^ r26=1 ^ entropia=1,freq ceros=4 ^ pasos=1 ^ actividad=4 ^ transitoriedad=1,1
r18=1 ^ simetria=2 ^ transitoriedad=2 ^ time entropy=1,freq ceros=5 ^ freq unos=4 ^ freq dos=1 ^ width=2 ^ pasos=1 ^ actividad=1 ^ entropia=1,1
r26=1 ^ r27=0 ^ transitoriedad=2 ^ time entropy=1,freq ceros=5 ^ freq unos=4 ^ freq dos=1 ^ width=2 ^ actividad=1 ^ entropia=1,9
r24=0 ^ r26=1 ^ actividad=2 ^ time entropy=1,freq ceros=5 ^ width=2 ^ simetria=1 ^ entropia=1,1
r27=0 ^ actividad=2 ^ time entropy=1,freq ceros=5 ^ freq dos=1 ^ width=2 ^ simetria=1 ^ entropia=1,4
r18=1 ^ r27=0 ^ actividad=2 ^ time entropy=1,freq ceros=5 ^ freq unos=1 ^ freq dos=1 ^ width=2 ^ simetria=1 ^ entropia=1,4
r26=1 ^ r27=0 ^ time entropy=1,freq ceros=5 ^ freq unos=1 ^ freq dos=1 ^ simetria=1 ^ entropia=1,1
r16=1 ^ r26=1 ^ r27=0 ^ time entropy=1,freq ceros=5 ^ freq unos=1 ^ freq dos=1 ^ width=2 ^ simetria=1 ^ entropia=1,1
r26=1 ^ r27=0 ^ simetria=2 ^ time entropy=1,freq ceros=5 ^ freq unos=4 ^ freq dos=1 ^ width=2 ^ entropia=1,4
r26=1 ^ r27=0 ^ time entropy=1,freq ceros=5 ^ freq unos=2 ^ freq dos=1 ^ simetria=1 ^ actividad=1 ^ entropia=1,1
r26=1 ^ r27=0 ^ actividad=2 ^ time entropy=1,freq ceros=5 ^ freq unos=1 ^ freq dos=1 ^ simetria=1 ^ entropia=1,1
r18=1 ^ r27=0 ^ transitoriedad=2 ^ time entropy=1,freq ceros=5 ^ freq unos=2 ^ freq dos=1 ^ simetria=1 ^ actividad=1 ^ entropia=1,1
r18=1 ^ r26=1 ^ r27=0 ^ transitoriedad=2,freq ceros=5 ^ freq unos=4 ^ freq dos=1 ^ width=2 ^ actividad=1 ^ entropia=1,3
r26=1 ^ simetria=2 ^ transitoriedad=2 ^ time entropy=1,freq ceros=5 ^ freq unos=4 ^ width=2 ^ actividad=1 ^ entropia=1,1
r26=1 ^ r27=0 ^ time entropy=1,freq ceros=5 ^ freq unos=1 ^ width=2 ^ simetria=1 ^ entropia=1,1
r26=1 ^ r27=0 ^ actividad=2 ^ time entropy=1,freq ceros=5 ^ freq unos=2 ^ freq dos=1 ^ width=2 ^ simetria=1 ^ entropia=1,4
r27=0 ^ actividad=1 ^ time entropy=1,freq ceros=5 ^ freq dos=1 ^ width=2 ^ simetria=1 ^ entropia=1,1
r18=1 ^ r24=0 ^ r27=0 ^ time entropy=1,freq ceros=5 ^ freq unos=1 ^ freq dos=1 ^ simetria=1 ^ entropia=1,1
r18=1 ^ pasos=1 ^ actividad=2 ^ time entropy=1,freq ceros=5 ^ freq unos=1 ^ freq dos=1 ^ width=2 ^ simetria=1 ^ entropia=1,1
r26=1 ^ r27=0 ^ simetria=2 ^ time entropy=1,freq ceros=5 ^ freq unos=4 ^ width=2 ^ actividad=1 ^ entropia=1,1
r27=0 ^ time entropy=4,freq ceros=5 ^ freq unos=1 ^ freq dos=1 ^ simetria=1 ^ entropia=1,1
r27=0 ^ time entropy=1,freq ceros=5 ^ freq dos=1 ^ width=2 ^ simetria=1 ^ actividad=1 ^ entropia=1,1
r1=1 ^ r7=2 ^ r19=0 ^ r27=1,width=1 ^ simetria=2 ^ actividad=3 ^ entropia=4 ^ transitoriedad=1 ^ time entropy=2,2
r27=0 ^ pasos=1 ^ actividad=2 ^ time entropy=1,freq ceros=5 ^ freq unos=1 ^ freq dos=1 ^ width=2 ^ simetria=1 ^ entropia=1,1
r27=0 ^ actividad=2 ^ time entropy=1,freq ceros=5 ^ freq unos=1 ^ freq dos=1 ^ width=2 ^ simetria=1 ^ entropia=1,8
r26=1 ^ r27=0 ^ time entropy=1,freq ceros=5 ^ freq dos=1 ^ width=2 ^ simetria=1 ^ actividad=1 ^ entropia=1,2
r26=1 ^ r27=0 ^ pasos=1 ^ time entropy=1,freq ceros=5 ^ freq unos=1 ^ freq dos=1 ^ width=2 ^ simetria=1 ^ entropia=1,1
r18=1 ^ r26=1 ^ r27=0 ^ simetria=2,freq ceros=5 ^ freq unos=4 ^ freq dos=1 ^ width=2 ^ entropia=1,2
r18=1 ^ r27=0 ^ actividad=2 ^ time entropy=1,freq ceros=5 ^ freq dos=1 ^ width=2 ^ simetria=1 ^ entropia=1,3
r26=1 ^ r27=0 ^ time entropy=1,freq ceros=5 ^ freq dos=1 ^ width=2 ^ simetria=1 ^ entropia=1,1
r26=1 ^ r27=0 ^ transitoriedad=2 ^ time entropy=1,freq ceros=5 ^ freq unos=1 ^ freq dos=1 ^ simetria=1 ^ entropia=1,1
r18=1 ^ r26=1 ^ r27=0 ^ time entropy=1,freq ceros=5 ^ freq unos=2 ^ freq dos=1 ^ simetria=1 ^ actividad=1 ^ entropia=1,13
r18=1 ^ r27=0 ^ transitoriedad=2 ^ time entropy=1,freq ceros=5 ^ freq dos=1 ^ width=2 ^ simetria=1 ^ actividad=1 ^ entropia=1,1
r26=1 ^ actividad=2 ^ time entropy=1,freq ceros=5 ^ freq dos=1 ^ width=2 ^ simetria=1 ^ entropia=1,2
r18=1 ^ r27=0 ^ actividad=2 ^ time entropy=1,freq ceros=5 ^ freq unos=1 ^ freq dos=1 ^ simetria=1 ^ entropia=1,2
r18=1 ^ r26=1 ^ r27=0 ^ time entropy=1,freq ceros=5 ^ freq dos=1 ^ width=2 ^ simetria=1 ^ entropia=1,3
r26=1 ^ r27=0 ^ time entropy=1,freq ceros=5 ^ freq unos=4 ^ freq dos=1 ^ width=2 ^ actividad=1 ^ entropia=1,1
r18=1 ^ r26=1 ^ transitoriedad=2 ^ time entropy=1,freq ceros=5 ^ freq unos=4 ^ freq dos=1 ^ width=2 ^ actividad=1 ^ entropia=1,3
