antecedente,consecuente,jaccard,cosine,phi,kappa
r27=0 ^ actividad=1 ^ transitoriedad=2 ^ time entropy=1,freq ceros=5 ^ freq unos=1 ^ freq dos=1 ^ width=2 ^ entropia=1,0.639178,0.406698,0.211437,0.229503
r27=0 ^ actividad=1 ^ transitoriedad=2 ^ time entropy=1,freq ceros=5 ^ freq unos=1 ^ freq dos=1 ^ width=2 ^ entropia=1,0.639178,0.406698,0.211437,0.229503
r27=0 ^ actividad=1 ^ transitoriedad=2 ^ time entropy=1,freq ceros=5 ^ freq unos=1 ^ freq dos=1 ^ width=2 ^ entropia=1,0.639178,0.406698,0.211437,0.229503
r27=0 ^ actividad=1 ^ transitoriedad=2 ^ time entropy=1,freq ceros=5 ^ freq unos=1 ^ freq dos=1 ^ width=2 ^ entropia=1,0.639178,0.406698,0.211437,0.229503
r27=0 ^ actividad=1 ^ transitoriedad=2 ^ time entropy=1,freq ceros=5 ^ freq unos=1 ^ freq dos=1 ^ width=2 ^ entropia=1,0.639178,0.406698,0.211437,0.229503
r27=0 ^ simetria=2 ^ transitoriedad=2 ^ time entropy=1,freq ceros=5 ^ width=2 ^ actividad=1 ^ entropia=1,0.589912,0.466290,0.243646,0.270598
r27=0 ^ actividad=1 ^ transitoriedad=2 ^ time entropy=1,freq ceros=5 ^ freq unos=1 ^ freq dos=1 ^ width=2 ^ entropia=1,0.639178,0.406698,0.211437,0.229503
r27=0 ^ actividad=1 ^ transitoriedad=2 ^ time entropy=1,freq ceros=5 ^ freq unos=1 ^ freq dos=1 ^ width=2 ^ entropia=1,0.639178,0.406698,0.211437,0.229503
r27=0 ^ actividad=1 ^ transitoriedad=2 ^ time entropy=1,freq ceros=5 ^ freq unos=1 ^ freq dos=1 ^ width=2 ^ entropia=1,0.639178,0.406698,0.211437,0.229503
r27=0 ^ actividad=1 ^ transitoriedad=2 ^ time entropy=1,freq ceros=5 ^ freq unos=1 ^ freq dos=1 ^ width=2 ^ entropia=1,0.639178,0.406698,0.211437,0.229503
r27=0 ^ actividad=1 ^ transitoriedad=2 ^ time entropy=1,freq ceros=5 ^ freq unos=1 ^ freq dos=1 ^ width=2 ^ entropia=1,0.639178,0.406698,0.211437,0.229503
r27=0 ^ actividad=1 ^ transitoriedad=2 ^ time entropy=1,freq ceros=5 ^ freq unos=1 ^ freq dos=1 ^ width=2 ^ entropia=1,0.639178,0.406698,0.211437,0.229503
r27=0 ^ simetria=2 ^ transitoriedad=2 ^ time entropy=1,freq ceros=5 ^ width=2 ^ actividad=1 ^ entropia=1,0.589912,0.466290,0.243646,0.270598
r27=0 ^ simetria=2 ^ transitoriedad=2 ^ time entropy=1,freq ceros=5 ^ width=2 ^ actividad=1 ^ entropia=1,0.589912,0.466290,0.243646,0.270598
r27=0 ^ simetria=2 ^ transitoriedad=2 ^ time entropy=1,freq ceros=5 ^ freq dos=1 ^ width=2 ^ actividad=1 ^ entropia=1,0.573962,0.486324,0.253836,0.283692
r27=0 ^ simetria=2 ^ transitoriedad=2 ^ time entropy=1,freq ceros=5 ^ freq dos=1 ^ width=2 ^ actividad=1 ^ entropia=1,0.573962,0.486324,0.253836,0.283692
r27=0 ^ simetria=2 ^ transitoriedad=2 ^ time entropy=1,freq ceros=5 ^ width=2 ^ actividad=1 ^ entropia=1,0.589912,0.466290,0.243646,0.270598
r27=0 ^ simetria=2 ^ transitoriedad=2 ^ time entropy=1,freq ceros=5 ^ width=2 ^ actividad=1 ^ entropia=1,0.589912,0.466290,0.243646,0.270598
r27=0 ^ actividad=1 ^ transitoriedad=2 ^ time entropy=1,freq ceros=5 ^ freq unos=1 ^ freq dos=1 ^ width=2 ^ entropia=1,0.639178,0.406698,0.211437,0.229503
r27=0 ^ simetria=2 ^ transitoriedad=2 ^ time entropy=1,freq ceros=5 ^ width=2 ^ actividad=1 ^ entropia=1,0.589912,0.466290,0.243646,0.270598
r27=0 ^ simetria=2 ^ transitoriedad=2 ^ time entropy=1,freq ceros=5 ^ freq dos=1 ^ width=2 ^ actividad=1 ^ entropia=1,0.573962,0.486324,0.253836,0.283692
r27=0 ^ simetria=2 ^ transitoriedad=2 ^ time entropy=1,freq ceros=5 ^ freq dos=1 ^ width=2 ^ actividad=1 ^ entropia=1,0.573962,0.486324,0.253836,0.283692
r27=0 ^ simetria=2 ^ transitoriedad=2 ^ time entropy=1,freq ceros=5 ^ freq unos=1 ^ freq dos=1 ^ width=2 ^ actividad=1 ^ entropia=1,0.529863,0.545922,0.284261,0.321310
r27=0 ^ simetria=2 ^ time entropy=1,freq ceros=5 ^ freq dos=1 ^ width=2 ^ actividad=1 ^ entropia=1,0.503606,0.582366,0.304490,0.346793
r27=0 ^ simetria=2 ^ transitoriedad=2 ^ time entropy=1,freq ceros=5 ^ freq unos=1 ^ freq dos=1 ^ width=2 ^ actividad=1 ^ entropia=1,0.529863,0.545922,0.284261,0.321310
r27=0 ^ simetria=2 ^ transitoriedad=2 ^ time entropy=1,freq ceros=5 ^ freq dos=1 ^ width=2 ^ actividad=1 ^ entropia=1,0.573962,0.486324,0.253836,0.283692
r27=0 ^ simetria=2 ^ transitoriedad=2 ^ time entropy=1,freq ceros=5 ^ width=2 ^ actividad=1 ^ entropia=1,0.589912,0.466290,0.243646,0.270598
r27=0 ^ simetria=2 ^ transitoriedad=2 ^ time entropy=1,freq ceros=5 ^ freq dos=1 ^ width=2 ^ actividad=1 ^ entropia=1,0.573962,0.486324,0.253836,0.283692
r27=0 ^ simetria=2 ^ transitoriedad=2 ^ time entropy=1,freq ceros=5 ^ freq unos=1 ^ freq dos=1 ^ width=2 ^ actividad=1 ^ entropia=1,0.529863,0.545922,0.284261,0.321310
r27=0 ^ width=5 ^ simetria=2,freq ceros=5,0.468896,0.630481,0.354991,0.412393
r18=0 ^ transitoriedad=2,pasos=1 ^ simetria=2,0.310098,0.890135,0.827602,0.935192
r18=1 ^ r27=0 ^ simetria=1 ^ time entropy=1,freq ceros=5 ^ freq unos=4 ^ freq dos=1 ^ actividad=1 ^ entropia=1,0.431472,0.686270,0.344994,0.399548
r27=0 ^ simetria=2 ^ time entropy=1,freq ceros=5 ^ freq dos=1 ^ width=2 ^ actividad=1 ^ entropia=1,0.503606,0.582366,0.304490,0.346793
r27=0 ^ simetria=2 ^ transitoriedad=2 ^ time entropy=1,freq ceros=5 ^ freq dos=1 ^ width=2 ^ actividad=1 ^ entropia=1,0.573962,0.486324,0.253836,0.283692
r27=0 ^ simetria=2 ^ transitoriedad=2 ^ time entropy=1,freq ceros=5 ^ freq unos=1 ^ freq dos=1 ^ width=2 ^ actividad=1 ^ entropia=1,0.529863,0.545922,0.284261,0.321310
r18=1 ^ r27=0 ^ simetria=1 ^ time entropy=1,freq ceros=5 ^ freq unos=4 ^ freq dos=1 ^ actividad=1 ^ entropia=1,0.431472,0.686270,0.344994,0.399548
r26=1 ^ r27=0 ^ width=5 ^ simetria=2,freq ceros=5,0.262877,0.974570,0.527274,0.634695
r24=2 ^ r27=0 ^ simetria=2,pasos=1,0.109650,1.340758,0.957345,0.994656
r18=1 ^ r27=0 ^ simetria=1,freq ceros=5 ^ freq unos=4 ^ freq dos=1 ^ actividad=1 ^ entropia=1,0.386327,0.756896,0.380570,0.445407
r24=0 ^ r26=1 ^ simetria=1 ^ actividad=2,freq ceros=5 ^ freq unos=2 ^ freq dos=1 ^ pasos=1 ^ entropia=1,0.532339,0.547019,0.274887,0.306867
r18=1 ^ r27=0 ^ simetria=1 ^ time entropy=1,freq ceros=5 ^ freq unos=4 ^ freq dos=1 ^ actividad=1 ^ entropia=1,0.431472,0.686270,0.344994,0.399548
r26=1 ^ simetria=1 ^ transitoriedad=2 ^ time entropy=1,freq ceros=5 ^ freq unos=4 ^ freq dos=1 ^ pasos=1 ^ actividad=1 ^ entropia=1,0.367642,0.787330,0.395906,0.465278
r18=1 ^ r26=1 ^ simetria=1,freq ceros=5 ^ freq unos=4 ^ freq dos=1 ^ actividad=1 ^ entropia=1,0.155199,1.212095,0.610675,0.736753
r18=1 ^ r26=1 ^ transitoriedad=2 ^ time entropy=1,freq ceros=5 ^ freq unos=4 ^ freq dos=1 ^ actividad=1 ^ entropia=1,0.260901,0.978430,0.492328,0.590166
r18=1 ^ r27=0 ^ simetria=1 ^ time entropy=1,freq ceros=5 ^ freq unos=4 ^ freq dos=1 ^ actividad=1 ^ entropia=1,0.431472,0.686270,0.344994,0.399548
r18=1 ^ r27=0 ^ simetria=1 ^ time entropy=1,freq ceros=5 ^ freq unos=4 ^ freq dos=1 ^ actividad=1 ^ entropia=1,0.431472,0.686270,0.344994,0.399548
r26=1 ^ simetria=1 ^ transitoriedad=2 ^ time entropy=1,freq ceros=5 ^ freq unos=4 ^ freq dos=1 ^ pasos=1 ^ actividad=1 ^ entropia=1,0.367642,0.787330,0.395906,0.465278
r26=1 ^ simetria=1 ^ transitoriedad=2,freq ceros=5 ^ freq unos=4 ^ freq dos=1 ^ actividad=1 ^ entropia=1,0.311143,0.884395,0.444853,0.528832
r18=1 ^ r26=1 ^ r27=0 ^ time entropy=1,freq ceros=5 ^ freq unos=4 ^ freq dos=1 ^ simetria=1 ^ entropia=1,0.398455,0.737534,0.370894,0.432896
r18=1 ^ r27=0 ^ simetria=1 ^ time entropy=1,freq ceros=5 ^ freq unos=4 ^ freq dos=1 ^ actividad=1 ^ entropia=1,0.431472,0.686270,0.344994,0.399548
r18=1 ^ r26=1 ^ r27=0 ^ time entropy=1,freq ceros=5 ^ freq unos=2 ^ freq dos=1 ^ simetria=1 ^ entropia=1,0.414982,0.711617,0.357920,0.416163
r18=1 ^ r27=0 ^ simetria=1 ^ time entropy=1,freq ceros=5 ^ freq unos=4 ^ freq dos=1 ^ actividad=1 ^ entropia=1,0.431472,0.686270,0.344994,0.399548
r18=1 ^ r24=0 ^ r27=0 ^ simetria=1,freq ceros=5 ^ freq unos=4 ^ freq dos=1 ^ pasos=1 ^ actividad=1 ^ entropia=1,0.469906,0.640962,0.322179,0.362706
r18=1 ^ r24=0 ^ r27=0 ^ simetria=1,freq ceros=5 ^ freq unos=4 ^ freq dos=1 ^ pasos=1 ^ actividad=1 ^ entropia=1,0.469906,0.640962,0.322179,0.362706
r18=1 ^ r24=0 ^ simetria=1 ^ actividad=2,freq ceros=5 ^ freq unos=2 ^ freq dos=1 ^ pasos=1 ^ entropia=1,0.532339,0.547019,0.274887,0.306867
r27=0 ^ actividad=1 ^ transitoriedad=2 ^ time entropy=1,freq ceros=5 ^ freq unos=1 ^ freq dos=1 ^ width=2 ^ entropia=1,0.639178,0.406698,0.211437,0.229503
r27=0 ^ actividad=1 ^ transitoriedad=2 ^ time entropy=1,freq ceros=5 ^ freq unos=1 ^ freq dos=1 ^ width=2 ^ entropia=1,0.639178,0.406698,0.211437,0.229503
r27=0 ^ simetria=2 ^ transitoriedad=2 ^ time entropy=1,freq ceros=5 ^ width=2 ^ actividad=1 ^ entropia=1,0.589912,0.466290,0.243646,0.270598
r27=0 ^ simetria=2 ^ transitoriedad=2 ^ time entropy=1,freq ceros=5 ^ width=2 ^ actividad=1 ^ entropia=1,0.589912,0.466290,0.243646,0.270598
r27=0 ^ simetria=2 ^ transitoriedad=2 ^ time entropy=1,freq ceros=5 ^ width=2 ^ actividad=1 ^ entropia=1,0.589912,0.466290,0.243646,0.270598
r27=0 ^ simetria=2 ^ transitoriedad=2 ^ time entropy=1,freq ceros=5 ^ width=2 ^ actividad=1 ^ entropia=1,0.589912,0.466290,0.243646,0.270598
r27=0 ^ simetria=2 ^ transitoriedad=2 ^ time entropy=1,freq ceros=5 ^ width=2 ^ actividad=1 ^ entropia=1,0.589912,0.466290,0.243646,0.270598
r27=0 ^ actividad=1 ^ transitoriedad=2 ^ time entropy=1,freq ceros=5 ^ freq unos=1 ^ freq dos=1 ^ width=2 ^ entropia=1,0.639178,0.406698,0.211437,0.229503
r27=0 ^ actividad=1 ^ transitoriedad=2 ^ time entropy=1,freq ceros=5 ^ freq unos=1 ^ freq dos=1 ^ width=2 ^ entropia=1,0.639178,0.406698,0.211437,0.229503
r27=0 ^ simetria=2 ^ transitoriedad=2 ^ time entropy=1,freq ceros=5 ^ width=2 ^ actividad=1 ^ entropia=1,0.589912,0.466290,0.243646,0.270598
r27=0 ^ simetria=2 ^ transitoriedad=2 ^ time entropy=1,freq ceros=5 ^ width=2 ^ actividad=1 ^ entropia=1,0.589912,0.466290,0.243646,0.270598
r27=0 ^ simetria=2 ^ transitoriedad=2 ^ time entropy=1,freq ceros=5 ^ freq dos=1 ^ width=2 ^ actividad=1 ^ entropia=1,0.573962,0.486324,0.253836,0.283692
r27=0 ^ width=5,freq ceros=5,0.532114,0.541077,0.308227,0.352677
r27=0 ^ width=5,freq ceros=5,0.532114,0.541077,0.308227,0.352677
r27=0 ^ simetria=2 ^ transitoriedad=2 ^ time entropy=1,freq ceros=5 ^ freq dos=1 ^ width=2 ^ actividad=1 ^ entropia=1,0.573962,0.486324,0.253836,0.283692
r27=0 ^ simetria=2 ^ transitoriedad=2 ^ time entropy=1,freq ceros=5 ^ width=2 ^ actividad=1 ^ entropia=1,0.589912,0.466290,0.243646,0.270598
r27=0 ^ simetria=2 ^ transitoriedad=2 ^ time entropy=1,freq ceros=5 ^ width=2 ^ actividad=1 ^ entropia=1,0.589912,0.466290,0.243646,0.270598
r27=0 ^ simetria=2 ^ transitoriedad=2 ^ time entropy=1,freq ceros=5 ^ freq dos=1 ^ width=2 ^ actividad=1 ^ entropia=1,0.573962,0.486324,0.253836,0.283692
r27=0 ^ simetria=2 ^ transitoriedad=2 ^ time entropy=1,freq ceros=5 ^ freq dos=1 ^ width=2 ^ actividad=1 ^ entropia=1,0.573962,0.486324,0.253836,0.283692
r27=0 ^ width=5,freq ceros=5,0.532114,0.541077,0.308227,0.352677
r24=2 ^ transitoriedad=2,pasos=1 ^ simetria=2,0.323713,0.865936,0.822155,0.931236
r27=0,pasos=1,0.321386,0.885460,1.073534,1.018548
r27=0 ^ simetria=2 ^ transitoriedad=2 ^ time entropy=1,freq ceros=5 ^ freq unos=1 ^ freq dos=1 ^ width=2 ^ actividad=1 ^ entropia=1,0.529863,0.545922,0.284261,0.321310
r27=0 ^ simetria=2 ^ transitoriedad=2 ^ time entropy=1,freq ceros=5 ^ freq dos=1 ^ width=2 ^ actividad=1 ^ entropia=1,0.573962,0.486324,0.253836,0.283692
r27=0 ^ simetria=2 ^ transitoriedad=2 ^ time entropy=1,freq ceros=5 ^ freq unos=1 ^ freq dos=1 ^ width=2 ^ actividad=1 ^ entropia=1,0.529863,0.545922,0.284261,0.321310
r27=0 ^ width=5 ^ simetria=2,freq ceros=5,0.468896,0.630481,0.354991,0.412393
r27=0 ^ time entropy=1,entropia=1,0.371979,0.800640,0.469824,0.542833
r27=0 ^ transitoriedad=2,pasos=1 ^ simetria=2,0.305080,0.912262,0.902442,0.962609
r27=0 ^ width=5 ^ simetria=2,freq ceros=5,0.468896,0.630481,0.354991,0.412393
r24=0 ^ r26=1 ^ simetria=1 ^ actividad=2,freq ceros=5 ^ freq unos=2 ^ freq dos=1 ^ pasos=1 ^ entropia=1,0.532339,0.547019,0.274887,0.306867
r27=0 ^ pasos=1 ^ simetria=2 ^ time entropy=1,freq ceros=5 ^ freq unos=1 ^ freq dos=1 ^ actividad=1 ^ entropia=1,0.481952,0.613393,0.319773,0.366046
r18=1 ^ r27=0 ^ simetria=1 ^ transitoriedad=2,freq ceros=5 ^ freq unos=4 ^ freq dos=1 ^ actividad=1 ^ entropia=1,0.386327,0.756896,0.380570,0.445407
r26=1 ^ r27=0 ^ width=5 ^ simetria=2,freq ceros=5,0.262877,0.974570,0.527274,0.634695
r18=1 ^ r26=1 ^ simetria=1 ^ transitoriedad=2,freq ceros=5 ^ freq unos=4 ^ freq dos=1 ^ actividad=1 ^ entropia=1,0.311143,0.884395,0.444853,0.528832
r18=1 ^ r27=0 ^ simetria=1 ^ time entropy=1,freq ceros=5 ^ freq unos=4 ^ freq dos=1 ^ actividad=1 ^ entropia=1,0.431472,0.686270,0.344994,0.399548
r18=1 ^ r27=0 ^ simetria=1 ^ time entropy=1,freq ceros=5 ^ freq unos=4 ^ freq dos=1 ^ actividad=1 ^ entropia=1,0.431472,0.686270,0.344994,0.399548
r26=1 ^ simetria=1 ^ transitoriedad=2,freq ceros=5 ^ freq unos=4 ^ freq dos=1 ^ actividad=1 ^ entropia=1,0.311143,0.884395,0.444853,0.528832
r18=1 ^ r24=0 ^ simetria=1 ^ time entropy=1,freq ceros=5 ^ freq unos=2 ^ freq dos=1 ^ entropia=1,0.311231,1.043980,0.526522,0.529841
r18=1 ^ r27=0 ^ actividad=2 ^ time entropy=1,freq ceros=5 ^ freq unos=2 ^ freq dos=1 ^ entropia=1,0.386973,0.883194,0.444893,0.445289
r18=1 ^ r27=0 ^ simetria=1 ^ time entropy=1,freq ceros=5 ^ freq unos=4 ^ freq dos=1 ^ actividad=1 ^ entropia=1,0.431472,0.686270,0.344994,0.399548
r18=1 ^ r27=0 ^ simetria=1 ^ transitoriedad=2,freq ceros=5 ^ freq unos=4 ^ freq dos=1 ^ pasos=1 ^ actividad=1 ^ entropia=1,0.386327,0.756896,0.380570,0.445407
r18=1 ^ r26=1 ^ r27=0 ^ time entropy=1,freq ceros=5 ^ freq unos=2 ^ freq dos=1 ^ simetria=1 ^ entropia=1,0.414982,0.711617,0.357920,0.416163
r18=1 ^ r24=0 ^ simetria=1 ^ actividad=2,freq ceros=5 ^ freq unos=2 ^ freq dos=1 ^ pasos=1,0.450784,0.663979,0.333747,0.380760
r18=1 ^ r24=0 ^ simetria=1 ^ actividad=2,freq ceros=5 ^ freq unos=2 ^ freq dos=1 ^ pasos=1,0.450784,0.663979,0.333747,0.380760
r18=1 ^ r24=0 ^ simetria=1 ^ actividad=2,freq ceros=5 ^ freq unos=2 ^ freq dos=1 ^ pasos=1 ^ entropia=1,0.532339,0.547019,0.274887,0.306867
r27=0 ^ actividad=1 ^ transitoriedad=2 ^ time entropy=1,freq ceros=5 ^ freq unos=1 ^ freq dos=1 ^ width=2 ^ entropia=1,0.639178,0.406698,0.211437,0.229503
r27=0 ^ simetria=2 ^ transitoriedad=2 ^ time entropy=1,freq ceros=5 ^ width=2 ^ actividad=1 ^ entropia=1,0.589912,0.466290,0.243646,0.270598
r27=0 ^ simetria=2 ^ transitoriedad=2 ^ time entropy=1,freq ceros=5 ^ width=2 ^ actividad=1 ^ entropia=1,0.589912,0.466290,0.243646,0.270598
r27=0 ^ simetria=2 ^ transitoriedad=2 ^ time entropy=1,freq ceros=5 ^ width=2 ^ actividad=1 ^ entropia=1,0.589912,0.466290,0.243646,0.270598
r27=0 ^ pasos=1 ^ transitoriedad=2,freq ceros=5,0.626634,0.423883,0.271588,0.299497
r27=0 ^ simetria=2 ^ transitoriedad=2 ^ time entropy=1,freq ceros=5 ^ width=2 ^ actividad=1 ^ entropia=1,0.589912,0.466290,0.243646,0.270598
r27=0 ^ simetria=2 ^ transitoriedad=2 ^ time entropy=1,freq ceros=5 ^ width=2 ^ actividad=1 ^ entropia=1,0.589912,0.466290,0.243646,0.270598
r27=0 ^ actividad=1 ^ transitoriedad=2 ^ time entropy=1,freq ceros=5 ^ freq unos=1 ^ freq dos=1 ^ width=2 ^ entropia=1,0.639178,0.406698,0.211437,0.229503
r27=0 ^ simetria=2 ^ transitoriedad=2 ^ time entropy=1,freq ceros=5 ^ width=2 ^ actividad=1 ^ entropia=1,0.589912,0.466290,0.243646,0.270598
r27=0 ^ simetria=2 ^ transitoriedad=2 ^ time entropy=1,freq ceros=5 ^ width=2 ^ actividad=1 ^ entropia=1,0.589912,0.466290,0.243646,0.270598
r27=0 ^ pasos=1,freq ceros=5,0.586111,0.476488,0.307126,0.343270
r27=0,freq ceros=5 ^ pasos=1,0.557161,0.515140,0.333626,0.376406
r27=0,freq ceros=5 ^ pasos=1,0.557161,0.515140,0.333626,0.376406
r27=0 ^ simetria=2 ^ transitoriedad=2 ^ time entropy=1,freq ceros=5 ^ freq dos=1 ^ width=2 ^ actividad=1 ^ entropia=1,0.573962,0.486324,0.253836,0.283692
r27=0 ^ simetria=2 ^ transitoriedad=2 ^ time entropy=1,freq ceros=5 ^ width=2 ^ actividad=1 ^ entropia=1,0.589912,0.466290,0.243646,0.270598
r27=0 ^ simetria=2 ^ transitoriedad=2 ^ time entropy=1,freq ceros=5 ^ freq dos=1 ^ width=2 ^ actividad=1 ^ entropia=1,0.573962,0.486324,0.253836,0.283692
r27=0 ^ width=5,freq ceros=5,0.532114,0.541077,0.308227,0.352677
r27=0,freq ceros=5 ^ pasos=1 ^ simetria=2,0.520850,0.564260,0.360196,0.411007
r27=0,freq ceros=5 ^ pasos=1 ^ simetria=2,0.520850,0.564260,0.360196,0.411007
r27=0,freq ceros=5 ^ pasos=1 ^ simetria=2,0.520850,0.564260,0.360196,0.411007
r27=0 ^ simetria=2 ^ transitoriedad=2 ^ time entropy=1,freq ceros=5 ^ freq dos=1 ^ width=2 ^ actividad=1 ^ entropia=1,0.573962,0.486324,0.253836,0.283692
r27=0 ^ simetria=2 ^ transitoriedad=2 ^ time entropy=1,freq ceros=5 ^ freq unos=1 ^ freq dos=1 ^ width=2 ^ actividad=1 ^ entropia=1,0.529863,0.545922,0.284261,0.321310
r27=0 ^ width=5 ^ simetria=2,freq ceros=5,0.468896,0.630481,0.354991,0.412393
r27=0 ^ width=5 ^ simetria=2,freq ceros=5,0.468896,0.630481,0.354991,0.412393
r27=0 ^ width=5 ^ simetria=2,freq ceros=5,0.468896,0.630481,0.354991,0.412393
r27=0 ^ simetria=2 ^ time entropy=1,freq ceros=5 ^ freq dos=1 ^ width=2 ^ actividad=1 ^ entropia=1,0.503606,0.582366,0.304490,0.346793
r27=0 ^ pasos=1 ^ simetria=2 ^ time entropy=1,freq ceros=5 ^ freq unos=1 ^ freq dos=1 ^ actividad=1 ^ entropia=1,0.481952,0.613393,0.319773,0.366046
r18=1 ^ r26=1 ^ r27=0 ^ time entropy=1,freq ceros=5 ^ freq unos=2 ^ freq dos=1 ^ simetria=1 ^ entropia=1,0.414982,0.711617,0.357920,0.416163
r24=0 ^ r27=0 ^ actividad=2 ^ time entropy=1,freq ceros=5 ^ freq unos=2 ^ freq dos=1 ^ pasos=1 ^ entropia=1,0.413570,0.825436,0.415641,0.417800
r24=0 ^ r26=1 ^ r27=0 ^ actividad=2,freq ceros=5 ^ freq unos=2 ^ freq dos=1 ^ pasos=1 ^ entropia=1,0.457427,0.726730,0.365685,0.374685
r18=1 ^ r27=0 ^ simetria=1 ^ time entropy=1,freq ceros=5 ^ freq unos=4 ^ freq dos=1 ^ actividad=1 ^ entropia=1,0.431472,0.686270,0.344994,0.399548
r18=1 ^ r26=1 ^ r27=0 ^ time entropy=1,freq ceros=5 ^ freq unos=2 ^ freq dos=1 ^ simetria=1 ^ entropia=1,0.414982,0.711617,0.357920,0.416163
r24=0 ^ r26=1 ^ r27=0 ^ actividad=2,freq ceros=5 ^ freq unos=2 ^ freq dos=1 ^ pasos=1 ^ entropia=1,0.457427,0.726730,0.365685,0.374685
r18=1 ^ r24=0 ^ r27=0 ^ simetria=1,freq ceros=5 ^ freq unos=4 ^ freq dos=1 ^ pasos=1 ^ actividad=1 ^ entropia=1,0.469906,0.640962,0.322179,0.362706
r18=1 ^ r24=0 ^ r27=0 ^ simetria=1,freq ceros=5 ^ freq unos=4 ^ freq dos=1 ^ pasos=1 ^ actividad=1 ^ entropia=1,0.469906,0.640962,0.322179,0.362706
r18=1 ^ r24=0 ^ simetria=1 ^ actividad=2,freq ceros=5 ^ freq unos=2 ^ freq dos=1 ^ pasos=1 ^ entropia=1,0.532339,0.547019,0.274887,0.306867
r27=0 ^ actividad=1 ^ transitoriedad=2 ^ time entropy=1,freq ceros=5 ^ freq unos=1 ^ freq dos=1 ^ width=2 ^ entropia=1,0.639178,0.406698,0.211437,0.229503
r27=0 ^ actividad=1 ^ transitoriedad=2 ^ time entropy=1,freq ceros=5 ^ freq unos=1 ^ freq dos=1 ^ width=2 ^ entropia=1,0.639178,0.406698,0.211437,0.229503
r27=0 ^ pasos=1 ^ transitoriedad=2,freq ceros=5,0.626634,0.423883,0.271588,0.299497
r27=0 ^ pasos=1 ^ transitoriedad=2,freq ceros=5,0.626634,0.423883,0.271588,0.299497
r27=0 ^ pasos=1 ^ transitoriedad=2,freq ceros=5,0.626634,0.423883,0.271588,0.299497
r27=0 ^ pasos=1 ^ transitoriedad=2,freq ceros=5,0.626634,0.423883,0.271588,0.299497
r27=0 ^ actividad=1 ^ transitoriedad=2 ^ time entropy=1,freq ceros=5 ^ freq unos=1 ^ freq dos=1 ^ width=2 ^ entropia=1,0.639178,0.406698,0.211437,0.229503
r27=0 ^ simetria=2 ^ transitoriedad=2 ^ time entropy=1,freq ceros=5 ^ width=2 ^ actividad=1 ^ entropia=1,0.589912,0.466290,0.243646,0.270598
r27=0 ^ pasos=1 ^ transitoriedad=2,freq ceros=5,0.626634,0.423883,0.271588,0.299497
r27=0 ^ pasos=1,freq ceros=5,0.586111,0.476488,0.307126,0.343270
r27=0 ^ pasos=1,freq ceros=5,0.586111,0.476488,0.307126,0.343270
r27=0 ^ pasos=1 ^ transitoriedad=2,freq ceros=5,0.626634,0.423883,0.271588,0.299497
r27=0 ^ simetria=2 ^ transitoriedad=2 ^ time entropy=1,freq ceros=5 ^ width=2 ^ actividad=1 ^ entropia=1,0.589912,0.466290,0.243646,0.270598
r27=0 ^ simetria=2 ^ transitoriedad=2 ^ time entropy=1,freq ceros=5 ^ freq dos=1 ^ width=2 ^ actividad=1 ^ entropia=1,0.573962,0.486324,0.253836,0.283692
r27=0 ^ pasos=1,freq ceros=5,0.586111,0.476488,0.307126,0.343270
r27=0,freq ceros=5 ^ pasos=1,0.557161,0.515140,0.333626,0.376406
r27=0,freq ceros=5 ^ pasos=1,0.557161,0.515140,0.333626,0.376406
r27=0 ^ simetria=2 ^ transitoriedad=2 ^ time entropy=1,freq ceros=5 ^ freq dos=1 ^ width=2 ^ actividad=1 ^ entropia=1,0.573962,0.486324,0.253836,0.283692
r27=0 ^ simetria=2 ^ transitoriedad=2 ^ time entropy=1,freq ceros=5 ^ freq unos=1 ^ width=2 ^ actividad=1 ^ entropia=1,0.545894,0.525076,0.273710,0.307456
r27=0 ^ width=5,freq ceros=5,0.532114,0.541077,0.308227,0.352677
r27=0,freq ceros=5 ^ pasos=1 ^ simetria=2,0.520850,0.564260,0.360196,0.411007
r24=0 ^ r26=1 ^ simetria=1 ^ actividad=2,freq ceros=5 ^ freq unos=2 ^ freq dos=1 ^ pasos=1 ^ entropia=1,0.532339,0.547019,0.274887,0.306867
r18=1 ^ r24=0 ^ simetria=1 ^ actividad=2,freq ceros=5 ^ freq unos=2 ^ freq dos=1 ^ pasos=1 ^ entropia=1,0.532339,0.547019,0.274887,0.306867
r24=0 ^ r27=0 ^ simetria=1 ^ actividad=2,freq ceros=5 ^ freq unos=2 ^ freq dos=1 ^ pasos=1 ^ entropia=1,0.507042,0.609563,0.306469,0.328999
r17=0 ^ simetria=1 ^ actividad=2,freq ceros=5 ^ freq unos=2 ^ freq dos=1 ^ pasos=1 ^ entropia=1,0.503038,0.619272,0.311373,0.332572
r18=1 ^ r24=0 ^ simetria=1 ^ actividad=2,freq ceros=5 ^ freq unos=2 ^ freq dos=1 ^ pasos=1 ^ entropia=1,0.532339,0.547019,0.274887,0.306867
r24=0 ^ simetria=1 ^ actividad=2 ^ time entropy=1,freq ceros=5 ^ freq unos=2 ^ freq dos=1 ^ entropia=1,0.512821,0.595466,0.299349,0.323877
r18=1 ^ r24=0 ^ simetria=1 ^ actividad=2,freq ceros=5 ^ freq unos=2 ^ freq dos=1 ^ pasos=1 ^ entropia=1,0.532339,0.547019,0.274887,0.306867
r27=0 ^ actividad=1 ^ transitoriedad=2 ^ time entropy=1,freq ceros=5 ^ freq unos=1 ^ freq dos=1 ^ width=2 ^ entropia=1,0.639178,0.406698,0.211437,0.229503
r27=0 ^ pasos=1 ^ transitoriedad=2,freq ceros=5,0.626634,0.423883,0.271588,0.299497
r27=0 ^ pasos=1 ^ transitoriedad=2,freq ceros=5,0.626634,0.423883,0.271588,0.299497
r27=0 ^ pasos=1 ^ transitoriedad=2,freq ceros=5,0.626634,0.423883,0.271588,0.299497
r27=0 ^ pasos=1 ^ transitoriedad=2,freq ceros=5,0.626634,0.423883,0.271588,0.299497
r27=0 ^ actividad=1 ^ transitoriedad=2 ^ time entropy=1,freq ceros=5 ^ freq unos=1 ^ freq dos=1 ^ width=2 ^ entropia=1,0.639178,0.406698,0.211437,0.229503
r27=0 ^ actividad=1 ^ transitoriedad=2 ^ time entropy=1,freq ceros=5 ^ freq unos=1 ^ freq dos=1 ^ width=2 ^ entropia=1,0.639178,0.406698,0.211437,0.229503
r27=0 ^ pasos=1 ^ transitoriedad=2,freq ceros=5,0.626634,0.423883,0.271588,0.299497
r27=0 ^ pasos=1 ^ transitoriedad=2,freq ceros=5,0.626634,0.423883,0.271588,0.299497
r27=0 ^ pasos=1 ^ transitoriedad=2,freq ceros=5,0.626634,0.423883,0.271588,0.299497
r27=0 ^ pasos=1 ^ transitoriedad=2,freq ceros=5,0.626634,0.423883,0.271588,0.299497
r27=0 ^ simetria=2 ^ transitoriedad=2 ^ time entropy=1,freq ceros=5 ^ width=2 ^ actividad=1 ^ entropia=1,0.589912,0.466290,0.243646,0.270598
r27=0 ^ pasos=1 ^ transitoriedad=2,freq ceros=5,0.626634,0.423883,0.271588,0.299497
r27=0 ^ pasos=1 ^ transitoriedad=2,freq ceros=5,0.626634,0.423883,0.271588,0.299497
r27=0 ^ pasos=1 ^ transitoriedad=2,freq ceros=5,0.626634,0.423883,0.271588,0.299497
r27=0 ^ simetria=2 ^ transitoriedad=2 ^ time entropy=1,freq ceros=5 ^ width=2 ^ actividad=1 ^ entropia=1,0.589912,0.466290,0.243646,0.270598
r27=0 ^ simetria=2 ^ transitoriedad=2 ^ time entropy=1,freq ceros=5 ^ width=2 ^ actividad=1 ^ entropia=1,0.589912,0.466290,0.243646,0.270598
r24=0 ^ r27=0 ^ transitoriedad=2 ^ time entropy=1,freq ceros=5 ^ width=2 ^ actividad=1 ^ entropia=1,0.604221,0.486909,0.253725,0.257218
r27=0 ^ simetria=2 ^ transitoriedad=2 ^ time entropy=1,freq ceros=5 ^ freq dos=1 ^ width=2 ^ actividad=1 ^ entropia=1,0.573962,0.486324,0.253836,0.283692
r24=0 ^ r27=0 ^ actividad=2 ^ time entropy=1,freq ceros=5 ^ freq unos=2 ^ freq dos=1 ^ simetria=1 ^ entropia=1,0.594059,0.487761,0.245163,0.256040
r24=0 ^ r27=0 ^ actividad=2 ^ time entropy=1,freq ceros=5 ^ freq unos=2 ^ freq dos=1 ^ simetria=1 ^ entropia=1,0.594059,0.487761,0.245163,0.256040
r27=0 ^ actividad=1 ^ transitoriedad=2 ^ time entropy=1,freq ceros=5 ^ freq dos=1 ^ width=2 ^ entropia=1,0.688471,0.347068,0.180918,0.192796
r27=0 ^ actividad=1 ^ transitoriedad=2 ^ time entropy=1,freq ceros=5 ^ freq dos=1 ^ width=2 ^ entropia=1,0.688471,0.347068,0.180918,0.192796
r27=0 ^ actividad=1 ^ transitoriedad=2 ^ time entropy=1,freq ceros=5 ^ freq dos=1 ^ width=2 ^ entropia=1,0.688471,0.347068,0.180918,0.192796
r27=0 ^ actividad=1 ^ transitoriedad=2 ^ time entropy=1,freq ceros=5 ^ freq dos=1 ^ width=2 ^ entropia=1,0.688471,0.347068,0.180918,0.192796
r27=0 ^ actividad=1 ^ transitoriedad=2 ^ time entropy=1,freq ceros=5 ^ freq dos=1 ^ width=2 ^ entropia=1,0.688471,0.347068,0.180918,0.192796
r27=0 ^ actividad=1 ^ transitoriedad=2 ^ time entropy=1,freq ceros=5 ^ freq dos=1 ^ width=2 ^ entropia=1,0.688471,0.347068,0.180918,0.192796
r27=0 ^ actividad=1 ^ transitoriedad=2 ^ time entropy=1,freq ceros=5 ^ freq dos=1 ^ width=2 ^ entropia=1,0.688471,0.347068,0.180918,0.192796
r27=0 ^ actividad=1 ^ transitoriedad=2 ^ time entropy=1,freq ceros=5 ^ freq dos=1 ^ width=2 ^ entropia=1,0.688471,0.347068,0.180918,0.192796
r27=0 ^ actividad=1 ^ transitoriedad=2 ^ time entropy=1,freq ceros=5 ^ freq dos=1 ^ width=2 ^ entropia=1,0.688471,0.347068,0.180918,0.192796
r27=0 ^ simetria=2 ^ actividad=1 ^ time entropy=1,freq ceros=5 ^ freq dos=1 ^ width=2 ^ entropia=1,0.645703,0.400176,0.208768,0.225238
r27=0 ^ actividad=1 ^ transitoriedad=2 ^ time entropy=1,freq ceros=5 ^ freq dos=1 ^ width=2 ^ entropia=1,0.688471,0.347068,0.180918,0.192796
r24=0 ^ actividad=1 ^ transitoriedad=2 ^ time entropy=1,freq ceros=5 ^ freq unos=1 ^ freq dos=1 ^ width=2 ^ entropia=1,0.678161,0.375971,0.195135,0.199194
r27=0 ^ actividad=1 ^ transitoriedad=2 ^ time entropy=1,freq ceros=5 ^ freq unos=1 ^ freq dos=1 ^ width=2 ^ entropia=1,0.639178,0.406698,0.211437,0.229503
r24=0 ^ r27=0 ^ simetria=2 ^ time entropy=1,freq ceros=5 ^ freq dos=1 ^ width=2 ^ actividad=1,0.673184,0.389697,0.202502,0.203012
r27=0 ^ actividad=1 ^ transitoriedad=2 ^ time entropy=1,freq ceros=5 ^ freq unos=1 ^ freq dos=1 ^ width=2 ^ entropia=1,0.639178,0.406698,0.211437,0.229503
r27=0 ^ actividad=1 ^ transitoriedad=2 ^ time entropy=1,freq ceros=5 ^ freq dos=1 ^ width=2 ^ entropia=1,0.688471,0.347068,0.180918,0.192796
r24=0 ^ r27=0 ^ simetria=2 ^ time entropy=1,freq ceros=5 ^ freq unos=1 ^ freq dos=1 ^ width=2 ^ actividad=1 ^ entropia=1,0.718165,0.322744,0.167331,0.170175
r24=0 ^ r27=0 ^ simetria=2 ^ time entropy=1,freq ceros=5 ^ freq unos=1 ^ width=2 ^ actividad=1 ^ entropia=1,0.721454,0.320356,0.166241,0.167985
r24=0 ^ r27=0 ^ simetria=2 ^ time entropy=1,freq ceros=5 ^ freq unos=1 ^ width=2 ^ actividad=1 ^ entropia=1,0.721454,0.320356,0.166241,0.167985
r27=0 ^ actividad=1 ^ transitoriedad=2 ^ time entropy=1,freq ceros=5 ^ freq dos=1 ^ width=2 ^ entropia=1,0.688471,0.347068,0.180918,0.192796
r24=0 ^ r27=0 ^ simetria=2 ^ time entropy=1,freq ceros=5 ^ freq unos=1 ^ width=2 ^ actividad=1 ^ entropia=1,0.721454,0.320356,0.166241,0.167985
r24=0 ^ r27=0 ^ simetria=2 ^ time entropy=1,freq ceros=5 ^ freq unos=1 ^ width=2 ^ actividad=1 ^ entropia=1,0.721454,0.320356,0.166241,0.167985
r24=0 ^ r27=0 ^ simetria=2 ^ time entropy=1,freq ceros=5 ^ freq unos=1 ^ freq dos=1 ^ width=2 ^ actividad=1 ^ entropia=1,0.718165,0.322744,0.167331,0.170175
r24=0 ^ r27=0 ^ simetria=2 ^ time entropy=1,freq ceros=5 ^ freq unos=1 ^ width=2 ^ actividad=1 ^ entropia=1,0.721454,0.320356,0.166241,0.167985
r24=0 ^ r27=0 ^ simetria=2 ^ time entropy=1,freq ceros=5 ^ freq unos=1 ^ freq dos=1 ^ width=2 ^ actividad=1 ^ entropia=1,0.718165,0.322744,0.167331,0.170175
r24=0 ^ r27=0 ^ simetria=2 ^ time entropy=1,freq ceros=5 ^ freq unos=1 ^ width=2 ^ actividad=1 ^ entropia=1,0.721454,0.320356,0.166241,0.167985
r24=0 ^ r27=0 ^ simetria=2 ^ time entropy=1,freq ceros=5 ^ freq unos=1 ^ width=2 ^ actividad=1 ^ entropia=1,0.721454,0.320356,0.166241,0.167985
r24=0 ^ r27=0 ^ simetria=2 ^ time entropy=1,freq ceros=5 ^ freq unos=1 ^ width=2 ^ actividad=1 ^ entropia=1,0.721454,0.320356,0.166241,0.167985
r24=0 ^ r27=0 ^ simetria=2 ^ time entropy=1,freq ceros=5 ^ freq unos=1 ^ width=2 ^ actividad=1 ^ entropia=1,0.721454,0.320356,0.166241,0.167985
r24=0 ^ r27=0 ^ simetria=2 ^ time entropy=1,freq ceros=5 ^ freq unos=1 ^ width=2 ^ actividad=1 ^ entropia=1,0.721454,0.320356,0.166241,0.167985
r24=0 ^ r27=0 ^ simetria=2 ^ time entropy=1,freq ceros=5 ^ freq unos=1 ^ width=2 ^ actividad=1 ^ entropia=1,0.721454,0.320356,0.166241,0.167985
r24=0 ^ r27=0 ^ simetria=2 ^ time entropy=1,freq ceros=5 ^ freq unos=1 ^ width=2 ^ actividad=1 ^ entropia=1,0.721454,0.320356,0.166241,0.167985
r24=0 ^ r27=0 ^ simetria=2 ^ time entropy=1,freq ceros=5 ^ freq unos=1 ^ width=2 ^ actividad=1 ^ entropia=1,0.721454,0.320356,0.166241,0.167985
r24=0 ^ r27=0 ^ simetria=2 ^ time entropy=1,freq ceros=5 ^ freq unos=1 ^ width=2 ^ actividad=1 ^ entropia=1,0.721454,0.320356,0.166241,0.167985
r24=0 ^ r27=0 ^ simetria=2 ^ time entropy=1,freq ceros=5 ^ freq unos=1 ^ width=2 ^ actividad=1 ^ entropia=1,0.721454,0.320356,0.166241,0.167985
