antecedente,consecuente,jaccard,cosine,phi,kappa
r18=1 ^ r26=1 ^ width=5 ^ actividad=1,freq ceros=5 ^ freq unos=4 ^ freq dos=1 ^ simetria=1 ^ entropia=1,0.658345,0.386997,0.194461,0.207102
r18=1 ^ r26=1 ^ width=5 ^ actividad=1,freq ceros=5 ^ freq unos=4 ^ freq dos=1 ^ simetria=1 ^ entropia=1,0.658345,0.386997,0.194461,0.207102
r18=1 ^ r26=1 ^ width=5 ^ actividad=1,freq ceros=5 ^ freq unos=4 ^ freq dos=1 ^ simetria=1 ^ entropia=1,0.658345,0.386997,0.194461,0.207102
r18=1 ^ r26=1 ^ width=5 ^ actividad=1,freq ceros=5 ^ freq unos=4 ^ freq dos=1 ^ simetria=1 ^ entropia=1,0.658345,0.386997,0.194461,0.207102
r18=1 ^ r26=1 ^ width=5 ^ actividad=1,freq ceros=5 ^ freq unos=4 ^ freq dos=1 ^ simetria=1 ^ entropia=1 ^ time entropy=1,0.658345,0.386997,0.194461,0.207102
r18=1 ^ r26=1 ^ width=5 ^ actividad=1,freq ceros=5 ^ freq unos=4 ^ freq dos=1 ^ simetria=1 ^ entropia=1 ^ time entropy=1,0.658345,0.386997,0.194461,0.207102
r18=1 ^ r26=1 ^ width=5 ^ actividad=1,freq ceros=5 ^ freq unos=4 ^ freq dos=1 ^ simetria=1 ^ entropia=1 ^ time entropy=1,0.658345,0.386997,0.194461,0.207102
r18=1 ^ r26=1 ^ width=5 ^ actividad=1,freq ceros=5 ^ freq unos=4 ^ freq dos=1 ^ simetria=1 ^ entropia=1 ^ time entropy=1,0.658345,0.386997,0.194461,0.207102
r18=1 ^ r26=1 ^ width=5 ^ actividad=1,freq ceros=5 ^ freq unos=4 ^ freq dos=1 ^ simetria=1 ^ entropia=1 ^ time entropy=1,0.658345,0.386997,0.194461,0.207102
r18=1 ^ r26=1 ^ width=5 ^ actividad=1,freq ceros=5 ^ freq unos=4 ^ freq dos=1 ^ simetria=1 ^ entropia=1 ^ time entropy=1,0.658345,0.386997,0.194461,0.207102
r18=1 ^ r26=1 ^ width=5 ^ actividad=1,freq ceros=5 ^ freq unos=4 ^ freq dos=1 ^ simetria=1 ^ entropia=1,0.658345,0.386997,0.194461,0.207102
r18=1 ^ r26=1 ^ width=5 ^ actividad=1,freq ceros=5 ^ freq unos=4 ^ freq dos=1 ^ simetria=1 ^ entropia=1,0.658345,0.386997,0.194461,0.207102
r17=1 ^ width=5 ^ entropia=1,freq ceros=5 ^ freq unos=4 ^ freq dos=1 ^ simetria=1 ^ time entropy=1,0.589673,0.474351,0.238396,0.259541
r17=1 ^ width=5 ^ entropia=1,freq ceros=5 ^ freq unos=4 ^ freq dos=1 ^ simetria=1 ^ time entropy=1,0.589673,0.474351,0.238396,0.259541
r17=1 ^ width=5 ^ entropia=1,freq ceros=5 ^ freq unos=4 ^ freq dos=1 ^ simetria=1 ^ time entropy=1,0.589673,0.474351,0.238396,0.259541
r17=1 ^ width=5 ^ entropia=1,freq ceros=5 ^ freq unos=4 ^ freq dos=1 ^ simetria=1 ^ time entropy=1,0.589673,0.474351,0.238396,0.259541
r17=1 ^ width=5 ^ entropia=1,freq ceros=5 ^ freq unos=4 ^ freq dos=1 ^ simetria=1 ^ time entropy=1,0.589673,0.474351,0.238396,0.259541
r18=1 ^ r26=1 ^ width=5 ^ actividad=1,freq ceros=5 ^ freq unos=4 ^ freq dos=1 ^ simetria=1 ^ entropia=1 ^ time entropy=1,0.658345,0.386997,0.194461,0.207102
r18=1 ^ r26=1 ^ width=5 ^ actividad=1,freq ceros=5 ^ freq unos=4 ^ freq dos=1 ^ simetria=1 ^ entropia=1 ^ time entropy=1,0.658345,0.386997,0.194461,0.207102
r17=1 ^ width=5 ^ entropia=1,freq ceros=5 ^ freq unos=4 ^ freq dos=1 ^ simetria=1 ^ time entropy=1,0.589673,0.474351,0.238396,0.259541
r17=1 ^ width=5 ^ entropia=1,freq ceros=5 ^ freq unos=4 ^ freq dos=1 ^ simetria=1 ^ time entropy=1,0.589673,0.474351,0.238396,0.259541
r17=1 ^ width=5 ^ entropia=1,freq ceros=5 ^ freq unos=4 ^ freq dos=1 ^ simetria=1 ^ time entropy=1,0.589673,0.474351,0.238396,0.259541
r27=0 ^ width=5,freq ceros=5,0.532114,0.541077,0.308227,0.352677
r27=0 ^ width=5,freq ceros=5,0.532114,0.541077,0.308227,0.352677
r27=0 ^ width=5,freq ceros=5,0.532114,0.541077,0.308227,0.352677
r17=1 ^ width=5 ^ entropia=1,freq ceros=5 ^ freq unos=4 ^ freq dos=1 ^ simetria=1 ^ time entropy=1,0.589673,0.474351,0.238396,0.259541
r17=1 ^ width=5 ^ entropia=1,freq ceros=5 ^ freq unos=4 ^ freq dos=1 ^ simetria=1 ^ time entropy=1,0.589673,0.474351,0.238396,0.259541
r17=1 ^ width=5 ^ entropia=1,freq ceros=5 ^ freq unos=4 ^ freq dos=1 ^ simetria=1 ^ time entropy=1,0.589673,0.474351,0.238396,0.259541
r18=1 ^ r27=0 ^ width=5 ^ actividad=1,freq ceros=5 ^ freq unos=4 ^ freq dos=1 ^ simetria=1 ^ entropia=1 ^ time entropy=1,0.531475,0.554335,0.278636,0.307676
r27=0 ^ width=5 ^ simetria=2,freq ceros=5 ^ pasos=1,0.468896,0.630481,0.354991,0.412393
r27=2 ^ transitoriedad=2,simetria=2,0.318892,0.872870,0.826455,0.936986
r18=1 ^ r26=1 ^ r27=0 ^ entropia=1,freq ceros=5 ^ freq unos=2 ^ freq dos=1 ^ simetria=1 ^ time entropy=1,0.421379,0.701726,0.352935,0.409748
r26=1 ^ r27=0 ^ width=5 ^ actividad=1,freq ceros=5 ^ freq unos=4 ^ freq dos=1 ^ simetria=1 ^ entropia=1,0.522122,0.567375,0.285199,0.315759
r17=1 ^ width=5 ^ entropia=1,freq ceros=5 ^ freq unos=4 ^ freq dos=1 ^ simetria=1 ^ time entropy=1,0.589673,0.474351,0.238396,0.259541
r18=1 ^ r27=0 ^ width=5 ^ actividad=1,freq ceros=5 ^ freq unos=4 ^ freq dos=1 ^ simetria=1 ^ entropia=1 ^ time entropy=1,0.531475,0.554335,0.278636,0.307676
r18=1 ^ r26=1 ^ r27=0 ^ entropia=1,freq ceros=5 ^ freq unos=2 ^ freq dos=1 ^ width=5 ^ simetria=1 ^ time entropy=1,0.421379,0.701726,0.352935,0.409748
r18=1 ^ r27=0 ^ width=5,freq ceros=5 ^ pasos=1,0.318822,0.870713,0.476409,0.569676
r4=0 ^ r27=2 ^ simetria=2,pasos=1,0.107846,1.346830,0.961822,0.995254
r18=1 ^ r26=1 ^ width=5 ^ entropia=1,freq ceros=5 ^ freq unos=4 ^ freq dos=1 ^ pasos=1 ^ simetria=1 ^ time entropy=1,0.389738,0.751849,0.378110,0.441943
r18=1 ^ width=5 ^ actividad=1,freq ceros=5 ^ freq unos=4 ^ freq dos=1 ^ simetria=1 ^ entropia=1 ^ time entropy=1,0.493530,0.607932,0.305614,0.341097
r18=1 ^ r26=1 ^ r27=0 ^ entropia=1,freq ceros=5 ^ freq unos=4 ^ freq dos=1 ^ width=5 ^ time entropy=1,0.429742,0.690246,0.347201,0.401509
r27=0 ^ width=5 ^ entropia=1,freq ceros=5 ^ freq unos=4 ^ freq dos=1 ^ simetria=1 ^ time entropy=1,0.349291,0.818415,0.411670,0.485454
r18=1 ^ r27=0 ^ entropia=1,freq ceros=5 ^ freq unos=2 ^ freq dos=1 ^ width=5 ^ time entropy=1,0.146872,1.233523,0.621963,0.749916
r1=0 ^ r27=0 ^ width=5 ^ entropia=1,freq ceros=5 ^ simetria=1,0.252857,1.057839,0.532349,0.600240
r18=1 ^ r26=1 ^ r27=0 ^ entropia=1,freq ceros=5 ^ freq unos=2 ^ freq dos=1 ^ simetria=1 ^ time entropy=1,0.421379,0.701726,0.352935,0.409748
r18=1 ^ r26=1 ^ r27=0 ^ entropia=1,freq ceros=5 ^ freq unos=2 ^ freq dos=1 ^ width=5 ^ simetria=1 ^ time entropy=1,0.421379,0.701726,0.352935,0.409748
r27=0 ^ width=5 ^ entropia=1,freq ceros=5 ^ freq unos=4 ^ freq dos=1 ^ simetria=1 ^ time entropy=1,0.349291,0.818415,0.411670,0.485454
r27=0 ^ width=5 ^ entropia=1,freq ceros=5 ^ freq unos=4 ^ freq dos=1 ^ simetria=1 ^ time entropy=1,0.349291,0.818415,0.411670,0.485454
r18=1 ^ r26=1 ^ r27=0 ^ entropia=1,freq ceros=5 ^ freq unos=4 ^ freq dos=1 ^ width=5 ^ simetria=1 ^ time entropy=1,0.404412,0.728558,0.366373,0.426781
r18=1 ^ r26=1 ^ r27=0 ^ entropia=1,freq ceros=5 ^ freq unos=4 ^ freq dos=1 ^ width=5 ^ time entropy=1,0.429742,0.690246,0.347201,0.401509
r18=1 ^ r26=1 ^ r27=0 ^ entropia=1,freq ceros=5 ^ freq unos=2 ^ freq dos=1 ^ width=5 ^ simetria=1 ^ time entropy=1,0.421379,0.701726,0.352935,0.409748
r18=1 ^ r26=1 ^ r27=0 ^ entropia=1,freq ceros=5 ^ freq unos=4 ^ freq dos=1 ^ width=5 ^ time entropy=1,0.429742,0.690246,0.347201,0.401509
r26=1 ^ width=5 ^ actividad=1,freq ceros=5 ^ freq unos=4 ^ freq dos=1 ^ simetria=1 ^ entropia=1,0.485014,0.620226,0.311803,0.348834
r26=1 ^ width=5 ^ actividad=1,freq ceros=5 ^ freq unos=4 ^ freq dos=1 ^ simetria=1 ^ entropia=1,0.485014,0.620226,0.311803,0.348834
r18=1 ^ r27=0 ^ width=5 ^ actividad=1,freq ceros=5 ^ freq unos=4 ^ freq dos=1 ^ simetria=1 ^ entropia=1 ^ time entropy=1,0.531475,0.554335,0.278636,0.307676
r18=1 ^ r26=1 ^ width=5 ^ actividad=1,freq ceros=5 ^ freq unos=4 ^ freq dos=1 ^ simetria=1 ^ entropia=1,0.658345,0.386997,0.194461,0.207102
r18=1 ^ r26=1 ^ width=5 ^ actividad=1,freq ceros=5 ^ freq unos=4 ^ freq dos=1 ^ simetria=1 ^ entropia=1,0.658345,0.386997,0.194461,0.207102
r18=1 ^ r26=1 ^ width=5 ^ actividad=1,freq ceros=5 ^ freq unos=4 ^ freq dos=1 ^ simetria=1 ^ entropia=1,0.658345,0.386997,0.194461,0.207102
r17=1 ^ width=5 ^ entropia=1,freq ceros=5 ^ freq unos=4 ^ freq dos=1 ^ simetria=1 ^ time entropy=1,0.589673,0.474351,0.238396,0.259541
r17=1 ^ width=5 ^ entropia=1,freq ceros=5 ^ freq unos=4 ^ freq dos=1 ^ simetria=1 ^ time entropy=1,0.589673,0.474351,0.238396,0.259541
r17=1 ^ width=5 ^ entropia=1,freq ceros=5 ^ freq unos=4 ^ freq dos=1 ^ simetria=1 ^ time entropy=1,0.589673,0.474351,0.238396,0.259541
r17=1 ^ width=5 ^ entropia=1,freq ceros=5 ^ freq unos=4 ^ freq dos=1 ^ simetria=1 ^ time entropy=1,0.589673,0.474351,0.238396,0.259541
r18=1 ^ r26=1 ^ width=5 ^ actividad=1,freq ceros=5 ^ freq unos=4 ^ freq dos=1 ^ simetria=1 ^ entropia=1 ^ time entropy=1,0.658345,0.386997,0.194461,0.207102
r18=1 ^ r26=1 ^ width=5 ^ actividad=1,freq ceros=5 ^ freq unos=4 ^ freq dos=1 ^ simetria=1 ^ entropia=1 ^ time entropy=1,0.658345,0.386997,0.194461,0.207102
r18=1 ^ r26=1 ^ width=5 ^ actividad=1,freq ceros=5 ^ freq unos=4 ^ freq dos=1 ^ simetria=1 ^ entropia=1,0.658345,0.386997,0.194461,0.207102
r17=1 ^ width=5 ^ entropia=1,freq ceros=5 ^ freq unos=4 ^ freq dos=1 ^ simetria=1 ^ time entropy=1,0.589673,0.474351,0.238396,0.259541
r17=1 ^ width=5 ^ entropia=1,freq ceros=5 ^ freq unos=4 ^ freq dos=1 ^ simetria=1 ^ time entropy=1,0.589673,0.474351,0.238396,0.259541
r27=0 ^ width=5,freq ceros=5,0.532114,0.541077,0.308227,0.352677
r27=0 ^ width=5,freq ceros=5,0.532114,0.541077,0.308227,0.352677
r17=1 ^ width=5 ^ entropia=1,freq ceros=5 ^ freq unos=4 ^ freq dos=1 ^ simetria=1 ^ time entropy=1,0.589673,0.474351,0.238396,0.259541
r17=1 ^ width=5 ^ entropia=1,freq ceros=5 ^ freq unos=4 ^ freq dos=1 ^ simetria=1 ^ time entropy=1,0.589673,0.474351,0.238396,0.259541
r17=1 ^ width=5 ^ entropia=1,freq ceros=5 ^ freq unos=4 ^ freq dos=1 ^ simetria=1 ^ time entropy=1,0.589673,0.474351,0.238396,0.259541
r17=1 ^ width=5 ^ entropia=1,freq ceros=5 ^ freq unos=4 ^ freq dos=1 ^ simetria=1 ^ time entropy=1,0.589673,0.474351,0.238396,0.259541
r27=0 ^ width=5,freq ceros=5,0.532114,0.541077,0.308227,0.352677
r27=0 ^ width=5,freq ceros=5,0.532114,0.541077,0.308227,0.352677
r26=1,pasos=1,0.334899,0.850349,0.952985,0.988142
r26=0,pasos=1,0.323236,0.881409,1.065378,1.016525
r27=0 ^ width=5,freq ceros=5,0.532114,0.541077,0.308227,0.352677
r17=1 ^ width=5 ^ entropia=1,freq ceros=5 ^ freq unos=4 ^ freq dos=1 ^ simetria=1 ^ time entropy=1,0.589673,0.474351,0.238396,0.259541
r18=1 ^ r27=0 ^ width=5 ^ actividad=1,freq ceros=5 ^ freq unos=4 ^ freq dos=1 ^ simetria=1 ^ entropia=1 ^ time entropy=1,0.531475,0.554335,0.278636,0.307676
r27=0 ^ width=5 ^ simetria=2,freq ceros=5 ^ pasos=1,0.468896,0.630481,0.354991,0.412393
r27=0 ^ actividad=1 ^ entropia=1,time entropy=1,0.416354,0.721562,0.406544,0.469069
r27=0 ^ transitoriedad=2,simetria=2,0.302132,0.917605,0.919341,0.970766
r27=0 ^ width=5 ^ simetria=2,freq ceros=5,0.468896,0.630481,0.354991,0.412393
r26=1 ^ r27=0 ^ width=5 ^ actividad=1,freq ceros=5 ^ freq unos=4 ^ freq dos=1 ^ pasos=1 ^ simetria=1 ^ entropia=1,0.522122,0.567375,0.285199,0.315759
r18=1 ^ width=5 ^ actividad=1,freq ceros=5 ^ freq unos=4 ^ freq dos=1 ^ simetria=1 ^ entropia=1 ^ time entropy=1,0.493530,0.607932,0.305614,0.341097
r26=1 ^ width=5 ^ entropia=1,freq ceros=5 ^ freq unos=2 ^ freq dos=1 ^ simetria=1 ^ time entropy=1,0.389873,0.751203,0.377873,0.441918
r26=1 ^ r27=0 ^ width=5 ^ simetria=2,freq ceros=5 ^ pasos=1,0.262877,0.974570,0.527274,0.634695
r27=0 ^ entropia=1,simetria=2 ^ time entropy=1,0.364153,0.931346,0.530990,0.531491
r18=1 ^ r26=1 ^ r27=0 ^ entropia=1,freq ceros=5 ^ freq unos=4 ^ freq dos=1 ^ width=5 ^ time entropy=1,0.429742,0.690246,0.347201,0.401509
r18=1 ^ r26=1 ^ r27=0 ^ entropia=1,freq ceros=5 ^ freq unos=2 ^ freq dos=1 ^ width=5 ^ simetria=1 ^ time entropy=1,0.421379,0.701726,0.352935,0.409748
r27=0 ^ width=5 ^ entropia=1,freq ceros=5 ^ freq unos=4 ^ freq dos=1 ^ simetria=1 ^ time entropy=1,0.349291,0.818415,0.411670,0.485454
r27=0 ^ width=5 ^ actividad=1,freq ceros=5 ^ simetria=1,0.302778,1.066539,0.539840,0.541772
r18=1 ^ r26=1 ^ width=5 ^ actividad=1,freq ceros=5 ^ freq dos=1 ^ simetria=1,0.405454,0.812686,0.409497,0.426360
r18=1 ^ r26=1 ^ r27=0 ^ entropia=1,freq ceros=5 ^ freq unos=2 ^ freq dos=1 ^ width=5 ^ simetria=1 ^ time entropy=1,0.421379,0.701726,0.352935,0.409748
r18=1 ^ r27=0 ^ width=5 ^ entropia=1,freq ceros=5 ^ freq unos=4 ^ freq dos=1 ^ simetria=1 ^ time entropy=1,0.390975,0.749869,0.377112,0.440653
r18=1 ^ r26=1 ^ width=5 ^ entropia=1,freq ceros=5 ^ freq unos=4 ^ freq dos=1 ^ time entropy=1,0.414093,0.714510,0.359432,0.417125
r26=1 ^ width=5 ^ actividad=1 ^ entropia=1,freq ceros=5 ^ freq dos=1 ^ simetria=1 ^ time entropy=1,0.461986,0.651107,0.327546,0.370454
r26=1 ^ width=5 ^ actividad=1 ^ entropia=1,freq ceros=5 ^ freq dos=1 ^ simetria=1 ^ time entropy=1,0.461986,0.651107,0.327546,0.370454
r26=1 ^ r27=0 ^ width=5 ^ actividad=1,freq ceros=5 ^ freq unos=4 ^ freq dos=1 ^ simetria=1 ^ entropia=1 ^ time entropy=1,0.522122,0.567375,0.285199,0.315759
r18=1 ^ r26=1 ^ width=5 ^ actividad=1,freq ceros=5 ^ freq unos=4 ^ freq dos=1 ^ simetria=1 ^ entropia=1,0.658345,0.386997,0.194461,0.207102
r18=1 ^ r26=1 ^ width=5 ^ actividad=1,freq ceros=5 ^ freq unos=4 ^ freq dos=1 ^ simetria=1 ^ entropia=1,0.658345,0.386997,0.194461,0.207102
r27=0 ^ transitoriedad=2,freq ceros=5,0.626634,0.423883,0.271588,0.299497
r27=0 ^ transitoriedad=2,freq ceros=5,0.626634,0.423883,0.271588,0.299497
r27=0 ^ transitoriedad=2,freq ceros=5,0.626634,0.423883,0.271588,0.299497
r27=0 ^ transitoriedad=2,freq ceros=5,0.626634,0.423883,0.271588,0.299497
r18=1 ^ r26=1 ^ width=5 ^ actividad=1,freq ceros=5 ^ freq unos=4 ^ freq dos=1 ^ pasos=1 ^ simetria=1 ^ entropia=1,0.658345,0.386997,0.194461,0.207102
r18=1 ^ r26=1 ^ width=5 ^ actividad=1,freq ceros=5 ^ freq unos=4 ^ freq dos=1 ^ pasos=1 ^ simetria=1 ^ entropia=1,0.658345,0.386997,0.194461,0.207102
r17=1 ^ width=5 ^ entropia=1,freq ceros=5 ^ freq unos=4 ^ freq dos=1 ^ simetria=1 ^ time entropy=1,0.589673,0.474351,0.238396,0.259541
r17=1 ^ width=5 ^ entropia=1,freq ceros=5 ^ freq unos=4 ^ freq dos=1 ^ simetria=1 ^ time entropy=1,0.589673,0.474351,0.238396,0.259541
r27=0 ^ pasos=1,freq ceros=5,0.586111,0.476488,0.307126,0.343270
r27=0,freq ceros=5,0.557161,0.515140,0.333626,0.376406
r27=0,freq ceros=5,0.557161,0.515140,0.333626,0.376406
r27=0 ^ transitoriedad=2,freq ceros=5 ^ pasos=1 ^ simetria=2,0.585954,0.476022,0.300764,0.336231
r17=1 ^ width=5 ^ entropia=1,freq ceros=5 ^ freq unos=4 ^ freq dos=1 ^ simetria=1 ^ time entropy=1,0.589673,0.474351,0.238396,0.259541
r17=1 ^ width=5 ^ entropia=1,freq ceros=5 ^ freq unos=4 ^ freq dos=1 ^ simetria=1 ^ time entropy=1,0.589673,0.474351,0.238396,0.259541
r27=0 ^ width=5,freq ceros=5,0.532114,0.541077,0.308227,0.352677
r27=0,freq ceros=5 ^ simetria=2,0.520850,0.564260,0.360196,0.411007
r27=0,freq ceros=5 ^ simetria=2,0.520850,0.564260,0.360196,0.411007
r27=0,freq ceros=5 ^ simetria=2,0.520850,0.564260,0.360196,0.411007
r17=1 ^ width=5 ^ entropia=1,freq ceros=5 ^ freq unos=4 ^ freq dos=1 ^ simetria=1 ^ time entropy=1,0.589673,0.474351,0.238396,0.259541
r27=0 ^ width=5,freq ceros=5,0.532114,0.541077,0.308227,0.352677
r27=0 ^ width=5 ^ simetria=2,freq ceros=5 ^ pasos=1,0.468896,0.630481,0.354991,0.412393
r27=0 ^ actividad=1 ^ entropia=1,time entropy=1,0.416354,0.721562,0.406544,0.469069
r27=0 ^ width=5 ^ simetria=2,freq ceros=5,0.468896,0.630481,0.354991,0.412393
r26=1 ^ r27=0 ^ width=5 ^ actividad=1,freq ceros=5 ^ freq unos=4 ^ freq dos=1 ^ pasos=1 ^ simetria=1 ^ entropia=1,0.522122,0.567375,0.285199,0.315759
r18=1 ^ width=5 ^ actividad=1,freq ceros=5 ^ freq unos=4 ^ freq dos=1 ^ simetria=1 ^ entropia=1 ^ time entropy=1,0.493530,0.607932,0.305614,0.341097
r18=1 ^ r26=1 ^ r27=0 ^ entropia=1,freq ceros=5 ^ freq unos=2 ^ freq dos=1 ^ width=5 ^ simetria=1 ^ time entropy=1,0.421379,0.701726,0.352935,0.409748
r18=1 ^ r26=1 ^ width=5 ^ actividad=1,freq ceros=5 ^ freq dos=1 ^ simetria=1,0.405454,0.812686,0.409497,0.426360
r18=1 ^ width=5 ^ actividad=1,freq ceros=5 ^ freq unos=4 ^ freq dos=1,0.484488,0.666722,0.335582,0.349631
r26=1 ^ width=5 ^ actividad=1 ^ entropia=1,freq ceros=5 ^ freq dos=1 ^ simetria=1 ^ time entropy=1,0.461986,0.651107,0.327546,0.370454
r18=1 ^ r26=1 ^ r27=0 ^ entropia=1,freq ceros=5 ^ freq unos=2 ^ freq dos=1 ^ width=5 ^ simetria=1 ^ time entropy=1,0.421379,0.701726,0.352935,0.409748
r18=1 ^ r26=1 ^ r27=0 ^ actividad=1,freq ceros=5 ^ freq dos=1 ^ simetria=1 ^ time entropy=1,0.419511,0.775613,0.390679,0.412035
r26=1 ^ width=5 ^ actividad=1,freq ceros=5 ^ freq unos=4 ^ freq dos=1 ^ simetria=1 ^ entropia=1 ^ time entropy=1,0.485014,0.620226,0.311803,0.348834
r26=1 ^ width=5 ^ actividad=1 ^ entropia=1,freq ceros=5 ^ freq dos=1 ^ simetria=1 ^ time entropy=1,0.461986,0.651107,0.327546,0.370454
r26=1 ^ r27=0 ^ width=5 ^ actividad=1,freq ceros=5 ^ freq unos=4 ^ freq dos=1 ^ simetria=1 ^ entropia=1,0.522122,0.567375,0.285199,0.315759
r18=1 ^ r26=1 ^ width=5 ^ actividad=1,freq ceros=5 ^ freq unos=4 ^ freq dos=1 ^ simetria=1 ^ entropia=1,0.658345,0.386997,0.194461,0.207102
r27=0 ^ transitoriedad=2,freq ceros=5,0.626634,0.423883,0.271588,0.299497
r27=0 ^ transitoriedad=2,freq ceros=5,0.626634,0.423883,0.271588,0.299497
r27=0 ^ transitoriedad=2,freq ceros=5,0.626634,0.423883,0.271588,0.299497
r27=0 ^ transitoriedad=2,freq ceros=5,0.626634,0.423883,0.271588,0.299497
r27=0 ^ transitoriedad=2,freq ceros=5,0.626634,0.423883,0.271588,0.299497
r18=1 ^ r26=1 ^ width=5 ^ actividad=1,freq ceros=5 ^ freq unos=4 ^ freq dos=1 ^ pasos=1 ^ simetria=1 ^ entropia=1,0.658345,0.386997,0.194461,0.207102
r17=1 ^ width=5 ^ entropia=1,freq ceros=5 ^ freq unos=4 ^ freq dos=1 ^ simetria=1 ^ time entropy=1,0.589673,0.474351,0.238396,0.259541
r27=0 ^ transitoriedad=2,freq ceros=5,0.626634,0.423883,0.271588,0.299497
r27=0 ^ pasos=1,freq ceros=5,0.586111,0.476488,0.307126,0.343270
r27=0 ^ pasos=1,freq ceros=5,0.586111,0.476488,0.307126,0.343270
r27=0 ^ transitoriedad=2,freq ceros=5,0.626634,0.423883,0.271588,0.299497
r27=0 ^ transitoriedad=2,freq ceros=5,0.626634,0.423883,0.271588,0.299497
r17=1 ^ width=5 ^ entropia=1,freq ceros=5 ^ freq unos=4 ^ freq dos=1 ^ simetria=1 ^ time entropy=1,0.589673,0.474351,0.238396,0.259541
r27=0 ^ pasos=1,freq ceros=5,0.586111,0.476488,0.307126,0.343270
r27=0,freq ceros=5,0.557161,0.515140,0.333626,0.376406
r27=0,freq ceros=5,0.557161,0.515140,0.333626,0.376406
r27=0 ^ transitoriedad=2,freq ceros=5 ^ pasos=1 ^ simetria=2,0.585954,0.476022,0.300764,0.336231
r27=0 ^ width=5,freq ceros=5,0.532114,0.541077,0.308227,0.352677
r27=0 ^ width=5,freq ceros=5,0.532114,0.541077,0.308227,0.352677
r27=0,freq ceros=5 ^ simetria=2,0.520850,0.564260,0.360196,0.411007
r18=1 ^ r27=0 ^ width=5 ^ actividad=1,freq ceros=5 ^ freq unos=4 ^ freq dos=1 ^ simetria=1 ^ entropia=1 ^ time entropy=1,0.531475,0.554335,0.278636,0.307676
r26=1 ^ r27=0 ^ width=5 ^ actividad=1,freq ceros=5 ^ freq unos=4 ^ freq dos=1 ^ simetria=1 ^ entropia=1,0.522122,0.567375,0.285199,0.315759
r18=1 ^ width=5 ^ actividad=1,freq ceros=5 ^ freq unos=4 ^ freq dos=1 ^ simetria=1 ^ entropia=1,0.493530,0.607932,0.305614,0.341097
r18=1 ^ r27=0 ^ width=5 ^ actividad=1,freq ceros=5 ^ freq unos=4 ^ freq dos=1,0.518164,0.615389,0.309690,0.319477
r26=1 ^ r27=0 ^ width=5 ^ actividad=1,freq ceros=5 ^ freq unos=4 ^ freq dos=1 ^ simetria=1 ^ entropia=1,0.522122,0.567375,0.285199,0.315759
r18=1 ^ r27=0 ^ width=5 ^ actividad=1,freq ceros=5 ^ freq unos=4 ^ freq dos=1,0.518164,0.615389,0.309690,0.319477
r18=1 ^ r27=0 ^ width=5 ^ actividad=1,freq ceros=5 ^ freq unos=4 ^ freq dos=1 ^ simetria=1 ^ entropia=1,0.531475,0.554335,0.278636,0.307676
r18=1 ^ r26=1 ^ width=5 ^ actividad=1,freq ceros=5 ^ freq unos=4 ^ freq dos=1 ^ simetria=1 ^ entropia=1,0.658345,0.386997,0.194461,0.207102
r27=0 ^ transitoriedad=2,freq ceros=5,0.626634,0.423883,0.271588,0.299497
r27=0 ^ transitoriedad=2,freq ceros=5,0.626634,0.423883,0.271588,0.299497
r27=0 ^ transitoriedad=2,freq ceros=5,0.626634,0.423883,0.271588,0.299497
r27=0 ^ transitoriedad=2,freq ceros=5,0.626634,0.423883,0.271588,0.299497
r18=1 ^ r26=1 ^ width=5 ^ actividad=1,freq ceros=5 ^ freq unos=4 ^ freq dos=1 ^ pasos=1 ^ simetria=1 ^ entropia=1,0.658345,0.386997,0.194461,0.207102
r27=0 ^ transitoriedad=2,freq ceros=5,0.626634,0.423883,0.271588,0.299497
r27=0 ^ transitoriedad=2,freq ceros=5,0.626634,0.423883,0.271588,0.299497
r27=0 ^ transitoriedad=2,freq ceros=5,0.626634,0.423883,0.271588,0.299497
r27=0 ^ transitoriedad=2,freq ceros=5,0.626634,0.423883,0.271588,0.299497
r27=0 ^ transitoriedad=2,freq ceros=5,0.626634,0.423883,0.271588,0.299497
r27=0 ^ transitoriedad=2,freq ceros=5,0.626634,0.423883,0.271588,0.299497
r27=0 ^ transitoriedad=2,freq ceros=5,0.626634,0.423883,0.271588,0.299497
r27=0 ^ transitoriedad=2,freq ceros=5,0.626634,0.423883,0.271588,0.299497
r27=0 ^ transitoriedad=2,freq ceros=5,0.626634,0.423883,0.271588,0.299497
r17=1 ^ width=5 ^ entropia=1,freq ceros=5 ^ freq unos=4 ^ freq dos=1 ^ simetria=1 ^ time entropy=1,0.589673,0.474351,0.238396,0.259541
r17=1 ^ width=5 ^ entropia=1,freq ceros=5 ^ freq unos=4 ^ freq dos=1 ^ simetria=1 ^ time entropy=1,0.589673,0.474351,0.238396,0.259541
r17=1 ^ width=5 ^ entropia=1,freq ceros=5 ^ freq unos=4 ^ freq dos=1 ^ simetria=1 ^ time entropy=1,0.589673,0.474351,0.238396,0.259541
r17=1 ^ width=5 ^ entropia=1,freq ceros=5 ^ freq unos=4 ^ freq dos=1 ^ simetria=1 ^ time entropy=1,0.589673,0.474351,0.238396,0.259541
r17=1 ^ r27=0 ^ width=5 ^ actividad=1,freq ceros=5 ^ freq unos=4 ^ freq dos=1 ^ simetria=1 ^ entropia=1 ^ time entropy=1,0.578512,0.499698,0.251135,0.268460
r17=1 ^ width=5 ^ entropia=1,freq ceros=5 ^ freq unos=4 ^ freq dos=1 ^ simetria=1,0.588622,0.476579,0.239520,0.260380
r18=1 ^ r26=1 ^ r27=0 ^ actividad=1,freq ceros=5 ^ freq unos=4 ^ freq dos=1 ^ simetria=1 ^ entropia=1,0.696787,0.339314,0.170487,0.179612
r18=1 ^ r26=1 ^ r27=0 ^ actividad=1,freq ceros=5 ^ freq unos=4 ^ freq dos=1 ^ simetria=1 ^ entropia=1,0.696787,0.339314,0.170487,0.179612
r18=1 ^ r26=1 ^ r27=0 ^ actividad=1,freq ceros=5 ^ freq unos=4 ^ freq dos=1 ^ simetria=1 ^ entropia=1 ^ time entropy=1,0.696787,0.339314,0.170487,0.179612
r18=1 ^ r26=1 ^ r27=0 ^ actividad=1,freq ceros=5 ^ freq unos=4 ^ freq dos=1 ^ simetria=1 ^ entropia=1 ^ time entropy=1,0.696787,0.339314,0.170487,0.179612
r18=1 ^ r26=1 ^ r27=0 ^ actividad=1,freq ceros=5 ^ freq unos=4 ^ freq dos=1 ^ simetria=1 ^ entropia=1 ^ time entropy=1,0.696787,0.339314,0.170487,0.179612
r18=1 ^ r26=1 ^ r27=0 ^ actividad=1,freq ceros=5 ^ freq unos=4 ^ freq dos=1 ^ simetria=1 ^ entropia=1,0.696787,0.339314,0.170487,0.179612
r18=1 ^ r26=1 ^ r27=0 ^ actividad=1,freq ceros=5 ^ freq unos=4 ^ freq dos=1 ^ simetria=1 ^ entropia=1,0.696787,0.339314,0.170487,0.179612
r18=1 ^ r26=1 ^ r27=0 ^ actividad=1,freq ceros=5 ^ freq unos=4 ^ freq dos=1 ^ simetria=1 ^ entropia=1 ^ time entropy=1,0.696787,0.339314,0.170487,0.179612
r18=1 ^ r26=1 ^ r27=0 ^ actividad=1,freq ceros=5 ^ freq unos=4 ^ freq dos=1 ^ simetria=1 ^ entropia=1 ^ time entropy=1,0.696787,0.339314,0.170487,0.179612
r18=1 ^ r26=1 ^ width=5 ^ actividad=1,freq ceros=5 ^ freq unos=4 ^ freq dos=1 ^ pasos=1 ^ simetria=1 ^ entropia=1 ^ time entropy=1,0.658345,0.386997,0.194461,0.207102
r18=1 ^ r26=1 ^ width=5 ^ actividad=1,freq ceros=5 ^ freq unos=4 ^ freq dos=1 ^ pasos=1 ^ simetria=1 ^ entropia=1 ^ time entropy=1,0.658345,0.386997,0.194461,0.207102
r17=1 ^ r18=1 ^ width=5 ^ actividad=1,freq ceros=5 ^ freq unos=4 ^ freq dos=1 ^ simetria=1 ^ entropia=1 ^ time entropy=1,0.672858,0.376039,0.188942,0.196549
r18=1 ^ r26=1 ^ width=5 ^ actividad=1,freq ceros=5 ^ freq unos=4 ^ freq dos=1 ^ pasos=1 ^ simetria=1 ^ entropia=1 ^ time entropy=1,0.658345,0.386997,0.194461,0.207102
r17=1 ^ r26=1 ^ width=5 ^ actividad=1,freq ceros=5 ^ freq unos=4 ^ freq dos=1 ^ simetria=1 ^ time entropy=1,0.666667,0.384141,0.193016,0.201017
r18=1 ^ r26=1 ^ width=5 ^ actividad=1,freq ceros=5 ^ freq unos=4 ^ freq dos=1 ^ simetria=1 ^ time entropy=1,0.657838,0.387905,0.194918,0.207473
r17=1 ^ r18=1 ^ width=5 ^ entropia=1,freq ceros=5 ^ freq unos=4 ^ freq dos=1 ^ simetria=1 ^ time entropy=1,0.733516,0.294123,0.147771,0.154497
r17=1 ^ r18=1 ^ width=5 ^ entropia=1,freq ceros=5 ^ freq unos=4 ^ freq dos=1 ^ simetria=1 ^ time entropy=1,0.733516,0.294123,0.147771,0.154497
r18=1 ^ width=5 ^ entropia=1,freq ceros=5 ^ freq dos=1 ^ simetria=1,0.786936,0.233760,0.118153,0.120556
r27=0 ^ width=5 ^ entropia=1,freq ceros=5 ^ freq dos=1 ^ simetria=1 ^ time entropy=1,0.738122,0.290881,0.147051,0.152388
r17=1 ^ r18=1 ^ width=5 ^ entropia=1,freq ceros=5 ^ freq unos=4 ^ freq dos=1 ^ simetria=1 ^ time entropy=1,0.733516,0.294123,0.147771,0.154497
r27=0 ^ width=5 ^ entropia=1,freq ceros=5 ^ freq dos=1 ^ simetria=1 ^ time entropy=1,0.738122,0.290881,0.147051,0.152388
r27=0 ^ width=5 ^ entropia=1,freq ceros=5 ^ simetria=1 ^ time entropy=1,0.751045,0.282601,0.143026,0.143920
r17=1 ^ r26=1 ^ width=5 ^ entropia=1,freq ceros=5 ^ freq unos=4 ^ freq dos=1 ^ simetria=1 ^ time entropy=1,0.731766,0.296212,0.148821,0.155669
r27=0 ^ width=5 ^ entropia=1,freq ceros=5 ^ freq dos=1 ^ simetria=1 ^ time entropy=1,0.738122,0.290881,0.147051,0.152388
r17=1 ^ r27=0 ^ width=5 ^ entropia=1,freq ceros=5 ^ freq unos=4 ^ freq dos=1 ^ simetria=1 ^ time entropy=1,0.705322,0.328055,0.164829,0.173682
r18=1 ^ width=5 ^ entropia=1,freq ceros=5 ^ freq dos=1 ^ simetria=1 ^ time entropy=1,0.790138,0.229423,0.115955,0.118529
r27=0 ^ width=5 ^ actividad=1 ^ entropia=1,freq ceros=5 ^ freq unos=4 ^ freq dos=1 ^ simetria=1 ^ time entropy=1,0.811859,0.203472,0.102212,0.104334
r18=1 ^ r26=1 ^ width=5 ^ entropia=1,freq ceros=5 ^ freq dos=1 ^ simetria=1 ^ time entropy=1,0.820309,0.194594,0.098339,0.099786
r18=1 ^ width=5 ^ entropia=1,freq ceros=5 ^ freq dos=1 ^ simetria=1 ^ time entropy=1,0.790138,0.229423,0.115955,0.118529
r27=0 ^ width=5 ^ actividad=1 ^ entropia=1,freq ceros=5 ^ freq unos=4 ^ freq dos=1 ^ simetria=1 ^ time entropy=1,0.811859,0.203472,0.102212,0.104334
r18=1 ^ width=5 ^ entropia=1,freq ceros=5 ^ freq dos=1 ^ simetria=1,0.786936,0.233760,0.118153,0.120556
r26=1 ^ width=5 ^ actividad=1 ^ entropia=1,freq ceros=5 ^ freq unos=4 ^ freq dos=1 ^ pasos=1 ^ simetria=1 ^ time entropy=1,0.841773,0.169553,0.085169,0.086312
r26=1 ^ width=5 ^ actividad=1 ^ entropia=1,freq ceros=5 ^ freq unos=4 ^ freq dos=1 ^ pasos=1 ^ simetria=1 ^ time entropy=1,0.841773,0.169553,0.085169,0.086312
r26=1 ^ width=5 ^ actividad=1 ^ entropia=1,freq ceros=5 ^ freq unos=4 ^ freq dos=1 ^ pasos=1 ^ simetria=1 ^ time entropy=1,0.841773,0.169553,0.085169,0.086312
r26=1 ^ width=5 ^ actividad=1 ^ entropia=1,freq ceros=5 ^ freq unos=4 ^ freq dos=1 ^ pasos=1 ^ simetria=1 ^ time entropy=1,0.841773,0.169553,0.085169,0.086312
