antecedente,consecuente,jaccard,cosine,phi,kappa
r24=0 ^ r27=0 ^ freq unos=4 ^ time entropy=1,freq ceros=5 ^ freq dos=1 ^ width=5 ^ actividad=1 ^ transitoriedad=2,0.659534,0.376631,0.189190,0.206185
r24=0 ^ r27=0 ^ freq unos=4 ^ time entropy=1,freq ceros=5 ^ freq dos=1 ^ width=5 ^ actividad=1 ^ transitoriedad=2,0.659534,0.376631,0.189190,0.206185
r24=0 ^ r27=0 ^ freq unos=4 ^ time entropy=1,freq ceros=5 ^ freq dos=1 ^ width=5 ^ actividad=1 ^ transitoriedad=2,0.659534,0.376631,0.189190,0.206185
r24=0 ^ r26=1 ^ width=5 ^ time entropy=1,freq ceros=5 ^ simetria=1 ^ transitoriedad=2,0.617825,0.428794,0.216439,0.238672
r24=0 ^ r26=1 ^ width=5 ^ time entropy=1,freq ceros=5 ^ simetria=1 ^ transitoriedad=2,0.617825,0.428794,0.216439,0.238672
r24=0 ^ r26=1 ^ width=5 ^ time entropy=1,freq ceros=5 ^ simetria=1 ^ transitoriedad=2,0.617825,0.428794,0.216439,0.238672
r24=0 ^ r26=1 ^ width=5 ^ time entropy=1,freq ceros=5 ^ simetria=1 ^ transitoriedad=2,0.617825,0.428794,0.216439,0.238672
r24=0 ^ r26=1 ^ width=5 ^ time entropy=1,freq ceros=5 ^ simetria=1 ^ transitoriedad=2,0.617825,0.428794,0.216439,0.238672
r24=0 ^ r27=0 ^ freq unos=4 ^ time entropy=1,freq ceros=5 ^ freq dos=1 ^ width=5 ^ actividad=1 ^ transitoriedad=2,0.659534,0.376631,0.189190,0.206185
r24=0 ^ r27=0 ^ freq unos=4 ^ time entropy=1,freq ceros=5 ^ freq dos=1 ^ width=5 ^ actividad=1 ^ transitoriedad=2,0.659534,0.376631,0.189190,0.206185
r24=0 ^ r27=0 ^ freq unos=4 ^ time entropy=1,freq ceros=5 ^ freq dos=1 ^ width=5 ^ actividad=1 ^ transitoriedad=2,0.659534,0.376631,0.189190,0.206185
r24=0 ^ r26=1 ^ width=5 ^ time entropy=1,freq ceros=5 ^ simetria=1 ^ transitoriedad=2,0.617825,0.428794,0.216439,0.238672
r24=0 ^ r26=1 ^ width=5 ^ time entropy=1,freq ceros=5 ^ simetria=1 ^ transitoriedad=2,0.617825,0.428794,0.216439,0.238672
r24=0 ^ r26=1 ^ width=5 ^ time entropy=1,freq ceros=5 ^ simetria=1 ^ transitoriedad=2,0.617825,0.428794,0.216439,0.238672
r24=0 ^ r26=1 ^ width=5 ^ time entropy=1,freq ceros=5 ^ simetria=1 ^ transitoriedad=2,0.617825,0.428794,0.216439,0.238672
r24=0 ^ r26=1 ^ width=5 ^ time entropy=1,freq ceros=5 ^ simetria=1 ^ transitoriedad=2,0.617825,0.428794,0.216439,0.238672
r24=0 ^ r26=1 ^ width=5 ^ time entropy=1,freq ceros=5 ^ simetria=1 ^ transitoriedad=2,0.617825,0.428794,0.216439,0.238672
r24=0 ^ r26=1 ^ width=5 ^ time entropy=1,freq ceros=5 ^ simetria=1 ^ transitoriedad=2,0.617825,0.428794,0.216439,0.238672
r24=0 ^ r26=1 ^ width=5 ^ time entropy=1,freq ceros=5 ^ simetria=1 ^ transitoriedad=2,0.617825,0.428794,0.216439,0.238672
r24=0 ^ r26=1 ^ width=5 ^ time entropy=1,freq ceros=5 ^ simetria=1 ^ transitoriedad=2,0.617825,0.428794,0.216439,0.238672
r24=0 ^ r26=1 ^ width=5 ^ time entropy=1,freq ceros=5 ^ simetria=1 ^ transitoriedad=2,0.617825,0.428794,0.216439,0.238672
r24=0 ^ r26=1 ^ width=5 ^ time entropy=1,freq ceros=5 ^ simetria=1 ^ transitoriedad=2,0.617825,0.428794,0.216439,0.238672
r27=0 ^ width=5,freq ceros=5 ^ transitoriedad=2,0.532114,0.541077,0.308227,0.352677
r27=0 ^ width=5,freq ceros=5 ^ transitoriedad=2,0.532114,0.541077,0.308227,0.352677
r27=0 ^ width=5 ^ pasos=1,freq ceros=5 ^ transitoriedad=2,0.532114,0.541077,0.308227,0.352677
r24=0 ^ r26=1 ^ width=5 ^ time entropy=1,freq ceros=5 ^ simetria=1 ^ transitoriedad=2,0.617825,0.428794,0.216439,0.238672
r24=0 ^ r26=1 ^ width=5 ^ time entropy=1,freq ceros=5 ^ simetria=1 ^ transitoriedad=2,0.617825,0.428794,0.216439,0.238672
r24=0 ^ r26=1 ^ width=5 ^ time entropy=1,freq ceros=5 ^ simetria=1 ^ transitoriedad=2,0.617825,0.428794,0.216439,0.238672
r27=0 ^ width=5 ^ pasos=1,freq ceros=5 ^ transitoriedad=2,0.532114,0.541077,0.308227,0.352677
r27=0 ^ width=5 ^ simetria=2,freq ceros=5 ^ transitoriedad=2,0.468896,0.630481,0.354991,0.412393
r27=0 ^ pasos=1 ^ simetria=2,transitoriedad=2,0.314979,0.886521,0.824291,0.925198
r18=1 ^ r27=0 ^ simetria=1 ^ entropia=1,freq ceros=5 ^ freq dos=1 ^ width=5 ^ actividad=2 ^ transitoriedad=2 ^ time entropy=1,0.442638,0.669379,0.336502,0.388667
r26=1 ^ r27=0 ^ simetria=1 ^ entropia=1,freq ceros=5 ^ freq dos=1 ^ width=5 ^ actividad=1 ^ transitoriedad=2 ^ time entropy=1,0.480921,0.626450,0.315136,0.352826
r24=0 ^ r26=1 ^ width=5 ^ time entropy=1,freq ceros=5 ^ simetria=1 ^ transitoriedad=2,0.617825,0.428794,0.216439,0.238672
r27=0 ^ width=5 ^ pasos=1,freq ceros=5 ^ transitoriedad=2,0.532114,0.541077,0.308227,0.352677
r18=1 ^ r27=0 ^ simetria=1 ^ entropia=1,freq ceros=5 ^ freq dos=1 ^ width=5 ^ actividad=2 ^ transitoriedad=2 ^ time entropy=1,0.442638,0.669379,0.336502,0.388667
r18=1 ^ r27=0 ^ width=5,freq ceros=5 ^ transitoriedad=2,0.318822,0.870713,0.476409,0.569676
r18=1 ^ r26=1 ^ pasos=1,transitoriedad=2,0.104456,1.385991,1.000045,1.000011
r26=1 ^ r27=0 ^ simetria=1,freq ceros=5 ^ freq dos=1 ^ width=5 ^ actividad=2 ^ transitoriedad=2 ^ time entropy=1,0.389040,0.752539,0.378389,0.442585
r26=1 ^ r27=0 ^ simetria=1 ^ entropia=1,freq ceros=5 ^ freq dos=1 ^ width=5 ^ actividad=1 ^ transitoriedad=2 ^ time entropy=1,0.480921,0.626450,0.315136,0.352826
r18=1 ^ r27=0 ^ simetria=1 ^ entropia=1,freq ceros=5 ^ freq dos=1 ^ width=5 ^ actividad=2 ^ transitoriedad=2 ^ time entropy=1,0.442638,0.669379,0.336502,0.388667
r27=0 ^ freq unos=4 ^ simetria=1 ^ entropia=1,freq ceros=5 ^ freq dos=1 ^ width=5 ^ transitoriedad=2,0.339559,0.834826,0.419946,0.496317
r18=1 ^ simetria=1,freq ceros=5 ^ freq dos=1 ^ width=5 ^ actividad=2 ^ transitoriedad=2 ^ time entropy=1,0.156289,1.209333,0.609304,0.735142
r10=0 ^ freq unos=4 ^ simetria=1 ^ entropia=1,freq ceros=5 ^ freq dos=1 ^ width=5 ^ actividad=1 ^ transitoriedad=2 ^ time entropy=1,0.281244,0.964057,0.483097,0.562290
r18=1 ^ r27=0 ^ simetria=1 ^ entropia=1,freq ceros=5 ^ freq dos=1 ^ width=5 ^ actividad=2 ^ transitoriedad=2 ^ time entropy=1,0.442638,0.669379,0.336502,0.388667
r18=1 ^ r27=0 ^ simetria=1 ^ entropia=1,freq ceros=5 ^ freq dos=1 ^ width=5 ^ actividad=2 ^ transitoriedad=2 ^ time entropy=1,0.442638,0.669379,0.336502,0.388667
r27=0 ^ freq unos=4 ^ simetria=1 ^ entropia=1,freq ceros=5 ^ freq dos=1 ^ width=5 ^ transitoriedad=2,0.339559,0.834826,0.419946,0.496317
r24=0 ^ freq unos=4 ^ simetria=1 ^ entropia=1,freq ceros=5 ^ freq dos=1 ^ width=5 ^ transitoriedad=2,0.315677,0.878335,0.441721,0.523428
r24=0 ^ freq unos=4 ^ width=5 ^ time entropy=1,freq ceros=5 ^ freq dos=1 ^ simetria=1 ^ transitoriedad=2,0.403715,0.730144,0.367029,0.427309
r18=1 ^ r27=0 ^ simetria=1 ^ entropia=1,freq ceros=5 ^ freq dos=1 ^ width=5 ^ actividad=2 ^ transitoriedad=2 ^ time entropy=1,0.442638,0.669379,0.336502,0.388667
r24=0 ^ freq unos=4 ^ width=5 ^ time entropy=1,freq ceros=5 ^ freq dos=1 ^ simetria=1 ^ transitoriedad=2,0.403715,0.730144,0.367029,0.427309
r18=1 ^ r27=0 ^ simetria=1 ^ entropia=1,freq ceros=5 ^ freq dos=1 ^ width=5 ^ actividad=2 ^ transitoriedad=2 ^ time entropy=1,0.442638,0.669379,0.336502,0.388667
r18=1 ^ r27=0 ^ simetria=1 ^ entropia=1,freq ceros=5 ^ freq dos=1 ^ width=5 ^ actividad=2 ^ transitoriedad=2 ^ time entropy=1,0.442638,0.669379,0.336502,0.388667
r18=1 ^ r27=0 ^ simetria=1 ^ entropia=1,freq ceros=5 ^ freq dos=1 ^ width=5 ^ actividad=2 ^ transitoriedad=2 ^ time entropy=1,0.442638,0.669379,0.336502,0.388667
r18=1 ^ r27=0 ^ simetria=1 ^ entropia=1,freq ceros=5 ^ freq dos=1 ^ width=5 ^ actividad=1 ^ transitoriedad=2 ^ time entropy=1,0.480921,0.626450,0.315136,0.352826
r24=0 ^ r27=0 ^ freq unos=4 ^ time entropy=1,freq ceros=5 ^ freq dos=1 ^ width=5 ^ actividad=1 ^ transitoriedad=2,0.659534,0.376631,0.189190,0.206185
r24=0 ^ r26=1 ^ width=5 ^ time entropy=1,freq ceros=5 ^ simetria=1 ^ transitoriedad=2,0.617825,0.428794,0.216439,0.238672
r24=0 ^ r26=1 ^ width=5 ^ time entropy=1,freq ceros=5 ^ simetria=1 ^ transitoriedad=2,0.617825,0.428794,0.216439,0.238672
r24=0 ^ r26=1 ^ width=5 ^ time entropy=1,freq ceros=5 ^ simetria=1 ^ transitoriedad=2,0.617825,0.428794,0.216439,0.238672
r24=0 ^ r26=1 ^ width=5 ^ time entropy=1,freq ceros=5 ^ simetria=1 ^ transitoriedad=2,0.617825,0.428794,0.216439,0.238672
r24=0 ^ r26=1 ^ width=5 ^ time entropy=1,freq ceros=5 ^ simetria=1 ^ transitoriedad=2,0.617825,0.428794,0.216439,0.238672
r24=0 ^ r26=1 ^ width=5 ^ time entropy=1,freq ceros=5 ^ simetria=1 ^ transitoriedad=2,0.617825,0.428794,0.216439,0.238672
r24=0 ^ r26=1 ^ width=5 ^ time entropy=1,freq ceros=5 ^ simetria=1 ^ transitoriedad=2,0.617825,0.428794,0.216439,0.238672
r24=0 ^ r26=1 ^ width=5 ^ time entropy=1,freq ceros=5 ^ simetria=1 ^ transitoriedad=2,0.617825,0.428794,0.216439,0.238672
r24=0 ^ r26=1 ^ width=5 ^ time entropy=1,freq ceros=5 ^ simetria=1 ^ transitoriedad=2,0.617825,0.428794,0.216439,0.238672
r24=0 ^ r26=1 ^ width=5 ^ time entropy=1,freq ceros=5 ^ simetria=1 ^ transitoriedad=2,0.617825,0.428794,0.216439,0.238672
r24=0 ^ r26=1 ^ width=5 ^ time entropy=1,freq ceros=5 ^ simetria=1 ^ transitoriedad=2,0.617825,0.428794,0.216439,0.238672
r27=0 ^ width=5,freq ceros=5 ^ transitoriedad=2,0.532114,0.541077,0.308227,0.352677
r27=0 ^ width=5,freq ceros=5 ^ transitoriedad=2,0.532114,0.541077,0.308227,0.352677
r24=0 ^ r26=1 ^ width=5 ^ time entropy=1,freq ceros=5 ^ simetria=1 ^ transitoriedad=2,0.617825,0.428794,0.216439,0.238672
r24=0 ^ r26=1 ^ width=5 ^ time entropy=1,freq ceros=5 ^ simetria=1 ^ transitoriedad=2,0.617825,0.428794,0.216439,0.238672
r24=0 ^ r26=1 ^ width=5 ^ time entropy=1,freq ceros=5 ^ simetria=1 ^ transitoriedad=2,0.617825,0.428794,0.216439,0.238672
r24=0 ^ r26=1 ^ width=5 ^ time entropy=1,freq ceros=5 ^ simetria=1 ^ transitoriedad=2,0.617825,0.428794,0.216439,0.238672
r27=0 ^ width=5,freq ceros=5 ^ transitoriedad=2,0.532114,0.541077,0.308227,0.352677
r27=0 ^ width=5,freq ceros=5 ^ transitoriedad=2,0.532114,0.541077,0.308227,0.352677
r1=0 ^ pasos=1 ^ simetria=2,transitoriedad=2,0.326083,0.870514,0.838022,0.928898
r27=0,freq ceros=5 ^ simetria=2 ^ transitoriedad=2,0.520850,0.564260,0.360196,0.411007
r27=0 ^ width=5,freq ceros=5 ^ transitoriedad=2,0.532114,0.541077,0.308227,0.352677
r24=0 ^ r26=1 ^ width=5 ^ time entropy=1,freq ceros=5 ^ simetria=1 ^ transitoriedad=2,0.617825,0.428794,0.216439,0.238672
r27=0 ^ width=5,freq ceros=5 ^ transitoriedad=2,0.532114,0.541077,0.308227,0.352677
r27=0 ^ width=5 ^ simetria=2,freq ceros=5 ^ transitoriedad=2,0.468896,0.630481,0.354991,0.412393
r27=0 ^ width=5 ^ simetria=2,freq ceros=5 ^ transitoriedad=2,0.468896,0.630481,0.354991,0.412393
r26=0 ^ pasos=1 ^ simetria=2,transitoriedad=2,0.313932,0.898849,0.876970,0.946466
r27=0 ^ width=5 ^ simetria=2,freq ceros=5 ^ transitoriedad=2,0.468896,0.630481,0.354991,0.412393
r27=0 ^ width=5,freq ceros=5 ^ transitoriedad=2,0.532114,0.541077,0.308227,0.352677
r18=1 ^ r27=0 ^ simetria=1 ^ entropia=1,freq ceros=5 ^ freq dos=1 ^ width=5 ^ actividad=2 ^ transitoriedad=2 ^ time entropy=1,0.442638,0.669379,0.336502,0.388667
r26=1 ^ r27=0 ^ simetria=1,freq ceros=5 ^ freq dos=1 ^ width=5 ^ actividad=2 ^ transitoriedad=2 ^ time entropy=1,0.389040,0.752539,0.378389,0.442585
r26=1 ^ r27=0 ^ width=5 ^ simetria=2,freq ceros=5 ^ transitoriedad=2,0.262877,0.974570,0.527274,0.634695
r26=1 ^ r27=0 ^ pasos=1,freq ceros=5 ^ width=5 ^ simetria=2 ^ transitoriedad=2,0.329171,1.005607,0.559743,0.561822
r18=1 ^ r27=0 ^ simetria=1 ^ entropia=1,freq ceros=5 ^ freq dos=1 ^ width=5 ^ actividad=2 ^ transitoriedad=2 ^ time entropy=1,0.442638,0.669379,0.336502,0.388667
r18=1 ^ r27=0 ^ simetria=1 ^ entropia=1,freq ceros=5 ^ freq dos=1 ^ width=5 ^ actividad=2 ^ transitoriedad=2 ^ time entropy=1,0.442638,0.669379,0.336502,0.388667
r27=0 ^ freq unos=4 ^ simetria=1 ^ entropia=1,freq ceros=5 ^ freq dos=1 ^ width=5 ^ transitoriedad=2,0.339559,0.834826,0.419946,0.496317
r18=1 ^ r24=0 ^ r27=0 ^ freq unos=4,freq ceros=5 ^ freq dos=1 ^ width=5 ^ simetria=1 ^ transitoriedad=2 ^ time entropy=1,0.297615,1.074794,0.542203,0.546124
r18=1 ^ r27=0 ^ freq unos=4 ^ entropia=1,freq ceros=5 ^ freq dos=1 ^ width=5 ^ simetria=1 ^ transitoriedad=2 ^ time entropy=1,0.394908,0.813682,0.409693,0.436905
r18=1 ^ r27=0 ^ simetria=1 ^ entropia=1,freq ceros=5 ^ freq dos=1 ^ width=5 ^ actividad=2 ^ transitoriedad=2 ^ time entropy=1,0.442638,0.669379,0.336502,0.388667
r26=1 ^ r27=0 ^ simetria=1,freq ceros=5 ^ freq dos=1 ^ width=5 ^ actividad=2 ^ transitoriedad=2 ^ time entropy=1,0.389040,0.752539,0.378389,0.442585
r24=0 ^ freq unos=4 ^ width=5 ^ entropia=1,freq ceros=5 ^ freq dos=1 ^ simetria=1 ^ transitoriedad=2 ^ time entropy=1,0.404981,0.729785,0.366856,0.426021
r18=1 ^ r27=0 ^ simetria=1 ^ entropia=1,freq ceros=5 ^ freq dos=1 ^ width=5 ^ actividad=2 ^ transitoriedad=2 ^ time entropy=1,0.442638,0.669379,0.336502,0.388667
r18=1 ^ r27=0 ^ simetria=1 ^ entropia=1,freq ceros=5 ^ freq dos=1 ^ width=5 ^ actividad=2 ^ transitoriedad=2 ^ time entropy=1,0.442638,0.669379,0.336502,0.388667
r18=1 ^ r27=0 ^ simetria=1 ^ entropia=1,freq ceros=5 ^ freq dos=1 ^ width=5 ^ actividad=1 ^ transitoriedad=2 ^ time entropy=1,0.480921,0.626450,0.315136,0.352826
r24=0 ^ r26=1 ^ width=5 ^ time entropy=1,freq ceros=5 ^ simetria=1 ^ transitoriedad=2,0.617825,0.428794,0.216439,0.238672
r24=0 ^ r26=1 ^ width=5 ^ time entropy=1,freq ceros=5 ^ simetria=1 ^ transitoriedad=2,0.617825,0.428794,0.216439,0.238672
r24=0 ^ r26=1 ^ width=5 ^ time entropy=1,freq ceros=5 ^ simetria=1 ^ transitoriedad=2,0.617825,0.428794,0.216439,0.238672
r24=0 ^ r26=1 ^ width=5 ^ time entropy=1,freq ceros=5 ^ simetria=1 ^ transitoriedad=2,0.617825,0.428794,0.216439,0.238672
r24=0 ^ r26=1 ^ width=5 ^ time entropy=1,freq ceros=5 ^ simetria=1 ^ transitoriedad=2,0.617825,0.428794,0.216439,0.238672
r24=0 ^ r26=1 ^ width=5 ^ time entropy=1,freq ceros=5 ^ simetria=1 ^ transitoriedad=2,0.617825,0.428794,0.216439,0.238672
r24=0 ^ r26=1 ^ width=5 ^ time entropy=1,freq ceros=5 ^ simetria=1 ^ transitoriedad=2,0.617825,0.428794,0.216439,0.238672
r24=0 ^ r26=1 ^ width=5 ^ time entropy=1,freq ceros=5 ^ simetria=1 ^ transitoriedad=2,0.617825,0.428794,0.216439,0.238672
r24=0 ^ r26=1 ^ width=5 ^ time entropy=1,freq ceros=5 ^ simetria=1 ^ transitoriedad=2,0.617825,0.428794,0.216439,0.238672
r24=0 ^ r26=1 ^ width=5 ^ time entropy=1,freq ceros=5 ^ simetria=1 ^ transitoriedad=2,0.617825,0.428794,0.216439,0.238672
r27=0 ^ pasos=1,freq ceros=5 ^ transitoriedad=2,0.586111,0.476488,0.307126,0.343270
r27=0,freq ceros=5 ^ transitoriedad=2,0.557161,0.515140,0.333626,0.376406
r27=0,freq ceros=5 ^ transitoriedad=2,0.557161,0.515140,0.333626,0.376406
r27=0 ^ pasos=1,freq ceros=5 ^ transitoriedad=2,0.586111,0.476488,0.307126,0.343270
r24=0 ^ r26=1 ^ width=5 ^ time entropy=1,freq ceros=5 ^ simetria=1 ^ transitoriedad=2,0.617825,0.428794,0.216439,0.238672
r24=0 ^ r26=1 ^ width=5 ^ time entropy=1,freq ceros=5 ^ simetria=1 ^ transitoriedad=2,0.617825,0.428794,0.216439,0.238672
r27=0 ^ width=5,freq ceros=5 ^ transitoriedad=2,0.532114,0.541077,0.308227,0.352677
r27=0,freq ceros=5 ^ simetria=2 ^ transitoriedad=2,0.520850,0.564260,0.360196,0.411007
r27=0,freq ceros=5 ^ simetria=2 ^ transitoriedad=2,0.520850,0.564260,0.360196,0.411007
r27=0,freq ceros=5 ^ simetria=2 ^ transitoriedad=2,0.520850,0.564260,0.360196,0.411007
r18=1 ^ r24=0 ^ width=5 ^ entropia=1,freq ceros=5 ^ simetria=1 ^ transitoriedad=2,0.602314,0.460464,0.232533,0.250829
r27=0 ^ width=5,freq ceros=5 ^ transitoriedad=2,0.532114,0.541077,0.308227,0.352677
r27=0 ^ width=5 ^ simetria=2,freq ceros=5 ^ transitoriedad=2,0.468896,0.630481,0.354991,0.412393
r27=0 ^ width=5 ^ simetria=2,freq ceros=5 ^ transitoriedad=2,0.468896,0.630481,0.354991,0.412393
r27=0 ^ width=5 ^ simetria=2,freq ceros=5 ^ transitoriedad=2,0.468896,0.630481,0.354991,0.412393
r26=1 ^ r27=0 ^ simetria=1 ^ entropia=1,freq ceros=5 ^ freq dos=1 ^ width=5 ^ actividad=1 ^ transitoriedad=2 ^ time entropy=1,0.480921,0.626450,0.315136,0.352826
r18=1 ^ r27=0 ^ simetria=1 ^ entropia=1,freq ceros=5 ^ freq dos=1 ^ width=5 ^ actividad=2 ^ transitoriedad=2 ^ time entropy=1,0.442638,0.669379,0.336502,0.388667
r24=0 ^ freq unos=4 ^ width=5 ^ time entropy=1,freq ceros=5 ^ freq dos=1 ^ simetria=1 ^ transitoriedad=2,0.403715,0.730144,0.367029,0.427309
r26=1 ^ r27=0 ^ freq unos=4 ^ entropia=1,freq ceros=5 ^ freq dos=1 ^ width=5 ^ simetria=1 ^ transitoriedad=2 ^ time entropy=1,0.392949,0.819676,0.412736,0.438957
r17=1 ^ r18=1 ^ freq unos=4 ^ entropia=1,freq ceros=5 ^ freq dos=1 ^ width=5 ^ actividad=1 ^ transitoriedad=2,0.470816,0.718950,0.361806,0.362123
r18=1 ^ r27=0 ^ simetria=1 ^ entropia=1,freq ceros=5 ^ freq dos=1 ^ width=5 ^ actividad=2 ^ transitoriedad=2 ^ time entropy=1,0.442638,0.669379,0.336502,0.388667
r18=1 ^ r27=0 ^ simetria=1 ^ time entropy=1,freq ceros=5 ^ freq dos=1 ^ width=5 ^ actividad=2 ^ transitoriedad=2,0.433189,0.686238,0.345004,0.397887
r24=0 ^ freq unos=4 ^ time entropy=1,freq ceros=5 ^ freq dos=1 ^ width=5 ^ actividad=1 ^ transitoriedad=2,0.455951,0.745628,0.375280,0.376147
r26=1 ^ r27=0 ^ simetria=1 ^ entropia=1,freq ceros=5 ^ freq dos=1 ^ width=5 ^ actividad=1 ^ transitoriedad=2 ^ time entropy=1,0.480921,0.626450,0.315136,0.352826
r26=1 ^ r27=0 ^ simetria=1 ^ entropia=1,freq ceros=5 ^ freq dos=1 ^ width=5 ^ actividad=1 ^ transitoriedad=2 ^ time entropy=1,0.480921,0.626450,0.315136,0.352826
r26=1 ^ r27=0 ^ simetria=1 ^ entropia=1,freq ceros=5 ^ freq dos=1 ^ width=5 ^ actividad=1 ^ transitoriedad=2 ^ time entropy=1,0.480921,0.626450,0.315136,0.352826
r24=0 ^ r26=1 ^ width=5 ^ time entropy=1,freq ceros=5 ^ simetria=1 ^ transitoriedad=2,0.617825,0.428794,0.216439,0.238672
r24=0 ^ r26=1 ^ width=5 ^ time entropy=1,freq ceros=5 ^ simetria=1 ^ transitoriedad=2,0.617825,0.428794,0.216439,0.238672
r24=0 ^ r26=1 ^ width=5 ^ time entropy=1,freq ceros=5 ^ simetria=1 ^ transitoriedad=2,0.617825,0.428794,0.216439,0.238672
r27=0 ^ pasos=1,freq ceros=5 ^ transitoriedad=2,0.586111,0.476488,0.307126,0.343270
r27=0 ^ pasos=1,freq ceros=5 ^ transitoriedad=2,0.586111,0.476488,0.307126,0.343270
r24=0 ^ r26=1 ^ width=5 ^ time entropy=1,freq ceros=5 ^ simetria=1 ^ transitoriedad=2,0.617825,0.428794,0.216439,0.238672
r24=0 ^ r26=1 ^ width=5 ^ time entropy=1,freq ceros=5 ^ simetria=1 ^ transitoriedad=2,0.617825,0.428794,0.216439,0.238672
r24=0 ^ r26=1 ^ width=5 ^ time entropy=1,freq ceros=5 ^ simetria=1 ^ transitoriedad=2,0.617825,0.428794,0.216439,0.238672
r24=0 ^ r26=1 ^ width=5 ^ time entropy=1,freq ceros=5 ^ simetria=1 ^ transitoriedad=2,0.617825,0.428794,0.216439,0.238672
r27=0 ^ pasos=1,freq ceros=5 ^ transitoriedad=2,0.586111,0.476488,0.307126,0.343270
r27=0 ^ pasos=1,freq ceros=5 ^ transitoriedad=2,0.586111,0.476488,0.307126,0.343270
r27=0 ^ pasos=1,freq ceros=5 ^ transitoriedad=2,0.586111,0.476488,0.307126,0.343270
r24=0 ^ r26=1 ^ width=5 ^ time entropy=1,freq ceros=5 ^ simetria=1 ^ transitoriedad=2,0.617825,0.428794,0.216439,0.238672
r24=0 ^ r26=1 ^ width=5 ^ time entropy=1,freq ceros=5 ^ simetria=1 ^ transitoriedad=2,0.617825,0.428794,0.216439,0.238672
r27=0 ^ pasos=1,freq ceros=5 ^ transitoriedad=2,0.586111,0.476488,0.307126,0.343270
r27=0,freq ceros=5 ^ transitoriedad=2,0.557161,0.515140,0.333626,0.376406
r27=0,freq ceros=5 ^ transitoriedad=2,0.557161,0.515140,0.333626,0.376406
r27=0 ^ pasos=1,freq ceros=5 ^ transitoriedad=2,0.586111,0.476488,0.307126,0.343270
r27=0 ^ width=5,freq ceros=5 ^ transitoriedad=2,0.532114,0.541077,0.308227,0.352677
r27=0 ^ width=5,freq ceros=5 ^ transitoriedad=2,0.532114,0.541077,0.308227,0.352677
r27=0,freq ceros=5 ^ simetria=2 ^ transitoriedad=2,0.520850,0.564260,0.360196,0.411007
r18=1 ^ r24=0 ^ simetria=1,freq ceros=5 ^ freq dos=1 ^ width=5 ^ transitoriedad=2,0.543007,0.583496,0.295142,0.299647
r26=1 ^ r27=0 ^ simetria=1 ^ entropia=1,freq ceros=5 ^ freq dos=1 ^ width=5 ^ actividad=1 ^ transitoriedad=2 ^ time entropy=1,0.480921,0.626450,0.315136,0.352826
r26=1 ^ r27=0 ^ simetria=1 ^ entropia=1,freq ceros=5 ^ freq dos=1 ^ width=5 ^ actividad=1 ^ transitoriedad=2 ^ time entropy=1,0.480921,0.626450,0.315136,0.352826
r24=0 ^ r26=1 ^ freq unos=4 ^ entropia=1,freq ceros=5 ^ freq dos=1 ^ width=5 ^ actividad=1 ^ transitoriedad=2,0.525111,0.621547,0.312643,0.313255
r26=1 ^ r27=0 ^ simetria=1 ^ entropia=1,freq ceros=5 ^ freq dos=1 ^ width=5 ^ actividad=1 ^ transitoriedad=2 ^ time entropy=1,0.480921,0.626450,0.315136,0.352826
r24=0 ^ r26=1 ^ freq unos=4 ^ entropia=1,freq ceros=5 ^ freq dos=1 ^ width=5 ^ actividad=1 ^ transitoriedad=2,0.525111,0.621547,0.312643,0.313255
r24=0 ^ r26=1 ^ freq unos=4 ^ time entropy=1,freq ceros=5 ^ freq dos=1 ^ width=5 ^ actividad=1 ^ transitoriedad=2,0.564439,0.550705,0.276913,0.280003
r24=0 ^ r27=0 ^ freq unos=4 ^ time entropy=1,freq ceros=5 ^ freq dos=1 ^ width=5 ^ actividad=1 ^ transitoriedad=2,0.659534,0.376631,0.189190,0.206185
r24=0 ^ r27=0 ^ freq unos=4 ^ time entropy=1,freq ceros=5 ^ freq dos=1 ^ width=5 ^ actividad=1 ^ transitoriedad=2,0.659534,0.376631,0.189190,0.206185
r24=0 ^ r27=0 ^ freq unos=4 ^ time entropy=1,freq ceros=5 ^ freq dos=1 ^ width=5 ^ actividad=1 ^ transitoriedad=2,0.659534,0.376631,0.189190,0.206185
r24=0 ^ r27=0 ^ width=5 ^ time entropy=1,freq ceros=5 ^ simetria=1 ^ transitoriedad=2,0.662740,0.373046,0.188398,0.205029
r24=0 ^ r27=0 ^ width=5 ^ time entropy=1,freq ceros=5 ^ simetria=1 ^ transitoriedad=2,0.662740,0.373046,0.188398,0.205029
r24=0 ^ r27=0 ^ freq unos=4 ^ time entropy=1,freq ceros=5 ^ freq dos=1 ^ width=5 ^ actividad=1 ^ transitoriedad=2,0.659534,0.376631,0.189190,0.206185
r24=0 ^ r26=1 ^ width=5 ^ time entropy=1,freq ceros=5 ^ simetria=1 ^ transitoriedad=2,0.617825,0.428794,0.216439,0.238672
r24=0 ^ r26=1 ^ width=5 ^ time entropy=1,freq ceros=5 ^ simetria=1 ^ transitoriedad=2,0.617825,0.428794,0.216439,0.238672
r27=0 ^ pasos=1,freq ceros=5 ^ transitoriedad=2,0.586111,0.476488,0.307126,0.343270
r24=0 ^ r26=1 ^ width=5 ^ time entropy=1,freq ceros=5 ^ simetria=1 ^ transitoriedad=2,0.617825,0.428794,0.216439,0.238672
r24=0 ^ r27=0 ^ freq unos=4 ^ time entropy=1,freq ceros=5 ^ freq dos=1 ^ width=5 ^ actividad=1 ^ transitoriedad=2,0.659534,0.376631,0.189190,0.206185
r24=0 ^ r26=1 ^ width=5 ^ time entropy=1,freq ceros=5 ^ simetria=1 ^ transitoriedad=2,0.617825,0.428794,0.216439,0.238672
r24=0 ^ r26=1 ^ width=5 ^ time entropy=1,freq ceros=5 ^ simetria=1 ^ transitoriedad=2,0.617825,0.428794,0.216439,0.238672
r27=0 ^ pasos=1,freq ceros=5 ^ transitoriedad=2,0.586111,0.476488,0.307126,0.343270
r24=0 ^ r26=1 ^ width=5 ^ time entropy=1,freq ceros=5 ^ simetria=1 ^ transitoriedad=2,0.617825,0.428794,0.216439,0.238672
r24=0 ^ r26=1 ^ width=5 ^ time entropy=1,freq ceros=5 ^ simetria=1 ^ transitoriedad=2,0.617825,0.428794,0.216439,0.238672
r18=1 ^ r24=0 ^ r27=0 ^ simetria=1,freq ceros=5 ^ freq dos=1 ^ width=5 ^ transitoriedad=2,0.615419,0.443624,0.224015,0.240572
r27=0 ^ freq unos=4 ^ entropia=1,freq ceros=5 ^ freq dos=1 ^ width=5 ^ actividad=1 ^ transitoriedad=2 ^ time entropy=1,0.606129,0.478475,0.240554,0.246604
r24=0 ^ r26=1 ^ width=5 ^ time entropy=1,freq ceros=5 ^ simetria=1 ^ transitoriedad=2,0.617825,0.428794,0.216439,0.238672
r17=1 ^ r27=0 ^ freq unos=4 ^ entropia=1,freq ceros=5 ^ freq dos=1 ^ width=5 ^ actividad=1 ^ transitoriedad=2,0.575931,0.529913,0.266430,0.270603
r27=0 ^ freq unos=4 ^ entropia=1,freq ceros=5 ^ freq dos=1 ^ width=5 ^ actividad=1 ^ transitoriedad=2 ^ time entropy=1,0.606129,0.478475,0.240554,0.246604
r24=0 ^ r27=0 ^ width=5 ^ time entropy=1,freq ceros=5 ^ simetria=1 ^ transitoriedad=2,0.662740,0.373046,0.188398,0.205029
r24=0 ^ r26=1 ^ width=5 ^ time entropy=1,freq ceros=5 ^ simetria=1 ^ entropia=1 ^ transitoriedad=2,0.721747,0.301537,0.152144,0.163181
r24=0 ^ r26=1 ^ width=5 ^ time entropy=1,freq ceros=5 ^ simetria=1 ^ entropia=1 ^ transitoriedad=2,0.721747,0.301537,0.152144,0.163181
r24=0 ^ r26=1 ^ width=5 ^ time entropy=1,freq ceros=5 ^ simetria=1 ^ entropia=1 ^ transitoriedad=2,0.721747,0.301537,0.152144,0.163181
r24=0 ^ r26=1 ^ width=5 ^ time entropy=1,freq ceros=5 ^ simetria=1 ^ entropia=1 ^ transitoriedad=2,0.721747,0.301537,0.152144,0.163181
r24=0 ^ r27=0 ^ width=5 ^ time entropy=1,freq ceros=5 ^ simetria=1 ^ transitoriedad=2,0.662740,0.373046,0.188398,0.205029
r24=0 ^ r27=0 ^ width=5 ^ time entropy=1,freq ceros=5 ^ simetria=1 ^ transitoriedad=2,0.662740,0.373046,0.188398,0.205029
r18=1 ^ r24=0 ^ r27=0 ^ simetria=1,freq ceros=5 ^ freq dos=1 ^ width=5 ^ transitoriedad=2 ^ time entropy=1,0.701263,0.335262,0.169232,0.177342
r18=1 ^ r24=0 ^ r27=0 ^ simetria=1,freq ceros=5 ^ freq dos=1 ^ width=5 ^ transitoriedad=2 ^ time entropy=1,0.701263,0.335262,0.169232,0.177342
r24=0 ^ r27=0 ^ freq unos=4 ^ time entropy=1,freq ceros=5 ^ freq dos=1 ^ width=5 ^ actividad=1 ^ transitoriedad=2,0.659534,0.376631,0.189190,0.206185
r24=0 ^ r27=0 ^ width=5 ^ time entropy=1,freq ceros=5 ^ simetria=1 ^ transitoriedad=2,0.662740,0.373046,0.188398,0.205029
r26=1 ^ r27=0 ^ freq unos=4 ^ entropia=1,freq ceros=5 ^ freq dos=1 ^ width=5 ^ simetria=1 ^ actividad=1 ^ transitoriedad=2 ^ time entropy=1,0.687591,0.367321,0.184619,0.186094
r24=0 ^ r27=0 ^ freq unos=4 ^ time entropy=1,freq ceros=5 ^ freq dos=1 ^ width=5 ^ actividad=1 ^ transitoriedad=2,0.659534,0.376631,0.189190,0.206185
r18=1 ^ r26=1 ^ freq unos=4 ^ entropia=1,freq ceros=5 ^ freq dos=1 ^ width=5 ^ actividad=1 ^ transitoriedad=2 ^ time entropy=1,0.670013,0.391238,0.196653,0.198648
r24=0 ^ r27=0 ^ freq unos=4 ^ entropia=1,freq ceros=5 ^ freq dos=1 ^ width=5 ^ actividad=1 ^ transitoriedad=2,0.656493,0.382283,0.192037,0.208413
r24=0 ^ r26=1 ^ width=5 ^ time entropy=1,freq ceros=5 ^ simetria=1 ^ entropia=1 ^ transitoriedad=2,0.721747,0.301537,0.152144,0.163181
r26=1 ^ r27=0 ^ simetria=1 ^ entropia=1,freq ceros=5 ^ freq dos=1 ^ width=5 ^ transitoriedad=2,0.742923,0.276345,0.139639,0.149160
r26=1 ^ r27=0 ^ simetria=1 ^ entropia=1,freq ceros=5 ^ freq dos=1 ^ width=5 ^ transitoriedad=2,0.742923,0.276345,0.139639,0.149160
r26=1 ^ r27=0 ^ simetria=1 ^ entropia=1,freq ceros=5 ^ freq dos=1 ^ width=5 ^ transitoriedad=2,0.742923,0.276345,0.139639,0.149160
r26=1 ^ r27=0 ^ simetria=1 ^ entropia=1,freq ceros=5 ^ freq dos=1 ^ width=5 ^ transitoriedad=2,0.742923,0.276345,0.139639,0.149160
r26=1 ^ r27=0 ^ simetria=1 ^ entropia=1,freq ceros=5 ^ freq dos=1 ^ width=5 ^ transitoriedad=2,0.742923,0.276345,0.139639,0.149160
r26=1 ^ r27=0 ^ simetria=1 ^ entropia=1,freq ceros=5 ^ freq dos=1 ^ width=5 ^ transitoriedad=2,0.742923,0.276345,0.139639,0.149160
r24=0 ^ r26=1 ^ width=5 ^ time entropy=1,freq ceros=5 ^ simetria=1 ^ entropia=1 ^ transitoriedad=2,0.721747,0.301537,0.152144,0.163181
r24=0 ^ width=5 ^ time entropy=1,freq ceros=5 ^ freq dos=1 ^ simetria=1 ^ transitoriedad=2,0.746448,0.290017,0.146474,0.146650
r24=0 ^ r26=1 ^ r27=0 ^ simetria=1,freq ceros=5 ^ freq dos=1 ^ width=5 ^ transitoriedad=2 ^ time entropy=1,0.701263,0.335262,0.169232,0.177342
r24=0 ^ r26=1 ^ width=5 ^ time entropy=1,freq ceros=5 ^ freq dos=1 ^ simetria=1 ^ transitoriedad=2,0.806829,0.204146,0.102976,0.107900
r24=0 ^ r26=1 ^ width=5 ^ time entropy=1,freq ceros=5 ^ freq dos=1 ^ simetria=1 ^ transitoriedad=2,0.806829,0.204146,0.102976,0.107900
r18=1 ^ r24=0 ^ width=5 ^ time entropy=1,freq ceros=5 ^ freq dos=1 ^ simetria=1 ^ entropia=1 ^ transitoriedad=2,0.811660,0.198763,0.100259,0.104919
r24=0 ^ r26=1 ^ width=5 ^ time entropy=1,freq ceros=5 ^ freq dos=1 ^ simetria=1 ^ transitoriedad=2,0.806829,0.204146,0.102976,0.107900
r24=0 ^ r26=1 ^ width=5 ^ time entropy=1,freq ceros=5 ^ freq dos=1 ^ simetria=1 ^ transitoriedad=2,0.806829,0.204146,0.102976,0.107900
r24=0 ^ r27=0 ^ width=5 ^ time entropy=1,freq ceros=5 ^ simetria=1 ^ entropia=1 ^ transitoriedad=2,0.771277,0.244835,0.123598,0.130437
r26=1 ^ r27=0 ^ simetria=1 ^ entropia=1,freq ceros=5 ^ freq dos=1 ^ width=5 ^ transitoriedad=2 ^ time entropy=1,0.849891,0.156337,0.078969,0.082006
r26=1 ^ r27=0 ^ simetria=1 ^ entropia=1,freq ceros=5 ^ freq dos=1 ^ width=5 ^ transitoriedad=2 ^ time entropy=1,0.849891,0.156337,0.078969,0.082006
r26=1 ^ r27=0 ^ simetria=1 ^ entropia=1,freq ceros=5 ^ freq dos=1 ^ width=5 ^ transitoriedad=2 ^ time entropy=1,0.849891,0.156337,0.078969,0.082006
r18=1 ^ r26=1 ^ r27=0 ^ entropia=1,freq ceros=5 ^ freq dos=1 ^ width=5 ^ transitoriedad=2 ^ time entropy=1,0.955439,0.045178,0.022842,0.023046
