antecedente,consecuente,jaccard,cosine,phi,kappa
r18=0 ^ r24=0 ^ r26=0 ^ r27=0,freq ceros=1 ^ freq unos=1 ^ freq dos=1 ^ pasos=2 ^ actividad=1 ^ transitoriedad=1,0.426802,0.693399,0.352154,0.408744
r18=0 ^ r24=0 ^ r26=0 ^ r27=0,freq ceros=1 ^ freq unos=1 ^ freq dos=1 ^ pasos=2 ^ actividad=1,0.426802,0.693399,0.352154,0.408744
r18=0 ^ r24=0 ^ r26=0 ^ r27=0,freq unos=1 ^ freq dos=1 ^ pasos=2 ^ actividad=1,0.426400,0.694014,0.352468,0.409147
r18=0 ^ r24=0 ^ r26=0 ^ r27=0,freq unos=1 ^ freq dos=1 ^ pasos=2,0.423227,0.698882,0.354953,0.412344
r18=0 ^ r24=0 ^ r26=0 ^ r27=0,freq unos=1 ^ freq dos=1 ^ pasos=2,0.423227,0.698882,0.354953,0.412344
r18=0 ^ r24=0 ^ r26=0 ^ r27=0,freq unos=1 ^ freq dos=1 ^ pasos=2,0.423227,0.698882,0.354953,0.412344
r18=0 ^ r24=0 ^ r26=0 ^ r27=0,freq unos=1 ^ freq dos=1 ^ pasos=2 ^ transitoriedad=1,0.423858,0.697912,0.354458,0.411707
r18=0 ^ r24=0 ^ r26=0 ^ r27=0,freq ceros=1 ^ freq unos=1 ^ freq dos=1 ^ pasos=2 ^ actividad=1,0.426802,0.693399,0.352154,0.408744
r18=0 ^ r24=0 ^ r26=0 ^ r27=0,freq ceros=1 ^ freq unos=1 ^ freq dos=1 ^ pasos=2 ^ actividad=1,0.426802,0.693399,0.352154,0.408744
r18=0 ^ r24=0 ^ r26=0 ^ r27=0,freq ceros=1 ^ freq unos=1 ^ freq dos=1 ^ pasos=2 ^ actividad=1,0.426802,0.693399,0.352154,0.408744
r18=0 ^ r24=0 ^ r26=0 ^ r27=0,freq unos=1 ^ freq dos=1 ^ pasos=2 ^ actividad=1,0.426400,0.694014,0.352468,0.409147
r18=0 ^ r24=0 ^ r26=0 ^ r27=0,freq unos=1 ^ freq dos=1 ^ pasos=2,0.423227,0.698882,0.354953,0.412344
r18=0 ^ r24=0 ^ r26=0 ^ r27=0,freq ceros=1 ^ freq dos=1 ^ pasos=2 ^ actividad=1,0.412437,0.715575,0.363476,0.423323
r18=0 ^ r24=0 ^ r26=0 ^ r27=0,freq dos=1 ^ pasos=2,0.405692,0.726120,0.368863,0.430274
r18=0 ^ r24=0 ^ r26=0 ^ r27=0,freq unos=1 ^ pasos=2 ^ transitoriedad=1,0.401023,0.733472,0.372619,0.435125
r18=0 ^ r24=0 ^ r26=0 ^ r27=0,freq dos=1 ^ pasos=2,0.405692,0.726120,0.368863,0.430274
r18=0 ^ r24=0 ^ r26=0 ^ r27=0,freq ceros=1 ^ freq dos=1 ^ pasos=2 ^ actividad=1,0.412437,0.715575,0.363476,0.423323
r18=0 ^ r24=0 ^ r26=0 ^ r27=0,freq unos=1 ^ freq dos=1 ^ pasos=2,0.423227,0.698882,0.354953,0.412344
r18=0 ^ r24=0 ^ r26=0 ^ r27=0,freq ceros=1 ^ freq unos=1 ^ freq dos=1 ^ pasos=2 ^ actividad=1,0.426802,0.693399,0.352154,0.408744
r18=0 ^ r24=0 ^ r26=0 ^ r27=0,freq ceros=1 ^ freq dos=1 ^ pasos=2 ^ actividad=1 ^ transitoriedad=1,0.412437,0.715575,0.363476,0.423323
r18=0 ^ r24=0 ^ r26=0 ^ r27=0,freq ceros=1 ^ freq unos=1 ^ pasos=2 ^ transitoriedad=1,0.402250,0.731537,0.371630,0.433847
r18=0 ^ r24=0 ^ r26=0 ^ r27=0,pasos=2 ^ transitoriedad=1,0.385270,0.758598,0.385461,0.451739
r18=0 ^ r24=0 ^ r26=0 ^ r27=0,pasos=2,0.384168,0.760374,0.386369,0.452914
r18=0 ^ r24=0 ^ r26=0 ^ r27=0,pasos=2,0.384168,0.760374,0.386369,0.452914
r18=0 ^ r24=0 ^ r26=0 ^ r27=0,pasos=2,0.384168,0.760374,0.386369,0.452914
r18=0 ^ r24=0 ^ r26=0 ^ r27=0,freq ceros=1 ^ freq unos=1 ^ pasos=2 ^ transitoriedad=1,0.402250,0.731537,0.371630,0.433847
r18=0 ^ r24=0 ^ r26=0 ^ r27=0,freq unos=1 ^ freq dos=1 ^ pasos=2,0.423227,0.698882,0.354953,0.412344
r18=0 ^ r24=0 ^ r26=0 ^ r27=0,freq ceros=1 ^ pasos=2 ^ actividad=1,0.393830,0.744882,0.378450,0.442663
r18=0 ^ r24=0 ^ r26=0 ^ r27=0,pasos=2,0.384168,0.760374,0.386369,0.452914
r21=2 ^ freq ceros=1 ^ width=1 ^ actividad=1,transitoriedad=1,0.324938,0.860010,0.452234,0.538350
r24=0 ^ freq dos=1 ^ time entropy=1,entropia=1,0.264784,0.975327,0.548371,0.657509
r21=0 ^ freq ceros=1 ^ width=1 ^ actividad=1,transitoriedad=1,0.313062,0.881006,0.462679,0.551903
r18=0 ^ r24=0 ^ r26=0 ^ r27=0,pasos=2,0.384168,0.760374,0.386369,0.452914
r18=0 ^ r24=0 ^ r26=0 ^ r27=0,freq unos=1 ^ pasos=2,0.400445,0.734385,0.373085,0.435728
r18=0 ^ r24=0 ^ r26=0 ^ r27=0,pasos=2,0.384168,0.760374,0.386369,0.452914
r18=0 ^ r27=0 ^ freq ceros=1 ^ simetria=1,freq dos=1 ^ actividad=1 ^ entropia=1 ^ transitoriedad=1,0.308763,0.889303,0.461621,0.550121
r24=0 ^ freq dos=1 ^ width=1 ^ actividad=1,transitoriedad=1,0.223945,1.053813,0.547960,0.660476
r10=0 ^ freq dos=3,pasos=1,0.073093,1.459309,0.950111,0.995019
r18=0 ^ r27=0 ^ freq ceros=1 ^ simetria=1,freq dos=1 ^ transitoriedad=1,0.296933,0.910784,0.473008,0.564854
r18=0 ^ r24=0 ^ r26=0 ^ r27=0,pasos=2,0.384168,0.760374,0.386369,0.452914
r18=0 ^ r27=0 ^ freq ceros=1 ^ simetria=1,freq dos=1 ^ actividad=1 ^ transitoriedad=1 ^ time entropy=1,0.344715,0.826914,0.428660,0.506990
r18=0 ^ r27=0 ^ freq dos=1 ^ simetria=1,freq ceros=1 ^ actividad=1 ^ entropia=1 ^ transitoriedad=1,0.256453,0.987825,0.514037,0.617461
r10=0 ^ r27=0 ^ freq ceros=1 ^ simetria=1,freq unos=1 ^ freq dos=1 ^ entropia=1 ^ transitoriedad=1 ^ time entropy=1,0.126524,1.295855,0.659615,0.788152
r10=0 ^ r24=0 ^ r27=0 ^ freq ceros=1,freq unos=1 ^ freq dos=1 ^ pasos=2 ^ simetria=1 ^ transitoriedad=1 ^ time entropy=1,0.181623,1.230565,0.621042,0.698718
r18=0 ^ r27=0 ^ freq ceros=1 ^ simetria=1,freq dos=1 ^ transitoriedad=1 ^ time entropy=1,0.336841,0.840389,0.435766,0.516228
r18=0 ^ r27=0 ^ freq ceros=1 ^ simetria=1,freq dos=1 ^ transitoriedad=1 ^ time entropy=1,0.336841,0.840389,0.435766,0.516228
r18=0 ^ r27=0 ^ freq ceros=1 ^ simetria=1,freq unos=1 ^ transitoriedad=1,0.285979,0.931891,0.484217,0.578733
r24=0 ^ r27=0 ^ freq ceros=1,freq unos=1 ^ freq dos=1 ^ width=1 ^ actividad=1 ^ entropia=1 ^ transitoriedad=1 ^ time entropy=1,0.227797,1.059351,0.543680,0.646063
r18=0 ^ r27=0 ^ freq dos=1 ^ simetria=1,freq ceros=1 ^ actividad=1 ^ entropia=1 ^ transitoriedad=1 ^ time entropy=1,0.313629,0.881139,0.457300,0.544131
r18=0 ^ r24=0 ^ r26=0 ^ r27=0,pasos=2,0.384168,0.760374,0.386369,0.452914
r18=0 ^ r27=0 ^ freq ceros=1 ^ simetria=1,freq dos=1 ^ transitoriedad=1 ^ time entropy=1,0.336841,0.840389,0.435766,0.516228
r18=0 ^ r27=0 ^ freq ceros=1 ^ simetria=1,freq dos=1 ^ actividad=1 ^ transitoriedad=1 ^ time entropy=1,0.344715,0.826914,0.428660,0.506990
r18=0 ^ r24=0 ^ r26=0 ^ r27=0,pasos=2,0.384168,0.760374,0.386369,0.452914
r18=0 ^ r24=0 ^ r26=0 ^ r27=0,pasos=2,0.384168,0.760374,0.386369,0.452914
r18=0 ^ r24=0 ^ r26=0 ^ r27=0,pasos=2,0.384168,0.760374,0.386369,0.452914
r18=0 ^ r24=0 ^ r26=0 ^ r27=0,freq unos=1 ^ freq dos=1 ^ pasos=2,0.423227,0.698882,0.354953,0.412344
r18=0 ^ r24=0 ^ r26=0 ^ r27=0,freq unos=1 ^ freq dos=1 ^ pasos=2,0.423227,0.698882,0.354953,0.412344
r18=0 ^ r24=0 ^ r26=0 ^ r27=0,freq ceros=1 ^ freq dos=1 ^ pasos=2 ^ actividad=1,0.412437,0.715575,0.363476,0.423323
r18=0 ^ r24=0 ^ r26=0 ^ r27=0,freq ceros=1 ^ freq dos=1 ^ pasos=2 ^ entropia=1,0.407219,0.723726,0.367640,0.428695
r18=0 ^ r24=0 ^ r26=0 ^ r27=0,freq dos=1 ^ pasos=2,0.405692,0.726120,0.368863,0.430274
r18=0 ^ r24=0 ^ r26=0 ^ r27=0,freq ceros=1 ^ freq dos=1 ^ pasos=2 ^ entropia=1,0.407219,0.723726,0.367640,0.428695
r18=0 ^ r24=0 ^ r26=0 ^ r27=0,freq ceros=1 ^ freq dos=1 ^ pasos=2 ^ actividad=1,0.412437,0.715575,0.363476,0.423323
r18=0 ^ r24=0 ^ r26=0 ^ r27=0,freq unos=1 ^ freq dos=1 ^ pasos=2,0.423227,0.698882,0.354953,0.412344
r18=0 ^ r24=0 ^ r26=0 ^ r27=0,freq unos=1 ^ freq dos=1 ^ pasos=2 ^ actividad=1 ^ transitoriedad=1,0.426400,0.694014,0.352468,0.409147
r18=0 ^ r24=0 ^ r26=0 ^ r27=0,freq ceros=1 ^ freq dos=1 ^ pasos=2 ^ actividad=1 ^ transitoriedad=1,0.412437,0.715575,0.363476,0.423323
r18=0 ^ r24=0 ^ r26=0 ^ r27=0,freq ceros=1 ^ freq unos=1 ^ pasos=2 ^ transitoriedad=1,0.402250,0.731537,0.371630,0.433847
r18=0 ^ r24=0 ^ r26=0 ^ r27=0,pasos=2 ^ actividad=1,0.393475,0.745448,0.378739,0.443037
r24=1 ^ freq ceros=1 ^ width=1 ^ actividad=1,transitoriedad=1,0.387614,0.754854,0.399564,0.470003
r26=1,pasos=1,0.334899,0.850349,0.952985,0.988142
r18=0 ^ r24=0 ^ r26=0 ^ r27=0,freq ceros=1 ^ pasos=2 ^ entropia=1 ^ transitoriedad=1,0.387038,0.755753,0.384006,0.449855
r18=0 ^ r24=0 ^ r26=0 ^ r27=0,freq ceros=1 ^ freq unos=1 ^ pasos=2 ^ transitoriedad=1,0.402250,0.731537,0.371630,0.433847
r18=0 ^ r24=0 ^ r26=0 ^ r27=0,freq ceros=1 ^ freq dos=1 ^ pasos=2 ^ actividad=1,0.412437,0.715575,0.363476,0.423323
r18=0 ^ r24=0 ^ r26=0 ^ r27=0,freq ceros=1 ^ pasos=2 ^ actividad=1,0.393830,0.744882,0.378450,0.442663
r18=0 ^ r24=0 ^ r26=0 ^ r27=0,pasos=2,0.384168,0.760374,0.386369,0.452914
r14=1 ^ freq ceros=1 ^ width=1 ^ actividad=1,transitoriedad=1,0.349781,0.817154,0.430829,0.510625
r18=0 ^ transitoriedad=2,pasos=1,0.296478,0.911064,0.885492,0.973991
r18=0,pasos=1 ^ transitoriedad=2,0.306199,0.947152,1.069910,1.032665
r18=0 ^ r24=0 ^ r26=0 ^ r27=0,pasos=2,0.384168,0.760374,0.386369,0.452914
r18=0 ^ r24=0 ^ r26=0 ^ r27=0,freq ceros=1 ^ pasos=2 ^ actividad=1,0.393830,0.744882,0.378450,0.442663
r18=0 ^ r24=0 ^ r26=0 ^ r27=0,pasos=2,0.384168,0.760374,0.386369,0.452914
r21=2 ^ freq ceros=1 ^ width=1 ^ actividad=1,transitoriedad=1,0.324938,0.860010,0.452234,0.538350
r24=0 ^ freq dos=1 ^ time entropy=1,entropia=1,0.264784,0.975327,0.548371,0.657509
r27=0,entropia=1,0.241983,1.216861,0.871186,0.872465
r21=0 ^ freq ceros=1 ^ width=1 ^ actividad=1,transitoriedad=1,0.313062,0.881006,0.462679,0.551903
r18=0 ^ r24=0 ^ r26=0 ^ r27=0,pasos=2,0.384168,0.760374,0.386369,0.452914
r18=0 ^ r27=0 ^ freq ceros=1 ^ simetria=1,freq dos=1 ^ transitoriedad=1 ^ time entropy=1,0.336841,0.840389,0.435766,0.516228
r24=0 ^ freq ceros=1 ^ width=1 ^ actividad=1,transitoriedad=1,0.274686,0.951905,0.497821,0.597129
r18=0 ^ r27=0 ^ freq ceros=1 ^ simetria=1,freq dos=1 ^ actividad=1,0.182649,1.145825,0.599422,0.723066
r18=0 ^ r27=0,entropia=1 ^ time entropy=1,0.243961,1.189946,0.692872,0.706040
r27=0 ^ freq ceros=1 ^ freq dos=1 ^ simetria=1,actividad=1 ^ transitoriedad=1 ^ time entropy=1,0.320734,0.869525,0.451626,0.536071
r18=0 ^ r27=0 ^ freq ceros=1 ^ simetria=1,freq dos=1 ^ actividad=1 ^ entropia=1 ^ transitoriedad=1,0.308763,0.889303,0.461621,0.550121
r24=0 ^ r27=0 ^ freq ceros=1 ^ actividad=1,freq unos=1 ^ freq dos=1 ^ width=1 ^ transitoriedad=1 ^ time entropy=1,0.223005,1.063996,0.545914,0.652488
r18=0 ^ r24=0 ^ width=1,freq dos=1 ^ pasos=2 ^ simetria=1 ^ transitoriedad=1 ^ sensitividad=1 ^ time entropy=1,0.224653,1.203388,0.612297,0.643989
r18=0 ^ r24=0 ^ freq ceros=1 ^ actividad=1,pasos=2 ^ transitoriedad=1 ^ sensitividad=1 ^ time entropy=1,0.297401,1.077908,0.548230,0.550856
r18=0 ^ r27=0 ^ freq dos=1 ^ simetria=1,freq ceros=1 ^ actividad=1 ^ entropia=1 ^ transitoriedad=1 ^ time entropy=1,0.313629,0.881139,0.457300,0.544131
r18=0 ^ r27=0 ^ freq ceros=1 ^ simetria=1,freq dos=1 ^ transitoriedad=1,0.296933,0.910784,0.473008,0.564854
r18=0 ^ r24=0 ^ freq ceros=1 ^ actividad=1,freq dos=1 ^ pasos=2 ^ simetria=1 ^ transitoriedad=1 ^ sensitividad=1 ^ time entropy=1,0.307307,1.036680,0.526136,0.537820
r18=0 ^ r27=0 ^ freq ceros=1 ^ simetria=1,freq dos=1 ^ actividad=1 ^ transitoriedad=1 ^ time entropy=1,0.344715,0.826914,0.428660,0.506990
r18=0 ^ r27=0 ^ freq ceros=1 ^ simetria=1,freq dos=1 ^ actividad=1 ^ transitoriedad=1 ^ time entropy=1,0.344715,0.826914,0.428660,0.506990
r18=0 ^ r24=0 ^ r26=0 ^ r27=0,pasos=2,0.384168,0.760374,0.386369,0.452914
r18=0 ^ r24=0 ^ r26=0 ^ r27=0,freq ceros=1 ^ freq dos=1 ^ pasos=2 ^ actividad=1 ^ transitoriedad=1,0.412437,0.715575,0.363476,0.423323
r18=0 ^ r24=0 ^ r26=0 ^ r27=0,freq dos=1 ^ pasos=2 ^ actividad=1,0.412062,0.716159,0.363775,0.423708
r18=0 ^ r24=0 ^ r26=0 ^ r27=0,freq dos=1 ^ pasos=2,0.405692,0.726120,0.368863,0.430274
r18=0 ^ width=1 ^ actividad=1 ^ entropia=1,transitoriedad=1,0.407668,0.723395,0.383739,0.449235
r18=0 ^ width=1 ^ actividad=1 ^ entropia=1,transitoriedad=1,0.407668,0.723395,0.383739,0.449235
r18=0 ^ freq ceros=1 ^ width=1 ^ actividad=1,transitoriedad=1,0.409712,0.719901,0.381936,0.447119
r18=0 ^ r24=0 ^ r26=0 ^ r27=0,freq ceros=1 ^ freq dos=1 ^ pasos=2 ^ actividad=1,0.412437,0.715575,0.363476,0.423323
r18=0 ^ r24=0 ^ r26=0 ^ r27=0,freq unos=1 ^ freq dos=1 ^ pasos=2,0.423227,0.698882,0.354953,0.412344
r18=0 ^ r24=0 ^ r26=0 ^ r27=0,freq dos=1 ^ pasos=2 ^ entropia=1,0.405692,0.726120,0.368863,0.430274
r18=0 ^ r24=0 ^ r26=0 ^ r27=0,pasos=2 ^ actividad=1,0.393475,0.745448,0.378739,0.443037
r24=1 ^ freq ceros=1 ^ width=1 ^ actividad=1,transitoriedad=1,0.387614,0.754854,0.399564,0.470003
r14=0 ^ pasos=1 ^ simetria=2,transitoriedad=2,0.324566,0.872760,0.836480,0.928507
r27=0 ^ freq dos=1 ^ actividad=1 ^ entropia=1,time entropy=1,0.396492,0.747985,0.418650,0.488764
r24=1 ^ freq ceros=1 ^ width=1 ^ actividad=1,transitoriedad=1,0.387614,0.754854,0.399564,0.470003
r18=0 ^ r24=0 ^ r26=0 ^ r27=0,freq dos=1 ^ pasos=2,0.405692,0.726120,0.368863,0.430274
r18=0 ^ r24=0 ^ r26=0 ^ r27=0,pasos=2,0.384168,0.760374,0.386369,0.452914
r9=0 ^ freq ceros=1 ^ width=1 ^ actividad=1,transitoriedad=1,0.362119,0.796541,0.420514,0.497176
r27=0 ^ freq dos=1 ^ time entropy=1,entropia=1,0.348537,0.830990,0.481260,0.565586
r14=0 ^ pasos=1 ^ simetria=2,transitoriedad=2,0.324566,0.872760,0.836480,0.928507
r27=0 ^ time entropy=1,entropia=1,0.371979,0.800640,0.469824,0.542833
r18=0 ^ r24=0 ^ r26=0 ^ r27=0,pasos=2,0.384168,0.760374,0.386369,0.452914
r25=0 ^ freq ceros=1 ^ width=1 ^ actividad=1,transitoriedad=1,0.360123,0.799863,0.422179,0.499339
r11=2 ^ freq ceros=1 ^ width=1 ^ actividad=1,transitoriedad=1,0.319016,0.870403,0.457403,0.545080
r27=0 ^ freq dos=1 ^ actividad=1 ^ time entropy=1,entropia=1,0.290448,0.929704,0.527686,0.628851
r27=0 ^ pasos=1 ^ time entropy=1,entropia=1,0.316005,0.899766,0.519722,0.604458
r26=0 ^ r27=0 ^ width=1 ^ simetria=1,freq ceros=1 ^ freq dos=1 ^ actividad=1 ^ entropia=1 ^ transitoriedad=1 ^ time entropy=1,0.344839,0.826762,0.428583,0.506848
r18=0 ^ r27=0 ^ freq ceros=1 ^ simetria=1,freq dos=1 ^ transitoriedad=1 ^ time entropy=1,0.336841,0.840389,0.435766,0.516228
r18=0 ^ r27=0 ^ freq ceros=1 ^ simetria=1,freq unos=1 ^ transitoriedad=1,0.285979,0.931891,0.484217,0.578733
r18=0 ^ r24=0 ^ freq ceros=1 ^ width=1,freq unos=1 ^ freq dos=1 ^ pasos=2 ^ simetria=1 ^ transitoriedad=1 ^ sensitividad=1 ^ time entropy=1,0.281750,1.087166,0.552137,0.569135
r18=0 ^ r24=0 ^ freq ceros=1,freq unos=1 ^ freq dos=1 ^ pasos=2 ^ simetria=1 ^ transitoriedad=1 ^ time entropy=1,0.330782,1.000154,0.512547,0.515414
r18=0 ^ r27=0 ^ freq dos=1 ^ simetria=1,freq ceros=1 ^ actividad=1 ^ entropia=1 ^ transitoriedad=1 ^ time entropy=1,0.313629,0.881139,0.457300,0.544131
r18=0 ^ r27=0 ^ freq dos=1 ^ simetria=1,freq ceros=1 ^ freq unos=1 ^ actividad=1 ^ entropia=1 ^ transitoriedad=1,0.298653,0.908498,0.471796,0.562680
r18=0 ^ r24=0 ^ freq ceros=1 ^ freq dos=1,pasos=2 ^ simetria=1 ^ entropia=1 ^ transitoriedad=1 ^ sensitividad=1 ^ time entropy=1,0.318863,1.014530,0.514754,0.524079
r18=0 ^ r27=0 ^ freq ceros=1 ^ simetria=1,freq dos=1 ^ transitoriedad=1 ^ time entropy=1,0.336841,0.840389,0.435766,0.516228
r18=0 ^ r24=0 ^ r26=0 ^ width=1,freq unos=1 ^ freq dos=1 ^ pasos=2 ^ simetria=1 ^ entropia=1 ^ transitoriedad=1 ^ sensitividad=1 ^ time entropy=1,0.346989,0.958891,0.486189,0.491617
r18=0 ^ r24=0 ^ r26=0 ^ r27=0,pasos=2,0.384168,0.760374,0.386369,0.452914
r18=0 ^ r24=0 ^ r26=0 ^ r27=0,freq ceros=1 ^ freq dos=1 ^ pasos=2 ^ actividad=1,0.412437,0.715575,0.363476,0.423323
r26=0 ^ freq ceros=1 ^ width=1 ^ actividad=1,transitoriedad=1,0.411159,0.717642,0.380795,0.445642
r18=0 ^ freq ceros=1 ^ width=1 ^ actividad=1,transitoriedad=1,0.409712,0.719901,0.381936,0.447119
r27=0 ^ actividad=1 ^ entropia=1,time entropy=1,0.416354,0.721562,0.406544,0.469069
r27=0 ^ actividad=1 ^ entropia=1,time entropy=1,0.416354,0.721562,0.406544,0.469069
r26=0 ^ freq ceros=1 ^ width=1 ^ actividad=1,transitoriedad=1,0.411159,0.717642,0.380795,0.445642
r18=0 ^ r24=0 ^ r26=0 ^ r27=0,freq unos=1 ^ freq dos=1 ^ pasos=2,0.423227,0.698882,0.354953,0.412344
r18=0 ^ r24=0 ^ r26=0 ^ r27=0,freq ceros=1 ^ freq unos=1 ^ pasos=2 ^ transitoriedad=1,0.402250,0.731537,0.371630,0.433847
r24=1 ^ freq ceros=1 ^ width=1 ^ actividad=1,transitoriedad=1,0.387614,0.754854,0.399564,0.470003
r27=0 ^ freq dos=1 ^ actividad=1 ^ entropia=1,time entropy=1,0.396492,0.747985,0.418650,0.488764
r27=0 ^ freq dos=1 ^ actividad=1 ^ entropia=1,time entropy=1,0.396492,0.747985,0.418650,0.488764
r27=0 ^ freq dos=1 ^ actividad=1 ^ entropia=1,time entropy=1,0.396492,0.747985,0.418650,0.488764
r18=0 ^ r24=0 ^ r26=0 ^ r27=0,freq dos=1 ^ pasos=2,0.405692,0.726120,0.368863,0.430274
r24=1 ^ freq ceros=1 ^ width=1 ^ actividad=1,transitoriedad=1,0.387614,0.754854,0.399564,0.470003
r9=0 ^ freq ceros=1 ^ width=1 ^ actividad=1,transitoriedad=1,0.362119,0.796541,0.420514,0.497176
r27=0 ^ time entropy=1,entropia=1,0.371979,0.800640,0.469824,0.542833
r27=0 ^ time entropy=1,entropia=1,0.371979,0.800640,0.469824,0.542833
r24=1 ^ freq ceros=1 ^ width=1 ^ actividad=1,transitoriedad=1,0.387614,0.754854,0.399564,0.470003
r9=0 ^ freq ceros=1 ^ width=1 ^ actividad=1,transitoriedad=1,0.362119,0.796541,0.420514,0.497176
r3=2 ^ freq ceros=1 ^ width=1 ^ actividad=1,transitoriedad=1,0.342407,0.829730,0.437122,0.518767
r18=0 ^ r27=0 ^ entropia=1,freq unos=1 ^ time entropy=1,0.351914,0.882329,0.482746,0.525590
r27=0 ^ pasos=1 ^ entropia=1,freq unos=1 ^ time entropy=1,0.380990,0.883387,0.500118,0.507645
r18=0 ^ r27=0 ^ freq ceros=1 ^ simetria=1,freq dos=1 ^ actividad=1 ^ entropia=1 ^ transitoriedad=1 ^ time entropy=1,0.344770,0.826820,0.428611,0.506926
r18=0 ^ r27=0 ^ freq ceros=1 ^ simetria=1,freq unos=1 ^ transitoriedad=1 ^ time entropy=1,0.336047,0.842552,0.436907,0.517151
r24=0 ^ r26=0 ^ r27=0 ^ freq ceros=1,freq unos=1 ^ pasos=2 ^ transitoriedad=1 ^ sensitividad=1 ^ time entropy=1,0.366465,0.926306,0.469983,0.470468
r18=0 ^ r27=0 ^ freq ceros=1 ^ simetria=1,freq unos=1 ^ freq dos=1 ^ actividad=1 ^ entropia=1 ^ transitoriedad=1,0.352877,0.813386,0.421533,0.497527
r24=0 ^ r26=0 ^ r27=0 ^ width=1,freq unos=1 ^ freq dos=1 ^ pasos=2 ^ simetria=1 ^ entropia=1 ^ transitoriedad=1 ^ sensitividad=1 ^ time entropy=1,0.370910,0.912331,0.462336,0.465097
r18=0 ^ r24=0 ^ r26=0 ^ r27=0,pasos=2,0.384168,0.760374,0.386369,0.452914
r18=0 ^ r24=0 ^ r26=0 ^ r27=0,freq unos=1 ^ freq dos=1 ^ pasos=2 ^ entropia=1,0.423227,0.698882,0.354953,0.412344
r26=0 ^ freq ceros=1 ^ width=1 ^ actividad=1,transitoriedad=1,0.411159,0.717642,0.380795,0.445642
r27=0 ^ actividad=1 ^ entropia=1,time entropy=1,0.416354,0.721562,0.406544,0.469069
r27=0 ^ actividad=1 ^ entropia=1,time entropy=1,0.416354,0.721562,0.406544,0.469069
r26=0 ^ freq ceros=1 ^ width=1 ^ actividad=1,transitoriedad=1,0.411159,0.717642,0.380795,0.445642
r18=0 ^ r24=0 ^ r26=0 ^ r27=0,freq ceros=1 ^ freq unos=1 ^ freq dos=1 ^ pasos=2 ^ actividad=1,0.426802,0.693399,0.352154,0.408744
r26=0 ^ freq ceros=1 ^ width=1 ^ actividad=1,transitoriedad=1,0.411159,0.717642,0.380795,0.445642
r26=0 ^ freq ceros=1 ^ width=1 ^ actividad=1,transitoriedad=1,0.411159,0.717642,0.380795,0.445642
r27=0 ^ actividad=1 ^ entropia=1,time entropy=1,0.416354,0.721562,0.406544,0.469069
r27=0 ^ actividad=1 ^ entropia=1,time entropy=1,0.416354,0.721562,0.406544,0.469069
r26=0 ^ freq ceros=1 ^ width=1 ^ actividad=1,entropia=1 ^ transitoriedad=1,0.414494,0.714748,0.379224,0.441926
r18=0 ^ freq ceros=1 ^ width=1 ^ actividad=1,transitoriedad=1,0.409712,0.719901,0.381936,0.447119
r27=0 ^ freq dos=1 ^ actividad=1 ^ entropia=1,time entropy=1,0.396492,0.747985,0.418650,0.488764
r27=0 ^ freq dos=1 ^ actividad=1 ^ entropia=1,time entropy=1,0.396492,0.747985,0.418650,0.488764
r27=0 ^ pasos=1 ^ entropia=1,freq dos=1 ^ time entropy=1,0.436536,0.749154,0.427279,0.448522
r18=0 ^ r24=0 ^ r26=0 ^ r27=0,pasos=2,0.384168,0.760374,0.386369,0.452914
r18=0 ^ r24=0 ^ r26=0 ^ r27=0,pasos=2,0.384168,0.760374,0.386369,0.452914
r27=0 ^ freq ceros=1 ^ actividad=1,freq unos=1 ^ freq dos=1 ^ simetria=1 ^ transitoriedad=1 ^ time entropy=1,0.412964,0.810708,0.423882,0.434610
r18=0 ^ r24=0 ^ r26=0 ^ r27=0,pasos=2,0.384168,0.760374,0.386369,0.452914
r18=0 ^ r24=0 ^ r26=0 ^ freq ceros=1,freq unos=1 ^ freq dos=1 ^ pasos=2 ^ time entropy=1,0.412954,0.800753,0.408391,0.423906
r18=0 ^ r24=0 ^ r26=0 ^ r27=0,pasos=2,0.384168,0.760374,0.386369,0.452914
r18=0 ^ r24=0 ^ r26=0 ^ r27=0,freq ceros=1 ^ freq unos=1 ^ freq dos=1 ^ pasos=2 ^ actividad=1,0.426802,0.693399,0.352154,0.408744
r27=0 ^ freq dos=1 ^ entropia=1,time entropy=1,0.468020,0.652630,0.373869,0.419149
r27=0 ^ freq dos=1 ^ entropia=1,time entropy=1,0.468020,0.652630,0.373869,0.419149
r27=0 ^ freq dos=1 ^ entropia=1,time entropy=1,0.468020,0.652630,0.373869,0.419149
r27=0 ^ freq dos=1 ^ entropia=1,time entropy=1,0.468020,0.652630,0.373869,0.419149
r18=0 ^ r24=0 ^ r26=0 ^ r27=0,freq ceros=1 ^ freq unos=1 ^ freq dos=1 ^ pasos=2 ^ actividad=1,0.426802,0.693399,0.352154,0.408744
r27=0 ^ freq dos=1 ^ entropia=1,time entropy=1,0.468020,0.652630,0.373869,0.419149
r27=0 ^ freq dos=1 ^ entropia=1,time entropy=1,0.468020,0.652630,0.373869,0.419149
r27=0 ^ freq dos=1 ^ entropia=1,time entropy=1,0.468020,0.652630,0.373869,0.419149
r18=0 ^ r24=0 ^ r26=0 ^ r27=0,freq unos=1 ^ freq dos=1 ^ pasos=2,0.423227,0.698882,0.354953,0.412344
r18=0 ^ r24=0 ^ r26=0 ^ r27=0,freq unos=1 ^ freq dos=1 ^ pasos=2,0.423227,0.698882,0.354953,0.412344
r27=0 ^ entropia=1,freq unos=1 ^ time entropy=1,0.468295,0.720391,0.412666,0.414992
r18=0 ^ r24=0 ^ r26=0 ^ r27=0,freq ceros=1 ^ freq dos=1 ^ pasos=2 ^ actividad=1,0.412437,0.715575,0.363476,0.423323
r18=0 ^ r24=0 ^ r26=0 ^ entropia=1,freq ceros=1 ^ freq dos=1 ^ pasos=2 ^ simetria=1 ^ actividad=1 ^ time entropy=1,0.445537,0.759744,0.387439,0.391238
r18=0 ^ r24=0 ^ r26=0 ^ r27=0,freq ceros=1 ^ freq dos=1 ^ pasos=2 ^ entropia=1 ^ transitoriedad=1,0.407830,0.722769,0.367151,0.428064
r18=0 ^ r24=0 ^ r26=0 ^ r27=0,pasos=2 ^ time entropy=1,0.470982,0.627437,0.318507,0.365717
r27=0 ^ freq dos=1 ^ entropia=1,time entropy=1,0.468020,0.652630,0.373869,0.419149
r27=0 ^ freq dos=1 ^ entropia=1,time entropy=1,0.468020,0.652630,0.373869,0.419149
r27=0 ^ entropia=1,freq dos=1 ^ time entropy=1,0.518139,0.616316,0.356409,0.367995
r18=0 ^ r24=0 ^ r26=0 ^ r27=0,pasos=2 ^ time entropy=1,0.470982,0.627437,0.318507,0.365717
r27=0 ^ freq dos=1 ^ entropia=1,time entropy=1,0.468020,0.652630,0.373869,0.419149
r27=0 ^ entropia=1,freq dos=1 ^ time entropy=1,0.518139,0.616316,0.356409,0.367995
r18=0 ^ r24=0 ^ r26=0 ^ r27=0,pasos=2 ^ time entropy=1,0.470982,0.627437,0.318507,0.365717
r18=0 ^ r24=0 ^ r27=0 ^ freq ceros=1,freq unos=1 ^ pasos=2 ^ time entropy=1,0.471534,0.657131,0.334289,0.365745
r18=0 ^ r24=0 ^ r26=0 ^ r27=0,freq ceros=1 ^ freq unos=1 ^ freq dos=1 ^ pasos=2 ^ actividad=1,0.426802,0.693399,0.352154,0.408744
r18=0 ^ r24=0 ^ r26=0 ^ r27=0,freq ceros=1 ^ freq unos=1 ^ freq dos=1 ^ pasos=2 ^ actividad=1 ^ time entropy=1,0.479082,0.615685,0.312518,0.358112
r18=0 ^ r24=0 ^ r26=0 ^ r27=0,freq ceros=1 ^ freq unos=1 ^ freq dos=1 ^ pasos=2 ^ actividad=1 ^ time entropy=1,0.479082,0.615685,0.312518,0.358112
r27=0 ^ entropia=1,freq dos=1 ^ time entropy=1,0.518139,0.616316,0.356409,0.367995
r18=0 ^ r24=0 ^ r26=0 ^ r27=0,freq ceros=1 ^ freq unos=1 ^ freq dos=1 ^ pasos=2 ^ actividad=1 ^ time entropy=1,0.479082,0.615685,0.312518,0.358112
r18=0 ^ r24=0 ^ r26=0 ^ r27=0,freq ceros=1 ^ freq unos=1 ^ freq dos=1 ^ pasos=2 ^ actividad=1 ^ time entropy=1,0.479082,0.615685,0.312518,0.358112
r18=0 ^ r24=0 ^ r26=0 ^ r27=0,freq ceros=1 ^ freq dos=1 ^ pasos=2 ^ actividad=1 ^ time entropy=1,0.476172,0.619896,0.314663,0.360835
r18=0 ^ r24=0 ^ r26=0 ^ r27=0,freq ceros=1 ^ freq unos=1 ^ freq dos=1 ^ pasos=2 ^ actividad=1 ^ time entropy=1,0.479082,0.615685,0.312518,0.358112
r18=0 ^ r24=0 ^ r26=0 ^ r27=0,pasos=2 ^ simetria=1 ^ time entropy=1,0.553394,0.512191,0.259822,0.292103
r18=0 ^ r24=0 ^ r27=0 ^ freq ceros=1,freq unos=1 ^ pasos=2 ^ simetria=1 ^ time entropy=1,0.513909,0.606033,0.308093,0.326667
r18=0 ^ r24=0 ^ r26=0 ^ r27=0,pasos=2 ^ simetria=1 ^ time entropy=1,0.553394,0.512191,0.259822,0.292103
