antecedente,consecuente,jaccard,cosine,phi,kappa
r24=0 ^ r27=0 ^ width=5 ^ time entropy=1,freq ceros=5 ^ pasos=1 ^ simetria=1,0.662740,0.373046,0.188398,0.205029
r24=0 ^ r27=0 ^ width=5 ^ time entropy=1,freq ceros=5 ^ pasos=1 ^ simetria=1,0.662740,0.373046,0.188398,0.205029
r18=1 ^ r24=0 ^ width=5 ^ time entropy=1,freq ceros=5 ^ pasos=1 ^ simetria=1,0.617825,0.428794,0.216439,0.238672
r18=1 ^ r24=0 ^ width=5 ^ time entropy=1,freq ceros=5 ^ pasos=1 ^ simetria=1,0.617825,0.428794,0.216439,0.238672
r18=1 ^ r24=0 ^ width=5 ^ time entropy=1,freq ceros=5 ^ pasos=1 ^ simetria=1,0.617825,0.428794,0.216439,0.238672
r18=1 ^ r24=0 ^ width=5 ^ time entropy=1,freq ceros=5 ^ pasos=1 ^ simetria=1,0.617825,0.428794,0.216439,0.238672
r18=1 ^ r24=0 ^ width=5 ^ time entropy=1,freq ceros=5 ^ pasos=1 ^ simetria=1,0.617825,0.428794,0.216439,0.238672
r18=1 ^ r24=0 ^ width=5 ^ time entropy=1,freq ceros=5 ^ pasos=1 ^ simetria=1,0.617825,0.428794,0.216439,0.238672
r18=1 ^ r24=0 ^ width=5 ^ time entropy=1,freq ceros=5 ^ pasos=1 ^ simetria=1,0.617825,0.428794,0.216439,0.238672
r18=1 ^ r24=0 ^ width=5 ^ time entropy=1,freq ceros=5 ^ pasos=1 ^ simetria=1,0.617825,0.428794,0.216439,0.238672
r18=1 ^ r24=0 ^ width=5 ^ time entropy=1,freq ceros=5 ^ pasos=1 ^ simetria=1,0.617825,0.428794,0.216439,0.238672
r18=1 ^ r24=0 ^ width=5 ^ time entropy=1,freq ceros=5 ^ pasos=1 ^ simetria=1,0.617825,0.428794,0.216439,0.238672
r18=1 ^ r24=0 ^ width=5 ^ time entropy=1,freq ceros=5 ^ pasos=1 ^ simetria=1,0.617825,0.428794,0.216439,0.238672
r18=1 ^ r24=0 ^ width=5 ^ time entropy=1,freq ceros=5 ^ pasos=1 ^ simetria=1,0.617825,0.428794,0.216439,0.238672
r18=1 ^ r24=0 ^ width=5 ^ time entropy=1,freq ceros=5 ^ pasos=1 ^ simetria=1,0.617825,0.428794,0.216439,0.238672
r18=1 ^ r24=0 ^ width=5 ^ time entropy=1,freq ceros=5 ^ pasos=1 ^ simetria=1,0.617825,0.428794,0.216439,0.238672
r18=1 ^ r24=0 ^ width=5 ^ time entropy=1,freq ceros=5 ^ pasos=1 ^ simetria=1,0.617825,0.428794,0.216439,0.238672
r18=1 ^ r24=0 ^ width=5 ^ time entropy=1,freq ceros=5 ^ pasos=1 ^ simetria=1,0.617825,0.428794,0.216439,0.238672
r18=1 ^ r24=0 ^ width=5 ^ time entropy=1,freq ceros=5 ^ pasos=1 ^ simetria=1,0.617825,0.428794,0.216439,0.238672
r18=1 ^ r24=0 ^ width=5 ^ time entropy=1,freq ceros=5 ^ pasos=1 ^ simetria=1,0.617825,0.428794,0.216439,0.238672
r18=1 ^ r24=0 ^ width=5 ^ time entropy=1,freq ceros=5 ^ pasos=1 ^ simetria=1,0.617825,0.428794,0.216439,0.238672
r18=1 ^ r24=0 ^ width=5 ^ time entropy=1,freq ceros=5 ^ pasos=1 ^ simetria=1,0.617825,0.428794,0.216439,0.238672
r27=0 ^ width=5,freq ceros=5 ^ pasos=1,0.532114,0.541077,0.308227,0.352677
r27=0 ^ width=5,freq ceros=5 ^ pasos=1,0.532114,0.541077,0.308227,0.352677
r27=0 ^ width=5,freq ceros=5 ^ pasos=1,0.532114,0.541077,0.308227,0.352677
r18=1 ^ r24=0 ^ width=5 ^ time entropy=1,freq ceros=5 ^ pasos=1 ^ simetria=1,0.617825,0.428794,0.216439,0.238672
r18=1 ^ r24=0 ^ width=5 ^ time entropy=1,freq ceros=5 ^ pasos=1 ^ simetria=1,0.617825,0.428794,0.216439,0.238672
r18=1 ^ r24=0 ^ width=5 ^ time entropy=1,freq ceros=5 ^ pasos=1 ^ simetria=1,0.617825,0.428794,0.216439,0.238672
r27=0 ^ width=5,freq ceros=5 ^ pasos=1,0.532114,0.541077,0.308227,0.352677
r27=0 ^ width=5 ^ simetria=2,freq ceros=5 ^ pasos=1,0.468896,0.630481,0.354991,0.412393
r18=0 ^ transitoriedad=2,pasos=1 ^ simetria=2,0.310098,0.890135,0.827602,0.935192
r18=1 ^ r26=1 ^ r27=0 ^ time entropy=1,freq ceros=5 ^ freq unos=4 ^ freq dos=1 ^ width=5 ^ entropia=1,0.423875,0.697886,0.351044,0.407318
r18=1 ^ width=5 ^ actividad=1 ^ time entropy=1,freq ceros=5 ^ freq dos=1 ^ simetria=1 ^ entropia=1,0.465871,0.639941,0.321891,0.366778
r18=1 ^ r24=0 ^ width=5 ^ time entropy=1,freq ceros=5 ^ pasos=1 ^ simetria=1,0.617825,0.428794,0.216439,0.238672
r18=1 ^ width=5 ^ actividad=1 ^ time entropy=1,freq ceros=5 ^ freq dos=1 ^ simetria=1 ^ entropia=1,0.465871,0.639941,0.321891,0.366778
r18=1 ^ r26=1 ^ r27=0 ^ time entropy=1,freq ceros=5 ^ freq unos=4 ^ freq dos=1 ^ width=5 ^ entropia=1,0.423875,0.697886,0.351044,0.407318
r18=1 ^ r27=0 ^ width=5,freq ceros=5 ^ pasos=1,0.318822,0.870713,0.476409,0.569676
r26=1 ^ r27=0 ^ transitoriedad=2,pasos=1,0.115053,1.321612,0.935798,0.991790
r18=1 ^ width=5 ^ time entropy=1,freq ceros=5 ^ freq unos=4 ^ freq dos=1 ^ simetria=1 ^ entropia=1,0.395401,0.742382,0.373337,0.436053
r18=1 ^ width=5 ^ actividad=1 ^ time entropy=1,freq ceros=5 ^ freq dos=1 ^ simetria=1 ^ entropia=1,0.465871,0.639941,0.321891,0.366778
r18=1 ^ width=5 ^ actividad=1 ^ time entropy=1,freq ceros=5 ^ freq dos=1 ^ simetria=1,0.463820,0.642583,0.323222,0.368707
r27=0 ^ width=5 ^ actividad=2 ^ time entropy=1,freq ceros=5 ^ simetria=1 ^ transitoriedad=2,0.351315,0.815379,0.410290,0.483409
r14=0 ^ width=5 ^ actividad=2 ^ time entropy=1,freq ceros=5 ^ simetria=1 ^ entropia=1 ^ transitoriedad=2,0.135788,1.265855,0.634785,0.762998
r14=0 ^ freq dos=1 ^ width=5 ^ actividad=2,freq ceros=5 ^ freq unos=2 ^ simetria=1 ^ time entropy=1,0.283182,0.937024,0.469489,0.559883
r18=1 ^ r26=1 ^ r27=0 ^ time entropy=1,freq ceros=5 ^ freq unos=4 ^ freq dos=1 ^ width=5 ^ entropia=1,0.423875,0.697886,0.351044,0.407318
r18=1 ^ r26=1 ^ r27=0 ^ time entropy=1,freq ceros=5 ^ freq unos=4 ^ freq dos=1 ^ width=5 ^ entropia=1,0.423875,0.697886,0.351044,0.407318
r27=0 ^ width=5 ^ actividad=2 ^ time entropy=1,freq ceros=5 ^ simetria=1 ^ transitoriedad=2,0.351315,0.815379,0.410290,0.483409
r14=0 ^ freq dos=1 ^ width=5 ^ actividad=2,freq ceros=5 ^ freq unos=2 ^ simetria=1 ^ entropia=1 ^ time entropy=1,0.296373,0.912525,0.457199,0.543976
r27=0 ^ freq dos=1 ^ width=5 ^ time entropy=1,freq ceros=5 ^ freq unos=4 ^ simetria=1 ^ entropia=1,0.404412,0.728387,0.366286,0.426780
r18=1 ^ r26=1 ^ r27=0 ^ time entropy=1,freq ceros=5 ^ freq unos=4 ^ freq dos=1 ^ width=5 ^ entropia=1,0.423875,0.697886,0.351044,0.407318
r18=1 ^ r26=1 ^ width=5 ^ time entropy=1,freq ceros=5 ^ freq unos=2 ^ freq dos=1 ^ simetria=1 ^ entropia=1,0.414796,0.711907,0.358065,0.416350
r18=1 ^ r26=1 ^ r27=0 ^ time entropy=1,freq ceros=5 ^ freq unos=4 ^ freq dos=1 ^ width=5 ^ entropia=1,0.423875,0.697886,0.351044,0.407318
r18=1 ^ width=5 ^ actividad=1 ^ time entropy=1,freq ceros=5 ^ freq dos=1 ^ simetria=1 ^ entropia=1,0.465871,0.639941,0.321891,0.366778
r18=1 ^ width=5 ^ actividad=1 ^ time entropy=1,freq ceros=5 ^ freq dos=1 ^ simetria=1 ^ entropia=1,0.465871,0.639941,0.321891,0.366778
r18=1 ^ width=5 ^ actividad=1 ^ time entropy=1,freq ceros=5 ^ freq dos=1 ^ simetria=1 ^ entropia=1,0.465871,0.639941,0.321891,0.366778
r18=1 ^ r24=0 ^ width=5 ^ time entropy=1,freq ceros=5 ^ pasos=1 ^ simetria=1,0.617825,0.428794,0.216439,0.238672
r18=1 ^ r24=0 ^ width=5 ^ time entropy=1,freq ceros=5 ^ pasos=1 ^ simetria=1,0.617825,0.428794,0.216439,0.238672
r18=1 ^ r24=0 ^ width=5 ^ time entropy=1,freq ceros=5 ^ pasos=1 ^ simetria=1,0.617825,0.428794,0.216439,0.238672
r18=1 ^ r24=0 ^ width=5 ^ time entropy=1,freq ceros=5 ^ pasos=1 ^ simetria=1,0.617825,0.428794,0.216439,0.238672
r18=1 ^ r24=0 ^ width=5 ^ time entropy=1,freq ceros=5 ^ pasos=1 ^ simetria=1,0.617825,0.428794,0.216439,0.238672
r18=1 ^ r24=0 ^ width=5 ^ time entropy=1,freq ceros=5 ^ pasos=1 ^ simetria=1,0.617825,0.428794,0.216439,0.238672
r18=1 ^ r24=0 ^ width=5 ^ time entropy=1,freq ceros=5 ^ pasos=1 ^ simetria=1,0.617825,0.428794,0.216439,0.238672
r18=1 ^ r24=0 ^ width=5 ^ time entropy=1,freq ceros=5 ^ pasos=1 ^ simetria=1,0.617825,0.428794,0.216439,0.238672
r18=1 ^ r24=0 ^ width=5 ^ time entropy=1,freq ceros=5 ^ pasos=1 ^ simetria=1,0.617825,0.428794,0.216439,0.238672
r18=1 ^ r24=0 ^ width=5 ^ time entropy=1,freq ceros=5 ^ pasos=1 ^ simetria=1,0.617825,0.428794,0.216439,0.238672
r18=1 ^ r24=0 ^ width=5 ^ time entropy=1,freq ceros=5 ^ pasos=1 ^ simetria=1,0.617825,0.428794,0.216439,0.238672
r18=1 ^ r24=0 ^ width=5 ^ time entropy=1,freq ceros=5 ^ pasos=1 ^ simetria=1,0.617825,0.428794,0.216439,0.238672
r27=0 ^ width=5,freq ceros=5,0.532114,0.541077,0.308227,0.352677
r27=0 ^ width=5,freq ceros=5 ^ pasos=1,0.532114,0.541077,0.308227,0.352677
r18=1 ^ r24=0 ^ width=5 ^ time entropy=1,freq ceros=5 ^ pasos=1 ^ simetria=1,0.617825,0.428794,0.216439,0.238672
r18=1 ^ r24=0 ^ width=5 ^ time entropy=1,freq ceros=5 ^ pasos=1 ^ simetria=1,0.617825,0.428794,0.216439,0.238672
r18=1 ^ r24=0 ^ width=5 ^ time entropy=1,freq ceros=5 ^ pasos=1 ^ simetria=1,0.617825,0.428794,0.216439,0.238672
r18=1 ^ r24=0 ^ width=5 ^ time entropy=1,freq ceros=5 ^ pasos=1 ^ simetria=1,0.617825,0.428794,0.216439,0.238672
r27=0 ^ width=5,freq ceros=5 ^ pasos=1,0.532114,0.541077,0.308227,0.352677
r27=0 ^ width=5,freq ceros=5,0.532114,0.541077,0.308227,0.352677
r27=1,pasos=1,0.334485,0.851853,0.961198,0.990202
r27=0,pasos=1,0.321386,0.885460,1.073534,1.018548
r27=0 ^ width=5,freq ceros=5 ^ pasos=1,0.532114,0.541077,0.308227,0.352677
r18=1 ^ r24=0 ^ width=5 ^ time entropy=1,freq ceros=5 ^ pasos=1 ^ simetria=1,0.617825,0.428794,0.216439,0.238672
r27=0 ^ width=5,freq ceros=5 ^ pasos=1,0.532114,0.541077,0.308227,0.352677
r27=0 ^ width=5 ^ simetria=2 ^ transitoriedad=2,freq ceros=5 ^ pasos=1,0.468896,0.630481,0.354991,0.412393
r27=0 ^ transitoriedad=2,freq ceros=5 ^ width=5,0.343034,0.842008,0.493774,0.579943
r21=0 ^ transitoriedad=2,pasos=1 ^ simetria=2,0.314190,0.888605,0.858309,0.945561
r27=0 ^ width=5 ^ simetria=2,freq ceros=5 ^ pasos=1,0.468896,0.630481,0.354991,0.412393
r27=0 ^ width=5,freq ceros=5 ^ pasos=1,0.532114,0.541077,0.308227,0.352677
r18=1 ^ width=5 ^ actividad=1 ^ time entropy=1,freq ceros=5 ^ freq dos=1 ^ simetria=1 ^ entropia=1,0.465871,0.639941,0.321891,0.366778
r27=0 ^ width=5 ^ time entropy=1,freq ceros=5 ^ freq unos=4 ^ freq dos=1 ^ entropia=1,0.390258,0.750587,0.377612,0.441580
r18=1 ^ r27=0 ^ width=5 ^ simetria=2,freq ceros=5 ^ pasos=1,0.261540,0.977180,0.528541,0.636295
r18=1 ^ width=5 ^ actividad=2 ^ time entropy=1,freq ceros=5 ^ simetria=1,0.321527,0.866735,0.435968,0.516770
r18=1 ^ width=5 ^ actividad=1 ^ time entropy=1,freq ceros=5 ^ freq dos=1 ^ simetria=1,0.463820,0.642583,0.323222,0.368707
r18=1 ^ r26=1 ^ r27=0 ^ time entropy=1,freq ceros=5 ^ freq unos=4 ^ freq dos=1 ^ width=5 ^ entropia=1,0.423875,0.697886,0.351044,0.407318
r27=0 ^ width=5 ^ actividad=2 ^ time entropy=1,freq ceros=5 ^ simetria=1 ^ transitoriedad=2,0.351315,0.815379,0.410290,0.483409
r18=1 ^ r24=0 ^ actividad=2 ^ time entropy=1,freq ceros=5 ^ freq dos=1 ^ pasos=1 ^ simetria=1 ^ entropia=1 ^ transitoriedad=2,0.298701,1.072275,0.540931,0.544822
r17=0 ^ r26=1 ^ actividad=2 ^ time entropy=1,freq unos=2 ^ freq dos=1 ^ simetria=1,0.417170,0.816849,0.411283,0.414147
r18=1 ^ r26=1 ^ r27=0 ^ time entropy=1,freq ceros=5 ^ freq unos=4 ^ freq dos=1 ^ width=5 ^ entropia=1,0.423875,0.697886,0.351044,0.407318
r18=1 ^ width=5 ^ time entropy=1,freq ceros=5 ^ freq unos=4 ^ freq dos=1 ^ simetria=1 ^ entropia=1,0.395401,0.742382,0.373337,0.436053
r18=1 ^ r27=0 ^ width=5 ^ time entropy=1,freq ceros=5 ^ freq unos=2 ^ freq dos=1 ^ simetria=1 ^ entropia=1,0.413571,0.713811,0.359025,0.417586
r18=1 ^ width=5 ^ actividad=1 ^ time entropy=1,freq ceros=5 ^ freq dos=1 ^ simetria=1,0.463820,0.642583,0.323222,0.368707
r18=1 ^ width=5 ^ actividad=1 ^ time entropy=1,freq ceros=5 ^ freq dos=1 ^ simetria=1,0.463820,0.642583,0.323222,0.368707
r18=1 ^ width=5 ^ actividad=1 ^ time entropy=1,freq ceros=5 ^ freq dos=1 ^ simetria=1 ^ entropia=1,0.465871,0.639941,0.321891,0.366778
r18=1 ^ r24=0 ^ width=5 ^ time entropy=1,freq ceros=5 ^ pasos=1 ^ simetria=1,0.617825,0.428794,0.216439,0.238672
r18=1 ^ r24=0 ^ width=5 ^ time entropy=1,freq ceros=5 ^ pasos=1 ^ simetria=1,0.617825,0.428794,0.216439,0.238672
r18=1 ^ r24=0 ^ width=5 ^ time entropy=1,freq ceros=5 ^ pasos=1 ^ simetria=1,0.617825,0.428794,0.216439,0.238672
r18=1 ^ r24=0 ^ width=5 ^ time entropy=1,freq ceros=5 ^ pasos=1 ^ simetria=1,0.617825,0.428794,0.216439,0.238672
r27=0 ^ transitoriedad=2,freq ceros=5,0.626634,0.423883,0.271588,0.299497
r18=1 ^ r24=0 ^ width=5 ^ time entropy=1,freq ceros=5 ^ pasos=1 ^ simetria=1,0.617825,0.428794,0.216439,0.238672
r18=1 ^ r24=0 ^ width=5 ^ time entropy=1,freq ceros=5 ^ pasos=1 ^ simetria=1,0.617825,0.428794,0.216439,0.238672
r18=1 ^ r24=0 ^ width=5 ^ time entropy=1,freq ceros=5 ^ pasos=1 ^ simetria=1,0.617825,0.428794,0.216439,0.238672
r18=1 ^ r24=0 ^ width=5 ^ time entropy=1,freq ceros=5 ^ pasos=1 ^ simetria=1,0.617825,0.428794,0.216439,0.238672
r18=1 ^ r24=0 ^ width=5 ^ time entropy=1,freq ceros=5 ^ pasos=1 ^ simetria=1,0.617825,0.428794,0.216439,0.238672
r27=0 ^ pasos=1,freq ceros=5,0.586111,0.476488,0.307126,0.343270
r27=0,freq ceros=5,0.557161,0.515140,0.333626,0.376406
r27=0,freq ceros=5,0.557161,0.515140,0.333626,0.376406
r27=0 ^ pasos=1 ^ transitoriedad=2,freq ceros=5 ^ simetria=2,0.585954,0.476022,0.300764,0.336231
r18=1 ^ r24=0 ^ width=5 ^ time entropy=1,freq ceros=5 ^ pasos=1 ^ simetria=1,0.617825,0.428794,0.216439,0.238672
r18=1 ^ r24=0 ^ width=5 ^ time entropy=1,freq ceros=5 ^ pasos=1 ^ simetria=1,0.617825,0.428794,0.216439,0.238672
r27=0 ^ width=5,freq ceros=5 ^ pasos=1,0.532114,0.541077,0.308227,0.352677
r27=0,freq ceros=5 ^ simetria=2,0.520850,0.564260,0.360196,0.411007
r27=0,freq ceros=5 ^ simetria=2,0.520850,0.564260,0.360196,0.411007
r27=0,freq ceros=5 ^ simetria=2,0.520850,0.564260,0.360196,0.411007
r18=1 ^ r24=0 ^ width=5 ^ time entropy=1,freq ceros=5 ^ pasos=1 ^ simetria=1,0.617825,0.428794,0.216439,0.238672
r27=0 ^ width=5,freq ceros=5 ^ pasos=1,0.532114,0.541077,0.308227,0.352677
r27=0 ^ width=5 ^ simetria=2 ^ transitoriedad=2,freq ceros=5 ^ pasos=1,0.468896,0.630481,0.354991,0.412393
r27=0 ^ width=5 ^ simetria=2,freq ceros=5 ^ pasos=1,0.468896,0.630481,0.354991,0.412393
r27=0 ^ width=5 ^ simetria=2,freq ceros=5 ^ pasos=1,0.468896,0.630481,0.354991,0.412393
r27=0 ^ width=5,freq ceros=5 ^ pasos=1,0.532114,0.541077,0.308227,0.352677
r18=1 ^ width=5 ^ actividad=1 ^ time entropy=1,freq ceros=5 ^ freq dos=1 ^ pasos=1 ^ simetria=1 ^ entropia=1,0.465871,0.639941,0.321891,0.366778
r18=1 ^ r26=1 ^ r27=0 ^ time entropy=1,freq ceros=5 ^ freq unos=2 ^ freq dos=1 ^ simetria=1 ^ entropia=1,0.414982,0.711617,0.357920,0.416163
r17=0 ^ r26=1 ^ actividad=2 ^ time entropy=1,freq unos=2 ^ freq dos=1 ^ simetria=1,0.417170,0.816849,0.411283,0.414147
r18=1 ^ r27=0 ^ width=5 ^ actividad=2,freq ceros=5 ^ freq unos=2 ^ pasos=1 ^ simetria=1,0.453751,0.735210,0.370010,0.378234
r18=1 ^ width=5 ^ actividad=1 ^ time entropy=1,freq ceros=5 ^ freq dos=1 ^ simetria=1,0.463820,0.642583,0.323222,0.368707
r18=1 ^ width=5 ^ actividad=2 ^ time entropy=1,freq ceros=5 ^ freq dos=1 ^ simetria=1 ^ entropia=1 ^ transitoriedad=2,0.423050,0.700023,0.351938,0.407901
r18=1 ^ r27=0 ^ actividad=2 ^ time entropy=1,freq unos=2 ^ freq dos=1 ^ pasos=1 ^ simetria=1,0.447181,0.761271,0.383188,0.384562
r18=1 ^ width=5 ^ actividad=1 ^ time entropy=1,freq ceros=5 ^ freq dos=1 ^ simetria=1 ^ entropia=1,0.465871,0.639941,0.321891,0.366778
r18=1 ^ width=5 ^ actividad=1 ^ time entropy=1,freq ceros=5 ^ freq dos=1 ^ simetria=1 ^ entropia=1,0.465871,0.639941,0.321891,0.366778
r18=1 ^ width=5 ^ actividad=1 ^ time entropy=1,freq ceros=5 ^ freq dos=1 ^ simetria=1 ^ entropia=1,0.465871,0.639941,0.321891,0.366778
r18=1 ^ r24=0 ^ width=5 ^ time entropy=1,freq ceros=5 ^ pasos=1 ^ simetria=1,0.617825,0.428794,0.216439,0.238672
r18=1 ^ r24=0 ^ width=5 ^ time entropy=1,freq ceros=5 ^ pasos=1 ^ simetria=1,0.617825,0.428794,0.216439,0.238672
r27=0 ^ pasos=1 ^ transitoriedad=2,freq ceros=5,0.626634,0.423883,0.271588,0.299497
r27=0 ^ transitoriedad=2,freq ceros=5 ^ pasos=1,0.626634,0.423883,0.271588,0.299497
r27=0 ^ transitoriedad=2,freq ceros=5 ^ pasos=1,0.626634,0.423883,0.271588,0.299497
r27=0 ^ transitoriedad=2,freq ceros=5 ^ pasos=1,0.626634,0.423883,0.271588,0.299497
r18=1 ^ r24=0 ^ width=5 ^ time entropy=1,freq ceros=5 ^ pasos=1 ^ simetria=1,0.617825,0.428794,0.216439,0.238672
r18=1 ^ r24=0 ^ width=5 ^ time entropy=1,freq ceros=5 ^ pasos=1 ^ simetria=1,0.617825,0.428794,0.216439,0.238672
r27=0 ^ pasos=1 ^ transitoriedad=2,freq ceros=5,0.626634,0.423883,0.271588,0.299497
r27=0 ^ pasos=1,freq ceros=5,0.586111,0.476488,0.307126,0.343270
r27=0 ^ pasos=1,freq ceros=5,0.586111,0.476488,0.307126,0.343270
r27=0 ^ transitoriedad=2,freq ceros=5,0.626634,0.423883,0.271588,0.299497
r18=1 ^ r24=0 ^ width=5 ^ time entropy=1,freq ceros=5 ^ pasos=1 ^ simetria=1,0.617825,0.428794,0.216439,0.238672
r18=1 ^ r24=0 ^ width=5 ^ time entropy=1,freq ceros=5 ^ pasos=1 ^ simetria=1,0.617825,0.428794,0.216439,0.238672
r27=0 ^ pasos=1,freq ceros=5,0.586111,0.476488,0.307126,0.343270
r27=0,freq ceros=5,0.557161,0.515140,0.333626,0.376406
r27=0,freq ceros=5,0.557161,0.515140,0.333626,0.376406
r27=0 ^ pasos=1 ^ transitoriedad=2,freq ceros=5 ^ simetria=2,0.585954,0.476022,0.300764,0.336231
r27=0 ^ width=5,freq ceros=5 ^ pasos=1,0.532114,0.541077,0.308227,0.352677
r27=0 ^ width=5,freq ceros=5 ^ pasos=1,0.532114,0.541077,0.308227,0.352677
r27=0,freq ceros=5 ^ simetria=2,0.520850,0.564260,0.360196,0.411007
r18=1 ^ r27=0 ^ actividad=2 ^ time entropy=1,freq ceros=5 ^ freq unos=2 ^ freq dos=1 ^ pasos=1 ^ simetria=1 ^ entropia=1,0.543093,0.558651,0.280840,0.297769
r18=1 ^ r27=0 ^ actividad=2 ^ time entropy=1,freq ceros=5 ^ freq unos=2 ^ freq dos=1 ^ simetria=1 ^ entropia=1 ^ transitoriedad=2,0.543093,0.558651,0.280840,0.297769
r17=0 ^ r26=1 ^ actividad=2 ^ time entropy=1,freq ceros=5 ^ freq unos=2 ^ freq dos=1 ^ pasos=1 ^ simetria=1 ^ entropia=1 ^ transitoriedad=2,0.504878,0.613561,0.308485,0.330924
r17=0 ^ r26=1 ^ width=5 ^ actividad=2,freq unos=2 ^ freq dos=1 ^ simetria=1,0.515374,0.638393,0.321146,0.321761
r26=1 ^ r27=0 ^ actividad=2 ^ time entropy=1,freq ceros=5 ^ freq unos=2 ^ freq dos=1 ^ simetria=1,0.534884,0.572033,0.287583,0.304755
r17=0 ^ r26=1 ^ width=5 ^ actividad=2,freq unos=2 ^ freq dos=1 ^ simetria=1,0.515374,0.638393,0.321146,0.321761
r18=1 ^ r27=0 ^ actividad=2 ^ time entropy=1,freq ceros=5 ^ freq unos=2 ^ freq dos=1 ^ simetria=1 ^ entropia=1 ^ transitoriedad=2,0.543093,0.558651,0.280840,0.297769
r24=0 ^ r27=0 ^ width=5 ^ time entropy=1,freq ceros=5 ^ pasos=1 ^ simetria=1,0.662740,0.373046,0.188398,0.205029
r24=0 ^ r27=0 ^ width=5 ^ time entropy=1,freq ceros=5 ^ pasos=1 ^ simetria=1,0.662740,0.373046,0.188398,0.205029
r27=0 ^ transitoriedad=2,freq ceros=5 ^ pasos=1,0.626634,0.423883,0.271588,0.299497
r27=0 ^ transitoriedad=2,freq ceros=5,0.626634,0.423883,0.271588,0.299497
r27=0 ^ transitoriedad=2,freq ceros=5 ^ pasos=1,0.626634,0.423883,0.271588,0.299497
r24=0 ^ r27=0 ^ width=5 ^ time entropy=1,freq ceros=5 ^ pasos=1 ^ simetria=1,0.662740,0.373046,0.188398,0.205029
r18=1 ^ r24=0 ^ width=5 ^ time entropy=1,freq ceros=5 ^ pasos=1 ^ simetria=1,0.617825,0.428794,0.216439,0.238672
r27=0 ^ transitoriedad=2,freq ceros=5 ^ pasos=1,0.626634,0.423883,0.271588,0.299497
r27=0 ^ transitoriedad=2,freq ceros=5 ^ pasos=1,0.626634,0.423883,0.271588,0.299497
r27=0 ^ transitoriedad=2,freq ceros=5 ^ pasos=1,0.626634,0.423883,0.271588,0.299497
r27=0 ^ transitoriedad=2,freq ceros=5 ^ pasos=1,0.626634,0.423883,0.271588,0.299497
r18=1 ^ r24=0 ^ width=5 ^ time entropy=1,freq ceros=5 ^ pasos=1 ^ simetria=1,0.617825,0.428794,0.216439,0.238672
r27=0 ^ transitoriedad=2,freq ceros=5,0.626634,0.423883,0.271588,0.299497
r27=0 ^ transitoriedad=2,freq ceros=5 ^ pasos=1,0.626634,0.423883,0.271588,0.299497
r27=0 ^ transitoriedad=2,freq ceros=5 ^ pasos=1,0.626634,0.423883,0.271588,0.299497
r18=1 ^ r24=0 ^ width=5 ^ time entropy=1,freq ceros=5 ^ pasos=1 ^ simetria=1,0.617825,0.428794,0.216439,0.238672
r18=1 ^ r26=1 ^ actividad=2 ^ time entropy=1,freq ceros=5 ^ freq unos=2 ^ freq dos=1 ^ simetria=1 ^ entropia=1 ^ transitoriedad=2,0.598958,0.481075,0.241799,0.252170
r17=0 ^ r26=1 ^ width=5 ^ time entropy=1,freq unos=2 ^ freq dos=1 ^ simetria=1 ^ entropia=1,0.595433,0.504187,0.253588,0.255087
r24=0 ^ r27=0 ^ actividad=2 ^ time entropy=1,freq ceros=5 ^ freq unos=2 ^ freq dos=1 ^ pasos=1 ^ simetria=1 ^ entropia=1 ^ transitoriedad=2,0.594059,0.487761,0.245163,0.256040
r17=0 ^ r26=1 ^ width=5 ^ time entropy=1,freq unos=2 ^ freq dos=1 ^ simetria=1,0.592964,0.507846,0.255431,0.257045
r24=0 ^ r27=0 ^ actividad=2 ^ time entropy=1,freq ceros=5 ^ freq unos=2 ^ freq dos=1 ^ pasos=1 ^ simetria=1 ^ entropia=1 ^ transitoriedad=2,0.594059,0.487761,0.245163,0.256040
r24=0 ^ r27=0 ^ width=5 ^ time entropy=1,freq ceros=5 ^ pasos=1 ^ simetria=1,0.662740,0.373046,0.188398,0.205029
r18=1 ^ r24=0 ^ width=5 ^ time entropy=1,freq ceros=5 ^ pasos=1 ^ simetria=1 ^ entropia=1,0.721747,0.301537,0.152144,0.163181
r18=1 ^ r24=0 ^ width=5 ^ time entropy=1,freq ceros=5 ^ pasos=1 ^ simetria=1 ^ entropia=1,0.721747,0.301537,0.152144,0.163181
r18=1 ^ r24=0 ^ width=5 ^ time entropy=1,freq ceros=5 ^ pasos=1 ^ simetria=1 ^ entropia=1,0.721747,0.301537,0.152144,0.163181
r18=1 ^ r24=0 ^ width=5 ^ time entropy=1,freq ceros=5 ^ pasos=1 ^ simetria=1 ^ entropia=1,0.721747,0.301537,0.152144,0.163181
r24=0 ^ r27=0 ^ width=5 ^ time entropy=1,freq ceros=5 ^ pasos=1 ^ simetria=1,0.662740,0.373046,0.188398,0.205029
r24=0 ^ r27=0 ^ width=5 ^ time entropy=1,freq ceros=5 ^ pasos=1 ^ simetria=1,0.662740,0.373046,0.188398,0.205029
r18=1 ^ r24=0 ^ freq dos=1 ^ width=5,freq ceros=5 ^ simetria=1 ^ entropia=1,0.702037,0.333320,0.168245,0.176799
r18=1 ^ r24=0 ^ freq dos=1 ^ width=5,freq ceros=5 ^ simetria=1 ^ entropia=1,0.702037,0.333320,0.168245,0.176799
r24=0 ^ r27=0 ^ width=5 ^ time entropy=1,freq ceros=5 ^ pasos=1 ^ simetria=1,0.662740,0.373046,0.188398,0.205029
r24=0 ^ r27=0 ^ width=5 ^ time entropy=1,freq ceros=5 ^ pasos=1 ^ simetria=1,0.662740,0.373046,0.188398,0.205029
r24=0 ^ r27=0 ^ freq dos=1 ^ width=5,freq ceros=5 ^ simetria=1 ^ entropia=1,0.680043,0.369036,0.186347,0.192383
r24=0 ^ r27=0 ^ width=5 ^ time entropy=1,freq ceros=5 ^ pasos=1 ^ simetria=1,0.662740,0.373046,0.188398,0.205029
r24=0 ^ freq dos=1 ^ width=5,freq ceros=5 ^ simetria=1 ^ time entropy=1,0.666667,0.394391,0.199291,0.202149
r18=1 ^ r24=0 ^ width=5 ^ time entropy=1,freq ceros=5 ^ pasos=1 ^ simetria=1,0.617825,0.428794,0.216439,0.238672
r18=1 ^ r24=0 ^ width=5 ^ time entropy=1,freq ceros=5 ^ pasos=1 ^ simetria=1 ^ entropia=1,0.721747,0.301537,0.152144,0.163181
r24=0 ^ r27=0 ^ width=5 ^ time entropy=1,freq ceros=5 ^ pasos=1 ^ simetria=1 ^ entropia=1,0.771277,0.244835,0.123598,0.130437
r24=0 ^ r27=0 ^ width=5 ^ time entropy=1,freq ceros=5 ^ pasos=1 ^ simetria=1 ^ entropia=1,0.771277,0.244835,0.123598,0.130437
r24=0 ^ r27=0 ^ width=5 ^ time entropy=1,freq ceros=5 ^ pasos=1 ^ simetria=1 ^ entropia=1,0.771277,0.244835,0.123598,0.130437
r18=1 ^ r24=0 ^ width=5 ^ time entropy=1,freq ceros=5 ^ pasos=1 ^ simetria=1 ^ entropia=1,0.721747,0.301537,0.152144,0.163181
r24=0 ^ r27=0 ^ width=5 ^ time entropy=1,freq ceros=5 ^ pasos=1 ^ simetria=1 ^ entropia=1,0.771277,0.244835,0.123598,0.130437
r24=0 ^ width=5 ^ time entropy=1,freq ceros=5 ^ pasos=1 ^ simetria=1 ^ entropia=1,0.759371,0.268456,0.135639,0.138231
r18=1 ^ r24=0 ^ width=5 ^ time entropy=1,freq ceros=5 ^ pasos=1 ^ simetria=1 ^ entropia=1,0.721747,0.301537,0.152144,0.163181
r24=0 ^ width=5 ^ time entropy=1,freq ceros=5 ^ freq dos=1 ^ pasos=1 ^ simetria=1,0.746448,0.290017,0.146474,0.146650
r18=1 ^ r24=0 ^ freq dos=1 ^ width=5,freq ceros=5 ^ simetria=1 ^ entropia=1,0.702037,0.333320,0.168245,0.176799
r18=1 ^ r24=0 ^ width=5 ^ time entropy=1,freq ceros=5 ^ freq dos=1 ^ pasos=1 ^ simetria=1,0.806829,0.204146,0.102976,0.107900
r18=1 ^ r24=0 ^ width=5 ^ time entropy=1,freq ceros=5 ^ freq dos=1 ^ pasos=1 ^ simetria=1,0.806829,0.204146,0.102976,0.107900
r18=1 ^ r24=0 ^ width=5 ^ time entropy=1,freq ceros=5 ^ freq dos=1 ^ pasos=1 ^ simetria=1 ^ entropia=1,0.811660,0.198763,0.100259,0.104919
r18=1 ^ r24=0 ^ width=5 ^ time entropy=1,freq ceros=5 ^ freq dos=1 ^ pasos=1 ^ simetria=1,0.806829,0.204146,0.102976,0.107900
r18=1 ^ r24=0 ^ width=5 ^ time entropy=1,freq ceros=5 ^ freq dos=1 ^ pasos=1 ^ simetria=1,0.806829,0.204146,0.102976,0.107900
r24=0 ^ r27=0 ^ width=5 ^ time entropy=1,freq ceros=5 ^ pasos=1 ^ simetria=1 ^ entropia=1,0.771277,0.244835,0.123598,0.130437
r18=1 ^ r27=0 ^ width=5 ^ time entropy=1,freq ceros=5 ^ freq dos=1 ^ simetria=1 ^ entropia=1,0.835628,0.177038,0.089461,0.090508
r18=1 ^ r27=0 ^ width=5 ^ time entropy=1,freq ceros=5 ^ freq dos=1 ^ simetria=1 ^ entropia=1,0.835628,0.177038,0.089461,0.090508
r18=1 ^ r27=0 ^ width=5 ^ time entropy=1,freq ceros=5 ^ freq dos=1 ^ simetria=1 ^ entropia=1,0.835628,0.177038,0.089461,0.090508
r18=1 ^ r27=0 ^ width=5 ^ time entropy=1,freq ceros=5 ^ freq dos=1 ^ simetria=1 ^ entropia=1,0.835628,0.177038,0.089461,0.090508
