antecedente,consecuente,jaccard,cosine,phi,kappa
r27=0 ^ freq ceros=1 ^ actividad=1,freq unos=1 ^ entropia=1 ^ transitoriedad=1,0.404483,0.732369,0.384695,0.447624
r27=0 ^ freq ceros=1 ^ actividad=1,freq unos=1 ^ width=1 ^ entropia=1 ^ transitoriedad=1,0.404483,0.732369,0.384695,0.447624
r27=0 ^ freq ceros=1 ^ actividad=1,freq unos=1 ^ entropia=1 ^ transitoriedad=1,0.404483,0.732369,0.384695,0.447624
r27=0 ^ freq ceros=1 ^ actividad=1,freq unos=1 ^ entropia=1 ^ transitoriedad=1,0.404483,0.732369,0.384695,0.447624
r27=0 ^ freq ceros=1 ^ actividad=1,freq unos=1 ^ entropia=1 ^ transitoriedad=1,0.404483,0.732369,0.384695,0.447624
r27=0 ^ freq ceros=1 ^ actividad=1,freq unos=1 ^ entropia=1 ^ transitoriedad=1,0.404483,0.732369,0.384695,0.447624
r27=0 ^ freq ceros=1 ^ actividad=1,freq unos=1 ^ entropia=1 ^ transitoriedad=1,0.404483,0.732369,0.384695,0.447624
r27=0 ^ freq ceros=1 ^ actividad=1,freq unos=1 ^ width=1 ^ entropia=1 ^ transitoriedad=1,0.404483,0.732369,0.384695,0.447624
r27=0 ^ freq ceros=1 ^ actividad=1,freq unos=1 ^ width=1 ^ entropia=1 ^ transitoriedad=1,0.404483,0.732369,0.384695,0.447624
r27=0 ^ freq ceros=1 ^ actividad=1,freq unos=1 ^ width=1 ^ entropia=1 ^ transitoriedad=1,0.404483,0.732369,0.384695,0.447624
r27=0 ^ freq ceros=1 ^ actividad=1,freq unos=1 ^ width=1 ^ entropia=1 ^ transitoriedad=1,0.404483,0.732369,0.384695,0.447624
r27=0 ^ freq ceros=1 ^ actividad=1,freq unos=1 ^ width=1 ^ entropia=1 ^ transitoriedad=1,0.404483,0.732369,0.384695,0.447624
r27=0 ^ freq ceros=1 ^ actividad=1,freq unos=1 ^ entropia=1 ^ transitoriedad=1,0.404483,0.732369,0.384695,0.447624
r27=0 ^ freq ceros=1 ^ actividad=1,freq unos=1 ^ entropia=1 ^ transitoriedad=1,0.404483,0.732369,0.384695,0.447624
r27=0 ^ freq ceros=1 ^ actividad=1,freq unos=1 ^ entropia=1 ^ transitoriedad=1,0.404483,0.732369,0.384695,0.447624
r27=0 ^ freq ceros=1 ^ actividad=1,freq unos=1 ^ width=1 ^ entropia=1 ^ transitoriedad=1,0.404483,0.732369,0.384695,0.447624
r27=0 ^ freq ceros=1 ^ actividad=1,freq unos=1 ^ width=1 ^ entropia=1 ^ transitoriedad=1,0.404483,0.732369,0.384695,0.447624
r27=0 ^ freq ceros=1 ^ actividad=1,freq unos=1 ^ width=1 ^ entropia=1 ^ transitoriedad=1,0.404483,0.732369,0.384695,0.447624
r27=0 ^ freq ceros=1 ^ actividad=1,freq unos=1 ^ width=1 ^ entropia=1 ^ transitoriedad=1,0.404483,0.732369,0.384695,0.447624
r27=0 ^ freq ceros=1 ^ actividad=1,freq unos=1 ^ entropia=1 ^ transitoriedad=1,0.404483,0.732369,0.384695,0.447624
r27=0 ^ freq ceros=1 ^ actividad=1 ^ entropia=1,freq unos=1 ^ width=1 ^ transitoriedad=1,0.402677,0.735125,0.386166,0.449589
r18=0 ^ r27=0 ^ freq ceros=1 ^ simetria=1,freq unos=1 ^ freq dos=1 ^ width=1 ^ actividad=1 ^ entropia=1 ^ transitoriedad=1 ^ time entropy=1,0.377398,0.773290,0.400446,0.469807
r18=0 ^ r27=0 ^ freq ceros=1 ^ simetria=1,freq unos=1 ^ freq dos=1 ^ width=1 ^ actividad=1 ^ entropia=1 ^ transitoriedad=1 ^ time entropy=1,0.377398,0.773290,0.400446,0.469807
r18=0 ^ r27=0 ^ freq ceros=1 ^ simetria=1,freq unos=1 ^ freq dos=1 ^ width=1 ^ actividad=1 ^ transitoriedad=1 ^ time entropy=1,0.377398,0.773290,0.400446,0.469807
r18=0 ^ r27=0 ^ freq ceros=1 ^ simetria=1,freq unos=1 ^ freq dos=1 ^ width=1 ^ actividad=1 ^ entropia=1 ^ transitoriedad=1 ^ time entropy=1,0.377398,0.773290,0.400446,0.469807
r27=0 ^ freq ceros=1 ^ actividad=1,freq unos=1 ^ width=1 ^ entropia=1 ^ transitoriedad=1,0.404483,0.732369,0.384695,0.447624
r27=0 ^ freq ceros=1 ^ actividad=1,freq unos=1 ^ width=1 ^ entropia=1 ^ transitoriedad=1,0.404483,0.732369,0.384695,0.447624
r18=0 ^ r27=0 ^ freq ceros=1 ^ simetria=1,freq unos=1 ^ freq dos=1 ^ width=1 ^ actividad=1 ^ entropia=1 ^ transitoriedad=1 ^ time entropy=1,0.377398,0.773290,0.400446,0.469807
r18=0 ^ r27=0 ^ freq ceros=1 ^ simetria=1,freq unos=1 ^ freq dos=1 ^ width=1 ^ actividad=1 ^ entropia=1 ^ transitoriedad=1 ^ time entropy=1,0.377398,0.773290,0.400446,0.469807
r27=0 ^ freq ceros=1 ^ freq unos=1 ^ actividad=1,width=1 ^ transitoriedad=1,0.337454,0.838184,0.441300,0.524221
r27=0 ^ freq ceros=5,pasos=1 ^ transitoriedad=2,0.211406,1.080422,0.831275,0.944640
r27=0 ^ freq ceros=1 ^ freq unos=1 ^ actividad=1,transitoriedad=1,0.336898,0.839141,0.441817,0.524892
r18=0 ^ r27=0 ^ freq ceros=1 ^ simetria=1,freq unos=1 ^ freq dos=1 ^ width=1 ^ actividad=1 ^ entropia=1 ^ transitoriedad=1 ^ time entropy=1,0.377398,0.773290,0.400446,0.469807
r18=0 ^ r27=0 ^ freq ceros=1 ^ simetria=1,freq unos=1 ^ freq dos=1 ^ width=1 ^ actividad=1 ^ entropia=1 ^ transitoriedad=1 ^ time entropy=1,0.377398,0.773290,0.400446,0.469807
r18=0 ^ r27=0 ^ freq ceros=1 ^ simetria=1,freq unos=1 ^ freq dos=1 ^ width=1 ^ transitoriedad=1 ^ time entropy=1,0.368142,0.788441,0.408408,0.480146
r18=0 ^ r27=0 ^ freq ceros=1 ^ simetria=1,freq dos=1 ^ width=1 ^ actividad=1 ^ entropia=1 ^ transitoriedad=1,0.308763,0.889303,0.461621,0.550121
r18=0 ^ r27=0 ^ freq ceros=1,width=1 ^ entropia=1,0.223857,1.053925,0.554912,0.669168
r18=0 ^ r24=1 ^ transitoriedad=2,pasos=1,0.095147,1.383095,0.942316,0.993358
r18=0 ^ r27=0 ^ freq ceros=1 ^ simetria=1,freq dos=1 ^ actividad=1 ^ transitoriedad=1,0.308471,0.889829,0.461899,0.550481
r18=0 ^ r27=0 ^ freq ceros=1 ^ simetria=1,freq unos=1 ^ freq dos=1 ^ width=1 ^ transitoriedad=1 ^ time entropy=1,0.368142,0.788441,0.408408,0.480146
r18=0 ^ r27=0 ^ freq ceros=1 ^ simetria=1,freq dos=1 ^ transitoriedad=1 ^ time entropy=1,0.336841,0.840389,0.435766,0.516228
r18=0 ^ r24=1 ^ r27=0 ^ simetria=1,freq unos=1 ^ freq dos=1 ^ width=1 ^ pasos=1 ^ entropia=1 ^ time entropy=1,0.241897,1.016339,0.517935,0.622867
r18=0 ^ r24=1 ^ r27=0 ^ simetria=1,width=1 ^ pasos=1 ^ entropia=1,0.111547,1.332026,0.683137,0.817517
r18=0 ^ r24=1 ^ r27=0 ^ simetria=1,freq ceros=1 ^ freq dos=1 ^ pasos=1 ^ actividad=1 ^ entropia=1,0.211941,1.079259,0.550495,0.663817
r18=0 ^ r24=1 ^ r27=0 ^ simetria=1,freq ceros=1 ^ freq unos=1 ^ freq dos=1 ^ pasos=1 ^ actividad=1 ^ entropia=1 ^ time entropy=1,0.286623,0.929256,0.473052,0.565344
r18=0 ^ r24=1 ^ r27=0 ^ simetria=1,freq ceros=1 ^ freq unos=1 ^ freq dos=1 ^ pasos=1 ^ actividad=1 ^ entropia=1 ^ time entropy=1,0.286623,0.929256,0.473052,0.565344
r18=0 ^ r24=1 ^ r27=0 ^ simetria=1,freq ceros=1 ^ freq dos=1 ^ pasos=1 ^ actividad=1 ^ time entropy=1,0.231843,1.036998,0.528612,0.636384
r18=0 ^ r24=1 ^ r27=0 ^ simetria=1,freq ceros=1 ^ freq dos=1 ^ width=1 ^ pasos=1 ^ time entropy=1,0.221295,1.059159,0.540079,0.650809
r18=0 ^ r24=1 ^ r27=0 ^ simetria=1,freq ceros=1 ^ freq unos=1 ^ freq dos=1 ^ pasos=1 ^ actividad=1 ^ entropia=1 ^ time entropy=1,0.286623,0.929256,0.473052,0.565344
r18=0 ^ r24=1 ^ r27=0 ^ simetria=1,freq ceros=1 ^ freq unos=1 ^ freq dos=1 ^ pasos=1 ^ actividad=1 ^ entropia=1 ^ time entropy=1,0.286623,0.929256,0.473052,0.565344
r18=0 ^ r24=1 ^ r27=0 ^ simetria=1,freq ceros=1 ^ freq unos=1 ^ freq dos=1 ^ width=1 ^ pasos=1 ^ entropia=1 ^ transitoriedad=1 ^ time entropy=1,0.275832,0.949606,0.483524,0.578846
r18=0 ^ r24=1 ^ r27=0 ^ simetria=1,freq ceros=1 ^ freq unos=1 ^ freq dos=1 ^ pasos=1 ^ actividad=1 ^ entropia=1 ^ time entropy=1,0.286623,0.929256,0.473052,0.565344
r18=0 ^ r24=1 ^ r27=0 ^ simetria=1,freq ceros=1 ^ freq unos=1 ^ freq dos=1 ^ pasos=1 ^ actividad=1 ^ entropia=1 ^ time entropy=1,0.286623,0.929256,0.473052,0.565344
r18=0 ^ r24=1 ^ r27=0 ^ simetria=1,freq ceros=1 ^ freq unos=1 ^ freq dos=1 ^ pasos=1 ^ actividad=1 ^ entropia=1 ^ time entropy=1,0.286623,0.929256,0.473052,0.565344
r18=0 ^ r27=0 ^ freq ceros=1 ^ simetria=1,freq unos=1 ^ freq dos=1 ^ actividad=1 ^ entropia=1 ^ transitoriedad=1,0.352877,0.813386,0.421533,0.497527
r27=0 ^ freq ceros=1 ^ actividad=1,freq unos=1 ^ width=1 ^ entropia=1 ^ transitoriedad=1,0.404483,0.732369,0.384695,0.447624
r27=0 ^ freq ceros=1 ^ actividad=1,freq unos=1 ^ width=1 ^ entropia=1 ^ transitoriedad=1,0.404483,0.732369,0.384695,0.447624
r27=0 ^ freq ceros=1 ^ actividad=1,freq unos=1 ^ width=1 ^ entropia=1 ^ transitoriedad=1,0.404483,0.732369,0.384695,0.447624
r27=0 ^ freq ceros=1 ^ actividad=1,freq unos=1 ^ width=1 ^ entropia=1 ^ transitoriedad=1,0.404483,0.732369,0.384695,0.447624
r27=0 ^ freq ceros=1 ^ actividad=1,freq unos=1 ^ width=1 ^ entropia=1 ^ transitoriedad=1,0.404483,0.732369,0.384695,0.447624
r27=0 ^ freq ceros=1 ^ actividad=1,freq unos=1 ^ width=1 ^ entropia=1 ^ transitoriedad=1,0.404483,0.732369,0.384695,0.447624
r27=0 ^ freq ceros=1 ^ actividad=1,freq unos=1 ^ width=1 ^ entropia=1 ^ transitoriedad=1,0.404483,0.732369,0.384695,0.447624
r27=0 ^ freq ceros=1 ^ actividad=1,freq unos=1 ^ width=1 ^ entropia=1 ^ transitoriedad=1,0.404483,0.732369,0.384695,0.447624
r27=0 ^ freq ceros=1 ^ actividad=1,freq unos=1 ^ width=1 ^ entropia=1 ^ transitoriedad=1,0.404483,0.732369,0.384695,0.447624
r27=0 ^ freq ceros=1 ^ actividad=1,freq unos=1 ^ width=1 ^ entropia=1 ^ transitoriedad=1,0.404483,0.732369,0.384695,0.447624
r27=0 ^ freq ceros=1 ^ actividad=1 ^ entropia=1,freq unos=1 ^ width=1 ^ transitoriedad=1,0.402677,0.735125,0.386166,0.449589
r18=0 ^ r27=0 ^ freq ceros=1 ^ simetria=1,freq unos=1 ^ freq dos=1 ^ width=1 ^ actividad=1 ^ entropia=1 ^ transitoriedad=1 ^ time entropy=1,0.377398,0.773290,0.400446,0.469807
r18=0 ^ r27=0 ^ freq ceros=1 ^ simetria=1,freq unos=1 ^ freq dos=1 ^ width=1 ^ actividad=1 ^ entropia=1 ^ transitoriedad=1 ^ time entropy=1,0.377398,0.773290,0.400446,0.469807
r26=1,pasos=1,0.334899,0.850349,0.952985,0.988142
r18=0 ^ r27=0 ^ freq ceros=1 ^ simetria=1,freq unos=1 ^ freq dos=1 ^ width=1 ^ actividad=1 ^ transitoriedad=1 ^ time entropy=1,0.377398,0.773290,0.400446,0.469807
r27=0 ^ freq ceros=1 ^ actividad=1,freq unos=1 ^ width=1 ^ entropia=1 ^ transitoriedad=1,0.404483,0.732369,0.384695,0.447624
r27=0 ^ freq ceros=1 ^ actividad=1,freq unos=1 ^ width=1 ^ entropia=1 ^ transitoriedad=1,0.404483,0.732369,0.384695,0.447624
r18=0 ^ r27=0 ^ freq ceros=1 ^ simetria=1,freq unos=1 ^ freq dos=1 ^ width=1 ^ actividad=1 ^ entropia=1 ^ transitoriedad=1 ^ time entropy=1,0.377398,0.773290,0.400446,0.469807
r18=0 ^ r27=0 ^ freq ceros=1 ^ simetria=1,freq unos=1 ^ freq dos=1 ^ width=1 ^ actividad=1 ^ entropia=1 ^ transitoriedad=1 ^ time entropy=1,0.377398,0.773290,0.400446,0.469807
r27=0 ^ freq ceros=1 ^ actividad=1,width=1 ^ entropia=1 ^ transitoriedad=1,0.346459,0.822878,0.433310,0.513780
r24=1 ^ transitoriedad=2,pasos=1,0.299914,0.904720,0.884080,0.973465
r27=0,pasos=1,0.321386,0.885460,1.073534,1.018548
r18=0 ^ r27=0 ^ freq ceros=1 ^ simetria=1,freq unos=1 ^ freq dos=1 ^ width=1 ^ actividad=1 ^ transitoriedad=1 ^ time entropy=1,0.377398,0.773290,0.400446,0.469807
r27=0 ^ freq ceros=1 ^ actividad=1 ^ entropia=1,freq unos=1 ^ transitoriedad=1,0.402677,0.735125,0.386166,0.449589
r18=0 ^ r27=0 ^ freq ceros=1 ^ simetria=1,freq unos=1 ^ freq dos=1 ^ width=1 ^ transitoriedad=1 ^ time entropy=1,0.368142,0.788441,0.408408,0.480146
r27=0 ^ freq ceros=1 ^ freq unos=1 ^ actividad=1,transitoriedad=1,0.336898,0.839141,0.441817,0.524892
r27=0 ^ freq ceros=1,width=1 ^ entropia=1,0.271812,0.957718,0.507947,0.609841
r27=0 ^ freq ceros=5,pasos=1,0.194490,1.117981,0.912662,0.984860
r27=0 ^ freq ceros=1 ^ freq unos=1 ^ actividad=1,transitoriedad=1,0.336898,0.839141,0.441817,0.524892
r18=0 ^ r27=0 ^ freq ceros=1 ^ simetria=1,freq unos=1 ^ freq dos=1 ^ width=1 ^ transitoriedad=1 ^ time entropy=1,0.368142,0.788441,0.408408,0.480146
r27=0 ^ freq ceros=1 ^ freq unos=1 ^ actividad=1,transitoriedad=1,0.336898,0.839141,0.441817,0.524892
r27=0 ^ freq ceros=1 ^ freq unos=1,width=1 ^ entropia=1,0.268359,0.964051,0.511006,0.613968
r27=0 ^ freq ceros=1 ^ freq unos=1,width=1,0.191596,1.124565,0.600807,0.725097
r27=0 ^ freq ceros=5,pasos=1 ^ transitoriedad=2 ^ sensitividad=5,0.238844,1.228710,0.759814,0.759864
r27=0 ^ freq ceros=1 ^ simetria=1 ^ actividad=1,width=1 ^ transitoriedad=1 ^ time entropy=1,0.318747,0.872373,0.453369,0.538799
r18=0 ^ r24=1 ^ r27=0 ^ simetria=1,freq ceros=1 ^ freq unos=1 ^ freq dos=1 ^ pasos=1 ^ actividad=1 ^ entropia=1 ^ time entropy=1,0.286623,0.929256,0.473052,0.565344
r18=0 ^ r24=1 ^ r27=0 ^ simetria=1,freq ceros=1 ^ freq dos=1 ^ width=1 ^ pasos=1 ^ entropia=1 ^ time entropy=1,0.221469,1.058789,0.539888,0.650569
r23=0 ^ freq ceros=1 ^ simetria=1,freq unos=1 ^ freq dos=1 ^ width=1 ^ pasos=1 ^ actividad=1 ^ time entropy=1,0.195404,1.298746,0.668431,0.692185
r18=0 ^ r24=1 ^ r27=0 ^ simetria=1,freq ceros=1 ^ freq unos=1 ^ freq dos=1 ^ width=1 ^ pasos=1 ^ entropia=1 ^ transitoriedad=1 ^ time entropy=1,0.275832,0.949606,0.483524,0.578846
r18=0 ^ r24=1 ^ r27=0 ^ simetria=1,freq unos=1 ^ freq dos=1 ^ width=1 ^ pasos=1 ^ actividad=1 ^ time entropy=1,0.286557,0.929380,0.473116,0.565426
r18=0 ^ r24=1 ^ r27=0 ^ simetria=1,freq ceros=1 ^ freq unos=1 ^ freq dos=1 ^ width=1 ^ pasos=1 ^ time entropy=1,0.253831,0.992366,0.505560,0.607108
r18=0 ^ r24=1 ^ r27=0 ^ simetria=1,freq ceros=1 ^ freq unos=1 ^ freq dos=1 ^ width=1 ^ pasos=1 ^ entropia=1 ^ transitoriedad=1 ^ time entropy=1,0.275832,0.949606,0.483524,0.578846
r18=0 ^ r24=1 ^ r27=0 ^ simetria=1,freq ceros=1 ^ freq unos=1 ^ freq dos=1 ^ pasos=1 ^ actividad=1 ^ entropia=1 ^ time entropy=1,0.286623,0.929256,0.473052,0.565344
r18=0 ^ r24=1 ^ r27=0 ^ simetria=1,freq ceros=1 ^ freq unos=1 ^ freq dos=1 ^ pasos=1 ^ actividad=1 ^ entropia=1 ^ time entropy=1,0.286623,0.929256,0.473052,0.565344
r18=0 ^ r27=0 ^ freq ceros=1 ^ simetria=1,freq dos=1 ^ width=1 ^ entropia=1 ^ transitoriedad=1 ^ time entropy=1,0.336893,0.840299,0.435718,0.516167
r27=0 ^ freq ceros=1 ^ actividad=1,freq unos=1 ^ width=1 ^ entropia=1 ^ transitoriedad=1,0.404483,0.732369,0.384695,0.447624
r27=0 ^ freq ceros=1 ^ actividad=1,freq unos=1 ^ width=1 ^ entropia=1 ^ transitoriedad=1,0.404483,0.732369,0.384695,0.447624
r27=0 ^ freq ceros=1 ^ actividad=1 ^ entropia=1,freq unos=1 ^ width=1 ^ transitoriedad=1,0.402677,0.735125,0.386166,0.449589
r27=0 ^ freq ceros=1 ^ actividad=1 ^ entropia=1,freq unos=1 ^ width=1 ^ transitoriedad=1,0.402677,0.735125,0.386166,0.449589
r27=0 ^ freq ceros=1 ^ actividad=1 ^ entropia=1,freq unos=1 ^ width=1 ^ transitoriedad=1,0.402677,0.735125,0.386166,0.449589
r27=0 ^ freq ceros=1 ^ actividad=1 ^ entropia=1,freq unos=1 ^ width=1 ^ transitoriedad=1,0.402677,0.735125,0.386166,0.449589
r27=0 ^ freq ceros=1 ^ actividad=1,freq unos=1 ^ width=1 ^ entropia=1 ^ transitoriedad=1,0.404483,0.732369,0.384695,0.447624
r27=0 ^ freq ceros=1 ^ actividad=1,freq unos=1 ^ width=1 ^ entropia=1 ^ transitoriedad=1,0.404483,0.732369,0.384695,0.447624
r27=0 ^ freq ceros=1 ^ actividad=1 ^ entropia=1,freq unos=1 ^ width=1 ^ transitoriedad=1,0.402677,0.735125,0.386166,0.449589
r18=0 ^ r27=0 ^ freq ceros=1 ^ simetria=1,freq unos=1 ^ freq dos=1 ^ width=1 ^ actividad=1 ^ entropia=1 ^ transitoriedad=1 ^ time entropy=1,0.377398,0.773290,0.400446,0.469807
r18=0 ^ r27=0 ^ freq ceros=1 ^ simetria=1,freq unos=1 ^ freq dos=1 ^ width=1 ^ actividad=1 ^ entropia=1 ^ transitoriedad=1 ^ time entropy=1,0.377398,0.773290,0.400446,0.469807
r3=0 ^ pasos=1 ^ simetria=2,transitoriedad=2,0.325092,0.873570,0.845096,0.931929
r24=1,pasos=1,0.334519,0.852339,0.966858,0.991619
r27=0 ^ freq ceros=1 ^ actividad=1 ^ entropia=1,freq unos=1 ^ width=1 ^ transitoriedad=1,0.402677,0.735125,0.386166,0.449589
r27=0 ^ freq ceros=1 ^ actividad=1 ^ entropia=1,freq unos=1 ^ width=1 ^ transitoriedad=1,0.402677,0.735125,0.386166,0.449589
r18=0 ^ r27=0 ^ freq ceros=1 ^ simetria=1,freq unos=1 ^ freq dos=1 ^ width=1 ^ actividad=1 ^ entropia=1 ^ transitoriedad=1 ^ time entropy=1,0.377398,0.773290,0.400446,0.469807
r27=0 ^ freq ceros=1 ^ actividad=1,width=1 ^ entropia=1 ^ transitoriedad=1,0.346459,0.822878,0.433310,0.513780
r27=0 ^ freq ceros=1 ^ actividad=1 ^ entropia=1,transitoriedad=1,0.340707,0.832597,0.438549,0.520650
r3=0 ^ pasos=1 ^ simetria=2,transitoriedad=2,0.325092,0.873570,0.845096,0.931929
r27=0 ^ freq ceros=1 ^ actividad=1,width=1 ^ entropia=1 ^ transitoriedad=1,0.346459,0.822878,0.433310,0.513780
r18=0 ^ r27=0 ^ freq ceros=1 ^ simetria=1,freq unos=1 ^ freq dos=1 ^ width=1 ^ actividad=1 ^ entropia=1 ^ transitoriedad=1 ^ time entropy=1,0.377398,0.773290,0.400446,0.469807
r27=0 ^ freq ceros=1 ^ actividad=1,width=1 ^ entropia=1 ^ transitoriedad=1,0.346459,0.822878,0.433310,0.513780
r27=0 ^ freq ceros=1 ^ actividad=1 ^ entropia=1,freq unos=1 ^ width=1,0.315345,0.881219,0.464865,0.551611
r27=0 ^ freq ceros=1,width=1 ^ entropia=1,0.271812,0.957718,0.507947,0.609841
r27=0 ^ freq ceros=1 ^ actividad=1 ^ entropia=1,freq unos=1 ^ width=1,0.315345,0.881219,0.464865,0.551611
r27=0 ^ freq ceros=1 ^ actividad=1,entropia=1 ^ transitoriedad=1,0.346433,0.822922,0.433334,0.513810
r18=0 ^ r27=0 ^ freq ceros=1 ^ simetria=1,width=1 ^ actividad=1 ^ entropia=1 ^ transitoriedad=1 ^ time entropy=1,0.313542,0.881265,0.457365,0.544237
r27=0 ^ freq ceros=1,width=1 ^ entropia=1,0.271812,0.957718,0.507947,0.609841
r9=0 ^ freq ceros=1,width=1 ^ entropia=1,0.277702,1.076290,0.595115,0.624367
r26=0 ^ freq ceros=1,width=1 ^ actividad=1 ^ transitoriedad=1 ^ time entropy=1,0.327213,1.012577,0.549668,0.550345
r18=0 ^ r24=1 ^ r27=0 ^ simetria=1,freq ceros=1 ^ freq unos=1 ^ freq dos=1 ^ pasos=1 ^ actividad=1 ^ entropia=1 ^ time entropy=1,0.286623,0.929256,0.473052,0.565344
r18=0 ^ r24=1 ^ r27=0 ^ simetria=1,freq ceros=1 ^ freq unos=1 ^ freq dos=1 ^ pasos=1 ^ entropia=1 ^ transitoriedad=1,0.264479,0.971449,0.494775,0.593305
r18=0 ^ r27=0 ^ simetria=1 ^ actividad=1,freq ceros=1 ^ freq unos=1 ^ freq dos=1 ^ width=1 ^ pasos=2 ^ entropia=1 ^ transitoriedad=1,0.299842,1.076356,0.553395,0.553877
r18=0 ^ r24=1 ^ r27=0 ^ simetria=1,freq ceros=1 ^ freq unos=1 ^ freq dos=1 ^ pasos=1 ^ actividad=1 ^ entropia=1 ^ time entropy=1,0.286623,0.929256,0.473052,0.565344
r18=0 ^ r24=1 ^ r27=0 ^ freq ceros=1,freq unos=1 ^ freq dos=1 ^ width=1 ^ pasos=1 ^ actividad=1 ^ transitoriedad=1 ^ time entropy=1,0.303675,0.922674,0.470946,0.545878
r18=0 ^ r27=0 ^ freq ceros=1 ^ simetria=1,freq dos=1 ^ width=1 ^ transitoriedad=1 ^ time entropy=1,0.336841,0.840389,0.435766,0.516228
r27=0 ^ freq ceros=1 ^ actividad=1,freq unos=1 ^ width=1 ^ entropia=1 ^ transitoriedad=1,0.404483,0.732369,0.384695,0.447624
r27=0 ^ freq ceros=1 ^ actividad=1,freq unos=1 ^ width=1 ^ entropia=1 ^ transitoriedad=1,0.404483,0.732369,0.384695,0.447624
r27=0 ^ freq ceros=1 ^ actividad=1 ^ entropia=1,freq unos=1 ^ width=1 ^ transitoriedad=1,0.402677,0.735125,0.386166,0.449589
r27=0 ^ freq ceros=1 ^ actividad=1 ^ entropia=1,freq unos=1 ^ transitoriedad=1,0.402677,0.735125,0.386166,0.449589
r27=0 ^ freq ceros=1 ^ actividad=1 ^ entropia=1,freq unos=1 ^ width=1 ^ transitoriedad=1,0.402677,0.735125,0.386166,0.449589
r27=0 ^ freq ceros=1 ^ actividad=1,freq unos=1 ^ width=1 ^ entropia=1 ^ transitoriedad=1,0.404483,0.732369,0.384695,0.447624
r27=0 ^ freq ceros=1 ^ actividad=1,freq unos=1 ^ width=1 ^ entropia=1 ^ transitoriedad=1,0.404483,0.732369,0.384695,0.447624
r27=0 ^ freq ceros=1 ^ actividad=1 ^ entropia=1,freq unos=1 ^ width=1 ^ transitoriedad=1,0.402677,0.735125,0.386166,0.449589
r18=0 ^ r27=0 ^ freq ceros=1 ^ simetria=1,freq unos=1 ^ freq dos=1 ^ width=1 ^ actividad=1 ^ entropia=1 ^ transitoriedad=1 ^ time entropy=1,0.377398,0.773290,0.400446,0.469807
r18=0 ^ r27=0 ^ freq ceros=1 ^ simetria=1,freq unos=1 ^ freq dos=1 ^ width=1 ^ actividad=1 ^ entropia=1 ^ transitoriedad=1 ^ time entropy=1,0.377398,0.773290,0.400446,0.469807
r18=0 ^ r27=0 ^ freq ceros=1 ^ simetria=1,freq unos=1 ^ freq dos=1 ^ width=1 ^ actividad=1 ^ entropia=1 ^ transitoriedad=1 ^ time entropy=1,0.377398,0.773290,0.400446,0.469807
r27=0 ^ freq ceros=1 ^ actividad=1 ^ entropia=1,freq unos=1 ^ width=1 ^ transitoriedad=1,0.402677,0.735125,0.386166,0.449589
r27=0 ^ freq ceros=1 ^ actividad=1 ^ entropia=1,freq unos=1 ^ width=1 ^ transitoriedad=1,0.402677,0.735125,0.386166,0.449589
r18=0 ^ r27=0 ^ freq ceros=1 ^ simetria=1,freq unos=1 ^ freq dos=1 ^ width=1 ^ actividad=1 ^ entropia=1 ^ transitoriedad=1 ^ time entropy=1,0.377398,0.773290,0.400446,0.469807
r27=0 ^ freq ceros=1 ^ actividad=1,width=1 ^ entropia=1 ^ transitoriedad=1,0.346459,0.822878,0.433310,0.513780
r27=0 ^ freq ceros=1 ^ actividad=1,width=1 ^ entropia=1 ^ transitoriedad=1,0.346459,0.822878,0.433310,0.513780
r27=0 ^ freq ceros=5,width=5 ^ pasos=1,0.398588,0.858881,0.523603,0.524316
r18=0 ^ r27=0 ^ freq ceros=1 ^ simetria=1,freq unos=1 ^ freq dos=1 ^ width=1 ^ actividad=1 ^ transitoriedad=1 ^ time entropy=1,0.377398,0.773290,0.400446,0.469807
r27=0 ^ freq ceros=1 ^ actividad=1,width=1 ^ entropia=1 ^ transitoriedad=1,0.346459,0.822878,0.433310,0.513780
r27=0 ^ freq ceros=1 ^ freq unos=1 ^ actividad=1,transitoriedad=1,0.336898,0.839141,0.441817,0.524892
r27=0 ^ freq ceros=1 ^ entropia=1,freq unos=1 ^ width=1,0.328397,0.858856,0.453828,0.536834
r27=0 ^ freq ceros=5,width=5 ^ pasos=1,0.398588,0.858881,0.523603,0.524316
r18=0 ^ r27=0 ^ freq ceros=1 ^ simetria=1,freq dos=1 ^ width=1 ^ transitoriedad=1 ^ time entropy=1,0.336841,0.840389,0.435766,0.516228
r18=0 ^ r27=0 ^ freq ceros=1 ^ simetria=1,width=1 ^ actividad=1 ^ entropia=1 ^ transitoriedad=1 ^ time entropy=1,0.313542,0.881265,0.457365,0.544237
r24=1 ^ freq ceros=1 ^ actividad=1,width=1 ^ pasos=1 ^ simetria=1 ^ entropia=1 ^ transitoriedad=1,0.350491,0.950831,0.495490,0.501268
r18=0 ^ r27=0 ^ freq ceros=1 ^ simetria=1,freq dos=1 ^ width=1 ^ transitoriedad=1 ^ time entropy=1,0.336841,0.840389,0.435766,0.516228
r24=1 ^ r27=0 ^ freq ceros=1 ^ actividad=1,freq unos=1 ^ freq dos=1 ^ width=1 ^ pasos=1 ^ simetria=1 ^ entropia=1 ^ transitoriedad=1,0.345823,0.914222,0.467126,0.496875
r18=0 ^ r24=1 ^ r27=0 ^ freq ceros=1,freq dos=1 ^ width=1 ^ pasos=1 ^ simetria=1 ^ transitoriedad=1 ^ time entropy=1,0.350576,0.867496,0.442292,0.490693
r27=0 ^ freq ceros=1 ^ actividad=1,freq unos=1 ^ width=1 ^ entropia=1 ^ transitoriedad=1,0.404483,0.732369,0.384695,0.447624
r27=0 ^ freq ceros=1 ^ actividad=1,freq unos=1 ^ width=1 ^ entropia=1 ^ transitoriedad=1,0.404483,0.732369,0.384695,0.447624
r27=0 ^ freq ceros=1 ^ actividad=1,freq unos=1 ^ width=1 ^ entropia=1 ^ transitoriedad=1,0.404483,0.732369,0.384695,0.447624
r27=0 ^ freq ceros=1 ^ actividad=1,freq unos=1 ^ width=1 ^ entropia=1 ^ transitoriedad=1,0.404483,0.732369,0.384695,0.447624
r27=0 ^ freq ceros=1 ^ actividad=1,freq unos=1 ^ width=1 ^ entropia=1 ^ transitoriedad=1,0.404483,0.732369,0.384695,0.447624
r27=0 ^ freq ceros=1 ^ actividad=1,freq unos=1 ^ width=1 ^ entropia=1 ^ transitoriedad=1,0.404483,0.732369,0.384695,0.447624
r27=0 ^ freq ceros=1 ^ actividad=1 ^ entropia=1,freq unos=1 ^ width=1 ^ transitoriedad=1,0.402677,0.735125,0.386166,0.449589
r27=0 ^ freq ceros=1 ^ actividad=1 ^ entropia=1,freq unos=1 ^ width=1 ^ transitoriedad=1,0.402677,0.735125,0.386166,0.449589
r27=0 ^ freq ceros=1 ^ actividad=1 ^ entropia=1,freq unos=1 ^ width=1 ^ transitoriedad=1,0.402677,0.735125,0.386166,0.449589
r27=0 ^ freq ceros=1 ^ actividad=1 ^ entropia=1,freq unos=1 ^ width=1 ^ transitoriedad=1,0.402677,0.735125,0.386166,0.449589
r27=0 ^ freq ceros=1 ^ actividad=1,freq unos=1 ^ width=1 ^ entropia=1 ^ transitoriedad=1,0.404483,0.732369,0.384695,0.447624
r27=0 ^ freq ceros=1 ^ actividad=1 ^ entropia=1,freq unos=1 ^ width=1 ^ transitoriedad=1,0.402677,0.735125,0.386166,0.449589
r18=0 ^ r27=0 ^ freq ceros=1 ^ simetria=1,freq unos=1 ^ freq dos=1 ^ width=1 ^ actividad=1 ^ entropia=1 ^ transitoriedad=1 ^ time entropy=1,0.377398,0.773290,0.400446,0.469807
r18=0 ^ freq ceros=1 ^ actividad=1 ^ entropia=1,transitoriedad=1,0.398051,0.758668,0.404150,0.460872
r18=0 ^ freq ceros=1 ^ actividad=1 ^ entropia=1,width=1 ^ transitoriedad=1,0.398693,0.757644,0.403590,0.460153
r18=0 ^ r27=0 ^ freq ceros=1 ^ simetria=1,freq unos=1 ^ freq dos=1 ^ width=1 ^ actividad=1 ^ entropia=1 ^ transitoriedad=1 ^ time entropy=1,0.377398,0.773290,0.400446,0.469807
r18=0 ^ r27=0 ^ freq ceros=1 ^ simetria=1,freq unos=1 ^ freq dos=1 ^ width=1 ^ transitoriedad=1 ^ time entropy=1,0.368142,0.788441,0.408408,0.480146
r18=0 ^ freq ceros=1 ^ actividad=1,freq unos=1 ^ width=1 ^ entropia=1 ^ transitoriedad=1,0.395486,0.810415,0.431802,0.462362
r18=0 ^ r27=0 ^ freq ceros=1 ^ simetria=1,freq unos=1 ^ freq dos=1 ^ width=1 ^ transitoriedad=1 ^ time entropy=1,0.368142,0.788441,0.408408,0.480146
r24=1 ^ freq ceros=1 ^ simetria=1,freq unos=1 ^ freq dos=1 ^ pasos=1 ^ entropia=1 ^ transitoriedad=1 ^ time entropy=1,0.392292,0.841043,0.435359,0.452055
r18=0 ^ r24=1 ^ r27=0 ^ freq ceros=1,freq unos=1 ^ freq dos=1 ^ width=1 ^ pasos=1 ^ simetria=1 ^ actividad=1 ^ transitoriedad=1 ^ time entropy=1,0.382554,0.813816,0.414674,0.455476
r27=0 ^ freq ceros=1 ^ actividad=1,freq unos=1 ^ width=1 ^ entropia=1 ^ transitoriedad=1,0.404483,0.732369,0.384695,0.447624
r27=0 ^ freq ceros=1 ^ actividad=1,freq unos=1 ^ width=1 ^ entropia=1 ^ transitoriedad=1,0.404483,0.732369,0.384695,0.447624
r27=0 ^ freq ceros=1 ^ actividad=1,freq unos=1 ^ width=1 ^ entropia=1 ^ transitoriedad=1,0.404483,0.732369,0.384695,0.447624
r27=0 ^ freq ceros=1 ^ actividad=1 ^ entropia=1,freq unos=1 ^ width=1 ^ transitoriedad=1 ^ time entropy=1,0.449281,0.676367,0.354732,0.400089
r27=0 ^ freq ceros=1 ^ actividad=1 ^ entropia=1,freq unos=1 ^ width=1 ^ transitoriedad=1 ^ time entropy=1,0.449281,0.676367,0.354732,0.400089
r27=0 ^ freq ceros=1 ^ actividad=1,freq unos=1 ^ width=1 ^ entropia=1 ^ transitoriedad=1,0.404483,0.732369,0.384695,0.447624
r27=0 ^ freq ceros=1 ^ actividad=1,freq unos=1 ^ width=1 ^ entropia=1 ^ transitoriedad=1,0.404483,0.732369,0.384695,0.447624
r27=0 ^ freq ceros=1 ^ actividad=1,freq unos=1 ^ width=1 ^ entropia=1 ^ transitoriedad=1,0.404483,0.732369,0.384695,0.447624
r27=0 ^ freq ceros=1 ^ actividad=1 ^ entropia=1,freq dos=1 ^ transitoriedad=1 ^ time entropy=1,0.434412,0.706814,0.370884,0.415154
r27=0 ^ freq ceros=1 ^ actividad=1,freq unos=1 ^ width=1 ^ entropia=1 ^ transitoriedad=1,0.404483,0.732369,0.384695,0.447624
r27=0 ^ freq ceros=1 ^ actividad=1,freq unos=1 ^ width=1 ^ entropia=1 ^ transitoriedad=1,0.404483,0.732369,0.384695,0.447624
r27=0 ^ freq ceros=1 ^ actividad=1,width=1 ^ entropia=1 ^ transitoriedad=1 ^ time entropy=1,0.415584,0.724606,0.380501,0.435371
r27=0 ^ freq ceros=1 ^ actividad=1,freq unos=1 ^ width=1 ^ entropia=1 ^ transitoriedad=1,0.404483,0.732369,0.384695,0.447624
r18=0 ^ r27=0 ^ freq ceros=1 ^ actividad=1,freq unos=1 ^ simetria=1 ^ entropia=1 ^ transitoriedad=1,0.425112,0.754317,0.392394,0.420224
r18=0 ^ r27=0 ^ freq ceros=1 ^ actividad=1,freq unos=1 ^ freq dos=1 ^ transitoriedad=1,0.399183,0.744087,0.387711,0.449214
r27=0 ^ freq ceros=1 ^ actividad=1 ^ entropia=1,freq unos=1 ^ width=1 ^ transitoriedad=1 ^ time entropy=1,0.449281,0.676367,0.354732,0.400089
r27=0 ^ freq ceros=1 ^ actividad=1 ^ entropia=1,freq unos=1 ^ freq dos=1 ^ width=1 ^ transitoriedad=1,0.456725,0.665959,0.349183,0.392529
r27=0 ^ freq ceros=1 ^ actividad=1 ^ entropia=1,freq unos=1 ^ freq dos=1 ^ width=1 ^ transitoriedad=1,0.456725,0.665959,0.349183,0.392529
r27=0 ^ freq ceros=1 ^ actividad=1 ^ entropia=1,freq unos=1 ^ freq dos=1 ^ width=1 ^ transitoriedad=1,0.456725,0.665959,0.349183,0.392529
r27=0 ^ freq ceros=1 ^ actividad=1 ^ entropia=1,freq unos=1 ^ width=1 ^ transitoriedad=1 ^ time entropy=1,0.449281,0.676367,0.354732,0.400089
r27=0 ^ freq ceros=1 ^ actividad=1 ^ entropia=1,freq unos=1 ^ freq dos=1 ^ width=1 ^ transitoriedad=1,0.456725,0.665959,0.349183,0.392529
r27=0 ^ freq ceros=1 ^ actividad=1 ^ entropia=1,freq unos=1 ^ freq dos=1 ^ width=1 ^ transitoriedad=1,0.456725,0.665959,0.349183,0.392529
r27=0 ^ freq ceros=1 ^ actividad=1 ^ entropia=1,freq unos=1 ^ width=1 ^ transitoriedad=1 ^ time entropy=1,0.449281,0.676367,0.354732,0.400089
r27=0 ^ freq ceros=1 ^ actividad=1 ^ entropia=1,freq unos=1 ^ width=1 ^ transitoriedad=1 ^ time entropy=1,0.449281,0.676367,0.354732,0.400089
r27=0 ^ freq ceros=1 ^ actividad=1,freq unos=1 ^ transitoriedad=1 ^ time entropy=1,0.449230,0.676527,0.354821,0.400144
r27=0 ^ freq ceros=1 ^ actividad=1 ^ entropia=1,freq unos=1 ^ freq dos=1 ^ width=1 ^ transitoriedad=1,0.456725,0.665959,0.349183,0.392529
r27=0 ^ freq ceros=1 ^ actividad=1 ^ entropia=1,freq unos=1 ^ freq dos=1 ^ width=1 ^ transitoriedad=1,0.456725,0.665959,0.349183,0.392529
r27=0 ^ freq ceros=1 ^ actividad=1 ^ entropia=1,freq unos=1 ^ freq dos=1 ^ width=1 ^ transitoriedad=1 ^ time entropy=1,0.468272,0.658612,0.345162,0.380689
r27=0 ^ freq ceros=1 ^ actividad=1 ^ entropia=1,freq unos=1 ^ freq dos=1 ^ width=1 ^ transitoriedad=1,0.456725,0.665959,0.349183,0.392529
r27=0 ^ freq ceros=1 ^ actividad=1 ^ entropia=1,freq unos=1 ^ freq dos=1 ^ width=1 ^ transitoriedad=1 ^ time entropy=1,0.468272,0.658612,0.345162,0.380689
r27=0 ^ freq ceros=1 ^ actividad=1 ^ entropia=1,freq unos=1 ^ freq dos=1 ^ width=1 ^ transitoriedad=1 ^ time entropy=1,0.468272,0.658612,0.345162,0.380689
r27=0 ^ freq ceros=1 ^ actividad=1 ^ entropia=1,freq unos=1 ^ freq dos=1 ^ width=1 ^ transitoriedad=1 ^ time entropy=1,0.468272,0.658612,0.345162,0.380689
r27=0 ^ freq ceros=1 ^ actividad=1 ^ entropia=1,freq unos=1 ^ freq dos=1 ^ width=1 ^ transitoriedad=1 ^ time entropy=1,0.468272,0.658612,0.345162,0.380689
r27=0 ^ freq ceros=1 ^ actividad=1 ^ entropia=1,freq unos=1 ^ freq dos=1 ^ width=1 ^ transitoriedad=1 ^ time entropy=1,0.468272,0.658612,0.345162,0.380689
r27=0 ^ freq ceros=1 ^ actividad=1 ^ entropia=1,freq unos=1 ^ freq dos=1 ^ width=1 ^ transitoriedad=1 ^ time entropy=1,0.468272,0.658612,0.345162,0.380689
