antecedente,consecuente,jaccard,cosine,phi,kappa
r17=0 ^ width=5 ^ time entropy=1,freq ceros=5 ^ freq unos=2 ^ freq dos=1 ^ simetria=1 ^ actividad=2 ^ entropia=1,0.621155,0.423732,0.212866,0.234888
r17=0 ^ width=5 ^ time entropy=1,freq ceros=5 ^ freq unos=2 ^ freq dos=1 ^ simetria=1 ^ actividad=2 ^ entropia=1,0.621155,0.423732,0.212866,0.234888
r17=0 ^ width=5 ^ entropia=1,freq ceros=5 ^ freq unos=2 ^ freq dos=1 ^ simetria=1 ^ actividad=2 ^ transitoriedad=2,0.588068,0.466288,0.234261,0.260751
r17=0 ^ width=5 ^ entropia=1,freq ceros=5 ^ freq unos=2 ^ freq dos=1 ^ simetria=1 ^ actividad=2 ^ transitoriedad=2,0.588068,0.466288,0.234261,0.260751
r17=0 ^ width=5 ^ entropia=1,freq ceros=5 ^ freq unos=2 ^ freq dos=1 ^ simetria=1 ^ actividad=2 ^ transitoriedad=2,0.588068,0.466288,0.234261,0.260751
r17=0 ^ width=5 ^ entropia=1,freq ceros=5 ^ freq unos=2 ^ freq dos=1 ^ simetria=1 ^ actividad=2 ^ transitoriedad=2,0.588068,0.466288,0.234261,0.260751
r17=0 ^ width=5 ^ entropia=1,freq ceros=5 ^ freq unos=2 ^ freq dos=1 ^ simetria=1 ^ actividad=2 ^ transitoriedad=2,0.588068,0.466288,0.234261,0.260751
r17=0 ^ width=5 ^ entropia=1,freq ceros=5 ^ freq unos=2 ^ freq dos=1 ^ simetria=1 ^ actividad=2 ^ transitoriedad=2,0.588068,0.466288,0.234261,0.260751
r17=0 ^ width=5 ^ time entropy=1,freq ceros=5 ^ freq unos=2 ^ freq dos=1 ^ simetria=1 ^ actividad=2 ^ transitoriedad=2,0.621155,0.423732,0.212866,0.234888
r17=0 ^ width=5 ^ time entropy=1,freq ceros=5 ^ freq unos=2 ^ freq dos=1 ^ simetria=1 ^ actividad=2 ^ transitoriedad=2,0.621155,0.423732,0.212866,0.234888
r17=0 ^ width=5 ^ entropia=1,freq ceros=5 ^ freq unos=2 ^ freq dos=1 ^ simetria=1 ^ actividad=2 ^ transitoriedad=2,0.588068,0.466288,0.234261,0.260751
r17=0 ^ width=5 ^ entropia=1,freq ceros=5 ^ freq unos=2 ^ freq dos=1 ^ simetria=1 ^ actividad=2 ^ transitoriedad=2,0.588068,0.466288,0.234261,0.260751
r17=0 ^ width=5 ^ entropia=1,freq ceros=5 ^ freq unos=2 ^ freq dos=1 ^ simetria=1 ^ actividad=2 ^ transitoriedad=2,0.588068,0.466288,0.234261,0.260751
r17=0 ^ width=5 ^ entropia=1,freq ceros=5 ^ freq unos=2 ^ freq dos=1 ^ simetria=1 ^ actividad=2 ^ transitoriedad=2,0.588068,0.466288,0.234261,0.260751
r17=0 ^ width=5 ^ entropia=1,freq ceros=5 ^ freq unos=2 ^ freq dos=1 ^ simetria=1 ^ actividad=2 ^ transitoriedad=2,0.588068,0.466288,0.234261,0.260751
r17=0 ^ width=5 ^ entropia=1,freq ceros=5 ^ freq unos=2 ^ freq dos=1 ^ simetria=1 ^ actividad=2 ^ transitoriedad=2,0.588068,0.466288,0.234261,0.260751
r17=0 ^ width=5 ^ entropia=1,freq ceros=5 ^ freq unos=2 ^ freq dos=1 ^ simetria=1 ^ actividad=2 ^ transitoriedad=2,0.588068,0.466288,0.234261,0.260751
r17=0 ^ width=5 ^ entropia=1,freq ceros=5 ^ freq unos=2 ^ freq dos=1 ^ simetria=1 ^ actividad=2 ^ transitoriedad=2,0.588068,0.466288,0.234261,0.260751
r17=0 ^ width=5 ^ entropia=1,freq ceros=5 ^ freq unos=2 ^ freq dos=1 ^ simetria=1 ^ actividad=2 ^ transitoriedad=2,0.588068,0.466288,0.234261,0.260751
r17=0 ^ width=5 ^ entropia=1,freq ceros=5 ^ freq unos=2 ^ freq dos=1 ^ simetria=1 ^ actividad=2 ^ transitoriedad=2,0.588068,0.466288,0.234261,0.260751
r17=0 ^ width=5 ^ entropia=1,freq ceros=5 ^ freq unos=2 ^ freq dos=1 ^ simetria=1 ^ actividad=2 ^ transitoriedad=2,0.588068,0.466288,0.234261,0.260751
r18=1 ^ r24=0 ^ width=5 ^ time entropy=1,freq ceros=5 ^ freq unos=2 ^ freq dos=1 ^ simetria=1 ^ actividad=2 ^ transitoriedad=2,0.498795,0.587491,0.295222,0.336263
r18=1 ^ r24=0 ^ width=5 ^ time entropy=1,freq unos=2 ^ freq dos=1 ^ simetria=1 ^ actividad=2 ^ entropia=1 ^ transitoriedad=2,0.498795,0.587491,0.295222,0.336263
r18=1 ^ r24=0 ^ width=5 ^ time entropy=1,freq unos=2 ^ freq dos=1 ^ simetria=1 ^ actividad=2 ^ entropia=1 ^ transitoriedad=2,0.498795,0.587491,0.295222,0.336263
r18=1 ^ r24=0 ^ width=5 ^ time entropy=1,freq unos=2 ^ freq dos=1 ^ simetria=1 ^ actividad=2 ^ entropia=1 ^ transitoriedad=2,0.498795,0.587491,0.295222,0.336263
r17=0 ^ width=5 ^ entropia=1,freq ceros=5 ^ freq unos=2 ^ freq dos=1 ^ simetria=1 ^ actividad=2 ^ transitoriedad=2,0.588068,0.466288,0.234261,0.260751
r17=0 ^ width=5 ^ entropia=1,freq ceros=5 ^ freq unos=2 ^ freq dos=1 ^ simetria=1 ^ actividad=2 ^ transitoriedad=2,0.588068,0.466288,0.234261,0.260751
r17=0 ^ width=5 ^ entropia=1,freq ceros=5 ^ freq unos=2 ^ freq dos=1 ^ simetria=1 ^ actividad=2 ^ transitoriedad=2,0.588068,0.466288,0.234261,0.260751
r18=1 ^ r24=0 ^ width=5 ^ time entropy=1,freq ceros=5 ^ freq unos=2 ^ freq dos=1 ^ simetria=1 ^ actividad=2 ^ transitoriedad=2,0.498795,0.587491,0.295222,0.336263
r24=0 ^ r27=0 ^ width=5 ^ entropia=1,freq ceros=5 ^ freq unos=2 ^ freq dos=1 ^ simetria=1 ^ actividad=2,0.426760,0.693462,0.348558,0.404123
r27=2 ^ transitoriedad=2,pasos=1 ^ simetria=2,0.321971,0.867498,0.814469,0.928764
r18=1 ^ r26=1 ^ width=5 ^ time entropy=1,freq ceros=5 ^ freq unos=2 ^ freq dos=1 ^ simetria=1 ^ entropia=1 ^ transitoriedad=2,0.414796,0.711907,0.358065,0.416350
r18=1 ^ r24=0 ^ width=5 ^ entropia=1,freq ceros=5 ^ freq unos=2 ^ freq dos=1 ^ simetria=1 ^ actividad=2 ^ transitoriedad=2,0.478890,0.615963,0.309549,0.354350
r18=1 ^ r24=0 ^ width=5 ^ time entropy=1,freq unos=2 ^ freq dos=1 ^ simetria=1 ^ actividad=2 ^ entropia=1 ^ transitoriedad=2,0.498795,0.587491,0.295222,0.336263
r18=1 ^ r24=0 ^ width=5 ^ time entropy=1,freq ceros=5 ^ freq unos=2 ^ freq dos=1 ^ simetria=1 ^ actividad=2 ^ transitoriedad=2,0.498795,0.587491,0.295222,0.336263
r24=0 ^ width=5 ^ time entropy=1,freq ceros=5 ^ freq unos=2 ^ freq dos=1 ^ simetria=1 ^ actividad=2 ^ transitoriedad=2,0.421717,0.701205,0.352456,0.409132
r26=1 ^ r27=0 ^ width=5 ^ simetria=2,freq ceros=5 ^ transitoriedad=2,0.262877,0.974570,0.527274,0.634695
r24=1 ^ r27=0 ^ simetria=2,pasos=1,0.098538,1.376114,0.966435,0.996027
r18=1 ^ width=5 ^ entropia=1 ^ time entropy=1,freq ceros=5 ^ freq unos=2 ^ freq dos=1 ^ simetria=1 ^ actividad=2,0.377393,0.771354,0.387787,0.454752
r18=1 ^ r24=0 ^ width=5 ^ entropia=1,freq ceros=5 ^ freq unos=2 ^ freq dos=1 ^ simetria=1 ^ actividad=2 ^ transitoriedad=2,0.478890,0.615963,0.309549,0.354350
r24=0 ^ r27=0 ^ width=5 ^ time entropy=1,freq unos=2 ^ freq dos=1 ^ simetria=1 ^ actividad=2 ^ transitoriedad=2,0.463606,0.638228,0.320753,0.368573
r27=0 ^ width=5 ^ entropia=1,freq unos=2 ^ freq dos=1 ^ simetria=1 ^ actividad=2 ^ transitoriedad=2,0.326113,0.857875,0.431395,0.511360
r18=1 ^ r26=1 ^ freq dos=1 ^ time entropy=1,freq ceros=5 ^ freq unos=4 ^ simetria=1 ^ actividad=1 ^ entropia=1 ^ transitoriedad=2,0.147912,1.230890,0.620229,0.747861
r18=1 ^ r24=0 ^ r26=1 ^ width=5,freq ceros=5 ^ freq unos=2 ^ freq dos=1 ^ simetria=1 ^ actividad=2,0.271333,0.958207,0.482019,0.576909
r24=0 ^ width=5 ^ time entropy=1,freq ceros=5 ^ freq unos=2 ^ freq dos=1 ^ simetria=1 ^ actividad=2 ^ transitoriedad=2,0.421717,0.701205,0.352456,0.409132
r24=0 ^ width=5 ^ time entropy=1,freq ceros=5 ^ freq unos=2 ^ freq dos=1 ^ simetria=1 ^ actividad=2 ^ transitoriedad=2,0.421717,0.701205,0.352456,0.409132
r27=0 ^ width=5 ^ entropia=1,freq unos=2 ^ freq dos=1 ^ simetria=1 ^ actividad=2 ^ transitoriedad=2,0.326113,0.857875,0.431395,0.511360
r18=1 ^ r24=0 ^ r26=1 ^ entropia=1,freq ceros=5 ^ freq unos=2 ^ freq dos=1 ^ simetria=1 ^ actividad=2 ^ transitoriedad=2,0.297628,0.908895,0.457130,0.544750
r24=0 ^ width=5 ^ entropia=1,freq ceros=5 ^ freq unos=2 ^ freq dos=1 ^ simetria=1 ^ actividad=2,0.388696,0.753090,0.378587,0.442841
r24=0 ^ r27=0 ^ width=5 ^ entropia=1,freq unos=2 ^ freq dos=1 ^ simetria=1 ^ actividad=2 ^ transitoriedad=2,0.426760,0.693462,0.348558,0.404123
r18=1 ^ r26=1 ^ r27=0 ^ time entropy=1,freq ceros=5 ^ freq unos=4 ^ freq dos=1 ^ simetria=1 ^ entropia=1 ^ transitoriedad=2,0.398455,0.737534,0.370894,0.432896
r24=0 ^ width=5 ^ time entropy=1,freq ceros=5 ^ freq unos=2 ^ freq dos=1 ^ simetria=1 ^ actividad=2 ^ transitoriedad=2,0.421717,0.701205,0.352456,0.409132
r24=0 ^ r27=0 ^ width=5 ^ time entropy=1,freq ceros=5 ^ freq unos=2 ^ freq dos=1 ^ simetria=1 ^ actividad=2 ^ transitoriedad=2,0.463606,0.638228,0.320753,0.368573
r24=0 ^ r27=0 ^ width=5 ^ time entropy=1,freq ceros=5 ^ freq unos=2 ^ freq dos=1 ^ simetria=1 ^ actividad=2 ^ transitoriedad=2,0.463606,0.638228,0.320753,0.368573
r18=1 ^ r24=0 ^ width=5 ^ time entropy=1,freq ceros=5 ^ freq unos=2 ^ freq dos=1 ^ simetria=1 ^ actividad=2 ^ transitoriedad=2,0.498795,0.587491,0.295222,0.336263
r17=0 ^ width=5 ^ entropia=1,freq ceros=5 ^ freq unos=2 ^ freq dos=1 ^ simetria=1 ^ actividad=2 ^ transitoriedad=2,0.588068,0.466288,0.234261,0.260751
r17=0 ^ width=5 ^ entropia=1,freq ceros=5 ^ freq unos=2 ^ freq dos=1 ^ simetria=1 ^ actividad=2 ^ transitoriedad=2,0.588068,0.466288,0.234261,0.260751
r17=0 ^ width=5 ^ entropia=1,freq ceros=5 ^ freq unos=2 ^ freq dos=1 ^ simetria=1 ^ actividad=2 ^ transitoriedad=2,0.588068,0.466288,0.234261,0.260751
r17=0 ^ width=5 ^ entropia=1,freq ceros=5 ^ freq unos=2 ^ freq dos=1 ^ simetria=1 ^ actividad=2 ^ transitoriedad=2,0.588068,0.466288,0.234261,0.260751
r17=0 ^ width=5 ^ entropia=1,freq ceros=5 ^ freq unos=2 ^ freq dos=1 ^ simetria=1 ^ actividad=2 ^ transitoriedad=2,0.588068,0.466288,0.234261,0.260751
r17=0 ^ width=5 ^ entropia=1,freq ceros=5 ^ freq unos=2 ^ freq dos=1 ^ simetria=1 ^ actividad=2 ^ transitoriedad=2,0.588068,0.466288,0.234261,0.260751
r17=0 ^ width=5 ^ entropia=1,freq ceros=5 ^ freq unos=2 ^ freq dos=1 ^ simetria=1 ^ actividad=2 ^ transitoriedad=2,0.588068,0.466288,0.234261,0.260751
r17=0 ^ width=5 ^ entropia=1,freq ceros=5 ^ freq unos=2 ^ freq dos=1 ^ simetria=1 ^ actividad=2 ^ transitoriedad=2,0.588068,0.466288,0.234261,0.260751
r17=0 ^ width=5 ^ entropia=1,freq ceros=5 ^ freq unos=2 ^ freq dos=1 ^ simetria=1 ^ actividad=2 ^ transitoriedad=2,0.588068,0.466288,0.234261,0.260751
r17=0 ^ width=5 ^ entropia=1,freq ceros=5 ^ freq unos=2 ^ freq dos=1 ^ simetria=1 ^ actividad=2 ^ transitoriedad=2,0.588068,0.466288,0.234261,0.260751
r17=0 ^ width=5 ^ entropia=1,freq ceros=5 ^ freq unos=2 ^ freq dos=1 ^ simetria=1 ^ actividad=2 ^ transitoriedad=2,0.588068,0.466288,0.234261,0.260751
r17=0 ^ width=5 ^ entropia=1,freq ceros=5 ^ freq unos=2 ^ freq dos=1 ^ simetria=1 ^ actividad=2 ^ transitoriedad=2,0.588068,0.466288,0.234261,0.260751
r27=0 ^ width=5,freq ceros=5,0.532114,0.541077,0.308227,0.352677
r27=0 ^ width=5,freq ceros=5,0.532114,0.541077,0.308227,0.352677
r27=0 ^ width=5,freq ceros=5,0.532114,0.541077,0.308227,0.352677
r17=0 ^ width=5 ^ entropia=1,freq ceros=5 ^ freq unos=2 ^ freq dos=1 ^ simetria=1 ^ actividad=2 ^ transitoriedad=2,0.588068,0.466288,0.234261,0.260751
r17=0 ^ width=5 ^ entropia=1,freq ceros=5 ^ freq unos=2 ^ freq dos=1 ^ simetria=1 ^ actividad=2 ^ transitoriedad=2,0.588068,0.466288,0.234261,0.260751
r17=0 ^ width=5 ^ entropia=1,freq ceros=5 ^ freq unos=2 ^ freq dos=1 ^ simetria=1 ^ actividad=2 ^ transitoriedad=2,0.588068,0.466288,0.234261,0.260751
r18=1 ^ r24=0 ^ width=5 ^ time entropy=1,freq ceros=5 ^ freq unos=2 ^ freq dos=1 ^ simetria=1 ^ actividad=2 ^ transitoriedad=2,0.498795,0.587491,0.295222,0.336263
r27=0 ^ width=5 ^ simetria=2,freq ceros=5,0.468896,0.630481,0.354991,0.412393
r26=1,pasos=1,0.334899,0.850349,0.952985,0.988142
r27=0,pasos=1,0.321386,0.885460,1.073534,1.018548
r18=1 ^ r24=0 ^ width=5 ^ time entropy=1,freq unos=2 ^ freq dos=1 ^ simetria=1 ^ actividad=2 ^ entropia=1 ^ transitoriedad=2,0.498795,0.587491,0.295222,0.336263
r17=0 ^ width=5 ^ entropia=1,freq ceros=5 ^ freq unos=2 ^ freq dos=1 ^ simetria=1 ^ actividad=2 ^ transitoriedad=2,0.588068,0.466288,0.234261,0.260751
r18=1 ^ r24=0 ^ width=5 ^ time entropy=1,freq ceros=5 ^ freq unos=2 ^ freq dos=1 ^ simetria=1 ^ actividad=2 ^ transitoriedad=2,0.498795,0.587491,0.295222,0.336263
r24=0 ^ r27=0 ^ width=5 ^ time entropy=1,freq unos=2 ^ freq dos=1 ^ simetria=1 ^ actividad=2 ^ transitoriedad=2,0.463606,0.638228,0.320753,0.368573
r27=0 ^ transitoriedad=2,freq ceros=5 ^ width=5 ^ pasos=1,0.343034,0.842008,0.493774,0.579943
r27=0 ^ simetria=2,transitoriedad=2,0.313761,0.893164,0.846778,0.934271
r18=1 ^ r26=1 ^ width=5 ^ time entropy=1,freq ceros=5 ^ freq unos=4 ^ freq dos=1 ^ entropia=1,0.423685,0.698179,0.351192,0.407507
r18=1 ^ r24=0 ^ width=5 ^ time entropy=1,freq ceros=5 ^ freq unos=2 ^ freq dos=1 ^ simetria=1 ^ actividad=2 ^ entropia=1 ^ transitoriedad=2,0.498795,0.587491,0.295222,0.336263
r24=0 ^ r27=0 ^ width=5 ^ time entropy=1,freq unos=2 ^ freq dos=1 ^ simetria=1 ^ actividad=2 ^ transitoriedad=2,0.463606,0.638228,0.320753,0.368573
r18=1 ^ width=5 ^ time entropy=1,freq ceros=5 ^ freq unos=2 ^ freq dos=1 ^ simetria=1 ^ actividad=2,0.369017,0.785065,0.394695,0.463707
r18=1 ^ r27=0 ^ width=5 ^ simetria=2,freq ceros=5,0.261540,0.977180,0.528541,0.636295
r27=0 ^ time entropy=1,entropia=1 ^ transitoriedad=2,0.327394,0.992215,0.571934,0.583940
r24=0 ^ r27=0 ^ width=5 ^ entropia=1,freq ceros=5 ^ freq unos=2 ^ freq dos=1 ^ simetria=1 ^ actividad=2 ^ transitoriedad=2,0.426760,0.693462,0.348558,0.404123
r24=0 ^ width=5 ^ time entropy=1,freq ceros=5 ^ freq unos=2 ^ freq dos=1 ^ simetria=1 ^ actividad=2 ^ transitoriedad=2,0.421717,0.701205,0.352456,0.409132
r27=0 ^ width=5 ^ entropia=1,freq unos=2 ^ freq dos=1 ^ simetria=1 ^ actividad=2 ^ transitoriedad=2,0.326113,0.857875,0.431395,0.511360
r24=0 ^ r27=0 ^ width=5 ^ sensitividad=2,freq ceros=5 ^ freq dos=1 ^ simetria=1 ^ actividad=2 ^ entropia=1,0.292094,1.093097,0.549092,0.550424
r27=0 ^ width=5 ^ entropia=1 ^ sensitividad=2,freq unos=2 ^ freq dos=1 ^ simetria=1 ^ actividad=2 ^ transitoriedad=2,0.385785,0.881444,0.442378,0.444893
r24=0 ^ width=5 ^ time entropy=1,freq ceros=5 ^ freq unos=2 ^ freq dos=1 ^ simetria=1 ^ actividad=2 ^ transitoriedad=2,0.421717,0.701205,0.352456,0.409132
r18=1 ^ width=5 ^ entropia=1 ^ time entropy=1,freq ceros=5 ^ freq unos=2 ^ freq dos=1 ^ simetria=1 ^ actividad=2 ^ transitoriedad=2,0.377393,0.771354,0.387787,0.454752
r18=1 ^ r27=0 ^ width=5 ^ time entropy=1,freq ceros=5 ^ freq unos=4 ^ freq dos=1 ^ simetria=1 ^ entropia=1,0.397100,0.739683,0.371977,0.434295
r24=0 ^ r27=0 ^ width=5 ^ time entropy=1,freq unos=2 ^ freq dos=1 ^ simetria=1 ^ actividad=2 ^ transitoriedad=2,0.463606,0.638228,0.320753,0.368573
r24=0 ^ r27=0 ^ width=5 ^ entropia=1,freq unos=2 ^ freq dos=1 ^ simetria=1 ^ actividad=2 ^ transitoriedad=2,0.426760,0.693462,0.348558,0.404123
r18=1 ^ r24=0 ^ width=5 ^ entropia=1,freq ceros=5 ^ freq unos=2 ^ freq dos=1 ^ simetria=1 ^ actividad=2 ^ transitoriedad=2,0.478890,0.615963,0.309549,0.354350
r17=0 ^ width=5 ^ entropia=1,freq ceros=5 ^ freq unos=2 ^ freq dos=1 ^ simetria=1 ^ actividad=2 ^ transitoriedad=2,0.588068,0.466288,0.234261,0.260751
r17=0 ^ width=5 ^ entropia=1,freq ceros=5 ^ freq unos=2 ^ freq dos=1 ^ simetria=1 ^ actividad=2 ^ transitoriedad=2,0.588068,0.466288,0.234261,0.260751
r17=0 ^ width=5 ^ entropia=1,freq ceros=5 ^ freq unos=2 ^ freq dos=1 ^ simetria=1 ^ actividad=2 ^ transitoriedad=2,0.588068,0.466288,0.234261,0.260751
r27=0 ^ transitoriedad=2,freq ceros=5 ^ simetria=2,0.585954,0.476022,0.300764,0.336231
r27=0 ^ pasos=1,freq ceros=5,0.586111,0.476488,0.307126,0.343270
r17=0 ^ width=5 ^ entropia=1,freq ceros=5 ^ freq unos=2 ^ freq dos=1 ^ simetria=1 ^ actividad=2 ^ transitoriedad=2,0.588068,0.466288,0.234261,0.260751
r17=0 ^ width=5 ^ entropia=1,freq ceros=5 ^ freq unos=2 ^ freq dos=1 ^ simetria=1 ^ actividad=2 ^ transitoriedad=2,0.588068,0.466288,0.234261,0.260751
r17=0 ^ width=5 ^ entropia=1,freq ceros=5 ^ freq unos=2 ^ freq dos=1 ^ simetria=1 ^ actividad=2 ^ transitoriedad=2,0.588068,0.466288,0.234261,0.260751
r17=0 ^ width=5 ^ entropia=1,freq ceros=5 ^ freq unos=2 ^ freq dos=1 ^ simetria=1 ^ actividad=2 ^ transitoriedad=2,0.588068,0.466288,0.234261,0.260751
r17=0 ^ width=5 ^ entropia=1,freq ceros=5 ^ freq unos=2 ^ freq dos=1 ^ simetria=1 ^ actividad=2 ^ transitoriedad=2,0.588068,0.466288,0.234261,0.260751
r27=0 ^ width=5,freq ceros=5 ^ transitoriedad=2,0.532114,0.541077,0.308227,0.352677
r27=0,freq ceros=5 ^ simetria=2,0.520850,0.564260,0.360196,0.411007
r27=0,freq ceros=5,0.557161,0.515140,0.333626,0.376406
r27=0 ^ width=5,freq ceros=5,0.532114,0.541077,0.308227,0.352677
r17=0 ^ width=5 ^ entropia=1,freq ceros=5 ^ freq unos=2 ^ freq dos=1 ^ simetria=1 ^ actividad=2 ^ transitoriedad=2,0.588068,0.466288,0.234261,0.260751
r17=0 ^ width=5 ^ entropia=1,freq ceros=5 ^ freq unos=2 ^ freq dos=1 ^ simetria=1 ^ actividad=2 ^ transitoriedad=2,0.588068,0.466288,0.234261,0.260751
r27=0 ^ width=5,freq ceros=5,0.532114,0.541077,0.308227,0.352677
r27=0,freq ceros=5 ^ simetria=2,0.520850,0.564260,0.360196,0.411007
r27=0,freq ceros=5 ^ simetria=2,0.520850,0.564260,0.360196,0.411007
r27=0,freq ceros=5 ^ simetria=2,0.520850,0.564260,0.360196,0.411007
r27=0 ^ width=5,freq ceros=5,0.532114,0.541077,0.308227,0.352677
r18=1 ^ r24=0 ^ width=5 ^ time entropy=1,freq ceros=5 ^ freq unos=2 ^ freq dos=1 ^ simetria=1 ^ actividad=2 ^ transitoriedad=2,0.498795,0.587491,0.295222,0.336263
r27=0 ^ width=5 ^ simetria=2,freq ceros=5,0.468896,0.630481,0.354991,0.412393
r27=0 ^ time entropy=1,entropia=1,0.371979,0.800640,0.469824,0.542833
r27=0 ^ entropia=1 ^ time entropy=1,freq dos=1,0.454921,0.677159,0.389273,0.434526
r18=1 ^ r24=0 ^ width=5 ^ entropia=1,freq ceros=5 ^ freq unos=2 ^ freq dos=1 ^ simetria=1 ^ actividad=2,0.478890,0.615963,0.309549,0.354350
r24=0 ^ r27=0 ^ width=5 ^ time entropy=1,freq unos=2 ^ freq dos=1 ^ simetria=1 ^ actividad=2 ^ transitoriedad=2,0.463606,0.638228,0.320753,0.368573
r18=1 ^ width=5 ^ entropia=1 ^ time entropy=1,freq ceros=5 ^ freq dos=1 ^ simetria=1 ^ actividad=2 ^ transitoriedad=2,0.392160,0.747546,0.375873,0.439331
r27=0 ^ width=5 ^ entropia=1 ^ sensitividad=2,freq unos=2 ^ freq dos=1 ^ simetria=1 ^ actividad=2 ^ transitoriedad=2,0.385785,0.881444,0.442378,0.444893
r27=0 ^ width=5 ^ sensitividad=2 ^ time entropy=1,freq ceros=5 ^ freq unos=2 ^ simetria=1 ^ actividad=2 ^ entropia=1 ^ transitoriedad=2,0.435604,0.768955,0.385876,0.394585
r24=0 ^ r27=0 ^ width=5 ^ entropia=1,freq unos=2 ^ freq dos=1 ^ simetria=1 ^ actividad=2 ^ transitoriedad=2,0.426760,0.693462,0.348558,0.404123
r18=1 ^ r26=1 ^ r27=0 ^ time entropy=1,freq ceros=5 ^ freq unos=4 ^ freq dos=1 ^ simetria=1 ^ entropia=1 ^ transitoriedad=2,0.398455,0.737534,0.370894,0.432896
r27=0 ^ width=5 ^ sensitividad=2 ^ time entropy=1,freq ceros=5 ^ freq dos=1 ^ simetria=1 ^ actividad=2 ^ entropia=1,0.421606,0.798778,0.400833,0.408340
r24=0 ^ r27=0 ^ width=5 ^ time entropy=1,freq unos=2 ^ freq dos=1 ^ simetria=1 ^ actividad=2 ^ entropia=1 ^ transitoriedad=2,0.463606,0.638228,0.320753,0.368573
r24=0 ^ width=5 ^ time entropy=1,freq ceros=5 ^ freq unos=2 ^ simetria=1 ^ actividad=2 ^ entropia=1 ^ transitoriedad=2,0.439368,0.678862,0.341315,0.391877
r18=1 ^ r24=0 ^ width=5 ^ entropia=1,freq ceros=5 ^ freq unos=2 ^ freq dos=1 ^ simetria=1 ^ actividad=2 ^ transitoriedad=2,0.478890,0.615963,0.309549,0.354350
r17=0 ^ width=5 ^ entropia=1,freq ceros=5 ^ freq unos=2 ^ freq dos=1 ^ simetria=1 ^ actividad=2 ^ transitoriedad=2,0.588068,0.466288,0.234261,0.260751
r17=0 ^ width=5 ^ entropia=1,freq ceros=5 ^ freq unos=2 ^ freq dos=1 ^ simetria=1 ^ actividad=2 ^ transitoriedad=2,0.588068,0.466288,0.234261,0.260751
r27=0 ^ pasos=1,freq ceros=5,0.586111,0.476488,0.307126,0.343270
r27=0 ^ pasos=1,freq ceros=5,0.586111,0.476488,0.307126,0.343270
r27=0 ^ pasos=1,freq ceros=5,0.586111,0.476488,0.307126,0.343270
r27=0 ^ pasos=1 ^ transitoriedad=2,freq ceros=5,0.626634,0.423883,0.271588,0.299497
r17=0 ^ width=5 ^ entropia=1,freq ceros=5 ^ freq unos=2 ^ freq dos=1 ^ simetria=1 ^ actividad=2 ^ transitoriedad=2,0.588068,0.466288,0.234261,0.260751
r17=0 ^ width=5 ^ entropia=1,freq ceros=5 ^ freq unos=2 ^ freq dos=1 ^ simetria=1 ^ actividad=2 ^ transitoriedad=2,0.588068,0.466288,0.234261,0.260751
r27=0 ^ transitoriedad=2,freq ceros=5 ^ simetria=2,0.585954,0.476022,0.300764,0.336231
r27=0,freq ceros=5,0.557161,0.515140,0.333626,0.376406
r27=0,freq ceros=5,0.557161,0.515140,0.333626,0.376406
r27=0 ^ pasos=1,freq ceros=5,0.586111,0.476488,0.307126,0.343270
r17=0 ^ width=5 ^ entropia=1,freq ceros=5 ^ freq unos=2 ^ freq dos=1 ^ simetria=1 ^ actividad=2 ^ transitoriedad=2,0.588068,0.466288,0.234261,0.260751
r27=0 ^ width=5,freq ceros=5,0.532114,0.541077,0.308227,0.352677
r27=0 ^ pasos=1,freq ceros=5 ^ simetria=2,0.547975,0.526887,0.334811,0.378853
r27=0,freq ceros=5 ^ simetria=2,0.520850,0.564260,0.360196,0.411007
r27=0,freq ceros=5,0.557161,0.515140,0.333626,0.376406
r27=0 ^ pasos=1 ^ simetria=2,freq ceros=5,0.572402,0.513904,0.330889,0.353913
r18=1 ^ r24=0 ^ width=5 ^ time entropy=1,freq ceros=5 ^ freq unos=2 ^ freq dos=1 ^ simetria=1 ^ actividad=2 ^ transitoriedad=2,0.498795,0.587491,0.295222,0.336263
r18=1 ^ r24=0 ^ width=5 ^ entropia=1,freq ceros=5 ^ freq unos=2 ^ freq dos=1 ^ simetria=1 ^ actividad=2 ^ transitoriedad=2,0.478890,0.615963,0.309549,0.354350
r27=0 ^ time entropy=1,freq dos=1 ^ entropia=1,0.486302,0.646704,0.372927,0.400853
r24=0 ^ r27=0 ^ time entropy=1,freq ceros=5 ^ entropia=1,0.527115,0.618470,0.328592,0.329057
r18=1 ^ r24=0 ^ width=5 ^ time entropy=1,freq ceros=5 ^ freq unos=2 ^ freq dos=1 ^ simetria=1 ^ actividad=2 ^ transitoriedad=2,0.498795,0.587491,0.295222,0.336263
r24=0 ^ r27=0 ^ width=5 ^ time entropy=1,freq unos=2 ^ freq dos=1 ^ simetria=1 ^ actividad=2 ^ entropia=1 ^ transitoriedad=2,0.463606,0.638228,0.320753,0.368573
r18=1 ^ r24=0 ^ r26=1 ^ time entropy=1,width=5 ^ simetria=1 ^ entropia=1 ^ transitoriedad=2,0.495065,0.674772,0.341649,0.342004
r18=1 ^ r24=0 ^ width=5 ^ entropia=1,freq ceros=5 ^ freq unos=2 ^ freq dos=1 ^ simetria=1 ^ actividad=2,0.478890,0.615963,0.309549,0.354350
r18=1 ^ r24=0 ^ width=5 ^ time entropy=1,freq ceros=5 ^ freq unos=2 ^ simetria=1 ^ actividad=2 ^ entropia=1 ^ transitoriedad=2,0.484154,0.628457,0.315923,0.349577
r18=1 ^ r24=0 ^ width=5 ^ time entropy=1,freq unos=2 ^ freq dos=1 ^ simetria=1 ^ actividad=2 ^ entropia=1 ^ transitoriedad=2,0.498795,0.587491,0.295222,0.336263
r17=0 ^ width=5 ^ time entropy=1,freq ceros=5 ^ freq unos=2 ^ freq dos=1 ^ simetria=1 ^ actividad=2 ^ transitoriedad=2,0.621155,0.423732,0.212866,0.234888
r27=0 ^ pasos=1 ^ transitoriedad=2,freq ceros=5,0.626634,0.423883,0.271588,0.299497
r27=0 ^ pasos=1 ^ transitoriedad=2,freq ceros=5,0.626634,0.423883,0.271588,0.299497
r27=0 ^ pasos=1 ^ transitoriedad=2,freq ceros=5,0.626634,0.423883,0.271588,0.299497
r27=0 ^ pasos=1 ^ transitoriedad=2,freq ceros=5,0.626634,0.423883,0.271588,0.299497
r17=0 ^ width=5 ^ time entropy=1,freq ceros=5 ^ freq unos=2 ^ freq dos=1 ^ simetria=1 ^ actividad=2 ^ transitoriedad=2,0.621155,0.423732,0.212866,0.234888
r17=0 ^ width=5 ^ entropia=1,freq ceros=5 ^ freq unos=2 ^ freq dos=1 ^ simetria=1 ^ actividad=2,0.588068,0.466288,0.234261,0.260751
r27=0 ^ pasos=1 ^ transitoriedad=2,freq ceros=5,0.626634,0.423883,0.271588,0.299497
r27=0 ^ pasos=1 ^ transitoriedad=2,freq ceros=5,0.626634,0.423883,0.271588,0.299497
r27=0 ^ pasos=1 ^ transitoriedad=2,freq ceros=5,0.626634,0.423883,0.271588,0.299497
r27=0 ^ pasos=1 ^ transitoriedad=2,freq ceros=5,0.626634,0.423883,0.271588,0.299497
r17=0 ^ width=5 ^ entropia=1,freq unos=2 ^ freq dos=1 ^ simetria=1 ^ actividad=2 ^ transitoriedad=2,0.588068,0.466288,0.234261,0.260751
r27=0 ^ pasos=1,freq ceros=5,0.586111,0.476488,0.307126,0.343270
r27=0 ^ pasos=1,freq ceros=5,0.586111,0.476488,0.307126,0.343270
r27=0 ^ pasos=1 ^ transitoriedad=2,freq ceros=5,0.626634,0.423883,0.271588,0.299497
r17=0 ^ width=5 ^ entropia=1,freq unos=2 ^ freq dos=1 ^ simetria=1 ^ actividad=2,0.587651,0.467213,0.234728,0.261085
r27=0 ^ freq dos=1 ^ width=2,freq ceros=5 ^ freq unos=1 ^ actividad=1 ^ entropia=1 ^ time entropy=1,0.569386,0.509360,0.265600,0.286845
r24=0 ^ r27=0 ^ pasos=1 ^ time entropy=1,freq ceros=5 ^ simetria=2 ^ actividad=1 ^ entropia=1 ^ transitoriedad=2,0.577221,0.527588,0.275358,0.279932
r17=0 ^ width=5 ^ entropia=1,freq unos=2 ^ freq dos=1 ^ simetria=1 ^ actividad=2,0.587651,0.467213,0.234728,0.261085
r18=1 ^ r24=0 ^ r26=1 ^ time entropy=1,freq ceros=5 ^ width=5 ^ simetria=1 ^ entropia=1 ^ transitoriedad=2,0.557674,0.566404,0.286501,0.287279
r18=1 ^ r24=0 ^ r26=1 ^ time entropy=1,freq ceros=5 ^ width=5 ^ simetria=1 ^ entropia=1 ^ transitoriedad=2,0.557674,0.566404,0.286501,0.287279
r27=0 ^ width=2 ^ transitoriedad=2 ^ time entropy=1,freq ceros=5 ^ freq dos=1 ^ simetria=2 ^ actividad=1 ^ entropia=1,0.634155,0.408708,0.213062,0.234219
r27=0 ^ pasos=1 ^ transitoriedad=2,freq ceros=5,0.626634,0.423883,0.271588,0.299497
r27=0 ^ pasos=1 ^ transitoriedad=2,freq ceros=5,0.626634,0.423883,0.271588,0.299497
r27=0 ^ pasos=1 ^ transitoriedad=2,freq ceros=5,0.626634,0.423883,0.271588,0.299497
r17=0 ^ width=5 ^ entropia=1 ^ time entropy=1,freq ceros=5 ^ freq unos=2 ^ freq dos=1 ^ simetria=1 ^ actividad=2 ^ transitoriedad=2,0.659446,0.375875,0.188810,0.206251
r27=0 ^ width=2 ^ transitoriedad=2 ^ time entropy=1,freq ceros=5 ^ freq dos=1 ^ simetria=2 ^ actividad=1 ^ entropia=1,0.634155,0.408708,0.213062,0.234219
r27=0 ^ pasos=1 ^ transitoriedad=2,freq ceros=5,0.626634,0.423883,0.271588,0.299497
r27=0 ^ pasos=1 ^ transitoriedad=2,freq ceros=5,0.626634,0.423883,0.271588,0.299497
r27=0 ^ width=2 ^ transitoriedad=2 ^ time entropy=1,freq ceros=5 ^ freq dos=1 ^ simetria=2 ^ actividad=1 ^ entropia=1,0.634155,0.408708,0.213062,0.234219
r17=0 ^ width=5 ^ time entropy=1,freq ceros=5 ^ freq unos=2 ^ freq dos=1 ^ simetria=1 ^ actividad=2 ^ entropia=1,0.621155,0.423732,0.212866,0.234888
r27=0 ^ width=2 ^ transitoriedad=2 ^ time entropy=1,freq ceros=5 ^ freq dos=1 ^ simetria=2 ^ actividad=1 ^ entropia=1,0.634155,0.408708,0.213062,0.234219
r27=0 ^ width=2 ^ transitoriedad=2 ^ time entropy=1,freq ceros=5 ^ simetria=2 ^ actividad=1 ^ entropia=1,0.641145,0.407398,0.212879,0.229135
r17=0 ^ width=5 ^ time entropy=1,freq ceros=5 ^ freq unos=2 ^ freq dos=1 ^ simetria=1 ^ actividad=2 ^ entropia=1,0.621155,0.423732,0.212866,0.234888
r18=1 ^ freq dos=1 ^ width=5 ^ transitoriedad=2,freq ceros=5 ^ simetria=1,0.628667,0.453306,0.229530,0.230904
r17=0 ^ width=5 ^ entropia=1,freq ceros=5 ^ freq unos=2 ^ freq dos=1 ^ simetria=1 ^ actividad=2 ^ transitoriedad=2,0.588068,0.466288,0.234261,0.260751
r17=0 ^ r27=0 ^ width=5 ^ entropia=1,freq ceros=5 ^ freq unos=2 ^ freq dos=1 ^ simetria=1 ^ actividad=2,0.693351,0.334646,0.168089,0.181980
r17=0 ^ r27=0 ^ width=5 ^ time entropy=1,freq unos=2 ^ freq dos=1 ^ simetria=1 ^ actividad=2 ^ entropia=1 ^ transitoriedad=2,0.701814,0.324513,0.162997,0.176073
r17=0 ^ r27=0 ^ width=5 ^ time entropy=1,freq unos=2 ^ freq dos=1 ^ simetria=1 ^ actividad=2 ^ entropia=1 ^ transitoriedad=2,0.701814,0.324513,0.162997,0.176073
r17=0 ^ r27=0 ^ width=5 ^ time entropy=1,freq unos=2 ^ freq dos=1 ^ simetria=1 ^ actividad=2 ^ entropia=1 ^ transitoriedad=2,0.701814,0.324513,0.162997,0.176073
r17=0 ^ r27=0 ^ width=5 ^ entropia=1,freq ceros=5 ^ freq unos=2 ^ freq dos=1 ^ simetria=1 ^ actividad=2,0.693351,0.334646,0.168089,0.181980
r17=0 ^ r27=0 ^ width=5 ^ time entropy=1,freq unos=2 ^ freq dos=1 ^ simetria=1 ^ actividad=2 ^ entropia=1 ^ transitoriedad=2,0.701814,0.324513,0.162997,0.176073
r17=0 ^ r27=0 ^ width=5 ^ time entropy=1,freq unos=2 ^ freq dos=1 ^ simetria=1 ^ actividad=2 ^ entropia=1 ^ transitoriedad=2,0.701814,0.324513,0.162997,0.176073
r17=0 ^ r27=0 ^ width=5 ^ entropia=1,freq unos=2 ^ freq dos=1 ^ simetria=1 ^ actividad=2,0.692771,0.335650,0.168595,0.182387
r26=1 ^ r27=0 ^ freq dos=1 ^ width=5,freq ceros=5 ^ pasos=1 ^ simetria=1 ^ time entropy=1,0.702814,0.348880,0.176516,0.176604
r24=0 ^ r27=0 ^ width=5 ^ time entropy=1,freq ceros=5 ^ simetria=1,0.662740,0.373046,0.188398,0.205029
r17=0 ^ r26=1 ^ width=5 ^ entropia=1,freq ceros=5 ^ freq unos=2 ^ freq dos=1 ^ simetria=1 ^ actividad=2 ^ transitoriedad=2,0.735738,0.284496,0.142889,0.152977
r17=0 ^ r26=1 ^ width=5 ^ time entropy=1,freq ceros=5 ^ freq unos=2 ^ freq dos=1 ^ simetria=1 ^ actividad=2 ^ entropia=1 ^ transitoriedad=2,0.743935,0.274966,0.138100,0.147532
r17=0 ^ r26=1 ^ width=5 ^ time entropy=1,freq ceros=5 ^ freq unos=2 ^ freq dos=1 ^ simetria=1 ^ actividad=2 ^ entropia=1 ^ transitoriedad=2,0.743935,0.274966,0.138100,0.147532
r17=0 ^ r26=1 ^ width=5 ^ entropia=1,freq ceros=5 ^ freq unos=2 ^ freq dos=1 ^ simetria=1 ^ actividad=2 ^ transitoriedad=2,0.735738,0.284496,0.142889,0.152977
r17=0 ^ r26=1 ^ width=5 ^ time entropy=1,freq ceros=5 ^ freq unos=2 ^ freq dos=1 ^ simetria=1 ^ actividad=2 ^ entropia=1 ^ transitoriedad=2,0.743935,0.274966,0.138100,0.147532
r17=0 ^ r18=1 ^ width=5 ^ entropia=1,freq unos=2 ^ freq dos=1 ^ simetria=1 ^ actividad=2,0.733003,0.287963,0.144632,0.154806
r18=1 ^ r24=0 ^ width=5 ^ time entropy=1,freq ceros=5 ^ freq dos=1 ^ simetria=1 ^ transitoriedad=2,0.806829,0.204146,0.102976,0.107900
r18=1 ^ r24=0 ^ width=5 ^ time entropy=1,freq ceros=5 ^ freq dos=1 ^ simetria=1 ^ transitoriedad=2,0.806829,0.204146,0.102976,0.107900
r27=0 ^ width=5 ^ actividad=1 ^ time entropy=1,freq ceros=5 ^ freq unos=4 ^ simetria=1 ^ entropia=1,0.798953,0.218221,0.109623,0.112295
r18=1 ^ r26=1 ^ width=5 ^ time entropy=1,freq ceros=5 ^ freq dos=1 ^ simetria=1 ^ entropia=1 ^ transitoriedad=2,0.838008,0.174339,0.088096,0.089081
