antecedente,consecuente,jaccard,cosine,phi,kappa
r27=0 ^ width=5 ^ simetria=2,freq ceros=5,0.468896,0.630481,0.354991,0.412393
r27=0 ^ width=5 ^ simetria=2,freq ceros=5,0.468896,0.630481,0.354991,0.412393
r27=0 ^ width=5 ^ simetria=2,freq ceros=5,0.468896,0.630481,0.354991,0.412393
r27=0 ^ width=5 ^ simetria=2,freq ceros=5,0.468896,0.630481,0.354991,0.412393
r27=0 ^ width=5 ^ simetria=2,freq ceros=5,0.468896,0.630481,0.354991,0.412393
r27=0 ^ width=5 ^ simetria=2,freq ceros=5,0.468896,0.630481,0.354991,0.412393
r27=0 ^ width=5 ^ simetria=2,freq ceros=5,0.468896,0.630481,0.354991,0.412393
r27=0 ^ width=5 ^ simetria=2,freq ceros=5,0.468896,0.630481,0.354991,0.412393
r27=0 ^ width=5 ^ simetria=2,freq ceros=5,0.468896,0.630481,0.354991,0.412393
r27=0 ^ width=5 ^ simetria=2,freq ceros=5,0.468896,0.630481,0.354991,0.412393
r27=0 ^ width=5 ^ simetria=2,freq ceros=5,0.468896,0.630481,0.354991,0.412393
r27=0 ^ width=5 ^ simetria=2,freq ceros=5,0.468896,0.630481,0.354991,0.412393
r27=0 ^ width=5 ^ simetria=2,freq ceros=5,0.468896,0.630481,0.354991,0.412393
r27=0 ^ width=5 ^ simetria=2,freq ceros=5,0.468896,0.630481,0.354991,0.412393
r27=0 ^ width=5 ^ simetria=2,freq ceros=5,0.468896,0.630481,0.354991,0.412393
r27=0 ^ width=5 ^ simetria=2,freq ceros=5,0.468896,0.630481,0.354991,0.412393
r27=0 ^ width=5 ^ simetria=2,freq ceros=5,0.468896,0.630481,0.354991,0.412393
r27=0 ^ width=5 ^ simetria=2,freq ceros=5,0.468896,0.630481,0.354991,0.412393
r27=0 ^ width=5 ^ simetria=2,freq ceros=5,0.468896,0.630481,0.354991,0.412393
r27=0 ^ width=5 ^ simetria=2,freq ceros=5,0.468896,0.630481,0.354991,0.412393
r27=0 ^ width=5 ^ simetria=2,freq ceros=5,0.468896,0.630481,0.354991,0.412393
r24=1 ^ width=1 ^ actividad=1,transitoriedad=1,0.386850,0.759432,0.402285,0.471076
r25=0 ^ width=1 ^ actividad=1,transitoriedad=1,0.360021,0.802988,0.424111,0.499688
r25=0 ^ width=1 ^ actividad=1,transitoriedad=1,0.360021,0.802988,0.424111,0.499688
r27=0 ^ width=1 ^ actividad=1,freq dos=1 ^ entropia=1 ^ transitoriedad=1,0.400795,0.750336,0.394362,0.451439
r27=0 ^ width=5 ^ simetria=2,freq ceros=5,0.468896,0.630481,0.354991,0.412393
r27=0 ^ width=5 ^ simetria=2,freq ceros=5,0.468896,0.630481,0.354991,0.412393
r24=1 ^ width=1 ^ actividad=1,transitoriedad=1,0.386850,0.759432,0.402285,0.471076
r24=1 ^ width=1 ^ actividad=1,transitoriedad=1,0.386850,0.759432,0.402285,0.471076
r27=0 ^ width=1 ^ actividad=1,entropia=1 ^ transitoriedad=1,0.346139,0.825220,0.434700,0.514276
r18=1 ^ r27=0 ^ width=5,freq ceros=5,0.318822,0.870713,0.476409,0.569676
r18=1 ^ r27=0 ^ width=5,freq ceros=5,0.318822,0.870713,0.476409,0.569676
r25=0 ^ width=1 ^ actividad=1,transitoriedad=1,0.360021,0.802988,0.424111,0.499688
r27=0 ^ width=1 ^ actividad=1,freq dos=1 ^ entropia=1 ^ transitoriedad=1,0.400795,0.750336,0.394362,0.451439
r24=1 ^ width=1 ^ actividad=1,transitoriedad=1,0.386850,0.759432,0.402285,0.471076
r27=0 ^ width=1 ^ actividad=1,transitoriedad=1,0.340510,0.834736,0.439839,0.521014
r18=1 ^ r27=0 ^ width=5 ^ simetria=2,freq ceros=5,0.261540,0.977180,0.528541,0.636295
r27=0 ^ width=5,pasos=1,0.106100,1.348541,0.938646,0.992500
r8=2 ^ width=1 ^ actividad=1,transitoriedad=1,0.310242,0.888665,0.466805,0.555358
r25=0 ^ width=1 ^ actividad=1,transitoriedad=1,0.360021,0.802988,0.424111,0.499688
r13=1 ^ freq ceros=1 ^ width=1 ^ actividad=1,transitoriedad=1,0.340884,0.832346,0.438430,0.520458
r25=1 ^ width=1 ^ actividad=1,transitoriedad=1,0.288769,0.929003,0.486942,0.580564
r8=2 ^ r27=0 ^ width=1 ^ actividad=1,transitoriedad=1,0.113460,1.327715,0.680933,0.814414
r18=1 ^ width=1 ^ actividad=1,entropia=1 ^ transitoriedad=1,0.238632,1.029028,0.536126,0.641676
r27=0 ^ width=1 ^ actividad=1,transitoriedad=1,0.340510,0.834736,0.439839,0.521014
r8=2 ^ freq ceros=1 ^ width=1 ^ actividad=1,transitoriedad=1,0.310453,0.885713,0.465023,0.554910
r18=1 ^ width=1 ^ actividad=1,transitoriedad=1,0.236804,1.030090,0.536703,0.644259
r18=1 ^ width=1 ^ actividad=1,transitoriedad=1,0.236804,1.030090,0.536703,0.644259
r8=2 ^ width=1 ^ actividad=1,transitoriedad=1,0.310242,0.888665,0.466805,0.555358
r8=2 ^ freq ceros=1 ^ width=1 ^ actividad=1,transitoriedad=1,0.310453,0.885713,0.465023,0.554910
r8=2 ^ freq ceros=1 ^ width=1 ^ actividad=1,transitoriedad=1,0.310453,0.885713,0.465023,0.554910
r8=2 ^ freq ceros=1 ^ width=1 ^ actividad=1,entropia=1 ^ transitoriedad=1,0.313275,0.882903,0.463508,0.551332
r27=0 ^ width=1 ^ actividad=1,entropia=1 ^ transitoriedad=1,0.346139,0.825220,0.434700,0.514276
r27=0 ^ width=1 ^ actividad=1,entropia=1 ^ transitoriedad=1,0.346139,0.825220,0.434700,0.514276
r25=0 ^ width=1 ^ actividad=1,transitoriedad=1,0.360021,0.802988,0.424111,0.499688
r27=0 ^ width=5 ^ simetria=2,freq ceros=5,0.468896,0.630481,0.354991,0.412393
r27=0 ^ width=5 ^ simetria=2,freq ceros=5,0.468896,0.630481,0.354991,0.412393
r27=0 ^ width=5 ^ simetria=2,freq ceros=5,0.468896,0.630481,0.354991,0.412393
r27=0 ^ width=5 ^ simetria=2,freq ceros=5,0.468896,0.630481,0.354991,0.412393
r27=0 ^ width=5 ^ simetria=2,freq ceros=5,0.468896,0.630481,0.354991,0.412393
r27=0 ^ width=5 ^ simetria=2,freq ceros=5,0.468896,0.630481,0.354991,0.412393
r27=0 ^ width=5 ^ simetria=2,freq ceros=5,0.468896,0.630481,0.354991,0.412393
r27=0 ^ width=5 ^ simetria=2,freq ceros=5,0.468896,0.630481,0.354991,0.412393
r27=0 ^ width=5 ^ simetria=2,freq ceros=5,0.468896,0.630481,0.354991,0.412393
r27=0 ^ width=5 ^ simetria=2,freq ceros=5,0.468896,0.630481,0.354991,0.412393
r27=0 ^ width=5 ^ simetria=2,freq ceros=5,0.468896,0.630481,0.354991,0.412393
r27=0 ^ width=5 ^ simetria=2,freq ceros=5,0.468896,0.630481,0.354991,0.412393
r27=0 ^ width=5 ^ simetria=2,freq ceros=5,0.468896,0.630481,0.354991,0.412393
r26=1,pasos=1,0.334899,0.850349,0.952985,0.988142
r27=0 ^ width=5 ^ simetria=2,freq ceros=5,0.468896,0.630481,0.354991,0.412393
r27=0 ^ width=5 ^ simetria=2,freq ceros=5,0.468896,0.630481,0.354991,0.412393
r27=0 ^ width=5 ^ simetria=2,freq ceros=5,0.468896,0.630481,0.354991,0.412393
r24=1 ^ width=1 ^ actividad=1,transitoriedad=1,0.386850,0.759432,0.402285,0.471076
r24=1 ^ width=1 ^ actividad=1,transitoriedad=1,0.386850,0.759432,0.402285,0.471076
r24=1 ^ width=1 ^ actividad=1,transitoriedad=1,0.386850,0.759432,0.402285,0.471076
r26=1 ^ transitoriedad=2,pasos=1,0.315595,0.876469,0.879971,0.971536
r27=0,pasos=1,0.321386,0.885460,1.073534,1.018548
r27=0 ^ width=1 ^ actividad=1,freq dos=1 ^ entropia=1 ^ transitoriedad=1,0.400795,0.750336,0.394362,0.451439
r27=0 ^ width=1 ^ actividad=1,freq dos=1 ^ entropia=1 ^ transitoriedad=1,0.400795,0.750336,0.394362,0.451439
r24=1 ^ width=1 ^ actividad=1,transitoriedad=1,0.386850,0.759432,0.402285,0.471076
r13=1 ^ freq ceros=1 ^ width=1 ^ actividad=1,transitoriedad=1,0.340884,0.832346,0.438430,0.520458
r18=1 ^ r27=0 ^ width=5,freq ceros=5,0.318822,0.870713,0.476409,0.569676
r18=0 ^ pasos=1 ^ transitoriedad=2,simetria=2,0.307084,0.895501,0.839829,0.943077
r18=1 ^ r27=0 ^ width=5,freq ceros=5,0.318822,0.870713,0.476409,0.569676
r25=0 ^ width=1 ^ actividad=1,transitoriedad=1,0.360021,0.802988,0.424111,0.499688
r13=1 ^ freq ceros=1 ^ width=1 ^ actividad=1,transitoriedad=1,0.340884,0.832346,0.438430,0.520458
r25=1 ^ width=1 ^ actividad=1,transitoriedad=1,0.288769,0.929003,0.486942,0.580564
r18=2 ^ r27=0 ^ width=5 ^ simetria=2,freq ceros=5,0.207356,1.089273,0.582503,0.703136
r18=2 ^ r27=0,freq ceros=5,0.261944,1.137799,0.663887,0.680864
r27=0 ^ width=1 ^ actividad=1,transitoriedad=1,0.340510,0.834736,0.439839,0.521014
r8=2 ^ freq ceros=1 ^ width=1 ^ actividad=1,transitoriedad=1,0.310453,0.885713,0.465023,0.554910
r18=1 ^ width=1 ^ actividad=1,entropia=1 ^ transitoriedad=1,0.238632,1.029028,0.536126,0.641676
r11=1 ^ width=1 ^ actividad=1,simetria=1 ^ transitoriedad=1,0.255360,1.158691,0.605924,0.620098
r27=1 ^ width=1 ^ actividad=1,entropia=1 ^ transitoriedad=1,0.299549,0.912353,0.478693,0.567620
r8=2 ^ freq ceros=1 ^ width=1 ^ actividad=1,transitoriedad=1,0.310453,0.885713,0.465023,0.554910
r25=1 ^ width=1 ^ actividad=1,transitoriedad=1,0.288769,0.929003,0.486942,0.580564
r27=1 ^ width=1 ^ actividad=1,entropia=1 ^ transitoriedad=1,0.299549,0.912353,0.478693,0.567620
r27=0 ^ freq ceros=1 ^ width=1 ^ actividad=1,transitoriedad=1,0.340790,0.832456,0.438479,0.520559
r27=0 ^ freq ceros=1 ^ width=1 ^ actividad=1,transitoriedad=1,0.340790,0.832456,0.438479,0.520559
r25=0 ^ width=1 ^ actividad=1,transitoriedad=1,0.360021,0.802988,0.424111,0.499688
r27=0 ^ width=5 ^ simetria=2,freq ceros=5,0.468896,0.630481,0.354991,0.412393
r27=0 ^ width=5 ^ simetria=2,freq ceros=5,0.468896,0.630481,0.354991,0.412393
r27=0 ^ width=5 ^ simetria=2,freq ceros=5,0.468896,0.630481,0.354991,0.412393
r27=0 ^ width=5 ^ simetria=2,freq ceros=5,0.468896,0.630481,0.354991,0.412393
r27=0 ^ width=5 ^ simetria=2,freq ceros=5,0.468896,0.630481,0.354991,0.412393
r27=0 ^ width=5 ^ simetria=2,freq ceros=5,0.468896,0.630481,0.354991,0.412393
r27=0 ^ width=5 ^ simetria=2,freq ceros=5,0.468896,0.630481,0.354991,0.412393
r27=0 ^ width=5 ^ simetria=2,freq ceros=5,0.468896,0.630481,0.354991,0.412393
r27=0 ^ width=5 ^ simetria=2,freq ceros=5,0.468896,0.630481,0.354991,0.412393
r27=0 ^ width=5 ^ simetria=2,freq ceros=5,0.468896,0.630481,0.354991,0.412393
r24=1 ^ width=1 ^ actividad=1,transitoriedad=1,0.386850,0.759432,0.402285,0.471076
r18=0 ^ width=1 ^ actividad=1,entropia=1 ^ transitoriedad=1,0.412543,0.720144,0.382244,0.444101
r24=1 ^ freq ceros=1 ^ width=1 ^ actividad=1,transitoriedad=1,0.387614,0.754854,0.399564,0.470003
r24=1 ^ width=1 ^ actividad=1,transitoriedad=1,0.386850,0.759432,0.402285,0.471076
r27=0 ^ width=5 ^ simetria=2,freq ceros=5,0.468896,0.630481,0.354991,0.412393
r24=1 ^ width=1 ^ actividad=1,transitoriedad=1,0.386850,0.759432,0.402285,0.471076
r24=1 ^ width=1 ^ actividad=1,transitoriedad=1,0.386850,0.759432,0.402285,0.471076
r25=0 ^ width=1 ^ actividad=1,transitoriedad=1,0.360021,0.802988,0.424111,0.499688
r24=0 ^ pasos=1,transitoriedad=2,0.331393,0.868492,0.874034,0.943144
r24=1 ^ freq ceros=1 ^ width=1 ^ actividad=1,transitoriedad=1,0.387614,0.754854,0.399564,0.470003
r24=1 ^ width=1 ^ actividad=1,transitoriedad=1,0.386850,0.759432,0.402285,0.471076
r24=1 ^ width=1 ^ actividad=1,transitoriedad=1,0.386850,0.759432,0.402285,0.471076
r18=1 ^ r27=0 ^ width=5,freq ceros=5,0.318822,0.870713,0.476409,0.569676
r18=1 ^ r27=0 ^ width=5,freq ceros=5,0.318822,0.870713,0.476409,0.569676
r18=1 ^ r27=0 ^ width=5,freq ceros=5,0.318822,0.870713,0.476409,0.569676
r25=0 ^ width=1 ^ actividad=1,transitoriedad=1,0.360021,0.802988,0.424111,0.499688
r27=0 ^ freq ceros=1 ^ width=1 ^ actividad=1,transitoriedad=1,0.340790,0.832456,0.438479,0.520559
r27=1 ^ width=1 ^ actividad=1,transitoriedad=1,0.298041,0.911722,0.478362,0.569622
r18=1 ^ width=5,freq ceros=5,0.296792,0.991113,0.557976,0.610603
r27=0 ^ width=1,freq dos=1 ^ transitoriedad=1,0.352994,0.914133,0.487861,0.510663
r7=2 ^ freq ceros=1 ^ width=1 ^ actividad=1,transitoriedad=1,0.313600,0.880090,0.462229,0.551288
r27=1 ^ width=1 ^ actividad=1,transitoriedad=1,0.298041,0.911722,0.478362,0.569622
r27=0 ^ width=1,simetria=1 ^ transitoriedad=1,0.336893,0.988929,0.522521,0.524147
r27=0 ^ freq ceros=1 ^ width=1 ^ actividad=1,transitoriedad=1,0.340790,0.832456,0.438479,0.520559
r27=0 ^ freq ceros=1 ^ width=1 ^ actividad=1,transitoriedad=1,0.340790,0.832456,0.438479,0.520559
r25=0 ^ width=1 ^ actividad=1,transitoriedad=1,0.360021,0.802988,0.424111,0.499688
r27=0 ^ width=5 ^ simetria=2,freq ceros=5,0.468896,0.630481,0.354991,0.412393
r27=0 ^ width=5 ^ simetria=2,freq ceros=5,0.468896,0.630481,0.354991,0.412393
r27=0 ^ width=5 ^ simetria=2,freq ceros=5,0.468896,0.630481,0.354991,0.412393
r27=0 ^ width=5 ^ simetria=2,freq ceros=5,0.468896,0.630481,0.354991,0.412393
r27=0 ^ width=5 ^ simetria=2,freq ceros=5,0.468896,0.630481,0.354991,0.412393
r27=0 ^ width=5 ^ simetria=2,freq ceros=5,0.468896,0.630481,0.354991,0.412393
r27=0 ^ width=5 ^ simetria=2,freq ceros=5,0.468896,0.630481,0.354991,0.412393
r27=0 ^ width=5 ^ simetria=2,freq ceros=5,0.468896,0.630481,0.354991,0.412393
r27=0 ^ width=5 ^ simetria=2,freq ceros=5,0.468896,0.630481,0.354991,0.412393
r18=0 ^ width=1 ^ actividad=1,entropia=1 ^ transitoriedad=1,0.412543,0.720144,0.382244,0.444101
r18=0 ^ width=1 ^ actividad=1,entropia=1 ^ transitoriedad=1,0.412543,0.720144,0.382244,0.444101
r27=0 ^ width=5 ^ simetria=2,freq ceros=5,0.468896,0.630481,0.354991,0.412393
r27=0 ^ width=5 ^ simetria=2,freq ceros=5,0.468896,0.630481,0.354991,0.412393
r24=1 ^ width=1 ^ actividad=1,transitoriedad=1,0.386850,0.759432,0.402285,0.471076
r24=1 ^ width=1 ^ actividad=1,transitoriedad=1,0.386850,0.759432,0.402285,0.471076
r24=1 ^ freq ceros=1 ^ width=1 ^ actividad=1,transitoriedad=1,0.387614,0.754854,0.399564,0.470003
r24=1 ^ freq ceros=1 ^ width=1 ^ actividad=1,transitoriedad=1,0.387614,0.754854,0.399564,0.470003
r24=1 ^ freq ceros=1 ^ width=1 ^ actividad=1,transitoriedad=1,0.387614,0.754854,0.399564,0.470003
r24=1 ^ width=1 ^ actividad=1,transitoriedad=1,0.386850,0.759432,0.402285,0.471076
r25=0 ^ width=1 ^ actividad=1,transitoriedad=1,0.360021,0.802988,0.424111,0.499688
r25=0 ^ width=1 ^ actividad=1,transitoriedad=1,0.360021,0.802988,0.424111,0.499688
r18=1 ^ r27=0,freq ceros=5,0.409059,0.793646,0.460556,0.488078
r9=0 ^ width=1 ^ actividad=1,transitoriedad=1,0.362043,0.799672,0.422455,0.497501
r27=0 ^ freq ceros=1 ^ width=1 ^ actividad=1,transitoriedad=1,0.340790,0.832456,0.438479,0.520559
r27=0 ^ width=1,freq dos=1 ^ actividad=1 ^ transitoriedad=1,0.363078,0.897022,0.478268,0.498515
r25=0 ^ width=1 ^ actividad=1,transitoriedad=1,0.360021,0.802988,0.424111,0.499688
r25=0 ^ width=1 ^ actividad=1,transitoriedad=1,0.360021,0.802988,0.424111,0.499688
r9=0 ^ width=1 ^ actividad=1,transitoriedad=1,0.362043,0.799672,0.422455,0.497501
r27=0 ^ width=5 ^ simetria=2,freq ceros=5,0.468896,0.630481,0.354991,0.412393
r27=0 ^ width=5 ^ simetria=2,freq ceros=5,0.468896,0.630481,0.354991,0.412393
r27=0 ^ width=5 ^ simetria=2,freq ceros=5,0.468896,0.630481,0.354991,0.412393
r27=0 ^ width=5 ^ simetria=2,freq ceros=5,0.468896,0.630481,0.354991,0.412393
r27=0 ^ width=5 ^ simetria=2,freq ceros=5,0.468896,0.630481,0.354991,0.412393
r27=0 ^ width=5 ^ simetria=2,freq ceros=5,0.468896,0.630481,0.354991,0.412393
r27=0 ^ width=5 ^ simetria=2,freq ceros=5,0.468896,0.630481,0.354991,0.412393
r27=0 ^ width=5 ^ simetria=2,freq ceros=5,0.468896,0.630481,0.354991,0.412393
r27=0 ^ width=5 ^ simetria=2,freq ceros=5,0.468896,0.630481,0.354991,0.412393
r27=0 ^ width=5 ^ simetria=2,freq ceros=5,0.468896,0.630481,0.354991,0.412393
r27=0 ^ width=5 ^ simetria=2,freq ceros=5,0.468896,0.630481,0.354991,0.412393
r27=0 ^ width=5 ^ simetria=2,freq ceros=5,0.468896,0.630481,0.354991,0.412393
r18=0 ^ width=1 ^ actividad=1,entropia=1 ^ transitoriedad=1,0.412543,0.720144,0.382244,0.444101
r18=0 ^ width=1 ^ actividad=1,entropia=1 ^ transitoriedad=1,0.412543,0.720144,0.382244,0.444101
r27=0 ^ width=5,freq ceros=5 ^ simetria=2,0.471755,0.667417,0.381732,0.412892
r18=0 ^ width=1 ^ actividad=1,entropia=1 ^ transitoriedad=1,0.412543,0.720144,0.382244,0.444101
r18=0 ^ width=1 ^ actividad=1,entropia=1 ^ transitoriedad=1,0.412543,0.720144,0.382244,0.444101
r18=0 ^ width=1 ^ actividad=1,freq dos=1 ^ transitoriedad=1,0.412658,0.766081,0.406382,0.442124
r27=0 ^ width=1 ^ actividad=1,freq dos=1 ^ transitoriedad=1,0.399962,0.751660,0.395072,0.452351
r18=0 ^ width=1 ^ actividad=1,freq dos=1 ^ transitoriedad=1,0.412658,0.766081,0.406382,0.442124
r27=0 ^ width=1 ^ actividad=1,freq ceros=1 ^ freq dos=1 ^ entropia=1 ^ transitoriedad=1,0.401059,0.750188,0.394280,0.451142
r27=0 ^ width=5 ^ simetria=2,freq ceros=5,0.468896,0.630481,0.354991,0.412393
r27=0,freq ceros=5 ^ simetria=2,0.520850,0.564260,0.360196,0.411007
r27=0,freq ceros=5 ^ simetria=2,0.520850,0.564260,0.360196,0.411007
r27=0,freq ceros=5 ^ simetria=2,0.520850,0.564260,0.360196,0.411007
r27=0,freq ceros=5 ^ simetria=2,0.520850,0.564260,0.360196,0.411007
r27=0 ^ width=5 ^ simetria=2,freq ceros=5,0.468896,0.630481,0.354991,0.412393
r27=0,freq ceros=5 ^ simetria=2,0.520850,0.564260,0.360196,0.411007
r27=0,freq ceros=5 ^ simetria=2,0.520850,0.564260,0.360196,0.411007
r27=0,freq ceros=5 ^ simetria=2,0.520850,0.564260,0.360196,0.411007
r27=0 ^ width=5 ^ simetria=2,freq ceros=5,0.468896,0.630481,0.354991,0.412393
r27=0 ^ width=5 ^ simetria=2,freq ceros=5,0.468896,0.630481,0.354991,0.412393
r27=0 ^ width=5,freq ceros=5 ^ simetria=2,0.471755,0.667417,0.381732,0.412892
r27=0 ^ width=5 ^ simetria=2,freq ceros=5,0.468896,0.630481,0.354991,0.412393
r27=0 ^ width=5,freq ceros=5 ^ simetria=2,0.471755,0.667417,0.381732,0.412892
r18=0 ^ width=1 ^ actividad=1,entropia=1 ^ transitoriedad=1,0.412543,0.720144,0.382244,0.444101
r27=0,freq ceros=5 ^ simetria=2,0.520850,0.564260,0.360196,0.411007
r27=0,freq ceros=5 ^ simetria=2,0.520850,0.564260,0.360196,0.411007
r27=0,freq ceros=5 ^ simetria=2,0.520850,0.564260,0.360196,0.411007
r27=0,freq ceros=5 ^ simetria=2,0.520850,0.564260,0.360196,0.411007
r27=0,freq ceros=5 ^ simetria=2,0.520850,0.564260,0.360196,0.411007
r27=0,freq ceros=5 ^ simetria=2,0.520850,0.564260,0.360196,0.411007
r27=0,freq ceros=5 ^ simetria=2,0.520850,0.564260,0.360196,0.411007
r27=0 ^ width=5 ^ simetria=2,freq ceros=5,0.468896,0.630481,0.354991,0.412393
r27=0,freq ceros=5 ^ simetria=2,0.520850,0.564260,0.360196,0.411007
r27=0 ^ width=5 ^ simetria=2,freq ceros=5,0.468896,0.630481,0.354991,0.412393
r27=0,freq ceros=5,0.557161,0.515140,0.333626,0.376406
r27=0,freq ceros=5,0.557161,0.515140,0.333626,0.376406
r27=0,freq ceros=5,0.557161,0.515140,0.333626,0.376406
r27=0 ^ pasos=1,freq ceros=5 ^ simetria=2,0.547975,0.526887,0.334811,0.378853
r27=0,freq ceros=5,0.557161,0.515140,0.333626,0.376406
r27=0 ^ width=5,freq ceros=5,0.532114,0.541077,0.308227,0.352677
r27=0 ^ pasos=1,freq ceros=5,0.586111,0.476488,0.307126,0.343270
r27=0 ^ pasos=1,freq ceros=5,0.586111,0.476488,0.307126,0.343270
r27=0 ^ pasos=1,freq ceros=5,0.586111,0.476488,0.307126,0.343270
r27=0 ^ pasos=1,freq ceros=5,0.586111,0.476488,0.307126,0.343270
