antecedente,consecuente,jaccard,cosine,phi,kappa
r18=1 ^ r24=0 ^ width=5 ^ entropia=1,freq ceros=5 ^ pasos=1 ^ simetria=1,0.602314,0.460464,0.232533,0.250829
r18=1 ^ r24=0 ^ width=5 ^ entropia=1,freq ceros=5 ^ pasos=1 ^ simetria=1,0.602314,0.460464,0.232533,0.250829
r18=1 ^ r24=0 ^ width=5 ^ entropia=1,freq ceros=5 ^ pasos=1 ^ simetria=1,0.602314,0.460464,0.232533,0.250829
r18=1 ^ r24=0 ^ width=5 ^ entropia=1,freq ceros=5 ^ pasos=1 ^ simetria=1,0.602314,0.460464,0.232533,0.250829
r18=1 ^ r24=0 ^ width=5 ^ entropia=1,freq ceros=5 ^ pasos=1 ^ simetria=1,0.602314,0.460464,0.232533,0.250829
r18=1 ^ r24=0 ^ width=5 ^ entropia=1,freq ceros=5 ^ pasos=1 ^ simetria=1,0.602314,0.460464,0.232533,0.250829
r18=1 ^ r24=0 ^ width=5 ^ entropia=1,freq ceros=5 ^ pasos=1 ^ simetria=1,0.602314,0.460464,0.232533,0.250829
r18=1 ^ r24=0 ^ width=5 ^ entropia=1,freq ceros=5 ^ pasos=1 ^ simetria=1,0.602314,0.460464,0.232533,0.250829
r18=1 ^ r24=0 ^ width=5 ^ entropia=1,freq ceros=5 ^ pasos=1 ^ simetria=1,0.602314,0.460464,0.232533,0.250829
r18=1 ^ r24=0 ^ width=5 ^ entropia=1,freq ceros=5 ^ pasos=1 ^ simetria=1,0.602314,0.460464,0.232533,0.250829
r18=1 ^ r24=0 ^ width=5 ^ entropia=1,freq ceros=5 ^ pasos=1 ^ simetria=1,0.602314,0.460464,0.232533,0.250829
r18=1 ^ r24=0 ^ width=5 ^ entropia=1,freq ceros=5 ^ pasos=1 ^ simetria=1,0.602314,0.460464,0.232533,0.250829
r18=1 ^ r24=0 ^ width=5 ^ entropia=1,freq ceros=5 ^ pasos=1 ^ simetria=1,0.602314,0.460464,0.232533,0.250829
r27=0 ^ width=5,freq ceros=5 ^ pasos=1,0.532114,0.541077,0.308227,0.352677
r27=0 ^ width=5,freq ceros=5 ^ pasos=1,0.532114,0.541077,0.308227,0.352677
r27=0 ^ width=5,freq ceros=5 ^ pasos=1,0.532114,0.541077,0.308227,0.352677
r18=1 ^ r24=0 ^ width=5 ^ entropia=1,freq ceros=5 ^ pasos=1 ^ simetria=1,0.602314,0.460464,0.232533,0.250829
r18=1 ^ r24=0 ^ width=5 ^ entropia=1,freq ceros=5 ^ pasos=1 ^ simetria=1,0.602314,0.460464,0.232533,0.250829
r18=1 ^ r24=0 ^ width=5 ^ entropia=1,freq ceros=5 ^ pasos=1 ^ simetria=1,0.602314,0.460464,0.232533,0.250829
r18=1 ^ r24=0 ^ width=5 ^ entropia=1,freq ceros=5 ^ pasos=1 ^ simetria=1,0.602314,0.460464,0.232533,0.250829
r27=0 ^ width=5,freq ceros=5 ^ pasos=1,0.532114,0.541077,0.308227,0.352677
r27=0 ^ width=5,freq ceros=5 ^ pasos=1,0.532114,0.541077,0.308227,0.352677
r27=0 ^ width=5 ^ simetria=2,freq ceros=5 ^ pasos=1,0.468896,0.630481,0.354991,0.412393
r27=0 ^ width=5 ^ simetria=2,freq ceros=5 ^ pasos=1,0.468896,0.630481,0.354991,0.412393
r27=0 ^ width=5,freq ceros=5 ^ pasos=1,0.532114,0.541077,0.308227,0.352677
r27=0 ^ width=5,freq ceros=5 ^ pasos=1,0.532114,0.541077,0.308227,0.352677
r18=1 ^ r24=0 ^ width=5 ^ entropia=1,freq ceros=5 ^ pasos=1 ^ simetria=1,0.602314,0.460464,0.232533,0.250829
r27=0 ^ width=5,freq ceros=5 ^ pasos=1,0.532114,0.541077,0.308227,0.352677
r27=0 ^ width=5 ^ simetria=2,freq ceros=5 ^ pasos=1,0.468896,0.630481,0.354991,0.412393
r24=0 ^ freq unos=4 ^ width=5 ^ entropia=1,freq ceros=5 ^ freq dos=1 ^ pasos=1 ^ simetria=1 ^ time entropy=1,0.404981,0.729785,0.366856,0.426021
r18=0 ^ transitoriedad=2,pasos=1 ^ simetria=2,0.310098,0.890135,0.827602,0.935192
r24=0 ^ freq unos=4 ^ width=5 ^ entropia=1,freq ceros=5 ^ freq dos=1 ^ pasos=1 ^ simetria=1 ^ time entropy=1,0.404981,0.729785,0.366856,0.426021
r27=0 ^ width=5 ^ simetria=2,freq ceros=5 ^ pasos=1,0.468896,0.630481,0.354991,0.412393
r27=0 ^ width=5,freq ceros=5 ^ pasos=1,0.532114,0.541077,0.308227,0.352677
r27=0 ^ width=5 ^ simetria=2,freq ceros=5 ^ pasos=1,0.468896,0.630481,0.354991,0.412393
r24=0 ^ freq unos=4 ^ width=5 ^ entropia=1,freq ceros=5 ^ freq dos=1 ^ pasos=1 ^ simetria=1 ^ time entropy=1,0.404981,0.729785,0.366856,0.426021
r26=1 ^ r27=0 ^ width=5 ^ simetria=2,freq ceros=5 ^ pasos=1,0.262877,0.974570,0.527274,0.634695
r24=1 ^ r27=0 ^ simetria=2,pasos=1,0.098538,1.376114,0.966435,0.996027
r24=0 ^ freq unos=4 ^ width=5 ^ entropia=1,freq ceros=5 ^ pasos=1 ^ simetria=1 ^ time entropy=1,0.355324,0.810313,0.407429,0.478591
r17=1 ^ freq unos=4 ^ width=5 ^ entropia=1,freq ceros=5 ^ freq dos=1 ^ pasos=1 ^ simetria=1 ^ time entropy=1,0.418927,0.712367,0.358183,0.412036
r24=0 ^ freq unos=4 ^ width=5 ^ entropia=1,freq ceros=5 ^ freq dos=1 ^ pasos=1 ^ simetria=1 ^ time entropy=1,0.404981,0.729785,0.366856,0.426021
r24=0 ^ freq unos=4 ^ width=5 ^ entropia=1,freq ceros=5 ^ pasos=1 ^ simetria=1,0.308261,0.892070,0.448653,0.532123
r14=1 ^ freq unos=4 ^ width=5 ^ entropia=1,freq ceros=5 ^ freq dos=1 ^ pasos=1 ^ simetria=1 ^ time entropy=1,0.131196,1.288945,0.646197,0.769937
r14=1 ^ freq unos=4 ^ width=5 ^ entropia=1,freq ceros=5 ^ freq dos=1 ^ pasos=1 ^ simetria=1 ^ actividad=1,0.267971,0.980694,0.491364,0.578586
r24=0 ^ freq unos=4 ^ width=5 ^ entropia=1,freq ceros=5 ^ freq dos=1 ^ pasos=1 ^ simetria=1 ^ time entropy=1,0.404981,0.729785,0.366856,0.426021
r24=0 ^ freq unos=4 ^ width=5 ^ entropia=1,freq ceros=5 ^ freq dos=1 ^ pasos=1 ^ simetria=1 ^ time entropy=1,0.404981,0.729785,0.366856,0.426021
r24=0 ^ freq unos=4 ^ width=5 ^ entropia=1,freq ceros=5 ^ pasos=1 ^ simetria=1,0.308261,0.892070,0.448653,0.532123
r24=0 ^ freq unos=4 ^ width=5 ^ entropia=1,freq ceros=5 ^ pasos=1 ^ simetria=1,0.308261,0.892070,0.448653,0.532123
r24=0 ^ freq unos=4 ^ width=5 ^ entropia=1,freq ceros=5 ^ freq dos=1 ^ pasos=1 ^ simetria=1,0.403005,0.732896,0.368423,0.428041
r24=0 ^ freq unos=4 ^ width=5 ^ entropia=1,freq ceros=5 ^ freq dos=1 ^ pasos=1 ^ simetria=1 ^ time entropy=1,0.404981,0.729785,0.366856,0.426021
r24=0 ^ freq unos=4 ^ width=5 ^ entropia=1,freq ceros=5 ^ freq dos=1 ^ pasos=1 ^ simetria=1,0.403005,0.732896,0.368423,0.428041
r24=0 ^ freq unos=4 ^ width=5 ^ entropia=1,freq ceros=5 ^ freq dos=1 ^ pasos=1 ^ simetria=1 ^ time entropy=1,0.404981,0.729785,0.366856,0.426021
r17=1 ^ freq unos=4 ^ width=5 ^ entropia=1,freq ceros=5 ^ freq dos=1 ^ pasos=1 ^ simetria=1 ^ time entropy=1,0.418927,0.712367,0.358183,0.412036
r17=1 ^ freq unos=4 ^ width=5 ^ entropia=1,freq ceros=5 ^ freq dos=1 ^ pasos=1 ^ simetria=1 ^ time entropy=1,0.418927,0.712367,0.358183,0.412036
r17=1 ^ freq unos=4 ^ width=5 ^ entropia=1,freq ceros=5 ^ freq dos=1 ^ pasos=1 ^ simetria=1 ^ time entropy=1,0.418927,0.712367,0.358183,0.412036
r18=1 ^ r24=0 ^ width=5 ^ entropia=1,freq ceros=5 ^ pasos=1 ^ simetria=1,0.602314,0.460464,0.232533,0.250829
r18=1 ^ r24=0 ^ width=5 ^ entropia=1,freq ceros=5 ^ pasos=1 ^ simetria=1,0.602314,0.460464,0.232533,0.250829
r18=1 ^ r24=0 ^ width=5 ^ entropia=1,freq ceros=5 ^ pasos=1 ^ simetria=1,0.602314,0.460464,0.232533,0.250829
r27=0 ^ width=5 ^ transitoriedad=2,freq ceros=5 ^ pasos=1,0.532114,0.541077,0.308227,0.352677
r27=0 ^ width=5 ^ transitoriedad=2,freq ceros=5 ^ pasos=1,0.532114,0.541077,0.308227,0.352677
r27=0 ^ width=5,freq ceros=5 ^ pasos=1,0.532114,0.541077,0.308227,0.352677
r18=1 ^ r24=0 ^ width=5 ^ entropia=1,freq ceros=5 ^ pasos=1 ^ simetria=1,0.602314,0.460464,0.232533,0.250829
r18=1 ^ r24=0 ^ width=5 ^ entropia=1,freq ceros=5 ^ pasos=1 ^ simetria=1,0.602314,0.460464,0.232533,0.250829
r18=1 ^ r24=0 ^ width=5 ^ entropia=1,freq ceros=5 ^ pasos=1 ^ simetria=1,0.602314,0.460464,0.232533,0.250829
r18=1 ^ r24=0 ^ width=5 ^ entropia=1,freq ceros=5 ^ pasos=1 ^ simetria=1,0.602314,0.460464,0.232533,0.250829
r27=0 ^ width=5 ^ transitoriedad=2,freq ceros=5 ^ pasos=1,0.532114,0.541077,0.308227,0.352677
r27=0 ^ width=5 ^ transitoriedad=2,freq ceros=5 ^ pasos=1,0.532114,0.541077,0.308227,0.352677
r27=0 ^ width=5 ^ transitoriedad=2,freq ceros=5 ^ pasos=1,0.532114,0.541077,0.308227,0.352677
r27=0 ^ width=5,freq ceros=5 ^ pasos=1,0.532114,0.541077,0.308227,0.352677
r27=0 ^ width=5,freq ceros=5 ^ pasos=1,0.532114,0.541077,0.308227,0.352677
r27=0 ^ width=5,freq ceros=5 ^ pasos=1,0.532114,0.541077,0.308227,0.352677
r18=1 ^ r24=0 ^ width=5 ^ entropia=1,freq ceros=5 ^ pasos=1 ^ simetria=1,0.602314,0.460464,0.232533,0.250829
r27=0 ^ width=5,freq ceros=5 ^ pasos=1,0.532114,0.541077,0.308227,0.352677
r27=0 ^ width=5,freq ceros=5 ^ pasos=1,0.532114,0.541077,0.308227,0.352677
r27=0 ^ width=5 ^ simetria=2,freq ceros=5 ^ pasos=1,0.468896,0.630481,0.354991,0.412393
r24=2 ^ transitoriedad=2,pasos=1 ^ simetria=2,0.323713,0.865936,0.822155,0.931236
r27=0,pasos=1,0.321386,0.885460,1.073534,1.018548
r27=0 ^ width=5,freq ceros=5 ^ pasos=1,0.532114,0.541077,0.308227,0.352677
r27=0 ^ width=5,freq ceros=5 ^ pasos=1,0.532114,0.541077,0.308227,0.352677
r27=0 ^ width=5,freq ceros=5 ^ pasos=1,0.532114,0.541077,0.308227,0.352677
r27=0 ^ width=5 ^ simetria=2,freq ceros=5 ^ pasos=1,0.468896,0.630481,0.354991,0.412393
r27=0 ^ transitoriedad=2,freq ceros=5 ^ width=5 ^ pasos=1,0.343034,0.842008,0.493774,0.579943
r18=0 ^ transitoriedad=2,pasos=1 ^ simetria=2,0.310098,0.890135,0.827602,0.935192
r24=0 ^ freq unos=4 ^ width=5 ^ entropia=1,freq ceros=5 ^ freq dos=1 ^ pasos=1 ^ simetria=1 ^ time entropy=1,0.404981,0.729785,0.366856,0.426021
r27=0 ^ width=5 ^ simetria=2,freq ceros=5 ^ pasos=1,0.468896,0.630481,0.354991,0.412393
r17=1 ^ freq unos=4 ^ width=5 ^ entropia=1,freq ceros=5 ^ freq dos=1 ^ pasos=1 ^ simetria=1 ^ time entropy=1,0.418927,0.712367,0.358183,0.412036
r24=0 ^ freq unos=4 ^ width=5 ^ entropia=1,freq ceros=5 ^ pasos=1 ^ simetria=1 ^ time entropy=1,0.355324,0.810313,0.407429,0.478591
r18=1 ^ r27=0 ^ width=5 ^ simetria=2,freq ceros=5 ^ pasos=1,0.261540,0.977180,0.528541,0.636295
r24=0 ^ entropia=1,pasos=1 ^ time entropy=1,0.310853,1.022468,0.589417,0.605654
r17=1 ^ freq unos=4 ^ width=5 ^ entropia=1,freq ceros=5 ^ freq dos=1 ^ pasos=1 ^ simetria=1 ^ time entropy=1,0.418927,0.712367,0.358183,0.412036
r24=0 ^ freq unos=4 ^ width=5 ^ entropia=1,freq ceros=5 ^ freq dos=1 ^ pasos=1 ^ simetria=1 ^ time entropy=1,0.404981,0.729785,0.366856,0.426021
r24=0 ^ freq unos=4 ^ width=5 ^ entropia=1,freq ceros=5 ^ pasos=1 ^ simetria=1,0.308261,0.892070,0.448653,0.532123
r17=1 ^ r24=0 ^ r26=1 ^ width=5,freq ceros=5 ^ freq dos=1 ^ pasos=1 ^ simetria=1 ^ entropia=1 ^ time entropy=1,0.280323,1.121594,0.566108,0.567426
r27=0 ^ freq unos=4 ^ entropia=1,freq ceros=5 ^ freq dos=1 ^ width=5 ^ pasos=1 ^ simetria=1 ^ time entropy=1,0.366551,0.897581,0.452308,0.467198
r24=0 ^ freq unos=4 ^ width=5 ^ entropia=1,freq ceros=5 ^ freq dos=1 ^ pasos=1 ^ simetria=1,0.403005,0.732896,0.368423,0.428041
r24=0 ^ freq unos=4 ^ width=5 ^ entropia=1,freq ceros=5 ^ pasos=1 ^ simetria=1 ^ time entropy=1,0.355324,0.810313,0.407429,0.478591
r24=0 ^ r27=0 ^ freq unos=4 ^ entropia=1,freq ceros=5 ^ freq dos=1 ^ pasos=1 ^ simetria=1,0.402456,0.735024,0.369502,0.428610
r17=1 ^ freq unos=4 ^ width=5 ^ entropia=1,freq ceros=5 ^ freq dos=1 ^ pasos=1 ^ simetria=1 ^ time entropy=1,0.418927,0.712367,0.358183,0.412036
r17=1 ^ freq unos=4 ^ width=5 ^ entropia=1,freq ceros=5 ^ freq dos=1 ^ pasos=1 ^ simetria=1 ^ time entropy=1,0.418927,0.712367,0.358183,0.412036
r17=1 ^ freq unos=4 ^ width=5 ^ entropia=1,freq ceros=5 ^ freq dos=1 ^ pasos=1 ^ simetria=1 ^ time entropy=1,0.418927,0.712367,0.358183,0.412036
r18=1 ^ r24=0 ^ width=5 ^ entropia=1,freq ceros=5 ^ pasos=1 ^ simetria=1,0.602314,0.460464,0.232533,0.250829
r18=1 ^ r24=0 ^ width=5 ^ entropia=1,freq ceros=5 ^ pasos=1 ^ simetria=1,0.602314,0.460464,0.232533,0.250829
r27=0 ^ width=5 ^ transitoriedad=2,freq ceros=5 ^ pasos=1,0.532114,0.541077,0.308227,0.352677
r27=0 ^ width=5,freq ceros=5 ^ pasos=1,0.532114,0.541077,0.308227,0.352677
r27=0,freq ceros=5 ^ pasos=1,0.557161,0.515140,0.333626,0.376406
r27=0 ^ width=5,freq ceros=5 ^ pasos=1,0.532114,0.541077,0.308227,0.352677
r18=1 ^ r24=0 ^ width=5 ^ entropia=1,freq ceros=5 ^ pasos=1 ^ simetria=1,0.602314,0.460464,0.232533,0.250829
r18=1 ^ r24=0 ^ width=5 ^ entropia=1,freq ceros=5 ^ pasos=1 ^ simetria=1,0.602314,0.460464,0.232533,0.250829
r27=0 ^ width=5,freq ceros=5 ^ pasos=1,0.532114,0.541077,0.308227,0.352677
r27=0 ^ width=5,freq ceros=5 ^ pasos=1,0.532114,0.541077,0.308227,0.352677
r27=0 ^ width=5 ^ transitoriedad=2,freq ceros=5 ^ pasos=1,0.532114,0.541077,0.308227,0.352677
r27=0,freq ceros=5 ^ pasos=1 ^ simetria=2,0.520850,0.564260,0.360196,0.411007
r27=0,freq ceros=5 ^ pasos=1 ^ simetria=2,0.520850,0.564260,0.360196,0.411007
r27=0 ^ width=5,freq ceros=5 ^ pasos=1,0.532114,0.541077,0.308227,0.352677
r27=0 ^ width=5,freq ceros=5 ^ pasos=1,0.532114,0.541077,0.308227,0.352677
r27=0 ^ width=5,freq ceros=5 ^ pasos=1,0.532114,0.541077,0.308227,0.352677
r27=0 ^ width=5,freq ceros=5 ^ pasos=1,0.532114,0.541077,0.308227,0.352677
r27=0 ^ width=5 ^ simetria=2,freq ceros=5 ^ pasos=1,0.468896,0.630481,0.354991,0.412393
r27=0,freq ceros=5 ^ pasos=1 ^ simetria=2,0.520850,0.564260,0.360196,0.411007
r27=0,freq ceros=5 ^ pasos=1 ^ simetria=2,0.520850,0.564260,0.360196,0.411007
r27=0 ^ width=5,freq ceros=5 ^ pasos=1,0.532114,0.541077,0.308227,0.352677
r27=0 ^ width=5 ^ simetria=2,freq ceros=5 ^ pasos=1,0.468896,0.630481,0.354991,0.412393
r27=0 ^ width=5 ^ simetria=2,freq ceros=5 ^ pasos=1,0.468896,0.630481,0.354991,0.412393
r27=0 ^ transitoriedad=2,freq ceros=5 ^ width=5 ^ pasos=1,0.343034,0.842008,0.493774,0.579943
r27=0 ^ entropia=1,pasos=1 ^ time entropy=1,0.432993,0.768700,0.446681,0.460521
r27=0 ^ width=5 ^ simetria=2,freq ceros=5 ^ pasos=1,0.468896,0.630481,0.354991,0.412393
r17=1 ^ freq unos=4 ^ width=5 ^ entropia=1,freq ceros=5 ^ freq dos=1 ^ pasos=1 ^ simetria=1 ^ time entropy=1,0.418927,0.712367,0.358183,0.412036
r24=0 ^ freq unos=4 ^ width=5 ^ entropia=1,freq ceros=5 ^ freq dos=1 ^ pasos=1 ^ simetria=1,0.403005,0.732896,0.368423,0.428041
r27=0 ^ freq unos=4 ^ entropia=1,freq ceros=5 ^ freq dos=1 ^ width=5 ^ pasos=1 ^ simetria=1 ^ time entropy=1,0.366551,0.897581,0.452308,0.467198
r18=1 ^ r24=0 ^ r26=1 ^ entropia=1,freq ceros=5 ^ pasos=1 ^ simetria=1,0.435622,0.786014,0.398440,0.398559
r24=0 ^ freq unos=4 ^ width=5 ^ entropia=1,freq ceros=5 ^ freq dos=1 ^ pasos=1 ^ simetria=1 ^ time entropy=1,0.404981,0.729785,0.366856,0.426021
r24=0 ^ r27=0 ^ freq unos=4 ^ entropia=1,freq ceros=5 ^ freq dos=1 ^ pasos=1 ^ simetria=1,0.402456,0.735024,0.369502,0.428610
r17=0 ^ width=5 ^ entropia=1,freq ceros=5 ^ freq dos=1 ^ pasos=1 ^ simetria=1 ^ time entropy=1,0.415180,0.806593,0.406652,0.416715
r17=1 ^ freq unos=4 ^ width=5 ^ entropia=1,freq ceros=5 ^ freq dos=1 ^ pasos=1 ^ simetria=1 ^ time entropy=1,0.418927,0.712367,0.358183,0.412036
r17=1 ^ freq unos=4 ^ width=5 ^ entropia=1,freq ceros=5 ^ freq dos=1 ^ pasos=1 ^ simetria=1 ^ time entropy=1,0.418927,0.712367,0.358183,0.412036
r17=1 ^ freq unos=4 ^ width=5 ^ entropia=1,freq ceros=5 ^ freq dos=1 ^ pasos=1 ^ simetria=1 ^ time entropy=1,0.418927,0.712367,0.358183,0.412036
r18=1 ^ r24=0 ^ width=5 ^ entropia=1,freq ceros=5 ^ pasos=1 ^ simetria=1,0.602314,0.460464,0.232533,0.250829
r27=0 ^ transitoriedad=2,freq ceros=5 ^ pasos=1 ^ simetria=2,0.585954,0.476022,0.300764,0.336231
r27=0 ^ transitoriedad=2,freq ceros=5 ^ pasos=1 ^ simetria=2,0.585954,0.476022,0.300764,0.336231
r27=0 ^ transitoriedad=2,freq ceros=5 ^ pasos=1 ^ simetria=2,0.585954,0.476022,0.300764,0.336231
r27=0 ^ transitoriedad=2,freq ceros=5 ^ pasos=1 ^ simetria=2,0.585954,0.476022,0.300764,0.336231
r27=0 ^ transitoriedad=2,freq ceros=5 ^ pasos=1 ^ simetria=2,0.585954,0.476022,0.300764,0.336231
r18=1 ^ r24=0 ^ width=5 ^ entropia=1,freq ceros=5 ^ pasos=1 ^ simetria=1,0.602314,0.460464,0.232533,0.250829
r27=0 ^ width=5,freq ceros=5 ^ pasos=1,0.532114,0.541077,0.308227,0.352677
r27=0 ^ width=5,freq ceros=5 ^ pasos=1,0.532114,0.541077,0.308227,0.352677
r27=0,freq ceros=5 ^ pasos=1,0.557161,0.515140,0.333626,0.376406
r27=0,freq ceros=5 ^ pasos=1,0.557161,0.515140,0.333626,0.376406
r27=0,freq ceros=5 ^ pasos=1,0.557161,0.515140,0.333626,0.376406
r27=0 ^ transitoriedad=2,freq ceros=5 ^ pasos=1 ^ simetria=2,0.585954,0.476022,0.300764,0.336231
r27=0 ^ width=5,freq ceros=5 ^ pasos=1,0.532114,0.541077,0.308227,0.352677
r27=0,freq ceros=5 ^ pasos=1 ^ simetria=2,0.520850,0.564260,0.360196,0.411007
r27=0,freq ceros=5 ^ pasos=1 ^ simetria=2,0.520850,0.564260,0.360196,0.411007
r27=0,freq ceros=5 ^ pasos=1 ^ simetria=2,0.520850,0.564260,0.360196,0.411007
r27=0 ^ width=5,freq ceros=5 ^ pasos=1,0.532114,0.541077,0.308227,0.352677
r27=0 ^ width=5,freq ceros=5 ^ pasos=1,0.532114,0.541077,0.308227,0.352677
r27=0 ^ width=5 ^ simetria=2,freq ceros=5 ^ pasos=1,0.468896,0.630481,0.354991,0.412393
r27=0 ^ entropia=1,time entropy=1,0.485129,0.647961,0.378193,0.407195
r18=1 ^ r24=0 ^ r26=1 ^ r27=0,freq ceros=5 ^ width=5 ^ pasos=1 ^ entropia=1 ^ time entropy=1,0.508915,0.650816,0.329450,0.329498
r17=1 ^ freq unos=4 ^ width=5 ^ entropia=1,freq ceros=5 ^ freq dos=1 ^ pasos=1 ^ simetria=1 ^ time entropy=1,0.418927,0.712367,0.358183,0.412036
r18=1 ^ freq unos=2 ^ width=5 ^ entropia=1,freq ceros=5 ^ freq dos=1 ^ pasos=1 ^ simetria=1 ^ time entropy=1,0.435438,0.711940,0.358254,0.395979
r18=1 ^ r24=0 ^ r26=1 ^ entropia=1,freq ceros=5 ^ pasos=1 ^ simetria=1 ^ time entropy=1,0.480327,0.696746,0.352820,0.355550
r18=1 ^ r24=0 ^ r26=1 ^ width=5,freq ceros=5 ^ freq dos=1 ^ pasos=1 ^ simetria=1 ^ entropia=1,0.482300,0.671501,0.339808,0.353567
r18=1 ^ r24=0 ^ r26=1 ^ entropia=1,freq ceros=5 ^ width=5 ^ pasos=1 ^ simetria=1 ^ time entropy=1,0.491771,0.673616,0.341015,0.344968
r18=1 ^ r24=0 ^ r26=1 ^ entropia=1,freq ceros=5 ^ freq dos=1 ^ pasos=1 ^ simetria=1,0.521438,0.612776,0.309985,0.318297
r27=0 ^ transitoriedad=2,freq ceros=5 ^ pasos=1,0.626634,0.423883,0.271588,0.299497
r27=0 ^ transitoriedad=2,freq ceros=5 ^ pasos=1,0.626634,0.423883,0.271588,0.299497
r27=0 ^ transitoriedad=2,freq ceros=5 ^ pasos=1,0.626634,0.423883,0.271588,0.299497
r27=0 ^ transitoriedad=2,freq ceros=5 ^ pasos=1,0.626634,0.423883,0.271588,0.299497
r27=0 ^ transitoriedad=2,freq ceros=5 ^ pasos=1,0.626634,0.423883,0.271588,0.299497
r27=0 ^ transitoriedad=2,freq ceros=5 ^ pasos=1,0.626634,0.423883,0.271588,0.299497
r27=0 ^ transitoriedad=2,freq ceros=5 ^ pasos=1 ^ simetria=2,0.585954,0.476022,0.300764,0.336231
r27=0 ^ transitoriedad=2,freq ceros=5 ^ pasos=1 ^ simetria=2,0.585954,0.476022,0.300764,0.336231
r27=0 ^ transitoriedad=2,freq ceros=5 ^ pasos=1 ^ simetria=2,0.585954,0.476022,0.300764,0.336231
r27=0 ^ transitoriedad=2,freq ceros=5 ^ pasos=1 ^ simetria=2,0.585954,0.476022,0.300764,0.336231
r27=0 ^ transitoriedad=2,freq ceros=5 ^ pasos=1,0.626634,0.423883,0.271588,0.299497
r27=0 ^ transitoriedad=2,freq ceros=5 ^ pasos=1 ^ simetria=2,0.585954,0.476022,0.300764,0.336231
r27=0 ^ transitoriedad=2,freq ceros=5 ^ pasos=1 ^ simetria=2,0.585954,0.476022,0.300764,0.336231
r27=0 ^ transitoriedad=2,freq ceros=5 ^ pasos=1 ^ simetria=2,0.585954,0.476022,0.300764,0.336231
r27=0 ^ simetria=2 ^ transitoriedad=2,freq ceros=5 ^ pasos=1,0.585294,0.496244,0.318794,0.339482
r27=0 ^ width=5,freq ceros=5 ^ pasos=1,0.532114,0.541077,0.308227,0.352677
r27=0 ^ width=5,freq ceros=5 ^ pasos=1,0.532114,0.541077,0.308227,0.352677
r18=1 ^ r24=0 ^ r26=1 ^ r27=0,freq ceros=5 ^ width=5 ^ pasos=1 ^ simetria=1 ^ entropia=1 ^ time entropy=1,0.550772,0.576301,0.291522,0.293081
r18=1 ^ r24=0 ^ r26=1 ^ r27=0,freq ceros=5 ^ width=5 ^ pasos=1 ^ simetria=1 ^ entropia=1 ^ time entropy=1,0.550772,0.576301,0.291522,0.293081
r18=1 ^ r24=0 ^ r26=1 ^ r27=0,freq ceros=5 ^ width=5 ^ pasos=1 ^ simetria=1 ^ entropia=1,0.545796,0.585174,0.296036,0.297304
r18=1 ^ r24=0 ^ r26=1 ^ r27=0,freq ceros=5 ^ width=5 ^ pasos=1 ^ simetria=1 ^ entropia=1 ^ time entropy=1,0.550772,0.576301,0.291522,0.293081
r27=0 ^ transitoriedad=2,freq ceros=5 ^ pasos=1,0.626634,0.423883,0.271588,0.299497
r27=0 ^ transitoriedad=2,freq ceros=5 ^ pasos=1,0.626634,0.423883,0.271588,0.299497
r27=0 ^ transitoriedad=2,freq ceros=5 ^ pasos=1,0.626634,0.423883,0.271588,0.299497
r27=0 ^ transitoriedad=2,freq ceros=5 ^ pasos=1,0.626634,0.423883,0.271588,0.299497
r27=0 ^ transitoriedad=2,freq ceros=5 ^ pasos=1,0.626634,0.423883,0.271588,0.299497
r27=0 ^ transitoriedad=2,freq ceros=5 ^ pasos=1,0.626634,0.423883,0.271588,0.299497
r27=0 ^ transitoriedad=2,freq ceros=5 ^ pasos=1,0.626634,0.423883,0.271588,0.299497
r27=0 ^ transitoriedad=2,freq ceros=5 ^ pasos=1,0.626634,0.423883,0.271588,0.299497
r27=0 ^ transitoriedad=2,freq ceros=5 ^ pasos=1,0.626634,0.423883,0.271588,0.299497
r18=1 ^ r24=0 ^ width=5 ^ entropia=1,freq ceros=5 ^ pasos=1 ^ simetria=1,0.602314,0.460464,0.232533,0.250829
r27=0 ^ transitoriedad=2,freq ceros=5 ^ pasos=1,0.626634,0.423883,0.271588,0.299497
r24=0 ^ r27=0 ^ width=5 ^ entropia=1,freq ceros=5 ^ pasos=1 ^ simetria=1,0.625916,0.440265,0.222552,0.232693
r18=1 ^ r24=0 ^ width=5 ^ entropia=1,freq ceros=5 ^ pasos=1 ^ simetria=1,0.602314,0.460464,0.232533,0.250829
r24=0 ^ width=5 ^ entropia=1,freq ceros=5 ^ pasos=1 ^ simetria=1,0.619263,0.460339,0.232889,0.237952
r24=0 ^ r26=1 ^ width=5 ^ entropia=1,freq ceros=5 ^ pasos=1 ^ simetria=1,0.601089,0.462951,0.233797,0.251799
r18=1 ^ r24=0 ^ width=5 ^ entropia=1,freq ceros=5 ^ pasos=1 ^ simetria=1 ^ time entropy=1,0.691652,0.346858,0.175092,0.184100
r18=1 ^ r24=0 ^ width=5 ^ entropia=1,freq ceros=5 ^ pasos=1 ^ simetria=1 ^ time entropy=1,0.691652,0.346858,0.175092,0.184100
r18=1 ^ r24=0 ^ width=5 ^ entropia=1,freq ceros=5 ^ pasos=1 ^ simetria=1 ^ time entropy=1,0.691652,0.346858,0.175092,0.184100
r18=1 ^ r24=0 ^ width=5 ^ entropia=1,freq ceros=5 ^ pasos=1 ^ simetria=1 ^ time entropy=1,0.691652,0.346858,0.175092,0.184100
r24=0 ^ r26=1 ^ width=5 ^ entropia=1,freq ceros=5 ^ pasos=1 ^ simetria=1 ^ time entropy=1,0.690038,0.349529,0.176446,0.185244
r24=0 ^ r26=1 ^ width=5 ^ entropia=1,freq ceros=5 ^ pasos=1 ^ simetria=1 ^ time entropy=1,0.690038,0.349529,0.176446,0.185244
r24=0 ^ r26=1 ^ width=5 ^ entropia=1,freq ceros=5 ^ pasos=1 ^ simetria=1 ^ time entropy=1,0.690038,0.349529,0.176446,0.185244
r18=1 ^ r26=1 ^ r27=0 ^ entropia=1,freq ceros=5 ^ pasos=1 ^ simetria=1,0.664820,0.394773,0.199757,0.203787
r27=0 ^ width=5 ^ entropia=1,freq ceros=5 ^ pasos=1 ^ simetria=1,0.672913,0.390493,0.197821,0.198100
r18=1 ^ r27=0 ^ width=5 ^ entropia=1,freq ceros=5 ^ pasos=1 ^ simetria=1,0.648106,0.421679,0.213435,0.216167
r18=1 ^ r24=0 ^ width=5 ^ entropia=1,freq ceros=5 ^ pasos=1 ^ simetria=1 ^ time entropy=1,0.691652,0.346858,0.175092,0.184100
r27=0 ^ width=5 ^ entropia=1,freq ceros=5 ^ freq dos=1 ^ pasos=1 ^ simetria=1 ^ time entropy=1,0.738122,0.290881,0.147051,0.152388
r27=0 ^ width=5 ^ entropia=1,freq ceros=5 ^ freq dos=1 ^ pasos=1 ^ simetria=1 ^ time entropy=1,0.738122,0.290881,0.147051,0.152388
r27=0 ^ width=5 ^ entropia=1,freq ceros=5 ^ freq dos=1 ^ pasos=1 ^ simetria=1,0.735328,0.295067,0.149175,0.154267
r27=0 ^ width=5 ^ entropia=1,freq ceros=5 ^ freq dos=1 ^ pasos=1 ^ simetria=1,0.735328,0.295067,0.149175,0.154267
r18=1 ^ r24=0 ^ width=5 ^ entropia=1,freq ceros=5 ^ pasos=1 ^ simetria=1 ^ time entropy=1,0.691652,0.346858,0.175092,0.184100
r24=0 ^ r26=1 ^ width=5 ^ entropia=1,freq ceros=5 ^ freq dos=1 ^ pasos=1 ^ simetria=1,0.778499,0.243188,0.122721,0.125723
r18=1 ^ r24=0 ^ width=5 ^ entropia=1,freq ceros=5 ^ freq dos=1 ^ pasos=1 ^ simetria=1,0.780557,0.240345,0.121283,0.124409
r24=0 ^ r26=1 ^ width=5 ^ entropia=1,freq ceros=5 ^ freq dos=1 ^ pasos=1 ^ simetria=1,0.778499,0.243188,0.122721,0.125723
r18=1 ^ r26=1 ^ width=5 ^ entropia=1,freq ceros=5 ^ freq dos=1 ^ pasos=1 ^ simetria=1,0.816859,0.199016,0.100578,0.101898
