antecedente,consecuente,jaccard,cosine,phi,kappa
r18=0 ^ r24=1 ^ r26=0 ^ r27=0,freq ceros=1 ^ freq unos=1 ^ freq dos=1 ^ width=1 ^ pasos=1 ^ simetria=1 ^ actividad=1 ^ entropia=1 ^ time entropy=1,0.407091,0.723926,0.367819,0.428925
r18=0 ^ r24=1 ^ r26=0 ^ r27=0,freq ceros=1 ^ freq unos=1 ^ freq dos=1 ^ width=1 ^ pasos=1 ^ simetria=1 ^ actividad=1 ^ entropia=1 ^ time entropy=1,0.407091,0.723926,0.367819,0.428925
r18=0 ^ r24=1 ^ r26=0 ^ r27=0,freq ceros=1 ^ freq unos=1 ^ freq dos=1 ^ width=1 ^ pasos=1 ^ simetria=1 ^ actividad=1 ^ entropia=1 ^ time entropy=1,0.407091,0.723926,0.367819,0.428925
r18=0 ^ r24=1 ^ r26=0 ^ r27=0,freq ceros=1 ^ freq unos=1 ^ freq dos=1 ^ width=1 ^ pasos=1 ^ simetria=1 ^ actividad=1 ^ entropia=1 ^ time entropy=1,0.407091,0.723926,0.367819,0.428925
r18=0 ^ r24=1 ^ r26=0 ^ r27=0,freq ceros=1 ^ freq unos=1 ^ freq dos=1 ^ width=1 ^ pasos=1 ^ simetria=1 ^ actividad=1 ^ entropia=1 ^ time entropy=1,0.407091,0.723926,0.367819,0.428925
r18=0 ^ r24=1 ^ r26=0 ^ r27=0,freq ceros=1 ^ freq unos=1 ^ freq dos=1 ^ width=1 ^ pasos=1 ^ simetria=1 ^ actividad=1 ^ entropia=1 ^ time entropy=1,0.407091,0.723926,0.367819,0.428925
r18=0 ^ r24=1 ^ r26=0 ^ r27=0,freq ceros=1 ^ freq unos=1 ^ freq dos=1 ^ width=1 ^ pasos=1 ^ simetria=1 ^ actividad=1 ^ entropia=1 ^ time entropy=1,0.407091,0.723926,0.367819,0.428925
r18=0 ^ r24=1 ^ r26=0 ^ r27=0,freq ceros=1 ^ freq unos=1 ^ freq dos=1 ^ width=1 ^ pasos=1 ^ simetria=1 ^ actividad=1 ^ entropia=1 ^ time entropy=1,0.407091,0.723926,0.367819,0.428925
r18=0 ^ r24=1 ^ r26=0 ^ r27=0,freq ceros=1 ^ freq unos=1 ^ freq dos=1 ^ width=1 ^ pasos=1 ^ simetria=1 ^ actividad=1 ^ entropia=1 ^ time entropy=1,0.407091,0.723926,0.367819,0.428925
r18=0 ^ r24=1 ^ r26=0 ^ r27=0,freq ceros=1 ^ freq unos=1 ^ freq dos=1 ^ width=1 ^ pasos=1 ^ simetria=1 ^ actividad=1 ^ entropia=1 ^ time entropy=1,0.407091,0.723926,0.367819,0.428925
r18=0 ^ r24=1 ^ r26=0 ^ r27=0,freq ceros=1 ^ freq unos=1 ^ freq dos=1 ^ width=1 ^ pasos=1 ^ simetria=1 ^ actividad=1 ^ entropia=1 ^ time entropy=1,0.407091,0.723926,0.367819,0.428925
r18=0 ^ r24=1 ^ r26=0 ^ r27=0,freq ceros=1 ^ freq unos=1 ^ freq dos=1 ^ width=1 ^ pasos=1 ^ simetria=1 ^ actividad=1 ^ entropia=1 ^ time entropy=1,0.407091,0.723926,0.367819,0.428925
r18=0 ^ r24=1 ^ r26=0 ^ r27=0,freq ceros=1 ^ freq unos=1 ^ freq dos=1 ^ width=1 ^ pasos=1 ^ simetria=1 ^ actividad=1 ^ entropia=1 ^ time entropy=1,0.407091,0.723926,0.367819,0.428925
r18=0 ^ r24=1 ^ r26=0 ^ r27=0,freq unos=1 ^ freq dos=1 ^ width=1 ^ pasos=1 ^ simetria=1 ^ actividad=1 ^ entropia=1,0.405837,0.725893,0.368823,0.430222
r18=0 ^ r24=1 ^ r26=0 ^ r27=0,freq unos=1 ^ freq dos=1 ^ width=1 ^ pasos=1 ^ simetria=1 ^ actividad=1 ^ entropia=1,0.405837,0.725893,0.368823,0.430222
r18=0 ^ r24=1 ^ r26=0 ^ r27=0,freq unos=1 ^ freq dos=1 ^ width=1 ^ pasos=1 ^ simetria=1 ^ actividad=1 ^ entropia=1 ^ time entropy=1,0.407011,0.724052,0.367883,0.429008
r18=0 ^ r24=1 ^ r26=0 ^ r27=0,freq ceros=1 ^ freq unos=1 ^ freq dos=1 ^ width=1 ^ pasos=1 ^ simetria=1 ^ actividad=1 ^ entropia=1 ^ time entropy=1,0.407091,0.723926,0.367819,0.428925
r18=0 ^ r24=1 ^ r26=0 ^ r27=0,freq ceros=1 ^ freq unos=1 ^ freq dos=1 ^ width=1 ^ pasos=1 ^ simetria=1 ^ actividad=1 ^ entropia=1 ^ time entropy=1,0.407091,0.723926,0.367819,0.428925
r18=0 ^ r24=1 ^ r26=0 ^ r27=0,freq ceros=1 ^ freq unos=1 ^ freq dos=1 ^ width=1 ^ pasos=1 ^ simetria=1 ^ actividad=1 ^ entropia=1 ^ time entropy=1,0.407091,0.723926,0.367819,0.428925
r18=0 ^ r24=1 ^ r26=0 ^ r27=0,freq unos=1 ^ freq dos=1 ^ width=1 ^ pasos=1 ^ simetria=1 ^ actividad=1 ^ entropia=1,0.405837,0.725893,0.368823,0.430222
r18=0 ^ r24=1 ^ r26=0 ^ r27=0,freq ceros=1 ^ freq unos=1 ^ width=1 ^ pasos=1 ^ simetria=1 ^ actividad=1 ^ entropia=1 ^ time entropy=1,0.391995,0.747810,0.380026,0.444703
r18=0 ^ r24=1 ^ r26=0 ^ r27=0,freq dos=1 ^ width=1 ^ pasos=1 ^ simetria=1 ^ actividad=1 ^ entropia=1,0.385806,0.757734,0.385101,0.451272
r18=0 ^ r24=1 ^ r26=0 ^ r27=0,freq dos=1 ^ width=1 ^ pasos=1 ^ simetria=1 ^ actividad=1 ^ entropia=1,0.385806,0.757734,0.385101,0.451272
r18=0 ^ r24=1 ^ r26=0 ^ r27=0,freq dos=1 ^ width=1 ^ pasos=1 ^ simetria=1 ^ actividad=1 ^ entropia=1,0.385806,0.757734,0.385101,0.451272
r18=0 ^ r24=1 ^ r26=0 ^ r27=0,freq ceros=1 ^ freq unos=1 ^ width=1 ^ pasos=1 ^ simetria=1 ^ actividad=1,0.388114,0.754023,0.383203,0.448815
r18=0 ^ r24=1 ^ r26=0 ^ r27=0,freq unos=1 ^ freq dos=1 ^ width=1 ^ pasos=1 ^ simetria=1 ^ actividad=1,0.405837,0.725893,0.368823,0.430222
r18=0 ^ r24=1 ^ r26=0 ^ r27=0,freq ceros=1 ^ freq unos=1 ^ freq dos=1 ^ width=1 ^ pasos=1 ^ simetria=1 ^ actividad=1 ^ entropia=1 ^ time entropy=1,0.407091,0.723926,0.367819,0.428925
r18=0 ^ r24=1 ^ r26=0 ^ r27=0,freq ceros=1 ^ freq dos=1 ^ width=1 ^ pasos=1 ^ simetria=1 ^ actividad=1 ^ entropia=1,0.385890,0.757599,0.385031,0.451183
r18=0 ^ r24=1 ^ r26=0 ^ r27=0,freq ceros=1 ^ freq unos=1 ^ width=1 ^ pasos=1 ^ simetria=1 ^ entropia=1 ^ time entropy=1,0.356508,0.805835,0.409716,0.483200
r26=0 ^ freq unos=1 ^ transitoriedad=1,freq ceros=1 ^ width=1 ^ entropia=1,0.327396,0.857686,0.454250,0.539505
r26=0 ^ freq unos=1 ^ entropia=1 ^ transitoriedad=1,freq ceros=1 ^ width=1,0.300433,0.904222,0.479582,0.573432
r26=0 ^ freq unos=1 ^ transitoriedad=1,freq ceros=1 ^ width=1 ^ entropia=1,0.327396,0.857686,0.454250,0.539505
r18=0 ^ r24=1 ^ r26=0 ^ r27=0,freq ceros=1 ^ freq unos=1 ^ width=1 ^ pasos=1 ^ simetria=1,0.352772,0.812108,0.412929,0.487373
r18=0 ^ r24=1 ^ r26=0 ^ r27=0,freq ceros=1 ^ freq unos=1 ^ width=1 ^ pasos=1 ^ simetria=1 ^ actividad=1 ^ time entropy=1,0.391995,0.747810,0.380026,0.444703
r18=0 ^ r24=1 ^ r26=0 ^ r27=0,freq ceros=1 ^ freq unos=1 ^ width=1 ^ pasos=1 ^ simetria=1 ^ entropia=1 ^ time entropy=1,0.356508,0.805835,0.409716,0.483200
r18=0 ^ r24=1 ^ r26=0 ^ r27=0,freq ceros=1 ^ freq unos=1 ^ freq dos=1 ^ width=1 ^ pasos=1 ^ actividad=1 ^ time entropy=1,0.286623,0.929256,0.473052,0.565344
r24=1 ^ freq ceros=1 ^ transitoriedad=1,width=1,0.218538,1.065040,0.572463,0.690920
r24=0 ^ r27=0 ^ simetria=2 ^ transitoriedad=2,pasos=1,0.088184,1.406083,0.944598,0.993880
r18=0 ^ r24=1 ^ r26=0 ^ r27=0,freq ceros=1 ^ freq unos=1 ^ freq dos=1 ^ width=1 ^ pasos=1 ^ actividad=1 ^ time entropy=1,0.286623,0.929256,0.473052,0.565344
r18=0 ^ r24=1 ^ r26=0 ^ r27=0,freq ceros=1 ^ freq unos=1 ^ width=1 ^ pasos=1 ^ simetria=1,0.352772,0.812108,0.412929,0.487373
r18=0 ^ r24=1 ^ r26=0 ^ r27=0,freq ceros=1 ^ freq unos=1 ^ width=1 ^ pasos=1 ^ simetria=1 ^ entropia=1 ^ time entropy=1,0.356508,0.805835,0.409716,0.483200
r18=0 ^ r24=1 ^ r26=0 ^ r27=0,freq ceros=1 ^ freq unos=1 ^ freq dos=1 ^ width=1 ^ pasos=1,0.240176,1.019845,0.519745,0.625165
r15=0 ^ r27=0 ^ entropia=1 ^ transitoriedad=1,freq unos=1 ^ width=1,0.108055,1.343983,0.689878,0.823731
r18=0 ^ r24=1 ^ r26=0 ^ r27=0,freq ceros=1 ^ freq unos=1 ^ width=1 ^ pasos=1 ^ actividad=1,0.216610,1.069173,0.545266,0.657299
r18=0 ^ r24=1 ^ r26=0 ^ r27=0,freq ceros=1 ^ freq unos=1 ^ width=1 ^ pasos=1 ^ simetria=1,0.352772,0.812108,0.412929,0.487373
r18=0 ^ r24=1 ^ r26=0 ^ r27=0,freq ceros=1 ^ freq unos=1 ^ freq dos=1 ^ width=1 ^ pasos=1 ^ actividad=1 ^ time entropy=1,0.286623,0.929256,0.473052,0.565344
r18=0 ^ r24=1 ^ r26=0 ^ r27=0,freq ceros=1 ^ freq unos=1 ^ freq dos=1 ^ width=1 ^ pasos=1,0.240176,1.019845,0.519745,0.625165
r18=0 ^ r24=1 ^ r26=0 ^ r27=0,freq ceros=1 ^ freq unos=1 ^ width=1 ^ simetria=1 ^ actividad=1 ^ time entropy=1,0.230798,1.039171,0.529735,0.637802
r18=0 ^ r24=1 ^ r26=0 ^ r27=0,freq ceros=1 ^ freq unos=1 ^ freq dos=1 ^ width=1 ^ pasos=1 ^ actividad=1 ^ time entropy=1,0.286623,0.929256,0.473052,0.565344
r18=0 ^ r24=1 ^ r26=0 ^ r27=0,freq ceros=1 ^ freq unos=1 ^ freq dos=1 ^ width=1 ^ pasos=1 ^ actividad=1 ^ time entropy=1,0.286623,0.929256,0.473052,0.565344
r18=0 ^ r24=1 ^ r26=0 ^ r27=0,freq ceros=1 ^ freq unos=1 ^ freq dos=1 ^ width=1 ^ pasos=1 ^ actividad=1 ^ time entropy=1,0.286623,0.929256,0.473052,0.565344
r18=0 ^ r24=1 ^ r26=0 ^ r27=0,freq ceros=1 ^ freq unos=1 ^ freq dos=1 ^ width=1 ^ pasos=1 ^ actividad=1 ^ time entropy=1,0.286623,0.929256,0.473052,0.565344
r18=0 ^ r24=1 ^ r26=0 ^ r27=0,freq unos=1 ^ width=1 ^ pasos=1 ^ simetria=1,0.352641,0.812328,0.413041,0.487519
r18=0 ^ r24=1 ^ r26=0 ^ r27=0,freq ceros=1 ^ freq unos=1 ^ width=1 ^ pasos=1 ^ simetria=1,0.352772,0.812108,0.412929,0.487373
r18=0 ^ r24=1 ^ r26=0 ^ r27=0,freq ceros=1 ^ freq unos=1 ^ width=1 ^ pasos=1 ^ simetria=1 ^ entropia=1,0.352812,0.812040,0.412894,0.487328
r18=0 ^ r24=1 ^ r26=0 ^ r27=0,freq ceros=1 ^ freq unos=1 ^ freq dos=1 ^ width=1 ^ pasos=1 ^ simetria=1 ^ actividad=1 ^ entropia=1 ^ time entropy=1,0.407091,0.723926,0.367819,0.428925
r18=0 ^ r24=1 ^ r26=0 ^ r27=0,freq ceros=1 ^ freq unos=1 ^ freq dos=1 ^ width=1 ^ pasos=1 ^ simetria=1 ^ actividad=1 ^ entropia=1 ^ time entropy=1,0.407091,0.723926,0.367819,0.428925
r18=0 ^ r24=1 ^ r26=0 ^ r27=0,freq unos=1 ^ freq dos=1 ^ width=1 ^ pasos=1 ^ simetria=1 ^ actividad=1 ^ entropia=1,0.405837,0.725893,0.368823,0.430222
r18=0 ^ r24=1 ^ r26=0 ^ r27=0,freq unos=1 ^ freq dos=1 ^ width=1 ^ pasos=1 ^ simetria=1 ^ actividad=1 ^ entropia=1,0.405837,0.725893,0.368823,0.430222
r18=0 ^ r24=1 ^ r26=0 ^ r27=0,freq unos=1 ^ freq dos=1 ^ width=1 ^ pasos=1 ^ simetria=1 ^ actividad=1 ^ entropia=1,0.405837,0.725893,0.368823,0.430222
r18=0 ^ r24=1 ^ r26=0 ^ r27=0,freq unos=1 ^ freq dos=1 ^ width=1 ^ pasos=1 ^ simetria=1 ^ actividad=1 ^ entropia=1,0.405837,0.725893,0.368823,0.430222
r18=0 ^ r24=1 ^ r26=0 ^ r27=0,freq ceros=1 ^ freq unos=1 ^ freq dos=1 ^ width=1 ^ pasos=1 ^ simetria=1 ^ actividad=1 ^ entropia=1 ^ time entropy=1,0.407091,0.723926,0.367819,0.428925
r18=0 ^ r24=1 ^ r26=0 ^ r27=0,freq ceros=1 ^ freq unos=1 ^ freq dos=1 ^ width=1 ^ pasos=1 ^ simetria=1 ^ actividad=1 ^ entropia=1 ^ time entropy=1,0.407091,0.723926,0.367819,0.428925
r18=0 ^ r24=1 ^ r26=0 ^ r27=0,freq ceros=1 ^ freq unos=1 ^ freq dos=1 ^ width=1 ^ pasos=1 ^ simetria=1 ^ actividad=1 ^ entropia=1 ^ time entropy=1,0.407091,0.723926,0.367819,0.428925
r18=0 ^ r24=1 ^ r26=0 ^ r27=0,freq unos=1 ^ freq dos=1 ^ width=1 ^ pasos=1 ^ simetria=1 ^ actividad=1 ^ entropia=1,0.405837,0.725893,0.368823,0.430222
r18=0 ^ r24=1 ^ r26=0 ^ r27=0,freq ceros=1 ^ freq unos=1 ^ width=1 ^ pasos=1 ^ simetria=1 ^ actividad=1 ^ entropia=1 ^ time entropy=1,0.391995,0.747810,0.380026,0.444703
r18=0 ^ r24=1 ^ r26=0 ^ r27=0,freq dos=1 ^ width=1 ^ pasos=1 ^ simetria=1 ^ actividad=1 ^ entropia=1,0.385806,0.757734,0.385101,0.451272
r18=0 ^ r24=1 ^ r26=0 ^ r27=0,freq dos=1 ^ width=1 ^ pasos=1 ^ simetria=1 ^ actividad=1 ^ entropia=1,0.385806,0.757734,0.385101,0.451272
r27=1,pasos=1,0.334485,0.851853,0.961198,0.990202
r18=0 ^ r24=1 ^ r26=0 ^ r27=0,freq unos=1 ^ width=1 ^ pasos=1 ^ simetria=1 ^ actividad=1,0.387969,0.754258,0.383323,0.448970
r18=0 ^ r24=1 ^ r26=0 ^ r27=0,freq unos=1 ^ freq dos=1 ^ width=1 ^ pasos=1 ^ simetria=1 ^ actividad=1 ^ entropia=1,0.405837,0.725893,0.368823,0.430222
r18=0 ^ r24=1 ^ r26=0 ^ r27=0,freq ceros=1 ^ freq unos=1 ^ freq dos=1 ^ width=1 ^ pasos=1 ^ simetria=1 ^ actividad=1 ^ entropia=1 ^ time entropy=1,0.407091,0.723926,0.367819,0.428925
r18=0 ^ r24=1 ^ r26=0 ^ r27=0,freq ceros=1 ^ freq dos=1 ^ width=1 ^ pasos=1 ^ simetria=1 ^ actividad=1 ^ entropia=1,0.385890,0.757599,0.385031,0.451183
r18=0 ^ r24=1 ^ r26=0 ^ r27=0,freq ceros=1 ^ freq unos=1 ^ width=1 ^ pasos=1 ^ simetria=1 ^ entropia=1 ^ time entropy=1,0.356508,0.805835,0.409716,0.483200
r26=0 ^ entropia=1 ^ transitoriedad=1,freq ceros=1 ^ width=1,0.343985,0.827962,0.441754,0.524086
r27=0 ^ simetria=2 ^ transitoriedad=2,pasos=1,0.292004,0.919252,0.886159,0.974412
r27=0,pasos=1,0.321386,0.885460,1.073534,1.018548
r18=0 ^ r24=1 ^ r26=0 ^ r27=0,freq unos=1 ^ width=1 ^ pasos=1 ^ simetria=1 ^ actividad=1,0.387969,0.754258,0.383323,0.448970
r18=0 ^ r24=1 ^ r26=0 ^ r27=0,freq unos=1 ^ width=1 ^ pasos=1 ^ simetria=1 ^ actividad=1 ^ time entropy=1,0.391896,0.747968,0.380107,0.444808
r18=0 ^ r24=1 ^ r26=0 ^ r27=0,freq ceros=1 ^ freq unos=1 ^ width=1 ^ pasos=1 ^ simetria=1 ^ entropia=1 ^ time entropy=1,0.356508,0.805835,0.409716,0.483200
r26=0 ^ freq unos=1 ^ transitoriedad=1,freq ceros=1 ^ width=1 ^ entropia=1,0.327396,0.857686,0.454250,0.539505
r27=0 ^ freq ceros=1,width=1 ^ entropia=1,0.271812,0.957718,0.507947,0.609841
r27=0,entropia=1,0.241983,1.216861,0.871186,0.872465
r18=0 ^ freq ceros=1 ^ transitoriedad=1,width=1 ^ entropia=1,0.320237,0.872862,0.466758,0.553725
r18=0 ^ r24=1 ^ r26=0 ^ r27=0,freq ceros=1 ^ freq unos=1 ^ width=1 ^ pasos=1 ^ simetria=1,0.352772,0.812108,0.412929,0.487373
r26=0 ^ freq unos=1 ^ transitoriedad=1,freq ceros=1 ^ width=1 ^ entropia=1,0.327396,0.857686,0.454250,0.539505
r27=0 ^ freq ceros=1 ^ freq unos=1 ^ transitoriedad=1,width=1 ^ entropia=1,0.258471,0.983270,0.520422,0.625970
r27=0 ^ freq unos=1 ^ entropia=1 ^ transitoriedad=1,width=1,0.184802,1.140227,0.608225,0.733873
r1=1 ^ r14=1,freq unos=5 ^ pasos=1,0.253948,1.154437,0.675278,0.693968
r24=1 ^ r26=0 ^ r27=0 ^ transitoriedad=1,freq ceros=1 ^ freq unos=1 ^ freq dos=1 ^ width=1 ^ pasos=1 ^ actividad=1 ^ time entropy=1,0.307044,0.910690,0.464682,0.541741
r18=0 ^ r24=1 ^ r26=0 ^ r27=0,freq ceros=1 ^ freq unos=1 ^ freq dos=1 ^ width=1 ^ pasos=1 ^ actividad=1 ^ time entropy=1,0.286623,0.929256,0.473052,0.565344
r18=0 ^ r24=1 ^ r26=0 ^ r27=0,freq ceros=1 ^ freq unos=1 ^ width=1 ^ simetria=1 ^ actividad=1,0.226909,1.047301,0.533941,0.643101
r17=0 ^ r24=0 ^ r27=0 ^ freq ceros=1,freq unos=1 ^ pasos=2 ^ simetria=1 ^ actividad=1 ^ entropia=1 ^ time entropy=1,0.180001,1.236129,0.623877,0.701080
r27=0 ^ freq ceros=1 ^ transitoriedad=1,freq unos=1 ^ freq dos=1 ^ width=1 ^ pasos=2 ^ simetria=1 ^ entropia=1,0.282894,1.089217,0.560424,0.575118
r18=0 ^ r24=1 ^ r26=0 ^ r27=0,freq ceros=1 ^ freq unos=1 ^ freq dos=1 ^ width=1 ^ pasos=1 ^ actividad=1 ^ time entropy=1,0.286623,0.929256,0.473052,0.565344
r18=0 ^ r24=1 ^ r26=0 ^ r27=0,freq ceros=1 ^ freq unos=1 ^ freq dos=1 ^ width=1 ^ pasos=1 ^ time entropy=1,0.253831,0.992366,0.505560,0.607108
r18=0 ^ r24=1 ^ r26=0 ^ r27=0,freq unos=1 ^ freq dos=1 ^ width=1 ^ pasos=1 ^ actividad=1 ^ time entropy=1,0.286557,0.929380,0.473116,0.565426
r18=0 ^ r24=1 ^ r26=0 ^ r27=0,freq ceros=1 ^ freq unos=1 ^ freq dos=1 ^ width=1 ^ pasos=1 ^ actividad=1 ^ time entropy=1,0.286623,0.929256,0.473052,0.565344
r18=0 ^ r24=1 ^ r26=0 ^ r27=0,freq ceros=1 ^ freq unos=1 ^ freq dos=1 ^ width=1 ^ pasos=1 ^ actividad=1 ^ time entropy=1,0.286623,0.929256,0.473052,0.565344
r18=0 ^ r24=1 ^ r26=0 ^ r27=0,freq unos=1 ^ width=1 ^ pasos=1 ^ simetria=1,0.352641,0.812328,0.413041,0.487519
r18=0 ^ r24=1 ^ r26=0 ^ r27=0,freq unos=1 ^ freq dos=1 ^ width=1 ^ pasos=1 ^ simetria=1 ^ actividad=1 ^ entropia=1,0.405837,0.725893,0.368823,0.430222
r18=0 ^ r24=1 ^ r26=0 ^ r27=0,freq unos=1 ^ freq dos=1 ^ width=1 ^ pasos=1 ^ simetria=1 ^ actividad=1 ^ entropia=1,0.405837,0.725893,0.368823,0.430222
r18=0 ^ r24=1 ^ r26=0 ^ r27=0,freq ceros=1 ^ freq unos=1 ^ width=1 ^ pasos=1 ^ simetria=1 ^ actividad=1 ^ entropia=1 ^ time entropy=1,0.391995,0.747810,0.380026,0.444703
r18=0 ^ r24=1 ^ r26=0 ^ r27=0,freq ceros=1 ^ freq unos=1 ^ width=1 ^ pasos=1 ^ simetria=1 ^ actividad=1 ^ entropia=1 ^ time entropy=1,0.391995,0.747810,0.380026,0.444703
r18=0 ^ r24=1 ^ r26=0 ^ r27=0,freq ceros=1 ^ freq unos=1 ^ width=1 ^ pasos=1 ^ simetria=1 ^ actividad=1 ^ time entropy=1,0.391995,0.747810,0.380026,0.444703
r18=0 ^ r24=1 ^ r26=0 ^ r27=0,freq ceros=1 ^ freq unos=1 ^ width=1 ^ pasos=1 ^ simetria=1 ^ actividad=1 ^ time entropy=1,0.391995,0.747810,0.380026,0.444703
r18=0 ^ r24=1 ^ r26=0 ^ r27=0,freq unos=1 ^ freq dos=1 ^ width=1 ^ pasos=1 ^ simetria=1 ^ actividad=1 ^ entropia=1,0.405837,0.725893,0.368823,0.430222
r18=0 ^ r24=1 ^ r26=0 ^ r27=0,freq ceros=1 ^ freq unos=1 ^ freq dos=1 ^ width=1 ^ pasos=1 ^ simetria=1 ^ actividad=1 ^ entropia=1 ^ time entropy=1,0.407091,0.723926,0.367819,0.428925
r18=0 ^ r24=1 ^ r26=0 ^ r27=0,freq ceros=1 ^ freq unos=1 ^ width=1 ^ pasos=1 ^ simetria=1 ^ actividad=1 ^ entropia=1 ^ time entropy=1,0.391995,0.747810,0.380026,0.444703
r18=0 ^ r24=1 ^ r26=0 ^ r27=0,freq dos=1 ^ width=1 ^ pasos=1 ^ simetria=1 ^ actividad=1 ^ entropia=1,0.385806,0.757734,0.385101,0.451272
r27=0 ^ freq ceros=1 ^ transitoriedad=1,width=1 ^ actividad=1 ^ entropia=1,0.364208,0.794814,0.418292,0.493029
r24=2 ^ transitoriedad=2,pasos=1 ^ simetria=2,0.323713,0.865936,0.822155,0.931236
r27=1,pasos=1,0.334485,0.851853,0.961198,0.990202
r18=0 ^ r24=1 ^ r26=0 ^ r27=0,freq unos=1 ^ width=1 ^ pasos=1 ^ simetria=1 ^ actividad=1,0.387969,0.754258,0.383323,0.448970
r18=0 ^ r24=1 ^ r26=0 ^ r27=0,freq ceros=1 ^ freq unos=1 ^ width=1 ^ pasos=1 ^ simetria=1 ^ actividad=1 ^ time entropy=1,0.391995,0.747810,0.380026,0.444703
r18=0 ^ r24=1 ^ r26=0 ^ r27=0,freq dos=1 ^ width=1 ^ pasos=1 ^ simetria=1 ^ actividad=1 ^ entropia=1,0.385806,0.757734,0.385101,0.451272
r26=0 ^ entropia=1 ^ transitoriedad=1,freq ceros=1 ^ width=1,0.343985,0.827962,0.441754,0.524086
r26=0 ^ entropia=1 ^ transitoriedad=1,freq ceros=1 ^ width=1,0.343985,0.827962,0.441754,0.524086
r3=0 ^ pasos=1 ^ simetria=2,transitoriedad=2,0.325092,0.873570,0.845096,0.931929
r26=0 ^ transitoriedad=1,freq ceros=1 ^ width=1,0.348010,0.822284,0.439098,0.519765
r18=0 ^ r24=1 ^ r26=0 ^ r27=0,freq unos=1 ^ width=1 ^ pasos=1 ^ simetria=1 ^ actividad=1,0.387969,0.754258,0.383323,0.448970
r26=0 ^ entropia=1 ^ transitoriedad=1,freq ceros=1 ^ width=1,0.343985,0.827962,0.441754,0.524086
r26=0 ^ freq unos=1 ^ entropia=1 ^ transitoriedad=1,freq ceros=1 ^ width=1,0.300433,0.904222,0.479582,0.573432
r26=0 ^ freq ceros=1 ^ freq unos=1 ^ transitoriedad=1,width=1 ^ entropia=1,0.281117,0.940923,0.499838,0.598813
r14=1 ^ pasos=1,freq unos=5,0.334305,0.968084,0.644856,0.663145
r18=0 ^ r24=1 ^ r26=0 ^ r27=0,freq unos=1 ^ width=1 ^ pasos=1 ^ simetria=1,0.352641,0.812328,0.413041,0.487519
r26=0 ^ r27=0 ^ freq ceros=1 ^ transitoriedad=1,width=1 ^ actividad=1 ^ entropia=1,0.305177,0.896140,0.468766,0.559095
r18=0 ^ r24=1 ^ r26=0 ^ r27=0,freq ceros=1 ^ freq unos=1 ^ freq dos=1 ^ width=1 ^ pasos=1 ^ actividad=1,0.275372,0.950481,0.483975,0.579427
r17=0 ^ freq ceros=1 ^ freq unos=1,width=1 ^ actividad=1 ^ entropia=1,0.275278,1.031802,0.546426,0.601899
r24=1 ^ transitoriedad=1,freq ceros=1 ^ freq unos=1 ^ width=1 ^ simetria=1 ^ entropia=1 ^ time entropy=1,0.329441,1.000708,0.526492,0.530730
r18=0 ^ r24=1 ^ r26=0 ^ r27=0,freq ceros=1 ^ freq unos=1 ^ freq dos=1 ^ width=1 ^ pasos=1 ^ actividad=1 ^ time entropy=1,0.286623,0.929256,0.473052,0.565344
r18=0 ^ r24=1 ^ r26=0 ^ r27=0,freq ceros=1 ^ freq unos=1 ^ freq dos=1 ^ width=1 ^ pasos=1 ^ actividad=1,0.275372,0.950481,0.483975,0.579427
r18=0 ^ r26=0 ^ r27=0 ^ transitoriedad=1,freq unos=1 ^ freq dos=1 ^ width=1 ^ pasos=2 ^ actividad=1 ^ entropia=1,0.303447,1.068289,0.549388,0.549643
r18=0 ^ r24=1 ^ r26=0 ^ r27=0,freq ceros=1 ^ freq unos=1 ^ freq dos=1 ^ width=1 ^ pasos=1 ^ actividad=1 ^ time entropy=1,0.286623,0.929256,0.473052,0.565344
r18=0 ^ r24=1 ^ r27=0 ^ transitoriedad=1,width=1 ^ pasos=1 ^ simetria=1,0.318401,0.919159,0.468844,0.527803
r18=0 ^ r24=1 ^ r26=0 ^ r27=0,freq unos=1 ^ width=1 ^ pasos=1 ^ simetria=1,0.352641,0.812328,0.413041,0.487519
r18=0 ^ r24=1 ^ r26=0 ^ r27=0,freq unos=1 ^ freq dos=1 ^ width=1 ^ pasos=1 ^ simetria=1 ^ actividad=1 ^ entropia=1,0.405837,0.725893,0.368823,0.430222
r18=0 ^ r24=1 ^ r26=0 ^ r27=0,freq unos=1 ^ freq dos=1 ^ width=1 ^ pasos=1 ^ simetria=1 ^ actividad=1 ^ entropia=1,0.405837,0.725893,0.368823,0.430222
r18=0 ^ r24=1 ^ r26=0 ^ r27=0,freq ceros=1 ^ freq unos=1 ^ width=1 ^ pasos=1 ^ simetria=1 ^ actividad=1 ^ entropia=1 ^ time entropy=1,0.391995,0.747810,0.380026,0.444703
r18=0 ^ r24=1 ^ r26=0 ^ r27=0,freq ceros=1 ^ freq unos=1 ^ width=1 ^ pasos=1 ^ simetria=1 ^ actividad=1 ^ time entropy=1,0.391995,0.747810,0.380026,0.444703
r18=0 ^ r24=1 ^ r26=0 ^ r27=0,freq ceros=1 ^ freq unos=1 ^ width=1 ^ pasos=1 ^ simetria=1 ^ actividad=1 ^ time entropy=1,0.391995,0.747810,0.380026,0.444703
r18=0 ^ r24=1 ^ r26=0 ^ r27=0,freq unos=1 ^ freq dos=1 ^ width=1 ^ pasos=1 ^ simetria=1 ^ actividad=1 ^ entropia=1,0.405837,0.725893,0.368823,0.430222
r18=0 ^ r24=1 ^ r26=0 ^ r27=0,freq ceros=1 ^ freq unos=1 ^ freq dos=1 ^ width=1 ^ pasos=1 ^ simetria=1 ^ actividad=1 ^ entropia=1 ^ time entropy=1,0.407091,0.723926,0.367819,0.428925
r18=0 ^ r24=1 ^ r26=0 ^ r27=0,freq ceros=1 ^ freq unos=1 ^ width=1 ^ pasos=1 ^ simetria=1 ^ actividad=1 ^ entropia=1 ^ time entropy=1,0.391995,0.747810,0.380026,0.444703
r26=0 ^ freq unos=1 ^ entropia=1 ^ transitoriedad=1,freq ceros=1 ^ width=1 ^ actividad=1,0.384034,0.767114,0.405008,0.472338
r18=0 ^ transitoriedad=1,freq ceros=1 ^ width=1 ^ entropia=1,0.372278,0.786274,0.419198,0.490629
r18=0 ^ transitoriedad=1,freq ceros=1 ^ width=1 ^ entropia=1,0.372278,0.786274,0.419198,0.490629
r26=0 ^ freq unos=1 ^ entropia=1 ^ transitoriedad=1,freq ceros=1 ^ width=1 ^ actividad=1,0.384034,0.767114,0.405008,0.472338
r18=0 ^ r24=1 ^ r26=0 ^ r27=0,freq ceros=1 ^ freq unos=1 ^ width=1 ^ pasos=1 ^ simetria=1 ^ actividad=1 ^ time entropy=1,0.391995,0.747810,0.380026,0.444703
r27=0 ^ freq ceros=1 ^ transitoriedad=1,width=1 ^ actividad=1 ^ entropia=1,0.364208,0.794814,0.418292,0.493029
r26=0 ^ transitoriedad=1,freq ceros=1 ^ width=1,0.348010,0.822284,0.439098,0.519765
r26=0 ^ entropia=1 ^ transitoriedad=1,freq ceros=1 ^ width=1,0.343985,0.827962,0.441754,0.524086
r27=1 ^ pasos=1 ^ transitoriedad=2,freq unos=5,0.396627,0.841215,0.552730,0.568078
r18=0 ^ freq unos=1 ^ entropia=1 ^ transitoriedad=1,width=1 ^ actividad=1,0.379063,0.774871,0.409090,0.477848
r27=0 ^ freq ceros=1 ^ freq unos=1 ^ transitoriedad=1,width=1 ^ actividad=1,0.355687,0.808667,0.425477,0.502616
r26=0 ^ freq unos=1 ^ transitoriedad=1,freq ceros=1 ^ width=1 ^ entropia=1,0.327396,0.857686,0.454250,0.539505
r27=1 ^ simetria=2 ^ transitoriedad=2,freq unos=5,0.391353,0.853889,0.560186,0.574171
r18=0 ^ freq ceros=1 ^ freq unos=1 ^ entropia=1,width=1 ^ actividad=1,0.362191,0.842245,0.448017,0.499432
r18=0 ^ r24=1 ^ r26=0 ^ r27=0,freq unos=1 ^ width=1 ^ pasos=1 ^ simetria=1,0.352641,0.812328,0.413041,0.487519
r18=0 ^ r24=1 ^ r27=0 ^ transitoriedad=1,freq ceros=1 ^ width=1 ^ pasos=1 ^ simetria=1 ^ entropia=1 ^ time entropy=1,0.325009,0.907466,0.462812,0.520016
r24=1 ^ transitoriedad=1,freq ceros=1 ^ freq unos=1 ^ pasos=1 ^ simetria=1 ^ entropia=1,0.357090,0.940728,0.489479,0.493005
r18=0 ^ r24=1 ^ r26=0 ^ r27=0,freq unos=1 ^ width=1 ^ pasos=1 ^ simetria=1,0.352641,0.812328,0.413041,0.487519
r24=1 ^ r27=0 ^ transitoriedad=1,freq unos=1 ^ width=1 ^ pasos=1 ^ simetria=1 ^ actividad=1,0.349162,0.907981,0.463951,0.493136
r18=0 ^ r24=1 ^ r26=0 ^ r27=0,freq unos=1 ^ width=1 ^ pasos=1 ^ simetria=1,0.352641,0.812328,0.413041,0.487519
r18=0 ^ r24=1 ^ r26=0 ^ r27=0,freq ceros=1 ^ freq unos=1 ^ freq dos=1 ^ width=1 ^ pasos=1 ^ simetria=1 ^ actividad=1 ^ entropia=1 ^ time entropy=1,0.407091,0.723926,0.367819,0.428925
r27=0 ^ freq ceros=1 ^ entropia=1 ^ transitoriedad=1,freq unos=1 ^ width=1 ^ actividad=1,0.417714,0.713121,0.374476,0.433418
r14=1 ^ r27=1 ^ pasos=1 ^ transitoriedad=2,freq unos=5,0.432878,0.711863,0.406148,0.455317
r14=1 ^ r27=1 ^ pasos=1 ^ transitoriedad=2,freq unos=5,0.432878,0.711863,0.406148,0.455317
r14=1 ^ r27=1 ^ pasos=1 ^ transitoriedad=2,freq unos=5,0.432878,0.711863,0.406148,0.455317
r27=0 ^ freq ceros=1 ^ entropia=1 ^ transitoriedad=1,freq unos=1 ^ width=1 ^ actividad=1,0.417714,0.713121,0.374476,0.433418
r18=0 ^ r24=1 ^ r26=0 ^ r27=0,freq ceros=1 ^ freq unos=1 ^ width=1 ^ pasos=1 ^ simetria=1 ^ actividad=1 ^ entropia=1 ^ time entropy=1,0.391995,0.747810,0.380026,0.444703
r26=0 ^ freq unos=1 ^ entropia=1 ^ transitoriedad=1,freq ceros=1 ^ width=1 ^ actividad=1,0.384034,0.767114,0.405008,0.472338
r14=1 ^ r27=1 ^ simetria=2 ^ transitoriedad=2,freq unos=5,0.424882,0.724700,0.412827,0.463518
r14=1 ^ r27=1 ^ simetria=2 ^ transitoriedad=2,freq unos=5,0.424882,0.724700,0.412827,0.463518
r14=1 ^ r27=1 ^ simetria=2 ^ transitoriedad=2,freq unos=5,0.424882,0.724700,0.412827,0.463518
r18=0 ^ r24=1 ^ r26=0 ^ r27=0,freq dos=1 ^ width=1 ^ pasos=1 ^ simetria=1 ^ actividad=1,0.385806,0.757734,0.385101,0.451272
r26=0 ^ freq unos=1 ^ entropia=1 ^ transitoriedad=1,width=1 ^ actividad=1,0.380782,0.772106,0.407704,0.476030
r14=1 ^ r27=1 ^ pasos=1 ^ simetria=2,freq unos=5 ^ transitoriedad=2,0.408919,0.775692,0.447085,0.485825
r14=1 ^ r27=1 ^ pasos=1 ^ simetria=2,freq unos=5 ^ transitoriedad=2,0.408919,0.775692,0.447085,0.485825
r18=0 ^ r24=1 ^ r26=0 ^ r27=0,freq ceros=1 ^ freq unos=1 ^ width=1 ^ pasos=1 ^ simetria=1 ^ entropia=1 ^ time entropy=1,0.356508,0.805835,0.409716,0.483200
r27=0 ^ freq ceros=1 ^ transitoriedad=1,width=1 ^ actividad=1 ^ entropia=1,0.364208,0.794814,0.418292,0.493029
r27=0 ^ freq ceros=1 ^ transitoriedad=1,freq unos=1 ^ freq dos=1 ^ width=1 ^ simetria=1 ^ entropia=1 ^ time entropy=1,0.402149,0.830239,0.434382,0.446327
r18=0 ^ r24=1 ^ r26=0 ^ r27=0,freq ceros=1 ^ freq unos=1 ^ width=1 ^ pasos=1 ^ simetria=1 ^ entropia=1 ^ time entropy=1,0.356508,0.805835,0.409716,0.483200
r18=0 ^ r24=1 ^ r27=0 ^ transitoriedad=1,freq ceros=1 ^ freq unos=1 ^ width=1 ^ pasos=1 ^ simetria=1 ^ actividad=1 ^ entropia=1 ^ time entropy=1,0.371362,0.828110,0.421953,0.467542
r18=0 ^ r24=1 ^ r26=0 ^ r27=0,freq ceros=1 ^ freq unos=1 ^ width=1 ^ pasos=1 ^ simetria=1 ^ entropia=1 ^ time entropy=1,0.356508,0.805835,0.409716,0.483200
r27=0 ^ freq ceros=1 ^ transitoriedad=1,freq unos=1 ^ width=1 ^ actividad=1 ^ entropia=1,0.418941,0.711456,0.373598,0.432118
r27=0 ^ freq ceros=1 ^ transitoriedad=1,freq unos=1 ^ width=1 ^ actividad=1 ^ entropia=1,0.418941,0.711456,0.373598,0.432118
r14=1 ^ r27=1 ^ pasos=1 ^ transitoriedad=2,freq unos=5,0.432878,0.711863,0.406148,0.455317
r14=1 ^ r27=1 ^ pasos=1 ^ transitoriedad=2,freq unos=5,0.432878,0.711863,0.406148,0.455317
r14=1 ^ r27=1 ^ pasos=1 ^ transitoriedad=2,freq unos=5,0.432878,0.711863,0.406148,0.455317
r27=0 ^ freq ceros=1 ^ entropia=1 ^ transitoriedad=1,freq unos=1 ^ width=1 ^ actividad=1,0.417714,0.713121,0.374476,0.433418
r14=1 ^ r27=1 ^ pasos=1 ^ transitoriedad=2,freq unos=5,0.432878,0.711863,0.406148,0.455317
r14=1 ^ r27=1 ^ pasos=1 ^ transitoriedad=2,freq unos=5,0.432878,0.711863,0.406148,0.455317
r14=1 ^ r27=1 ^ pasos=1 ^ transitoriedad=2,freq unos=5,0.432878,0.711863,0.406148,0.455317
r18=0 ^ r24=1 ^ r26=0 ^ r27=0,freq ceros=1 ^ freq unos=1 ^ freq dos=1 ^ width=1 ^ pasos=1 ^ simetria=1 ^ actividad=1 ^ entropia=1,0.405917,0.725767,0.368759,0.430140
r14=1 ^ r27=1 ^ pasos=1 ^ transitoriedad=2,freq unos=5,0.432878,0.711863,0.406148,0.455317
r14=1 ^ r27=1 ^ pasos=1 ^ transitoriedad=2,freq unos=5,0.432878,0.711863,0.406148,0.455317
r18=0 ^ r24=1 ^ r26=0 ^ r27=0,freq ceros=1 ^ freq unos=1 ^ width=1 ^ pasos=1 ^ simetria=1 ^ actividad=1 ^ entropia=1 ^ time entropy=1,0.391995,0.747810,0.380026,0.444703
r26=0 ^ r27=0 ^ freq ceros=1,width=1 ^ simetria=1 ^ actividad=1 ^ time entropy=1,0.425036,0.762376,0.396909,0.420543
r18=0 ^ r24=1 ^ r26=0 ^ r27=0,freq ceros=1 ^ freq unos=1 ^ width=1 ^ pasos=1 ^ simetria=1 ^ actividad=1 ^ entropia=1 ^ time entropy=1,0.391995,0.747810,0.380026,0.444703
r18=0 ^ r26=0 ^ r27=0 ^ transitoriedad=1,freq ceros=1 ^ width=1 ^ simetria=1 ^ actividad=1,0.454701,0.661883,0.342419,0.389029
r18=0 ^ r26=0 ^ r27=0 ^ transitoriedad=1,freq ceros=1 ^ width=1 ^ simetria=1 ^ actividad=1,0.454701,0.661883,0.342419,0.389029
r18=0 ^ r26=0 ^ r27=0 ^ transitoriedad=1,freq ceros=1 ^ width=1 ^ simetria=1 ^ actividad=1 ^ entropia=1,0.454717,0.661860,0.342406,0.389014
r18=0 ^ r26=0 ^ r27=0 ^ transitoriedad=1,freq ceros=1 ^ width=1 ^ simetria=1 ^ actividad=1 ^ entropia=1,0.454717,0.661860,0.342406,0.389014
r18=0 ^ r26=0 ^ r27=0 ^ transitoriedad=1,freq ceros=1 ^ width=1 ^ simetria=1 ^ actividad=1,0.454701,0.661883,0.342419,0.389029
r18=0 ^ r26=0 ^ r27=0 ^ transitoriedad=1,freq ceros=1 ^ width=1 ^ simetria=1 ^ actividad=1,0.454701,0.661883,0.342419,0.389029
r27=0 ^ freq ceros=1 ^ entropia=1 ^ transitoriedad=1,freq unos=1 ^ width=1 ^ actividad=1 ^ time entropy=1,0.458673,0.663673,0.348031,0.390634
r26=0 ^ entropia=1 ^ transitoriedad=1,freq ceros=1 ^ width=1 ^ actividad=1,0.429781,0.701178,0.372461,0.425915
r27=0 ^ freq ceros=1 ^ entropia=1,freq unos=1 ^ freq dos=1 ^ width=1 ^ actividad=1,0.459046,0.676481,0.355366,0.390630
r26=0 ^ r27=0 ^ freq ceros=1 ^ transitoriedad=1,freq unos=1 ^ freq dos=1 ^ width=1 ^ actividad=1 ^ entropia=1 ^ time entropy=1,0.428514,0.705456,0.367320,0.418011
r18=0 ^ r26=0 ^ r27=0 ^ transitoriedad=1,freq dos=1 ^ width=1 ^ simetria=1 ^ actividad=1,0.470816,0.638020,0.329951,0.373235
r18=0 ^ r26=0 ^ r27=0 ^ transitoriedad=1,freq dos=1 ^ width=1 ^ simetria=1 ^ actividad=1 ^ time entropy=1,0.476457,0.630284,0.325910,0.367781
r18=0 ^ r26=0 ^ r27=0 ^ transitoriedad=1,freq dos=1 ^ width=1 ^ simetria=1 ^ actividad=1 ^ time entropy=1,0.476457,0.630284,0.325910,0.367781
r18=0 ^ r26=0 ^ r27=0 ^ transitoriedad=1,freq dos=1 ^ width=1 ^ simetria=1 ^ actividad=1,0.470816,0.638020,0.329951,0.373235
r18=0 ^ r26=0 ^ r27=0 ^ transitoriedad=1,freq dos=1 ^ width=1 ^ simetria=1 ^ actividad=1 ^ time entropy=1,0.476457,0.630284,0.325910,0.367781
r18=0 ^ r26=0 ^ r27=0 ^ transitoriedad=1,freq ceros=1 ^ width=1 ^ simetria=1 ^ actividad=1 ^ time entropy=1,0.464473,0.647876,0.335096,0.379399
r18=0 ^ r26=0 ^ r27=0 ^ transitoriedad=1,freq ceros=1 ^ freq unos=1 ^ freq dos=1 ^ width=1 ^ simetria=1 ^ actividad=1 ^ time entropy=1,0.487934,0.614336,0.317585,0.356823
r18=0 ^ r26=0 ^ r27=0 ^ transitoriedad=1,freq ceros=1 ^ freq unos=1 ^ freq dos=1 ^ width=1 ^ simetria=1 ^ actividad=1 ^ time entropy=1,0.487934,0.614336,0.317585,0.356823
r18=0 ^ r26=0 ^ r27=0 ^ transitoriedad=1,freq ceros=1 ^ freq unos=1 ^ freq dos=1 ^ width=1 ^ simetria=1 ^ actividad=1 ^ time entropy=1,0.487934,0.614336,0.317585,0.356823
r18=0 ^ r26=0 ^ r27=0 ^ transitoriedad=1,freq ceros=1 ^ freq unos=1 ^ freq dos=1 ^ width=1 ^ simetria=1 ^ actividad=1 ^ time entropy=1,0.487934,0.614336,0.317585,0.356823
