antecedente,consecuente,contador
freq unos=3 ^ width=1 ^ transitoriedad=1,freq ceros=3 ^ freq dos=1 ^ entropia=3 ^ time entropy=2,1
freq ceros=2 ^ freq unos=2 ^ freq dos=2 ^ width=4 ^ entropia=4 ^ sensitividad=2 ^ time entropy=4,pasos=1 ^ simetria=2 ^ actividad=5 ^ transitoriedad=2,1
freq ceros=4 ^ freq unos=4 ^ freq dos=1 ^ width=1,pasos=1 ^ simetria=1 ^ actividad=4 ^ entropia=4 ^ transitoriedad=1 ^ sensitividad=2,1
width=4 ^ pasos=1 ^ simetria=1 ^ actividad=5 ^ transitoriedad=2 ^ sensitividad=2,freq dos=1 ^ time entropy=1,1
freq ceros=4 ^ freq unos=4 ^ freq dos=4,pasos=2 ^ simetria=2 ^ actividad=3 ^ entropia=4 ^ transitoriedad=2 ^ sensitividad=2,1
simetria=1 ^ actividad=2 ^ entropia=3,freq ceros=5 ^ freq unos=4 ^ freq dos=1 ^ width=2 ^ pasos=1,1
freq dos=2 ^ pasos=2 ^ entropia=4,freq ceros=5 ^ freq unos=4 ^ width=3 ^ simetria=2 ^ actividad=4 ^ transitoriedad=2 ^ time entropy=3,1
freq ceros=3 ^ freq dos=1 ^ pasos=1 ^ entropia=3 ^ transitoriedad=2,freq unos=1 ^ simetria=2 ^ time entropy=5,1
freq ceros=3 ^ transitoriedad=2,pasos=2 ^ simetria=2 ^ entropia=3 ^ sensitividad=1 ^ time entropy=3,1
entropia=3 ^ transitoriedad=2,freq ceros=4 ^ freq dos=1 ^ width=5 ^ pasos=2 ^ simetria=2 ^ actividad=1 ^ time entropy=3,1
freq ceros=3 ^ freq dos=1 ^ sensitividad=4,freq unos=5 ^ pasos=2 ^ simetria=1 ^ actividad=3 ^ entropia=2 ^ time entropy=2,1
freq dos=4 ^ entropia=4,freq ceros=1 ^ freq unos=4 ^ pasos=2 ^ simetria=1 ^ actividad=3 ^ sensitividad=1 ^ time entropy=4,1
freq ceros=4 ^ width=4 ^ pasos=2 ^ entropia=4 ^ transitoriedad=2 ^ sensitividad=5,actividad=4 ^ time entropy=5,1
freq ceros=3 ^ simetria=1 ^ transitoriedad=2,freq dos=2 ^ pasos=2 ^ actividad=5 ^ entropia=3 ^ sensitividad=1 ^ time entropy=3,1
