antecedente,consecuente,contador
freq ceros=4 ^ freq dos=3 ^ width=1 ^ simetria=2 ^ actividad=2 ^ sensitividad=2,pasos=1 ^ transitoriedad=2,1
pasos=2 ^ actividad=3,freq dos=3,1
width=5 ^ actividad=3 ^ time entropy=3,freq ceros=1 ^ freq dos=4 ^ pasos=1 ^ simetria=1 ^ entropia=5 ^ sensitividad=1,1
freq dos=3,freq ceros=3 ^ freq unos=1 ^ width=2 ^ simetria=1 ^ actividad=5 ^ entropia=1 ^ transitoriedad=1 ^ sensitividad=1,1
freq ceros=1 ^ freq dos=3 ^ width=1 ^ pasos=2 ^ actividad=1 ^ time entropy=1,freq unos=3 ^ simetria=1 ^ entropia=3 ^ transitoriedad=1 ^ sensitividad=4,1
width=3 ^ actividad=1,freq unos=3 ^ simetria=1 ^ entropia=3 ^ transitoriedad=1 ^ time entropy=4,1
freq ceros=4 ^ pasos=2 ^ actividad=1 ^ entropia=4 ^ sensitividad=5,width=2 ^ simetria=2,1
pasos=1 ^ actividad=1 ^ sensitividad=2,freq ceros=1 ^ freq unos=3 ^ freq dos=5 ^ width=4 ^ simetria=1 ^ entropia=1,1
freq ceros=5 ^ width=4 ^ pasos=2 ^ simetria=1 ^ actividad=5,entropia=1,1
freq ceros=4 ^ width=2 ^ pasos=2 ^ sensitividad=2 ^ time entropy=4,simetria=2 ^ actividad=5 ^ entropia=5 ^ transitoriedad=2,1
time entropy=4,freq ceros=5 ^ freq unos=3 ^ pasos=2 ^ transitoriedad=2 ^ sensitividad=5,1
entropia=3 ^ transitoriedad=2,simetria=1 ^ actividad=1 ^ sensitividad=5 ^ time entropy=4,1
width=2 ^ simetria=1 ^ entropia=5,freq dos=1 ^ pasos=1 ^ actividad=1 ^ transitoriedad=2 ^ time entropy=4,1
freq unos=5 ^ freq dos=5 ^ width=2 ^ simetria=2 ^ actividad=5,transitoriedad=2,1
freq ceros=4 ^ freq unos=3 ^ width=4 ^ simetria=1 ^ actividad=5 ^ entropia=2 ^ time entropy=5,freq dos=1 ^ transitoriedad=2 ^ sensitividad=5,1
pasos=2 ^ transitoriedad=2 ^ sensitividad=5,freq unos=4 ^ freq dos=1 ^ width=1 ^ simetria=1 ^ actividad=4 ^ entropia=2 ^ time entropy=3,1
freq dos=4 ^ pasos=2 ^ simetria=1 ^ transitoriedad=1,entropia=3 ^ time entropy=1,1
