antecedente,consecuente,contador
freq dos=1 ^ width=2 ^ simetria=1 ^ actividad=4 ^ entropia=1 ^ transitoriedad=2 ^ time entropy=3,pasos=1,1
freq ceros=1 ^ freq dos=1 ^ width=2 ^ simetria=1 ^ actividad=4 ^ entropia=1,pasos=1 ^ transitoriedad=2 ^ sensitividad=4,1
freq ceros=1 ^ freq dos=1 ^ width=2 ^ actividad=4 ^ entropia=1,freq unos=4 ^ pasos=1 ^ simetria=2 ^ transitoriedad=2,1
freq ceros=1 ^ freq dos=3 ^ width=2 ^ simetria=1 ^ actividad=4,pasos=1,1
freq ceros=1 ^ width=2 ^ simetria=1 ^ actividad=4 ^ entropia=1 ^ sensitividad=2,pasos=1 ^ transitoriedad=2,1
freq dos=1 ^ width=2 ^ simetria=1 ^ entropia=1,pasos=1 ^ actividad=4 ^ transitoriedad=2 ^ time entropy=1,1
freq ceros=1 ^ width=2 ^ simetria=1 ^ actividad=4,pasos=1,1
width=2 ^ simetria=1 ^ actividad=4 ^ entropia=1,freq unos=1 ^ pasos=1 ^ transitoriedad=2,1
freq ceros=1 ^ freq dos=1 ^ width=2 ^ simetria=1 ^ actividad=4 ^ entropia=1,pasos=1 ^ transitoriedad=2,1
freq dos=1 ^ width=2 ^ simetria=1 ^ actividad=4 ^ entropia=1,pasos=1 ^ transitoriedad=2 ^ time entropy=1,2
freq ceros=5 ^ width=4 ^ simetria=1 ^ actividad=5 ^ entropia=3 ^ sensitividad=5,transitoriedad=2,1
freq unos=1 ^ width=2 ^ simetria=1 ^ actividad=4 ^ entropia=1,pasos=1 ^ transitoriedad=2 ^ time entropy=1,1
freq dos=4 ^ actividad=5,freq ceros=1 ^ width=4 ^ simetria=2 ^ entropia=4 ^ transitoriedad=1,1
actividad=2,freq ceros=5 ^ width=1 ^ pasos=2 ^ entropia=5 ^ transitoriedad=2 ^ sensitividad=1,1
transitoriedad=1 ^ sensitividad=5 ^ time entropy=4,freq ceros=5 ^ pasos=1 ^ simetria=2,1
freq dos=1 ^ width=2 ^ simetria=1 ^ actividad=4 ^ entropia=1 ^ transitoriedad=2,freq ceros=3 ^ pasos=1,1
freq ceros=4 ^ freq unos=5 ^ freq dos=2 ^ width=2 ^ entropia=1 ^ time entropy=4,pasos=1 ^ simetria=2 ^ transitoriedad=2,1
freq ceros=5 ^ freq dos=5 ^ pasos=2 ^ simetria=2 ^ actividad=3 ^ sensitividad=4,width=4 ^ transitoriedad=2 ^ time entropy=3,1
freq ceros=1 ^ freq unos=3 ^ freq dos=5 ^ simetria=1 ^ entropia=2,width=1 ^ actividad=3 ^ transitoriedad=1 ^ sensitividad=4 ^ time entropy=4,1
freq ceros=4 ^ pasos=2 ^ simetria=1 ^ entropia=5,freq unos=1 ^ freq dos=1 ^ width=2 ^ actividad=4 ^ time entropy=2,1
simetria=2,freq ceros=4 ^ width=2 ^ pasos=1 ^ actividad=1 ^ transitoriedad=1 ^ sensitividad=2 ^ time entropy=4,1
simetria=2,freq ceros=5 ^ freq unos=2 ^ freq dos=1 ^ entropia=1 ^ transitoriedad=1 ^ time entropy=1,1
transitoriedad=1 ^ time entropy=2,freq ceros=4 ^ freq dos=4 ^ width=3 ^ pasos=2 ^ simetria=2 ^ entropia=3 ^ sensitividad=3,1
freq unos=3 ^ freq dos=4 ^ simetria=1 ^ entropia=2,freq ceros=4 ^ width=1 ^ sensitividad=4 ^ time entropy=3,1
freq unos=2 ^ pasos=1 ^ simetria=1 ^ actividad=4 ^ transitoriedad=2 ^ time entropy=1,freq ceros=3 ^ freq dos=2 ^ width=5 ^ sensitividad=1,1
