antecedente,consecuente,contador
width=2 ^ simetria=2 ^ entropia=1 ^ transitoriedad=1,pasos=1,1
width=2 ^ simetria=2 ^ actividad=1 ^ transitoriedad=1,freq dos=3 ^ pasos=1,1
freq ceros=3 ^ freq unos=4 ^ width=2 ^ simetria=2 ^ transitoriedad=1 ^ sensitividad=4 ^ time entropy=4,pasos=1,1
freq ceros=3 ^ freq unos=2 ^ width=2 ^ entropia=4 ^ transitoriedad=1 ^ sensitividad=5,pasos=1 ^ simetria=1,1
freq ceros=2 ^ freq dos=2 ^ width=3 ^ pasos=2 ^ actividad=4 ^ sensitividad=3 ^ time entropy=2,freq unos=5 ^ simetria=1 ^ entropia=3,1
freq ceros=5 ^ freq unos=4 ^ freq dos=2 ^ simetria=2 ^ actividad=3 ^ transitoriedad=1 ^ sensitividad=4 ^ time entropy=5,width=1 ^ pasos=1 ^ entropia=4,1
freq ceros=2 ^ freq dos=5 ^ pasos=2 ^ simetria=2 ^ entropia=5 ^ transitoriedad=1 ^ sensitividad=2,width=5,1
freq ceros=1 ^ freq unos=4 ^ freq dos=1 ^ width=2 ^ actividad=2 ^ entropia=5 ^ transitoriedad=2 ^ time entropy=5,pasos=1,1
freq unos=4 ^ freq dos=4 ^ width=2 ^ simetria=2 ^ transitoriedad=1 ^ sensitividad=4 ^ time entropy=2,pasos=1,1
freq ceros=4 ^ freq dos=1 ^ width=3 ^ pasos=2 ^ simetria=2 ^ sensitividad=2 ^ time entropy=5,freq unos=4 ^ actividad=4 ^ transitoriedad=2,1
freq ceros=5 ^ freq unos=1 ^ freq dos=3 ^ simetria=1 ^ actividad=2 ^ entropia=1 ^ sensitividad=2,width=2 ^ pasos=1 ^ time entropy=5,1
freq ceros=5 ^ width=1 ^ transitoriedad=1 ^ time entropy=2,sensitividad=2,1
freq dos=4 ^ width=1 ^ pasos=2 ^ actividad=5 ^ transitoriedad=1,freq unos=1 ^ simetria=1 ^ sensitividad=3,1
width=5 ^ pasos=2 ^ actividad=5 ^ entropia=2 ^ transitoriedad=2,freq dos=4 ^ sensitividad=1 ^ time entropy=1,1
freq ceros=3 ^ freq unos=4 ^ freq dos=2 ^ width=5 ^ simetria=2 ^ actividad=2 ^ entropia=1 ^ sensitividad=2 ^ time entropy=5,pasos=1 ^ transitoriedad=1,1
freq ceros=4 ^ actividad=2,freq unos=1 ^ width=2 ^ pasos=2 ^ entropia=2 ^ transitoriedad=1 ^ sensitividad=1,1
freq ceros=5 ^ freq unos=4 ^ pasos=1 ^ simetria=2 ^ actividad=2 ^ entropia=1 ^ sensitividad=2,width=2 ^ transitoriedad=1 ^ time entropy=1,1
freq ceros=2 ^ freq unos=3 ^ simetria=2 ^ entropia=5 ^ transitoriedad=2,freq dos=2 ^ width=3 ^ pasos=2 ^ actividad=2 ^ time entropy=3,1
freq ceros=1 ^ freq unos=4 ^ freq dos=2 ^ width=2 ^ actividad=1 ^ transitoriedad=2 ^ time entropy=5,pasos=1 ^ simetria=2,1
simetria=1 ^ actividad=1 ^ entropia=3,freq unos=4 ^ freq dos=5 ^ width=4 ^ sensitividad=1 ^ time entropy=2,1
simetria=1 ^ entropia=3 ^ transitoriedad=1 ^ time entropy=5,freq ceros=5 ^ freq unos=2 ^ freq dos=4 ^ width=4 ^ pasos=2,1
freq ceros=3 ^ freq unos=4 ^ freq dos=2 ^ simetria=2 ^ actividad=1 ^ entropia=3 ^ sensitividad=1,width=2 ^ pasos=1 ^ transitoriedad=2,1
width=2 ^ simetria=2 ^ actividad=1 ^ transitoriedad=1 ^ time entropy=2,freq dos=4 ^ pasos=1,1
freq unos=4 ^ freq dos=3 ^ pasos=1 ^ actividad=1 ^ entropia=3 ^ time entropy=1,freq ceros=5 ^ width=3,1
freq unos=4 ^ pasos=2 ^ actividad=2 ^ transitoriedad=1,freq ceros=3 ^ simetria=1 ^ sensitividad=3,1
freq ceros=5 ^ freq dos=5 ^ pasos=2 ^ simetria=1 ^ transitoriedad=1 ^ sensitividad=2,actividad=2,1
freq dos=1 ^ width=2 ^ simetria=2 ^ transitoriedad=1 ^ time entropy=2,pasos=1,1
freq unos=1 ^ width=2 ^ simetria=2 ^ transitoriedad=1,pasos=1,1
freq unos=1 ^ freq dos=1 ^ width=2 ^ simetria=2 ^ transitoriedad=1 ^ time entropy=2,pasos=1,1
freq unos=4 ^ freq dos=3 ^ pasos=1 ^ simetria=2 ^ actividad=1 ^ entropia=3 ^ sensitividad=1 ^ time entropy=1,freq ceros=3 ^ transitoriedad=2,1
freq dos=1 ^ pasos=2 ^ simetria=2 ^ actividad=1 ^ entropia=5 ^ time entropy=2,width=2,1
freq ceros=2 ^ freq unos=1 ^ width=2 ^ simetria=2 ^ actividad=1 ^ transitoriedad=1,pasos=1,1
freq unos=4 ^ width=4 ^ entropia=3 ^ transitoriedad=2 ^ sensitividad=3 ^ time entropy=5,pasos=2 ^ simetria=2 ^ actividad=4,1
freq ceros=3 ^ freq unos=4 ^ freq dos=1 ^ simetria=2 ^ actividad=2 ^ entropia=3 ^ sensitividad=3 ^ time entropy=5,width=3 ^ transitoriedad=2,1
freq ceros=1 ^ freq unos=4 ^ freq dos=2 ^ width=2 ^ simetria=2 ^ actividad=2 ^ transitoriedad=2 ^ sensitividad=2 ^ time entropy=5,pasos=1,1
freq ceros=3 ^ pasos=2 ^ simetria=1 ^ actividad=1 ^ transitoriedad=1,freq dos=5 ^ width=2 ^ sensitividad=1 ^ time entropy=5,1
freq ceros=3 ^ freq unos=4 ^ freq dos=2 ^ width=4 ^ simetria=2 ^ actividad=2 ^ transitoriedad=2 ^ sensitividad=2 ^ time entropy=5,pasos=1 ^ entropia=5,1
