antecedente,consecuente,contador
freq unos=2 ^ freq dos=5 ^ pasos=2 ^ simetria=2,freq ceros=3 ^ transitoriedad=2,1
pasos=2 ^ simetria=2 ^ actividad=4,freq unos=3 ^ entropia=2 ^ transitoriedad=2,1
width=4 ^ pasos=2 ^ sensitividad=3,simetria=2 ^ transitoriedad=2,1
width=3 ^ pasos=2 ^ transitoriedad=1,simetria=1,1
freq dos=2 ^ simetria=2,freq unos=5 ^ pasos=2 ^ actividad=2 ^ entropia=5 ^ transitoriedad=2,1
freq unos=2 ^ freq dos=1 ^ sensitividad=2 ^ time entropy=3,freq ceros=2 ^ simetria=1 ^ actividad=3 ^ transitoriedad=1,1
freq dos=1 ^ width=3 ^ simetria=1 ^ entropia=4 ^ transitoriedad=1 ^ sensitividad=3,freq ceros=3 ^ freq unos=4 ^ actividad=4 ^ time entropy=2,1
width=5 ^ actividad=3 ^ transitoriedad=1,freq dos=4 ^ pasos=1 ^ simetria=2,1
freq ceros=1,freq unos=3 ^ freq dos=1 ^ width=3 ^ simetria=1 ^ actividad=4 ^ transitoriedad=2,1
freq ceros=5 ^ freq dos=2 ^ actividad=2 ^ transitoriedad=1 ^ sensitividad=4,pasos=1 ^ time entropy=2,1
width=3 ^ simetria=1 ^ actividad=4 ^ time entropy=2,freq ceros=1 ^ freq dos=2 ^ entropia=2 ^ sensitividad=5,1
freq unos=5 ^ freq dos=5 ^ entropia=3,freq ceros=1 ^ width=3 ^ pasos=2 ^ simetria=2 ^ transitoriedad=2 ^ sensitividad=2 ^ time entropy=4,1
