antecedente,consecuente,contador
simetria=2,freq ceros=5 ^ freq dos=5 ^ pasos=1 ^ actividad=1 ^ entropia=3 ^ time entropy=1,1
simetria=2,freq ceros=5 ^ freq dos=1 ^ pasos=1 ^ actividad=1 ^ entropia=3 ^ transitoriedad=2 ^ time entropy=1,1
simetria=2,freq ceros=5 ^ freq dos=1 ^ pasos=1 ^ actividad=1 ^ entropia=3 ^ time entropy=1,1
simetria=2,freq ceros=5 ^ freq unos=5 ^ freq dos=1 ^ pasos=1 ^ actividad=1 ^ entropia=3 ^ transitoriedad=2 ^ sensitividad=4 ^ time entropy=1,1
simetria=2,freq ceros=5 ^ freq unos=5 ^ freq dos=1 ^ pasos=1 ^ entropia=3 ^ transitoriedad=2 ^ time entropy=1,1
freq ceros=5 ^ freq dos=5 ^ width=5 ^ simetria=1 ^ actividad=5 ^ entropia=1 ^ transitoriedad=2 ^ sensitividad=3 ^ time entropy=4,pasos=2,1
freq ceros=4 ^ freq dos=1 ^ actividad=3,freq unos=2 ^ width=4 ^ pasos=2 ^ transitoriedad=1 ^ time entropy=1,1
freq ceros=4 ^ freq dos=3 ^ pasos=2 ^ simetria=1 ^ sensitividad=4 ^ time entropy=4,freq unos=3 ^ width=1 ^ actividad=5,1
freq ceros=4 ^ freq dos=5 ^ simetria=2 ^ actividad=2 ^ sensitividad=3 ^ time entropy=2,freq unos=4 ^ width=1 ^ pasos=2 ^ entropia=3 ^ transitoriedad=1,1
freq unos=5 ^ freq dos=2 ^ pasos=2 ^ time entropy=1,simetria=2,1
freq dos=3 ^ simetria=2 ^ actividad=4 ^ transitoriedad=1,freq unos=1 ^ width=3 ^ pasos=2 ^ sensitividad=5,1
entropia=2 ^ transitoriedad=1,freq ceros=2 ^ pasos=2 ^ actividad=4 ^ time entropy=2,1
simetria=2,freq ceros=5 ^ freq unos=5 ^ freq dos=1 ^ pasos=1 ^ actividad=1 ^ entropia=3 ^ transitoriedad=2,1
freq dos=5 ^ pasos=2 ^ time entropy=1,freq ceros=3 ^ freq unos=4 ^ simetria=2,1
freq ceros=4 ^ width=2 ^ simetria=1,freq dos=4 ^ pasos=2 ^ transitoriedad=1 ^ sensitividad=5,1
simetria=2,freq dos=1 ^ width=5 ^ pasos=1 ^ actividad=1 ^ entropia=3 ^ transitoriedad=2 ^ time entropy=1,1
freq ceros=4 ^ freq dos=3 ^ width=2 ^ pasos=2 ^ entropia=1 ^ sensitividad=1,time entropy=2,1
width=2 ^ actividad=1 ^ sensitividad=1,freq ceros=3 ^ freq unos=1 ^ freq dos=5 ^ pasos=2 ^ simetria=2 ^ entropia=3 ^ transitoriedad=2 ^ time entropy=1,1
entropia=3 ^ transitoriedad=2,freq ceros=3 ^ freq dos=5 ^ width=5 ^ pasos=2 ^ simetria=2 ^ actividad=3 ^ sensitividad=1 ^ time entropy=3,1
actividad=2 ^ transitoriedad=2,freq ceros=1 ^ freq unos=2 ^ freq dos=1 ^ width=5 ^ pasos=1 ^ simetria=1 ^ sensitividad=1,1
