antecedente,consecuente,contador
freq ceros=4 ^ freq unos=3 ^ width=3 ^ simetria=2 ^ entropia=3 ^ transitoriedad=2 ^ sensitividad=4 ^ time entropy=1,freq dos=2 ^ pasos=1,1
freq unos=2 ^ freq dos=3 ^ width=3 ^ simetria=2 ^ actividad=4 ^ entropia=2 ^ transitoriedad=2 ^ sensitividad=1 ^ time entropy=2,pasos=1,1
freq ceros=4 ^ freq unos=3 ^ width=2 ^ actividad=4 ^ entropia=4 ^ transitoriedad=2 ^ sensitividad=2 ^ time entropy=3,freq dos=2 ^ pasos=1 ^ simetria=2,1
freq ceros=4 ^ freq unos=3 ^ freq dos=3 ^ width=2 ^ simetria=2 ^ actividad=4 ^ entropia=5 ^ transitoriedad=2 ^ sensitividad=4 ^ time entropy=3,pasos=1,1
freq unos=2 ^ simetria=1 ^ actividad=3,width=3 ^ pasos=2 ^ entropia=3 ^ sensitividad=3 ^ time entropy=3,1
pasos=2 ^ simetria=1,freq ceros=5 ^ freq unos=4 ^ freq dos=3 ^ width=5 ^ actividad=4 ^ entropia=4 ^ sensitividad=4 ^ time entropy=1,1
freq ceros=4 ^ freq unos=3 ^ freq dos=3 ^ width=1 ^ simetria=2 ^ transitoriedad=2 ^ time entropy=4,pasos=1 ^ actividad=3 ^ sensitividad=4,1
freq ceros=4 ^ freq unos=3 ^ freq dos=3 ^ width=3 ^ simetria=2 ^ actividad=4 ^ entropia=4 ^ transitoriedad=2 ^ sensitividad=5 ^ time entropy=1,pasos=1,1
freq unos=1 ^ actividad=5 ^ entropia=4 ^ sensitividad=2 ^ time entropy=3,freq ceros=5 ^ freq dos=3 ^ width=2 ^ pasos=2 ^ simetria=2 ^ transitoriedad=2,1
freq ceros=4 ^ freq unos=3 ^ width=3 ^ actividad=5 ^ entropia=3 ^ transitoriedad=2 ^ sensitividad=4 ^ time entropy=1,freq dos=3 ^ pasos=1 ^ simetria=2,1
freq ceros=1 ^ freq unos=2 ^ freq dos=3 ^ width=5 ^ simetria=2 ^ actividad=5 ^ entropia=4 ^ transitoriedad=2 ^ sensitividad=4 ^ time entropy=1,pasos=1,1
freq ceros=1 ^ freq unos=3 ^ freq dos=1 ^ width=5 ^ pasos=2,sensitividad=5,1
freq ceros=4 ^ freq unos=3 ^ freq dos=3 ^ width=2 ^ simetria=2 ^ actividad=5 ^ entropia=4 ^ transitoriedad=2 ^ sensitividad=5 ^ time entropy=4,pasos=1,1
freq ceros=4 ^ freq unos=5 ^ entropia=5 ^ sensitividad=3,freq dos=3 ^ width=3 ^ pasos=2 ^ actividad=4,1
freq ceros=4 ^ freq unos=3 ^ width=2 ^ actividad=4 ^ entropia=2 ^ transitoriedad=2 ^ sensitividad=4 ^ time entropy=3,freq dos=2 ^ pasos=1 ^ simetria=2,1
freq ceros=4 ^ freq unos=2 ^ freq dos=3 ^ width=3 ^ simetria=2 ^ actividad=4 ^ entropia=3 ^ transitoriedad=2 ^ sensitividad=1 ^ time entropy=2,pasos=1,1
freq ceros=4 ^ freq unos=3 ^ width=2 ^ simetria=2 ^ actividad=4 ^ entropia=2 ^ transitoriedad=2 ^ sensitividad=4 ^ time entropy=3,pasos=1,1
freq ceros=4 ^ freq unos=4 ^ pasos=2 ^ actividad=3 ^ sensitividad=3,entropia=3 ^ time entropy=4,1
width=4 ^ pasos=2 ^ simetria=1 ^ entropia=4 ^ sensitividad=4,freq unos=5 ^ freq dos=4 ^ actividad=1 ^ time entropy=4,1
freq ceros=5 ^ freq unos=2 ^ pasos=2 ^ actividad=1 ^ entropia=5 ^ transitoriedad=2 ^ sensitividad=3,freq dos=4 ^ width=4 ^ simetria=1 ^ time entropy=1,1
actividad=4 ^ entropia=4 ^ time entropy=2,freq ceros=4 ^ freq unos=5 ^ freq dos=4 ^ width=2 ^ simetria=2,1
freq ceros=4 ^ freq unos=3 ^ freq dos=3 ^ width=2 ^ actividad=4 ^ entropia=5 ^ transitoriedad=2 ^ sensitividad=4 ^ time entropy=3,pasos=1 ^ simetria=2,1
freq ceros=4 ^ freq unos=3 ^ freq dos=3 ^ width=2 ^ simetria=2 ^ actividad=4 ^ entropia=3 ^ transitoriedad=2 ^ sensitividad=5 ^ time entropy=1,pasos=1,1
freq ceros=3 ^ freq unos=2 ^ entropia=5 ^ transitoriedad=1,pasos=2 ^ actividad=1 ^ time entropy=4,1
freq ceros=4 ^ freq unos=2 ^ pasos=2 ^ entropia=4 ^ transitoriedad=1 ^ time entropy=2,freq dos=4 ^ simetria=2,1
freq ceros=4 ^ freq unos=1 ^ pasos=2 ^ actividad=5 ^ entropia=4 ^ transitoriedad=2 ^ time entropy=4,freq dos=3 ^ simetria=2 ^ sensitividad=3,1
freq ceros=4 ^ pasos=2 ^ simetria=2 ^ entropia=3 ^ transitoriedad=1 ^ sensitividad=2,freq unos=1 ^ freq dos=2,1
freq ceros=4 ^ freq unos=3 ^ freq dos=3 ^ width=2 ^ actividad=4 ^ entropia=5 ^ transitoriedad=2 ^ sensitividad=5 ^ time entropy=4,pasos=1 ^ simetria=2,1
freq ceros=4 ^ freq unos=2 ^ freq dos=3 ^ width=2 ^ simetria=2 ^ actividad=4 ^ entropia=4 ^ transitoriedad=2 ^ sensitividad=4 ^ time entropy=1,pasos=1,1
freq ceros=4 ^ freq unos=3 ^ freq dos=3 ^ width=3 ^ simetria=2 ^ actividad=3 ^ entropia=3 ^ transitoriedad=2 ^ sensitividad=4 ^ time entropy=1,pasos=1,1
freq ceros=4 ^ freq unos=3 ^ width=2 ^ actividad=4 ^ entropia=2 ^ transitoriedad=2 ^ sensitividad=4 ^ time entropy=3,pasos=1 ^ simetria=2,1
freq ceros=4 ^ freq unos=3 ^ freq dos=3 ^ width=2 ^ simetria=2 ^ actividad=4 ^ entropia=5 ^ transitoriedad=2 ^ sensitividad=2 ^ time entropy=3,pasos=1,1
