antecedente,consecuente,contador
r19=1 ^ r27=0 ^ freq ceros=5 ^ entropia=1,freq unos=1 ^ freq dos=1 ^ width=5 ^ pasos=1 ^ simetria=2 ^ actividad=1 ^ transitoriedad=2 ^ time entropy=1,1
r27=0 ^ freq unos=1 ^ freq dos=1 ^ width=5,pasos=1 ^ actividad=1 ^ entropia=1 ^ transitoriedad=2,1
r27=2 ^ freq ceros=5 ^ freq unos=1 ^ freq dos=1,width=2 ^ pasos=1 ^ simetria=2 ^ entropia=1 ^ transitoriedad=2,1
r27=0 ^ freq ceros=5 ^ entropia=1,freq unos=1 ^ freq dos=1 ^ width=5 ^ pasos=1 ^ simetria=2 ^ transitoriedad=2,1
r27=2 ^ freq ceros=5 ^ freq dos=1 ^ transitoriedad=2,freq unos=4 ^ width=2 ^ pasos=1 ^ simetria=2 ^ time entropy=1,1
r27=1 ^ freq unos=1 ^ width=2 ^ time entropy=1,freq dos=1 ^ pasos=1 ^ simetria=2 ^ transitoriedad=2,1
r27=0 ^ freq ceros=5,freq unos=1 ^ freq dos=1 ^ width=5 ^ pasos=1 ^ simetria=2 ^ actividad=1 ^ transitoriedad=2 ^ time entropy=2,1
r27=0 ^ entropia=1,freq ceros=5 ^ freq unos=1 ^ freq dos=1 ^ width=5 ^ pasos=1 ^ simetria=2 ^ actividad=1 ^ transitoriedad=2 ^ time entropy=1,1
r18=0 ^ r27=0 ^ width=5 ^ transitoriedad=2,freq ceros=5 ^ freq unos=3 ^ pasos=1 ^ simetria=2,1
r18=0 ^ r27=0 ^ width=5,freq ceros=5,1
r27=0 ^ freq unos=1 ^ freq dos=1 ^ width=5,pasos=1 ^ simetria=2 ^ actividad=1 ^ entropia=1 ^ transitoriedad=2 ^ time entropy=1,2
r27=1 ^ freq ceros=5 ^ freq unos=1 ^ freq dos=1,width=2 ^ pasos=1 ^ simetria=2 ^ entropia=1 ^ transitoriedad=2 ^ sensitividad=3 ^ time entropy=1,1
r18=0 ^ r27=0 ^ width=5 ^ transitoriedad=2,freq ceros=5 ^ pasos=1 ^ simetria=1,1
r15=1 ^ r18=0 ^ r27=0 ^ width=5,freq ceros=5 ^ pasos=1,1
r27=0 ^ freq unos=1 ^ freq dos=1 ^ width=5,pasos=1 ^ simetria=2 ^ actividad=1 ^ entropia=1 ^ transitoriedad=2,1
r27=0 ^ freq ceros=5 ^ transitoriedad=2 ^ time entropy=1,freq unos=1 ^ freq dos=1 ^ width=5 ^ pasos=1 ^ simetria=2,1
r27=0 ^ freq unos=1 ^ freq dos=1 ^ width=5,pasos=1 ^ entropia=1 ^ transitoriedad=2,1
r18=0 ^ r27=0 ^ width=5 ^ simetria=2,freq ceros=5 ^ pasos=1,1
r27=0 ^ freq unos=1 ^ freq dos=1 ^ width=5,freq ceros=5 ^ pasos=1 ^ simetria=2 ^ actividad=1 ^ entropia=1 ^ transitoriedad=2 ^ time entropy=1,1
r18=0 ^ r27=0 ^ width=5 ^ transitoriedad=2,freq ceros=5 ^ freq unos=3 ^ pasos=1,1
r18=0 ^ r27=0 ^ width=5,freq ceros=5 ^ pasos=1 ^ simetria=2 ^ transitoriedad=2,3
r27=0 ^ freq ceros=5 ^ transitoriedad=2,freq unos=1 ^ freq dos=1 ^ width=5 ^ pasos=1 ^ simetria=2 ^ actividad=3,1
r27=1 ^ freq ceros=5 ^ freq unos=1 ^ time entropy=1,width=2 ^ pasos=1 ^ simetria=2 ^ actividad=1 ^ entropia=1 ^ transitoriedad=2,1
r18=0 ^ r27=0 ^ width=5 ^ transitoriedad=2,freq ceros=5 ^ pasos=1,6
r18=0 ^ r27=0 ^ width=5 ^ transitoriedad=2,freq ceros=5 ^ pasos=1 ^ simetria=2 ^ entropia=3,2
r27=1 ^ freq ceros=5 ^ freq unos=1 ^ time entropy=1,freq dos=1 ^ width=2 ^ pasos=1 ^ simetria=2 ^ actividad=1 ^ transitoriedad=2,1
r1=2 ^ r18=0 ^ r27=0 ^ width=5,freq ceros=5 ^ pasos=1,1
r27=2 ^ freq ceros=5 ^ width=2 ^ time entropy=1,pasos=1 ^ simetria=2 ^ actividad=1 ^ entropia=1 ^ transitoriedad=2,1
r18=0 ^ r27=0 ^ width=5,freq ceros=5 ^ pasos=1 ^ simetria=2 ^ actividad=4 ^ transitoriedad=2,1
r27=2 ^ freq ceros=5 ^ freq unos=1 ^ freq dos=1,width=2 ^ pasos=1 ^ simetria=2 ^ actividad=1 ^ entropia=1 ^ transitoriedad=2,3
r22=2 ^ r27=2 ^ freq ceros=5 ^ freq dos=1,width=2 ^ pasos=1 ^ simetria=2 ^ actividad=1 ^ entropia=1 ^ transitoriedad=2 ^ time entropy=1,1
r18=0 ^ r27=0 ^ width=5,freq ceros=5 ^ pasos=1,1
r27=2 ^ freq ceros=5 ^ freq unos=1 ^ freq dos=1,width=2 ^ pasos=1 ^ simetria=2,3
r6=2 ^ r27=1 ^ freq ceros=5 ^ width=2,freq dos=1 ^ pasos=1 ^ simetria=2 ^ actividad=1 ^ entropia=1 ^ transitoriedad=2 ^ time entropy=1,1
r6=2 ^ r27=2 ^ freq ceros=5 ^ width=2,freq unos=1 ^ freq dos=1 ^ pasos=1 ^ simetria=2 ^ actividad=1 ^ entropia=1 ^ transitoriedad=2 ^ time entropy=1,1
r14=2 ^ r27=2 ^ freq ceros=5 ^ width=2,freq unos=1 ^ freq dos=1 ^ pasos=1 ^ simetria=2 ^ actividad=1 ^ transitoriedad=2,1
r27=2 ^ freq dos=1 ^ width=2 ^ time entropy=1,pasos=1 ^ simetria=2 ^ actividad=1 ^ entropia=1 ^ transitoriedad=2,1
r27=2 ^ freq ceros=5 ^ width=2 ^ entropia=1,freq unos=1 ^ freq dos=1 ^ pasos=1 ^ simetria=2 ^ actividad=1 ^ transitoriedad=2,2
r27=0 ^ freq ceros=5 ^ simetria=2,freq unos=1 ^ freq dos=1 ^ width=5 ^ pasos=1 ^ transitoriedad=2,2
r27=2 ^ freq ceros=5 ^ width=2,freq unos=1 ^ freq dos=1 ^ pasos=1 ^ simetria=2 ^ actividad=1 ^ entropia=1 ^ transitoriedad=2 ^ time entropy=1,1
r16=2 ^ r18=0 ^ r27=0 ^ width=5,freq ceros=5 ^ pasos=1 ^ transitoriedad=2,1
r27=2 ^ freq ceros=5 ^ freq dos=1 ^ width=2,pasos=1 ^ simetria=2 ^ entropia=1 ^ transitoriedad=2 ^ time entropy=1,2
r27=2 ^ freq ceros=5 ^ width=2 ^ time entropy=1,freq dos=1 ^ pasos=1 ^ simetria=2 ^ actividad=1 ^ transitoriedad=2,2
r27=0 ^ freq unos=1 ^ freq dos=1 ^ width=5,pasos=1 ^ entropia=1 ^ transitoriedad=2 ^ time entropy=1,1
r27=2 ^ freq ceros=5 ^ freq dos=1 ^ width=2,pasos=1 ^ simetria=2 ^ actividad=1 ^ entropia=1 ^ transitoriedad=2 ^ time entropy=1,1
r18=0 ^ r27=0 ^ width=5,freq ceros=5 ^ pasos=1 ^ transitoriedad=2,1
r27=2 ^ freq ceros=5 ^ freq unos=1 ^ freq dos=1,pasos=1 ^ simetria=2 ^ actividad=1 ^ entropia=1 ^ transitoriedad=2 ^ time entropy=1,4
r27=1 ^ freq ceros=5 ^ freq unos=1 ^ freq dos=1,width=2 ^ pasos=1 ^ simetria=2 ^ actividad=1 ^ entropia=1 ^ transitoriedad=2 ^ time entropy=1,4
r27=2 ^ freq ceros=5 ^ width=2 ^ entropia=1,freq unos=1 ^ freq dos=1 ^ pasos=1 ^ simetria=2 ^ actividad=1 ^ transitoriedad=2 ^ time entropy=1,1
r9=1 ^ r17=0 ^ r24=0 ^ freq dos=1,freq ceros=4 ^ pasos=2 ^ simetria=2 ^ entropia=2 ^ sensitividad=4,1
r18=0 ^ r27=0 ^ width=5 ^ transitoriedad=2,freq ceros=5 ^ pasos=1 ^ simetria=2 ^ sensitividad=2,1
r27=2 ^ freq unos=1 ^ freq dos=1 ^ width=2,pasos=1 ^ simetria=2 ^ transitoriedad=2 ^ time entropy=1,1
r27=2 ^ freq ceros=5 ^ freq unos=1 ^ freq dos=1,width=2 ^ pasos=1 ^ simetria=2 ^ entropia=1 ^ transitoriedad=2 ^ time entropy=1,8
r27=2 ^ freq ceros=5 ^ freq unos=1 ^ freq dos=1,width=2 ^ pasos=1 ^ simetria=2 ^ actividad=1,1
r27=0 ^ freq ceros=5 ^ simetria=2 ^ transitoriedad=2,freq unos=1 ^ freq dos=1 ^ width=5 ^ pasos=1,1
r18=1 ^ r19=1 ^ freq ceros=5 ^ pasos=1,freq unos=3 ^ freq dos=5 ^ actividad=5 ^ transitoriedad=1 ^ sensitividad=1 ^ time entropy=5,1
r27=2 ^ freq ceros=5 ^ width=2 ^ entropia=1,pasos=1 ^ simetria=2 ^ actividad=1 ^ transitoriedad=2 ^ time entropy=1,1
r27=1 ^ freq ceros=5 ^ freq unos=1 ^ width=2,pasos=1 ^ simetria=2 ^ entropia=1 ^ transitoriedad=2 ^ time entropy=1,3
r2=0 ^ r21=0 ^ r23=0 ^ r25=2,freq dos=1 ^ width=2 ^ simetria=1 ^ actividad=2 ^ transitoriedad=2 ^ time entropy=2,1
r27=1 ^ freq ceros=5 ^ freq unos=1 ^ freq dos=1,width=2 ^ pasos=1 ^ simetria=2 ^ actividad=1 ^ entropia=1 ^ transitoriedad=2,1
r19=1 ^ r20=1 ^ freq unos=4 ^ pasos=1,freq ceros=2 ^ freq dos=1 ^ width=5 ^ simetria=2 ^ entropia=2 ^ transitoriedad=1 ^ sensitividad=4 ^ time entropy=5,1
r27=2 ^ freq ceros=5 ^ freq unos=1 ^ freq dos=1,width=2 ^ pasos=1 ^ simetria=2 ^ actividad=1 ^ entropia=1 ^ transitoriedad=2 ^ time entropy=1,14
r5=2 ^ r12=1 ^ r24=1 ^ width=3,freq ceros=4 ^ simetria=1 ^ actividad=4 ^ transitoriedad=1 ^ sensitividad=3,1
r27=1 ^ freq ceros=5 ^ freq unos=1 ^ width=2,freq dos=1 ^ pasos=1 ^ simetria=2 ^ actividad=1 ^ entropia=1 ^ transitoriedad=2,1
r27=2 ^ freq ceros=5 ^ width=2 ^ transitoriedad=2,freq unos=1 ^ freq dos=1 ^ pasos=1 ^ simetria=2,3
r27=2 ^ freq ceros=5 ^ freq dos=1 ^ entropia=1,pasos=1 ^ simetria=2 ^ actividad=1 ^ transitoriedad=2 ^ time entropy=1,1
r27=0 ^ freq ceros=5,freq unos=1 ^ freq dos=1 ^ width=5 ^ pasos=1 ^ simetria=2 ^ transitoriedad=2 ^ time entropy=1,2
r19=0 ^ r27=2 ^ freq ceros=5 ^ width=2,freq unos=1 ^ freq dos=1 ^ pasos=1 ^ simetria=2 ^ actividad=1 ^ entropia=1 ^ transitoriedad=2 ^ time entropy=1,1
r8=0 ^ r14=2 ^ r16=2 ^ r22=0,freq ceros=1 ^ width=1 ^ pasos=2 ^ actividad=4,1
r27=2 ^ freq ceros=5 ^ freq unos=1 ^ width=2,freq dos=1 ^ pasos=1 ^ simetria=2 ^ actividad=1 ^ entropia=1 ^ transitoriedad=2 ^ sensitividad=1 ^ time entropy=1,1
r27=2 ^ freq unos=1 ^ freq dos=1 ^ width=2,pasos=1 ^ simetria=2 ^ entropia=1 ^ transitoriedad=2 ^ time entropy=1,2
r27=0 ^ freq ceros=5 ^ transitoriedad=2,freq unos=1 ^ freq dos=1 ^ width=5 ^ pasos=1 ^ simetria=2 ^ time entropy=1,1
r27=1 ^ freq ceros=5 ^ freq unos=1 ^ freq dos=1,width=2 ^ pasos=1 ^ simetria=2 ^ entropia=1 ^ transitoriedad=2 ^ time entropy=1,2
r27=1 ^ freq ceros=5 ^ freq unos=1 ^ width=2,pasos=1 ^ simetria=2 ^ actividad=1 ^ entropia=1 ^ transitoriedad=2,1
r27=1 ^ freq unos=1 ^ freq dos=1 ^ width=2,pasos=1 ^ entropia=1,1
r27=1 ^ freq ceros=5 ^ freq unos=1 ^ width=2,freq dos=1 ^ pasos=1 ^ simetria=2 ^ entropia=1 ^ transitoriedad=2 ^ time entropy=1,1
r27=2 ^ freq ceros=5 ^ width=2 ^ transitoriedad=2,freq dos=1 ^ pasos=1 ^ simetria=2 ^ actividad=1 ^ entropia=1 ^ time entropy=1,1
r9=1 ^ freq unos=1 ^ freq dos=1 ^ width=5,pasos=1 ^ simetria=2 ^ entropia=1 ^ transitoriedad=2 ^ time entropy=1,1
r5=2 ^ r27=1 ^ freq ceros=5 ^ width=2,freq unos=1 ^ freq dos=1 ^ pasos=1 ^ simetria=2 ^ actividad=1 ^ entropia=1 ^ transitoriedad=2 ^ time entropy=1,1
r27=2 ^ freq ceros=5 ^ width=2,freq unos=1 ^ freq dos=1 ^ pasos=1 ^ simetria=2 ^ actividad=1 ^ entropia=1 ^ transitoriedad=2,1
r27=1 ^ freq ceros=5 ^ freq unos=1 ^ entropia=1,width=2 ^ pasos=1 ^ simetria=2 ^ transitoriedad=2 ^ time entropy=1,1
r27=2 ^ freq ceros=5 ^ freq dos=1 ^ actividad=1,width=2 ^ pasos=1 ^ simetria=2 ^ entropia=1 ^ transitoriedad=2 ^ time entropy=1,1
r18=0 ^ r27=0 ^ width=5 ^ transitoriedad=2,freq ceros=5 ^ freq unos=1 ^ pasos=1 ^ simetria=2,1
r27=1 ^ freq ceros=5 ^ freq unos=1 ^ freq dos=1,pasos=1 ^ simetria=2 ^ actividad=1 ^ entropia=1 ^ transitoriedad=2 ^ time entropy=1,1
r27=2 ^ freq ceros=5 ^ freq dos=1 ^ entropia=1,width=2 ^ pasos=1 ^ simetria=2 ^ transitoriedad=2 ^ time entropy=1,1
r27=2 ^ freq dos=1 ^ width=2 ^ time entropy=1,pasos=1 ^ simetria=2 ^ transitoriedad=2,1
r27=1 ^ freq ceros=5 ^ freq dos=1 ^ width=2,pasos=1 ^ simetria=2 ^ actividad=1 ^ entropia=1 ^ transitoriedad=2 ^ time entropy=1,1
r27=1 ^ freq ceros=5 ^ freq unos=1 ^ freq dos=1,width=2 ^ pasos=1 ^ simetria=2 ^ actividad=1 ^ transitoriedad=2 ^ time entropy=1,1
r27=1 ^ freq ceros=5 ^ freq unos=1 ^ actividad=1,freq dos=1 ^ pasos=1 ^ simetria=2 ^ entropia=1 ^ transitoriedad=2 ^ time entropy=1,1
r18=0 ^ r27=0 ^ width=5 ^ transitoriedad=2,freq ceros=5 ^ pasos=1 ^ simetria=2,9
r27=1 ^ freq ceros=5 ^ freq unos=1 ^ freq dos=1,width=2 ^ pasos=1 ^ simetria=2 ^ transitoriedad=2 ^ time entropy=1,2
r27=1 ^ freq ceros=5 ^ width=2 ^ entropia=1,freq dos=1 ^ pasos=1 ^ simetria=2 ^ transitoriedad=2 ^ time entropy=1,1
r8=0 ^ r11=1 ^ r24=0 ^ simetria=2,freq ceros=5 ^ width=1 ^ entropia=1 ^ sensitividad=3,1
r27=2 ^ freq ceros=5 ^ width=2,freq dos=1 ^ pasos=1 ^ simetria=2 ^ actividad=1 ^ entropia=1 ^ transitoriedad=2 ^ time entropy=1,1
r27=2 ^ freq ceros=5 ^ freq unos=1 ^ width=2,freq dos=1 ^ pasos=1 ^ simetria=2 ^ entropia=1 ^ transitoriedad=2 ^ time entropy=1,1
r27=2 ^ freq dos=1 ^ width=2 ^ actividad=1,pasos=1 ^ simetria=2 ^ entropia=1 ^ transitoriedad=2 ^ time entropy=1,1
r18=0 ^ r27=0 ^ width=5 ^ simetria=2,freq ceros=5 ^ pasos=1 ^ transitoriedad=2,2
r27=2 ^ freq ceros=5 ^ freq dos=1 ^ transitoriedad=2,width=2 ^ pasos=1 ^ simetria=2 ^ actividad=1 ^ entropia=1 ^ time entropy=1,1
r27=0 ^ freq ceros=5 ^ transitoriedad=2,freq unos=1 ^ freq dos=1 ^ width=5 ^ pasos=1 ^ simetria=2,2
r27=2 ^ freq ceros=5 ^ width=2 ^ transitoriedad=2,freq dos=1,1
r27=1 ^ freq unos=1 ^ width=5 ^ transitoriedad=2,pasos=1 ^ simetria=2 ^ time entropy=1,1
r24=2 ^ r27=2 ^ freq ceros=5 ^ width=2,pasos=1 ^ simetria=2 ^ actividad=1 ^ entropia=1 ^ transitoriedad=2 ^ time entropy=1,1
r27=2 ^ freq ceros=5 ^ freq dos=1 ^ width=2,freq unos=1 ^ pasos=1 ^ simetria=2 ^ actividad=1 ^ entropia=1 ^ transitoriedad=2 ^ time entropy=1,1
r27=1 ^ freq ceros=5 ^ width=2 ^ actividad=1,freq dos=1 ^ pasos=1 ^ simetria=2 ^ transitoriedad=2 ^ time entropy=1,1
r6=1 ^ r27=2 ^ freq ceros=5 ^ width=2,freq unos=1 ^ freq dos=1 ^ pasos=1 ^ simetria=2 ^ transitoriedad=2,1
r27=2 ^ freq ceros=5 ^ width=2 ^ actividad=1,freq dos=1 ^ pasos=1 ^ simetria=2 ^ entropia=1 ^ transitoriedad=2 ^ time entropy=1,1
r27=2 ^ freq ceros=5 ^ freq dos=1 ^ entropia=1,pasos=1 ^ simetria=2 ^ transitoriedad=2 ^ time entropy=1,1
