antecedente,consecuente,contador
r18=0 ^ r27=0 ^ freq ceros=5 ^ width=5,pasos=1 ^ simetria=2,1
r18=0 ^ r25=2 ^ r27=0 ^ width=5,freq ceros=5 ^ pasos=1 ^ simetria=2 ^ transitoriedad=2,1
r18=0 ^ r27=0 ^ width=5 ^ time entropy=4,freq ceros=5 ^ pasos=1 ^ transitoriedad=2,1
r18=0 ^ r27=0 ^ width=5 ^ transitoriedad=2,freq ceros=5 ^ pasos=1 ^ simetria=2 ^ sensitividad=5,1
r18=0 ^ r27=0 ^ width=5 ^ transitoriedad=2,freq ceros=5 ^ pasos=1 ^ simetria=2 ^ entropia=2,1
r18=0 ^ r27=0 ^ width=5 ^ entropia=3,freq ceros=5 ^ pasos=1 ^ simetria=2,1
r12=0 ^ r20=0 ^ r25=0 ^ freq ceros=1,freq unos=4 ^ freq dos=5 ^ width=2 ^ actividad=4 ^ transitoriedad=1 ^ time entropy=5,1
r16=0 ^ freq ceros=3 ^ freq unos=3 ^ sensitividad=3,pasos=2 ^ entropia=4 ^ transitoriedad=1,1
r18=0 ^ r26=1 ^ r27=0 ^ width=5,freq ceros=5 ^ pasos=1 ^ simetria=2 ^ transitoriedad=2,2
r18=0 ^ r27=0 ^ width=5 ^ transitoriedad=2,freq ceros=5 ^ pasos=1 ^ simetria=2 ^ time entropy=3,1
r18=0 ^ r26=1 ^ r27=0 ^ width=5,freq ceros=5 ^ pasos=1 ^ simetria=2 ^ actividad=3 ^ transitoriedad=2 ^ sensitividad=5,1
r18=0 ^ r27=0 ^ width=5,pasos=1,1
r18=0 ^ r27=0 ^ width=5,freq ceros=5 ^ pasos=1 ^ transitoriedad=2,4
r18=0 ^ r27=0 ^ width=5,freq ceros=5 ^ pasos=1,2
r10=2 ^ r18=0 ^ r27=0 ^ width=5,freq ceros=5 ^ pasos=1 ^ simetria=2 ^ transitoriedad=2,1
r5=2 ^ r26=0 ^ freq unos=5 ^ sensitividad=4,freq ceros=3 ^ simetria=2 ^ entropia=4 ^ transitoriedad=1 ^ time entropy=4,1
r13=0 ^ r20=2 ^ r25=1 ^ time entropy=5,freq ceros=3 ^ actividad=1 ^ transitoriedad=1,1
r6=1 ^ r18=0 ^ r27=0 ^ width=5,freq ceros=5 ^ pasos=1 ^ simetria=2 ^ transitoriedad=2,1
r18=0 ^ r23=2 ^ r27=0 ^ width=5,freq ceros=5 ^ pasos=1,1
r18=0 ^ r27=0 ^ width=5 ^ transitoriedad=2,freq ceros=5 ^ pasos=1,19
r18=0 ^ r27=0 ^ width=5 ^ actividad=4,freq ceros=5 ^ pasos=1 ^ transitoriedad=2,1
r5=2 ^ r15=0 ^ r25=0,entropia=3 ^ transitoriedad=1 ^ sensitividad=3 ^ time entropy=1,1
r18=0 ^ r27=0 ^ width=5 ^ transitoriedad=2,freq ceros=5 ^ pasos=1 ^ sensitividad=1,1
r9=1 ^ r18=0 ^ r27=0 ^ width=5,freq ceros=5 ^ pasos=1,1
r7=0 ^ r18=0 ^ r27=0 ^ width=5,freq ceros=5 ^ pasos=1 ^ simetria=2 ^ transitoriedad=2,1
r2=0 ^ r12=0 ^ r20=0 ^ r22=2,freq ceros=3 ^ actividad=1 ^ transitoriedad=1,1
r4=0 ^ r18=0 ^ r27=0 ^ width=5,freq ceros=5 ^ pasos=1 ^ simetria=2 ^ transitoriedad=2,1
r18=0 ^ r27=0 ^ width=5 ^ entropia=5,freq ceros=5 ^ pasos=1 ^ simetria=2 ^ transitoriedad=2,2
r18=0 ^ r21=2 ^ r27=0 ^ width=5,pasos=1 ^ simetria=2 ^ transitoriedad=2,1
r18=0 ^ r27=0 ^ width=5 ^ transitoriedad=2,freq ceros=5 ^ pasos=1 ^ simetria=2 ^ entropia=5,1
r18=0 ^ r27=0 ^ width=5 ^ simetria=2,pasos=1 ^ transitoriedad=2,2
r18=0 ^ r27=0 ^ width=5 ^ time entropy=5,freq ceros=5 ^ pasos=1,1
r18=0 ^ r27=0 ^ width=5 ^ simetria=2,freq ceros=5 ^ pasos=1 ^ actividad=2 ^ transitoriedad=2,1
r9=0 ^ r18=0 ^ r27=0 ^ width=5,freq ceros=5 ^ pasos=1,1
r4=1 ^ r10=1 ^ r22=0 ^ freq dos=4,freq unos=5 ^ pasos=2 ^ simetria=1 ^ actividad=4 ^ entropia=3 ^ transitoriedad=2,1
r18=0 ^ r27=0 ^ width=5 ^ transitoriedad=2,freq ceros=5 ^ pasos=1 ^ simetria=2,34
r18=0 ^ r27=0 ^ width=5 ^ transitoriedad=2,freq ceros=5 ^ pasos=1 ^ time entropy=4,2
r18=0 ^ r27=0 ^ width=5 ^ transitoriedad=2,freq ceros=5 ^ freq unos=1 ^ pasos=1 ^ simetria=2,2
r18=0 ^ r27=0 ^ width=5 ^ transitoriedad=2,pasos=1 ^ simetria=2,2
r4=0 ^ r5=1 ^ r16=1 ^ r21=0,freq ceros=5 ^ transitoriedad=1,1
r3=1 ^ r18=0 ^ r27=0 ^ width=5,freq ceros=5 ^ pasos=1 ^ transitoriedad=2,1
r15=2 ^ r18=0 ^ r27=0 ^ width=5,freq ceros=5 ^ pasos=1,1
r12=1 ^ r18=0 ^ r27=0 ^ width=5,freq ceros=5 ^ pasos=1 ^ transitoriedad=2,1
r18=0 ^ r27=0 ^ width=5,freq ceros=5 ^ pasos=1 ^ simetria=2,1
r13=1 ^ r18=0 ^ r27=0 ^ width=5,freq ceros=5 ^ pasos=1 ^ simetria=2 ^ transitoriedad=2,1
r18=0 ^ r27=0 ^ width=5 ^ simetria=2,freq ceros=5 ^ pasos=1 ^ transitoriedad=2,28
r18=0 ^ r27=0 ^ width=5,freq ceros=5 ^ pasos=1 ^ sensitividad=5,1
r18=0 ^ r27=0 ^ width=5 ^ transitoriedad=2,freq ceros=5 ^ freq unos=5 ^ pasos=1 ^ simetria=2,1
r18=0 ^ r27=0 ^ width=5,freq ceros=5 ^ pasos=1 ^ simetria=2 ^ transitoriedad=2,9
r18=0 ^ r27=0 ^ freq unos=2 ^ width=5,freq ceros=5 ^ pasos=1 ^ simetria=2 ^ transitoriedad=2,1
r17=1 ^ r18=0 ^ r27=0 ^ width=5,freq ceros=5 ^ pasos=1 ^ simetria=2 ^ transitoriedad=2,1
r15=0 ^ r18=2 ^ r26=2 ^ time entropy=1,freq ceros=2 ^ width=1 ^ actividad=5 ^ transitoriedad=1 ^ sensitividad=4,1
r18=0 ^ r26=1 ^ r27=0 ^ width=5,pasos=1 ^ simetria=2 ^ transitoriedad=2,1
r18=0 ^ r27=0 ^ width=5 ^ entropia=5,pasos=1 ^ simetria=2,1
r6=2 ^ r18=0 ^ r27=0 ^ width=5,freq ceros=5 ^ pasos=1 ^ simetria=2 ^ transitoriedad=2,1
r3=2 ^ r18=0 ^ r27=0 ^ width=5,freq ceros=5 ^ pasos=1 ^ simetria=2 ^ transitoriedad=2,1
r18=0 ^ r27=0 ^ freq ceros=5 ^ width=5,pasos=1 ^ simetria=2 ^ transitoriedad=2,1
r19=1,freq ceros=1 ^ actividad=4 ^ transitoriedad=1 ^ time entropy=4,1
r18=0 ^ r27=0 ^ width=5 ^ transitoriedad=2,freq ceros=5 ^ pasos=1 ^ simetria=2 ^ time entropy=4,1
r18=0 ^ r27=0 ^ width=5 ^ transitoriedad=2,freq ceros=5 ^ pasos=1 ^ sensitividad=2,1
r18=0 ^ r27=0 ^ width=5,freq ceros=5 ^ freq unos=3 ^ pasos=1 ^ simetria=2 ^ transitoriedad=2,1
r18=0 ^ r27=0 ^ width=5 ^ simetria=2,freq ceros=5 ^ pasos=1 ^ actividad=3 ^ transitoriedad=2,1
r18=0 ^ r27=0 ^ width=5 ^ simetria=2,freq ceros=5 ^ pasos=1,4
r18=0 ^ r27=0 ^ width=5 ^ transitoriedad=2,freq ceros=5 ^ pasos=1 ^ simetria=2 ^ entropia=4,1
r18=0 ^ r27=0 ^ width=5 ^ transitoriedad=2,freq ceros=5 ^ freq dos=1 ^ pasos=1,1
