antecedente,consecuente,contador
r26=1 ^ r27=1 ^ freq ceros=5 ^ width=5,pasos=1 ^ simetria=2 ^ transitoriedad=2,1
r26=0 ^ r27=0 ^ width=5 ^ transitoriedad=2,freq ceros=5 ^ pasos=1 ^ simetria=2,1
r1=2 ^ r14=2 ^ r27=2 ^ freq ceros=5,freq dos=5 ^ pasos=1 ^ simetria=2 ^ transitoriedad=2,1
r26=0 ^ r27=0 ^ width=5,freq ceros=5 ^ pasos=1 ^ transitoriedad=2 ^ time entropy=5,1
r27=0,freq ceros=5 ^ width=1 ^ pasos=1 ^ simetria=2 ^ actividad=5 ^ transitoriedad=2 ^ sensitividad=4 ^ time entropy=3,1
r14=2 ^ r27=1 ^ freq ceros=5 ^ entropia=3,width=5 ^ pasos=1 ^ simetria=2 ^ transitoriedad=2 ^ time entropy=3,1
r1=2 ^ r14=2 ^ r27=1 ^ freq ceros=5,freq unos=4 ^ transitoriedad=2,1
r14=2 ^ r27=1 ^ freq ceros=5 ^ entropia=3,freq unos=3 ^ pasos=1 ^ simetria=2 ^ transitoriedad=2 ^ time entropy=3,1
r26=1 ^ r27=1 ^ freq ceros=5 ^ width=5,freq unos=3 ^ pasos=1 ^ simetria=2 ^ transitoriedad=2,1
r14=2 ^ r27=1 ^ freq ceros=5 ^ entropia=3,freq unos=4 ^ freq dos=4 ^ pasos=1 ^ simetria=2 ^ actividad=5 ^ transitoriedad=2 ^ sensitividad=2,1
r14=2 ^ r27=1 ^ freq ceros=5 ^ entropia=3,freq unos=4 ^ freq dos=4 ^ width=5 ^ pasos=1 ^ simetria=2 ^ actividad=5 ^ transitoriedad=2 ^ sensitividad=2,1
r26=1 ^ r27=1 ^ width=5 ^ simetria=2,pasos=1 ^ transitoriedad=2,2
r1=2 ^ r25=2 ^ r27=2 ^ freq ceros=5,width=5 ^ pasos=1 ^ simetria=2 ^ transitoriedad=2,1
r26=1 ^ r27=1 ^ width=5 ^ simetria=2,pasos=1 ^ actividad=5 ^ transitoriedad=2,1
r1=2 ^ r27=2 ^ freq ceros=5 ^ transitoriedad=2,freq unos=4 ^ freq dos=4 ^ width=5 ^ pasos=1 ^ actividad=5,1
r1=2 ^ r27=2 ^ freq ceros=5 ^ time entropy=1,width=5 ^ pasos=1 ^ simetria=2 ^ transitoriedad=2,1
r1=2 ^ r14=2 ^ r27=1 ^ freq ceros=5,freq unos=4 ^ pasos=1 ^ simetria=2 ^ actividad=5 ^ entropia=5 ^ transitoriedad=2,1
r1=2 ^ r14=2 ^ r27=1 ^ freq ceros=5,freq dos=4 ^ pasos=1 ^ simetria=2 ^ transitoriedad=2,1
r14=2 ^ r27=1 ^ freq ceros=5 ^ entropia=3,freq unos=4 ^ freq dos=4 ^ width=5 ^ pasos=1 ^ actividad=5 ^ transitoriedad=2,1
r26=1 ^ r27=1 ^ width=5 ^ simetria=2,freq ceros=5 ^ pasos=1 ^ transitoriedad=2,1
r14=2 ^ r27=1 ^ freq ceros=5 ^ entropia=3,freq unos=3 ^ pasos=1 ^ simetria=2 ^ actividad=5 ^ transitoriedad=2 ^ time entropy=3,2
r1=2 ^ r14=2 ^ r27=2 ^ freq ceros=5,pasos=1 ^ simetria=2,1
r14=2 ^ r27=1 ^ freq ceros=5 ^ entropia=3,freq unos=4 ^ pasos=1 ^ simetria=2 ^ actividad=5 ^ transitoriedad=2 ^ sensitividad=1 ^ time entropy=3,1
r14=2 ^ r27=1 ^ freq ceros=5 ^ entropia=3,freq dos=4 ^ width=2 ^ pasos=1 ^ simetria=2 ^ actividad=5 ^ transitoriedad=2 ^ time entropy=3,1
r14=2 ^ r27=1 ^ freq ceros=5 ^ entropia=3,freq unos=4 ^ freq dos=4 ^ width=5 ^ pasos=1 ^ simetria=2 ^ actividad=5 ^ transitoriedad=2,3
r26=1 ^ r27=1 ^ width=5,freq ceros=5 ^ pasos=1 ^ simetria=2 ^ transitoriedad=2 ^ sensitividad=1,1
r26=0 ^ r27=0 ^ width=5 ^ transitoriedad=2,freq ceros=5 ^ simetria=2,1
r26=0 ^ r27=0 ^ width=5,freq ceros=5 ^ pasos=1 ^ simetria=2 ^ transitoriedad=2 ^ time entropy=2,1
r1=2 ^ r11=1 ^ r27=2 ^ freq ceros=5,freq unos=4 ^ freq dos=4 ^ width=5 ^ pasos=1 ^ simetria=2 ^ actividad=5 ^ transitoriedad=2,1
r14=2 ^ r27=1 ^ freq ceros=5 ^ entropia=3,pasos=1 ^ simetria=2 ^ actividad=5 ^ transitoriedad=2 ^ sensitividad=2,1
r1=2 ^ r14=2 ^ r27=1 ^ freq ceros=5,freq unos=4 ^ width=5 ^ pasos=1 ^ actividad=5 ^ entropia=5 ^ transitoriedad=2,1
r1=2 ^ r27=1 ^ freq ceros=5 ^ freq dos=5,freq unos=4 ^ pasos=1 ^ simetria=2,1
r1=2 ^ r16=0 ^ r27=2 ^ freq ceros=5,width=5 ^ pasos=1 ^ simetria=2 ^ transitoriedad=2,1
r1=2 ^ r14=2 ^ r27=1 ^ freq ceros=5,freq unos=4 ^ freq dos=4 ^ width=5 ^ pasos=1 ^ simetria=2 ^ entropia=5 ^ transitoriedad=2,2
r1=2 ^ r14=2 ^ r27=1 ^ freq ceros=5,freq dos=4 ^ width=5 ^ pasos=1 ^ actividad=5 ^ transitoriedad=2 ^ sensitividad=2,1
r1=2 ^ r14=2 ^ r27=1 ^ freq ceros=5,freq dos=5 ^ simetria=2 ^ transitoriedad=2,1
r1=2 ^ r14=2 ^ r27=2 ^ freq ceros=5,pasos=1 ^ simetria=2 ^ transitoriedad=2,1
r14=2 ^ r27=1 ^ freq ceros=5 ^ entropia=3,freq unos=4 ^ freq dos=4 ^ width=5 ^ pasos=1 ^ actividad=5 ^ transitoriedad=2 ^ sensitividad=2,3
r14=2 ^ r27=1 ^ freq ceros=5 ^ entropia=3,freq dos=5 ^ pasos=1 ^ simetria=2 ^ actividad=5 ^ transitoriedad=2 ^ time entropy=3,1
r14=2 ^ r27=1 ^ freq ceros=5 ^ entropia=3,freq unos=4 ^ pasos=1 ^ simetria=2 ^ actividad=5 ^ transitoriedad=2 ^ time entropy=3,12
r27=1 ^ freq ceros=5 ^ freq dos=5 ^ time entropy=3,freq unos=4 ^ pasos=1 ^ simetria=2 ^ transitoriedad=2,2
r1=2 ^ r14=2 ^ r27=1 ^ freq ceros=5,freq unos=4 ^ simetria=2 ^ transitoriedad=2,1
r1=2 ^ r27=1 ^ freq ceros=5 ^ freq dos=5,pasos=1 ^ simetria=2,1
r14=2 ^ r27=1 ^ freq ceros=5 ^ entropia=3,freq unos=4 ^ freq dos=4 ^ width=5 ^ pasos=1 ^ simetria=2 ^ actividad=5 ^ transitoriedad=2 ^ time entropy=3,13
r14=2 ^ r27=1 ^ freq ceros=5 ^ entropia=3,freq dos=4 ^ width=5 ^ pasos=1 ^ simetria=2 ^ actividad=5 ^ transitoriedad=2 ^ time entropy=3,7
r1=2 ^ r14=2 ^ r27=1 ^ freq ceros=5,freq unos=4 ^ width=5 ^ pasos=1 ^ simetria=2 ^ actividad=5,1
r1=2 ^ r14=2 ^ r27=1 ^ freq ceros=5,freq unos=4 ^ width=5 ^ pasos=1 ^ simetria=2 ^ transitoriedad=2,2
r1=2 ^ r14=2 ^ r27=1 ^ freq ceros=5,freq unos=4 ^ width=5 ^ pasos=1 ^ simetria=2 ^ actividad=5 ^ transitoriedad=2,2
r1=2 ^ r27=2 ^ freq ceros=5 ^ transitoriedad=2,freq unos=4 ^ width=5 ^ pasos=1 ^ simetria=2 ^ entropia=5,1
r1=2 ^ r14=2 ^ r27=1 ^ freq ceros=5,freq unos=4 ^ freq dos=4 ^ pasos=1 ^ simetria=2 ^ transitoriedad=2,5
r1=2 ^ r27=2 ^ freq ceros=5,freq unos=4 ^ freq dos=4 ^ width=5 ^ pasos=1 ^ simetria=2 ^ actividad=5 ^ transitoriedad=2,1
r1=2 ^ r14=2 ^ r27=1 ^ freq ceros=5,freq unos=4 ^ freq dos=4 ^ pasos=1 ^ simetria=2 ^ actividad=5 ^ transitoriedad=2,6
r18=1 ^ r23=0 ^ freq ceros=1 ^ freq dos=5,freq unos=5 ^ simetria=2 ^ actividad=3 ^ transitoriedad=1 ^ sensitividad=4 ^ time entropy=1,1
r1=2 ^ r14=2 ^ r27=1 ^ freq ceros=5,freq dos=5 ^ pasos=1 ^ simetria=2 ^ actividad=5 ^ transitoriedad=2,1
r1=2 ^ r14=2 ^ r27=1 ^ freq ceros=5,freq dos=4 ^ pasos=1,1
r1=2 ^ r14=2 ^ r27=1 ^ freq ceros=5,width=5 ^ pasos=1 ^ simetria=2 ^ actividad=5 ^ entropia=5,1
r1=2 ^ r14=2 ^ r27=1 ^ freq ceros=5,width=5 ^ pasos=1 ^ simetria=2 ^ actividad=5 ^ transitoriedad=2 ^ time entropy=2,1
r14=2 ^ r27=1 ^ freq ceros=5 ^ entropia=3,freq unos=4 ^ width=5 ^ pasos=1 ^ simetria=2 ^ actividad=5 ^ transitoriedad=2 ^ time entropy=3,21
r14=2 ^ r27=1 ^ freq ceros=5 ^ entropia=3,freq unos=4 ^ width=5 ^ pasos=1 ^ simetria=2 ^ actividad=5 ^ transitoriedad=2,12
r26=0 ^ r27=0 ^ width=5 ^ simetria=2,freq ceros=5 ^ transitoriedad=2,1
r1=2 ^ r27=2 ^ freq ceros=5 ^ transitoriedad=2,width=5 ^ pasos=1 ^ simetria=2,2
r1=2 ^ r14=2 ^ r27=1 ^ freq ceros=5,freq unos=4 ^ freq dos=4 ^ width=5 ^ pasos=1 ^ simetria=2 ^ actividad=5 ^ entropia=5 ^ transitoriedad=2,11
r1=2 ^ r14=2 ^ r27=1 ^ freq ceros=5,freq unos=4 ^ freq dos=4 ^ width=5 ^ pasos=1 ^ simetria=2 ^ transitoriedad=2,13
r27=1 ^ freq ceros=5 ^ freq dos=5 ^ time entropy=3,pasos=1 ^ simetria=2 ^ transitoriedad=2,1
r1=2 ^ r14=2 ^ r27=1 ^ freq ceros=5,freq unos=4 ^ freq dos=4 ^ width=5 ^ pasos=1 ^ simetria=2 ^ actividad=5 ^ transitoriedad=2,6
r1=2 ^ r14=2 ^ r27=1 ^ freq ceros=5,freq dos=4 ^ width=5 ^ pasos=1 ^ simetria=2 ^ actividad=5 ^ entropia=5 ^ transitoriedad=2 ^ time entropy=2,1
r1=2 ^ r14=2 ^ r27=2 ^ freq ceros=5,freq unos=4 ^ freq dos=4 ^ width=5 ^ pasos=1 ^ simetria=2 ^ actividad=5 ^ entropia=5 ^ transitoriedad=2,1
r1=2 ^ r14=2 ^ r27=1 ^ freq ceros=5,freq dos=4 ^ width=5 ^ pasos=1 ^ simetria=2,3
r1=2 ^ r14=2 ^ r27=1 ^ freq ceros=5,freq unos=4 ^ freq dos=5 ^ pasos=1 ^ simetria=2 ^ entropia=5 ^ transitoriedad=2,1
r1=2 ^ r14=2 ^ r27=1 ^ freq ceros=5,width=5 ^ pasos=1 ^ simetria=2 ^ transitoriedad=2,2
r1=2 ^ r14=2 ^ r27=1 ^ freq ceros=5,freq dos=4 ^ width=5 ^ pasos=1 ^ simetria=2 ^ actividad=5,1
r1=2 ^ r17=0 ^ r27=2 ^ freq ceros=5,pasos=1 ^ simetria=2 ^ transitoriedad=2,1
r14=2 ^ r27=1 ^ freq ceros=5 ^ entropia=3,pasos=1 ^ simetria=2 ^ actividad=5 ^ transitoriedad=2 ^ time entropy=3,20
r14=2 ^ r27=1 ^ freq ceros=5 ^ entropia=3,pasos=1 ^ simetria=2 ^ actividad=5 ^ transitoriedad=2,13
r1=2 ^ r14=2 ^ r27=1 ^ freq ceros=5,freq unos=4 ^ freq dos=4 ^ width=5 ^ pasos=1 ^ simetria=2,2
r1=2 ^ r27=2 ^ freq ceros=5,pasos=1 ^ simetria=2 ^ transitoriedad=2,1
r1=2 ^ r27=2 ^ freq ceros=5,freq unos=4 ^ freq dos=4 ^ width=5 ^ pasos=1 ^ simetria=2 ^ actividad=5 ^ entropia=5 ^ transitoriedad=2 ^ sensitividad=2,1
r14=2 ^ r27=1 ^ freq ceros=5 ^ entropia=3,width=4 ^ pasos=1 ^ simetria=2 ^ actividad=5 ^ transitoriedad=2,1
r14=2 ^ r27=1 ^ freq ceros=5 ^ entropia=3,width=5 ^ pasos=1 ^ simetria=2 ^ actividad=5 ^ transitoriedad=2 ^ time entropy=3,4
r1=2 ^ r27=2 ^ freq ceros=5,width=5 ^ pasos=1 ^ simetria=2 ^ transitoriedad=2,3
r1=0 ^ r16=0 ^ r19=1 ^ r24=1,freq ceros=5 ^ freq unos=3 ^ freq dos=3 ^ width=1 ^ pasos=1 ^ simetria=2 ^ transitoriedad=2,1
r1=2 ^ r27=2 ^ freq ceros=5 ^ transitoriedad=2,pasos=1 ^ simetria=2 ^ actividad=5,1
r1=2 ^ r27=2 ^ freq ceros=5 ^ transitoriedad=2,freq unos=4 ^ freq dos=4 ^ width=5 ^ pasos=1 ^ simetria=2 ^ actividad=5 ^ entropia=5,1
r1=0 ^ r15=2 ^ r27=0,freq ceros=5 ^ freq dos=5 ^ pasos=1 ^ simetria=2 ^ actividad=5 ^ entropia=5 ^ transitoriedad=2 ^ sensitividad=3 ^ time entropy=3,1
r2=2 ^ r8=0 ^ r16=0 ^ r24=1,freq ceros=5 ^ freq unos=3 ^ freq dos=3 ^ width=1 ^ pasos=2 ^ actividad=2 ^ entropia=3 ^ transitoriedad=1,1
r26=1 ^ r27=1 ^ width=5 ^ entropia=5,pasos=1 ^ simetria=2 ^ transitoriedad=2 ^ sensitividad=5,1
r14=2 ^ r27=1 ^ freq ceros=5 ^ entropia=3,width=5 ^ pasos=1 ^ simetria=2 ^ actividad=5 ^ transitoriedad=2,1
r2=2 ^ r22=0 ^ r24=2 ^ freq dos=5,freq ceros=4 ^ width=3 ^ pasos=2 ^ actividad=1,1
r1=2 ^ r27=2 ^ freq ceros=5 ^ simetria=2,pasos=1,3
r1=2 ^ r14=2 ^ r27=1 ^ freq ceros=5,freq unos=4 ^ width=5 ^ pasos=1 ^ simetria=2 ^ actividad=5 ^ entropia=5 ^ transitoriedad=2,13
r1=2 ^ r4=1 ^ r27=2 ^ freq ceros=5,freq dos=5 ^ pasos=1 ^ simetria=2 ^ transitoriedad=2,1
r1=2 ^ r27=2 ^ freq ceros=5 ^ width=3,freq dos=5 ^ pasos=1 ^ transitoriedad=2,1
r1=2 ^ r14=2 ^ r27=2 ^ freq ceros=5,width=5 ^ pasos=1 ^ simetria=2 ^ entropia=5,1
r1=2 ^ r27=2 ^ freq ceros=5 ^ simetria=2,freq dos=5 ^ pasos=1 ^ transitoriedad=2,1
r27=1 ^ freq ceros=5 ^ freq dos=5 ^ time entropy=3,freq unos=4 ^ pasos=1 ^ simetria=2 ^ entropia=2 ^ transitoriedad=2,1
r1=2 ^ r14=2 ^ r27=1 ^ freq ceros=5,freq dos=4 ^ width=5 ^ pasos=1 ^ transitoriedad=2,1
r27=1 ^ freq ceros=5 ^ freq dos=5 ^ time entropy=3,pasos=1 ^ simetria=2 ^ transitoriedad=2 ^ sensitividad=2,1
r1=2 ^ r14=2 ^ r27=1 ^ freq ceros=5,width=5 ^ pasos=1 ^ simetria=2 ^ actividad=5 ^ entropia=5 ^ transitoriedad=2 ^ sensitividad=2,1
r1=0 ^ r27=0,freq ceros=5 ^ freq dos=5 ^ pasos=1 ^ simetria=2 ^ actividad=5 ^ entropia=5 ^ transitoriedad=2 ^ sensitividad=3 ^ time entropy=3,3
r1=2 ^ r27=2 ^ freq ceros=5 ^ simetria=2,freq dos=5 ^ pasos=1,3
r9=2 ^ width=3 ^ entropia=3,freq ceros=1 ^ freq unos=1 ^ freq dos=4 ^ pasos=1 ^ simetria=1 ^ time entropy=2,1
r2=1 ^ r9=1 ^ r10=1 ^ r27=1,pasos=2 ^ actividad=3 ^ transitoriedad=2,1
r1=2 ^ r14=2 ^ r27=1 ^ freq ceros=5,freq dos=4 ^ width=5 ^ pasos=1 ^ simetria=2 ^ actividad=5 ^ transitoriedad=2 ^ sensitividad=2 ^ time entropy=1,1
r1=2 ^ r27=2 ^ freq ceros=5 ^ simetria=2,freq unos=1 ^ pasos=1 ^ transitoriedad=2,1
r1=2 ^ r27=2 ^ freq ceros=5 ^ simetria=2,freq dos=5 ^ transitoriedad=2,2
r1=2 ^ r14=2 ^ r27=1 ^ freq ceros=5,freq dos=4 ^ width=5 ^ pasos=1 ^ simetria=2 ^ actividad=5 ^ transitoriedad=2 ^ sensitividad=2,3
r1=2 ^ r11=0 ^ r27=2 ^ freq ceros=5,width=5 ^ pasos=1 ^ simetria=2 ^ transitoriedad=2,1
r1=2 ^ r27=2 ^ freq ceros=5 ^ transitoriedad=2,freq dos=4 ^ width=5 ^ pasos=1 ^ simetria=2 ^ actividad=5,1
r26=1 ^ r27=1 ^ width=5 ^ entropia=5,freq ceros=5 ^ pasos=1 ^ simetria=2 ^ transitoriedad=2,1
r1=2 ^ r14=2 ^ r27=1 ^ freq ceros=5,freq dos=5 ^ pasos=1 ^ simetria=2 ^ transitoriedad=2,6
r14=2 ^ r27=1 ^ freq ceros=5 ^ entropia=3,width=1 ^ pasos=1 ^ simetria=2 ^ actividad=5 ^ transitoriedad=2,1
r3=0 ^ r9=0 ^ r17=0 ^ r24=2,freq unos=5 ^ freq dos=4 ^ pasos=2 ^ entropia=3 ^ transitoriedad=2 ^ sensitividad=1,1
r1=2 ^ r14=2 ^ r27=1 ^ freq ceros=5,freq dos=4 ^ width=5 ^ pasos=1 ^ simetria=2 ^ actividad=5 ^ transitoriedad=2,10
r1=2 ^ r14=2 ^ r27=1 ^ freq ceros=5,pasos=1 ^ simetria=2 ^ actividad=5 ^ transitoriedad=2,3
r1=2 ^ r27=2 ^ freq ceros=5 ^ transitoriedad=2,pasos=1 ^ simetria=2 ^ time entropy=2,1
r1=2 ^ r2=2 ^ r27=2 ^ freq ceros=5,freq dos=4 ^ pasos=1 ^ simetria=2 ^ transitoriedad=2,1
r1=2 ^ r14=2 ^ r27=2 ^ freq ceros=5,freq unos=4 ^ width=5 ^ pasos=1 ^ simetria=2 ^ transitoriedad=2,1
r26=1 ^ r27=1 ^ width=5 ^ simetria=2,freq ceros=5 ^ pasos=1 ^ actividad=5 ^ entropia=5 ^ transitoriedad=2,1
r1=2 ^ r14=2 ^ r27=2 ^ freq ceros=5,pasos=1 ^ simetria=2 ^ actividad=5 ^ transitoriedad=2,1
r1=2 ^ r14=2 ^ r27=1 ^ freq ceros=5,freq dos=4 ^ width=5 ^ pasos=1 ^ simetria=2 ^ transitoriedad=2,3
r1=2 ^ r5=0 ^ r27=2 ^ freq ceros=5,freq unos=4 ^ width=5 ^ pasos=1 ^ simetria=2 ^ actividad=5 ^ entropia=5 ^ transitoriedad=2,1
r27=1 ^ freq ceros=5 ^ freq dos=5 ^ time entropy=3,pasos=1 ^ simetria=2,1
r1=2 ^ r14=2 ^ r27=1 ^ freq ceros=5,pasos=1 ^ transitoriedad=2,3
r1=2 ^ r14=2 ^ r27=1 ^ freq ceros=5,freq unos=4 ^ freq dos=5 ^ pasos=1 ^ simetria=2 ^ actividad=5 ^ entropia=5 ^ transitoriedad=2,1
r1=2 ^ r27=2 ^ freq ceros=5 ^ pasos=1,freq dos=5 ^ simetria=2 ^ transitoriedad=2,2
r1=2 ^ r14=2 ^ r27=2 ^ freq ceros=5,freq unos=4 ^ width=5 ^ pasos=1 ^ simetria=2 ^ actividad=5 ^ transitoriedad=2,1
r1=2 ^ r27=2 ^ freq ceros=5 ^ transitoriedad=2,freq unos=4 ^ width=5 ^ pasos=1 ^ simetria=2 ^ actividad=5 ^ entropia=5,1
r14=2 ^ r27=1 ^ freq ceros=5 ^ entropia=3,freq dos=4 ^ width=5 ^ pasos=1 ^ simetria=2 ^ actividad=5 ^ transitoriedad=2 ^ sensitividad=2,1
r1=2 ^ r14=2 ^ r27=2 ^ freq ceros=5,freq dos=4 ^ width=5 ^ pasos=1,1
r27=1 ^ freq ceros=5 ^ freq dos=5 ^ time entropy=3,freq unos=4 ^ width=5 ^ pasos=1 ^ simetria=2 ^ actividad=5 ^ entropia=5 ^ transitoriedad=2,1
r1=2 ^ r14=2 ^ r27=2 ^ freq ceros=5,freq dos=4 ^ width=5 ^ pasos=1 ^ simetria=2 ^ transitoriedad=2 ^ time entropy=2,1
r14=2 ^ r27=1 ^ freq ceros=5 ^ entropia=3,pasos=1 ^ simetria=2 ^ actividad=5 ^ transitoriedad=2 ^ sensitividad=5 ^ time entropy=3,1
r1=2 ^ r14=2 ^ r27=1 ^ freq ceros=5,freq unos=4 ^ freq dos=5 ^ width=5 ^ pasos=1 ^ simetria=2 ^ transitoriedad=2,2
r1=2 ^ r27=2 ^ freq ceros=5,freq unos=4 ^ width=5 ^ pasos=1 ^ simetria=2 ^ actividad=5 ^ entropia=5 ^ transitoriedad=2,1
r1=2 ^ r21=0 ^ r27=2 ^ freq ceros=5,freq dos=4 ^ width=5 ^ pasos=1 ^ simetria=2 ^ transitoriedad=2,1
r1=2 ^ r14=2 ^ r27=2 ^ freq ceros=5,freq unos=4 ^ width=5 ^ pasos=1 ^ simetria=2 ^ actividad=5 ^ entropia=5 ^ transitoriedad=2,3
r1=2 ^ r6=2 ^ r27=2 ^ freq ceros=5,freq unos=4 ^ freq dos=4 ^ width=5 ^ pasos=1 ^ simetria=2 ^ transitoriedad=2,1
r1=2 ^ r14=2 ^ r27=1 ^ freq ceros=5,width=5 ^ pasos=1 ^ simetria=2 ^ actividad=5 ^ transitoriedad=2,2
r1=2 ^ r14=2 ^ r27=1 ^ freq ceros=5,freq unos=4 ^ freq dos=5 ^ pasos=1 ^ simetria=2 ^ entropia=2 ^ transitoriedad=2,1
r14=2 ^ r27=1 ^ freq ceros=5 ^ entropia=3,freq dos=4 ^ pasos=1 ^ simetria=2 ^ actividad=1 ^ transitoriedad=2 ^ time entropy=3,1
r1=2 ^ r14=2 ^ r27=1 ^ freq ceros=5,freq unos=4 ^ freq dos=4 ^ width=5 ^ pasos=1 ^ actividad=5 ^ transitoriedad=2 ^ sensitividad=2,1
r1=2 ^ r14=2 ^ r27=1 ^ freq ceros=5,freq dos=4 ^ width=5 ^ transitoriedad=2,1
r26=1 ^ r27=1 ^ freq ceros=5 ^ width=5,freq dos=2 ^ pasos=1 ^ actividad=5 ^ entropia=5 ^ transitoriedad=2,1
r14=2 ^ r27=1 ^ freq ceros=5 ^ entropia=3,freq unos=4 ^ freq dos=4 ^ width=5 ^ pasos=1 ^ actividad=5 ^ transitoriedad=2 ^ time entropy=3,6
r1=2 ^ r14=2 ^ r27=1 ^ freq ceros=5,freq unos=5 ^ freq dos=4 ^ width=5 ^ pasos=1 ^ simetria=2 ^ actividad=5 ^ transitoriedad=2 ^ sensitividad=2,1
r1=2 ^ r27=2 ^ freq ceros=5 ^ transitoriedad=2,freq dos=4 ^ width=5 ^ pasos=1 ^ simetria=2,1
r1=2 ^ r14=2 ^ r27=2 ^ freq ceros=5,freq unos=4 ^ freq dos=4 ^ width=5 ^ pasos=1 ^ actividad=5 ^ transitoriedad=2 ^ sensitividad=2,2
r14=2 ^ r27=1 ^ freq ceros=5 ^ entropia=3,freq dos=4 ^ width=5 ^ pasos=1 ^ actividad=5 ^ transitoriedad=2 ^ time entropy=3,2
r2=2 ^ r8=0,pasos=2 ^ actividad=2 ^ entropia=3 ^ transitoriedad=1,1
r1=2 ^ r14=2 ^ r27=1 ^ freq ceros=5,freq unos=4 ^ freq dos=5 ^ width=5 ^ pasos=1 ^ simetria=2 ^ actividad=5 ^ entropia=5 ^ transitoriedad=2,1
r14=2 ^ r27=1 ^ freq ceros=5 ^ entropia=3,freq unos=4 ^ freq dos=4 ^ pasos=1 ^ simetria=2 ^ actividad=5 ^ transitoriedad=2 ^ time entropy=3,8
r1=2 ^ r14=2 ^ r27=1 ^ freq ceros=5,freq dos=5 ^ pasos=1 ^ transitoriedad=2 ^ time entropy=3,1
r1=2 ^ r14=2 ^ r27=1 ^ freq ceros=5,freq dos=5 ^ pasos=1 ^ simetria=2 ^ actividad=5 ^ transitoriedad=2 ^ sensitividad=2,1
r1=2 ^ r12=0 ^ r27=2 ^ freq ceros=5,freq unos=4 ^ freq dos=4 ^ width=5 ^ pasos=1 ^ simetria=2 ^ transitoriedad=2,1
r1=2 ^ r27=2 ^ freq ceros=5 ^ simetria=2,pasos=1 ^ transitoriedad=2,4
r1=2 ^ r14=2 ^ r27=2 ^ freq ceros=5,freq unos=4 ^ width=5 ^ pasos=1 ^ simetria=2 ^ actividad=5,1
r14=2 ^ r27=1 ^ freq ceros=5,freq unos=4 ^ freq dos=4 ^ width=5 ^ pasos=1 ^ simetria=2 ^ actividad=5 ^ transitoriedad=2 ^ time entropy=1,1
r1=2 ^ r14=2 ^ r27=1 ^ freq ceros=5,freq unos=4 ^ freq dos=4 ^ width=5 ^ pasos=1 ^ actividad=5,2
r1=2 ^ r14=2 ^ r27=1 ^ freq ceros=5,freq unos=4 ^ freq dos=4 ^ width=5 ^ pasos=1 ^ actividad=5 ^ transitoriedad=2 ^ sensitividad=2 ^ time entropy=3,1
r14=2 ^ r27=1 ^ freq ceros=5 ^ entropia=3,pasos=1 ^ actividad=5 ^ transitoriedad=2,1
r1=2 ^ r14=2 ^ r27=1 ^ freq ceros=5,freq unos=4 ^ freq dos=4 ^ width=5 ^ pasos=1 ^ simetria=2 ^ actividad=5 ^ entropia=5 ^ transitoriedad=2 ^ sensitividad=2,7
r1=2 ^ r6=1 ^ r27=2 ^ freq ceros=5,freq unos=4 ^ width=5 ^ pasos=1 ^ simetria=2 ^ actividad=5 ^ entropia=5 ^ transitoriedad=2,1
r14=2 ^ r27=1 ^ freq ceros=5 ^ entropia=3,freq unos=4 ^ pasos=1 ^ simetria=2 ^ actividad=5 ^ transitoriedad=2,2
r1=2 ^ r14=2 ^ r27=2 ^ freq ceros=5,freq unos=4 ^ freq dos=4 ^ pasos=1 ^ simetria=2 ^ actividad=5 ^ transitoriedad=2,1
r1=2 ^ r14=2 ^ r27=1 ^ freq ceros=5,freq unos=4 ^ width=5 ^ pasos=1 ^ actividad=5 ^ transitoriedad=2,1
r1=2 ^ r14=2 ^ r27=1 ^ freq ceros=5,freq dos=4 ^ width=5 ^ pasos=1 ^ simetria=2 ^ actividad=5 ^ entropia=5 ^ transitoriedad=2,2
r1=2 ^ r14=2 ^ r27=1 ^ freq ceros=5,freq unos=4 ^ freq dos=4 ^ width=5 ^ pasos=1 ^ actividad=5 ^ transitoriedad=2,7
r1=2 ^ r27=2 ^ freq ceros=5,freq unos=4 ^ freq dos=4 ^ pasos=1 ^ simetria=2 ^ actividad=5 ^ transitoriedad=2,2
r1=2 ^ r14=2 ^ r27=1 ^ freq ceros=5,freq unos=4 ^ width=5 ^ pasos=1 ^ transitoriedad=2,1
r1=2 ^ r27=2 ^ freq ceros=5 ^ simetria=2,pasos=1 ^ entropia=5 ^ transitoriedad=2,1
r1=2 ^ r27=2 ^ freq ceros=5 ^ simetria=2,width=5 ^ transitoriedad=2,1
r1=2 ^ r14=2 ^ r27=1 ^ freq ceros=5,freq unos=4 ^ freq dos=5 ^ pasos=1 ^ simetria=2 ^ transitoriedad=2,7
r1=2 ^ r27=1 ^ freq ceros=5 ^ freq dos=5,freq unos=4 ^ width=5 ^ pasos=1 ^ simetria=2,1
r14=2 ^ r27=1 ^ freq ceros=5 ^ entropia=3,freq dos=4 ^ pasos=1 ^ simetria=2 ^ actividad=5 ^ transitoriedad=2,1
r1=2 ^ r14=2 ^ r27=1 ^ freq ceros=5,freq unos=3 ^ pasos=1 ^ simetria=2 ^ transitoriedad=2,1
r14=2 ^ r27=1 ^ freq ceros=5 ^ entropia=3,freq dos=4 ^ pasos=1 ^ simetria=2 ^ actividad=5 ^ transitoriedad=2 ^ time entropy=3,3
r1=2 ^ r14=2 ^ r27=1 ^ freq ceros=5,freq unos=4 ^ freq dos=4 ^ width=5 ^ pasos=1 ^ transitoriedad=2,3
r27=1 ^ freq ceros=5 ^ freq dos=5 ^ time entropy=3,width=5 ^ pasos=1 ^ actividad=5 ^ transitoriedad=2 ^ sensitividad=2,2
r14=2 ^ r27=1 ^ freq ceros=5 ^ entropia=3,freq dos=4 ^ width=5 ^ pasos=1 ^ actividad=5 ^ transitoriedad=2,1
r1=2 ^ r14=2 ^ r27=1 ^ freq ceros=5,freq unos=3 ^ width=5 ^ pasos=1 ^ simetria=2 ^ transitoriedad=2,1
r26=0 ^ r27=0 ^ width=5,freq ceros=5 ^ pasos=1,1
r1=2 ^ r27=2 ^ freq ceros=5 ^ pasos=1,simetria=2 ^ actividad=2 ^ transitoriedad=2,1
r1=2 ^ r14=2 ^ r27=2 ^ freq ceros=5,width=5 ^ pasos=1 ^ simetria=2 ^ transitoriedad=2,1
r1=2 ^ r14=2 ^ r27=1 ^ freq ceros=5,freq unos=4 ^ freq dos=5 ^ simetria=2 ^ transitoriedad=2,1
r1=2 ^ r14=2 ^ r27=1 ^ freq ceros=5,freq unos=4 ^ freq dos=5 ^ pasos=1 ^ simetria=2 ^ transitoriedad=2 ^ sensitividad=4,1
