antecedente,consecuente,contador
r11=0 ^ freq ceros=1 ^ entropia=3 ^ sensitividad=5,freq unos=2 ^ freq dos=5 ^ pasos=1 ^ simetria=2 ^ transitoriedad=2,1
r1=2 ^ r27=2 ^ freq ceros=5,pasos=1 ^ simetria=2 ^ transitoriedad=2 ^ time entropy=5,1
r10=2 ^ freq ceros=1 ^ entropia=3 ^ sensitividad=5,freq unos=2 ^ freq dos=5 ^ pasos=1 ^ simetria=2 ^ transitoriedad=2,1
r12=2 ^ freq ceros=1 ^ entropia=3 ^ sensitividad=5,freq unos=2 ^ freq dos=5 ^ width=4 ^ pasos=1 ^ transitoriedad=2 ^ time entropy=3,1
r2=2 ^ freq ceros=1 ^ entropia=3 ^ sensitividad=5,freq unos=2 ^ freq dos=5 ^ width=4 ^ pasos=1 ^ transitoriedad=2,1
r9=2 ^ freq ceros=1 ^ entropia=3 ^ sensitividad=5,freq unos=2 ^ freq dos=5 ^ width=4 ^ pasos=1 ^ actividad=3 ^ transitoriedad=2,1
r3=2 ^ freq ceros=1 ^ entropia=3 ^ sensitividad=5,freq dos=5 ^ width=4 ^ pasos=1 ^ simetria=2 ^ transitoriedad=2 ^ time entropy=4,1
r26=1 ^ r27=0 ^ freq ceros=1 ^ entropia=3,freq unos=2 ^ freq dos=5 ^ width=4 ^ pasos=1 ^ transitoriedad=2,1
r26=1 ^ r27=0 ^ freq ceros=1 ^ transitoriedad=2,freq dos=5 ^ width=4 ^ pasos=1 ^ simetria=2,1
r4=1 ^ freq ceros=1 ^ entropia=3 ^ sensitividad=5,freq dos=5 ^ width=4 ^ pasos=1 ^ actividad=3 ^ transitoriedad=2,1
r11=0 ^ freq ceros=1 ^ entropia=3 ^ sensitividad=5,freq dos=5 ^ width=4 ^ pasos=1 ^ simetria=2 ^ transitoriedad=2 ^ time entropy=3,1
r19=2 ^ freq ceros=1 ^ entropia=3 ^ sensitividad=5,width=4 ^ pasos=1 ^ simetria=2 ^ actividad=3 ^ transitoriedad=2,1
r11=0 ^ freq ceros=1 ^ entropia=3 ^ sensitividad=5,freq unos=2 ^ freq dos=5 ^ pasos=1 ^ actividad=3 ^ transitoriedad=2,1
r1=2 ^ r27=2 ^ sensitividad=5,freq ceros=1 ^ freq unos=4 ^ pasos=1 ^ simetria=2 ^ actividad=4 ^ entropia=5 ^ transitoriedad=2 ^ time entropy=3,1
r26=1 ^ r27=0 ^ freq ceros=1 ^ entropia=3,width=4 ^ pasos=1 ^ simetria=2 ^ transitoriedad=2,1
r18=1 ^ freq ceros=1 ^ entropia=3 ^ sensitividad=5,freq unos=2 ^ freq dos=5 ^ pasos=1 ^ actividad=3 ^ transitoriedad=2,1
r2=2 ^ freq ceros=1 ^ entropia=3 ^ sensitividad=5,freq unos=2 ^ freq dos=5 ^ width=4 ^ pasos=1 ^ transitoriedad=2 ^ time entropy=3,1
r11=1 ^ freq ceros=1 ^ entropia=3 ^ sensitividad=5,pasos=1 ^ simetria=2 ^ transitoriedad=2,1
r10=1 ^ r19=0 ^ entropia=3 ^ sensitividad=5,freq ceros=1 ^ freq unos=4 ^ width=4 ^ pasos=1 ^ simetria=2 ^ actividad=3 ^ transitoriedad=2 ^ time entropy=3,1
r10=0 ^ freq ceros=1 ^ entropia=3 ^ sensitividad=5,freq unos=2 ^ freq dos=5 ^ width=4 ^ pasos=1 ^ actividad=3 ^ transitoriedad=2,1
r1=2 ^ r9=0 ^ r27=2 ^ freq ceros=5,pasos=1 ^ simetria=2 ^ transitoriedad=2,1
r4=0 ^ freq ceros=1 ^ entropia=3 ^ sensitividad=5,freq unos=2 ^ freq dos=5 ^ width=4 ^ pasos=1 ^ transitoriedad=2 ^ time entropy=3,1
r3=2 ^ freq ceros=1 ^ entropia=3 ^ sensitividad=5,freq unos=2 ^ freq dos=5 ^ pasos=1 ^ transitoriedad=2 ^ time entropy=3,1
r7=1 ^ freq ceros=1 ^ entropia=3 ^ sensitividad=5,freq dos=5 ^ width=4 ^ pasos=1 ^ actividad=3 ^ transitoriedad=2,1
r10=0 ^ freq ceros=1 ^ entropia=3 ^ sensitividad=5,width=4 ^ pasos=1 ^ simetria=2 ^ transitoriedad=2,2
r27=1 ^ freq ceros=1 ^ entropia=3 ^ sensitividad=5,freq unos=2 ^ freq dos=5 ^ width=4 ^ pasos=1 ^ transitoriedad=2 ^ time entropy=3,1
r26=1 ^ r27=0 ^ freq ceros=1 ^ entropia=3,freq unos=2 ^ freq dos=5 ^ width=4 ^ pasos=1 ^ simetria=2 ^ actividad=3 ^ transitoriedad=2 ^ time entropy=3,1
r11=1 ^ freq ceros=1 ^ entropia=3 ^ sensitividad=5,freq unos=2 ^ freq dos=5 ^ width=4 ^ pasos=1 ^ transitoriedad=2 ^ time entropy=3,2
r7=1 ^ freq ceros=1 ^ entropia=3 ^ sensitividad=5,freq unos=2 ^ pasos=1 ^ simetria=2 ^ transitoriedad=2,1
r13=0 ^ r19=0 ^ sensitividad=5,freq ceros=1 ^ freq unos=4 ^ pasos=1 ^ simetria=2 ^ actividad=4 ^ entropia=5 ^ transitoriedad=2 ^ time entropy=3,1
r2=0 ^ freq ceros=1 ^ entropia=3 ^ sensitividad=5,freq unos=2 ^ freq dos=5 ^ width=4 ^ pasos=1 ^ transitoriedad=2 ^ time entropy=3,1
r7=0 ^ freq ceros=1 ^ entropia=3 ^ sensitividad=5,freq unos=2 ^ width=4 ^ pasos=1 ^ simetria=2 ^ transitoriedad=2,1
r10=0 ^ freq ceros=1 ^ entropia=3 ^ sensitividad=5,freq unos=2 ^ pasos=1 ^ simetria=2 ^ transitoriedad=2,1
r12=2 ^ freq ceros=1 ^ entropia=3 ^ sensitividad=5,freq unos=2 ^ freq dos=2 ^ width=4 ^ pasos=1 ^ simetria=2 ^ transitoriedad=2,1
r10=0 ^ freq ceros=1 ^ entropia=3 ^ sensitividad=5,freq unos=2 ^ pasos=1 ^ simetria=2 ^ actividad=3 ^ transitoriedad=2 ^ time entropy=3,1
r2=2 ^ freq ceros=1 ^ entropia=3 ^ sensitividad=5,freq dos=5 ^ width=4 ^ pasos=1 ^ simetria=2 ^ transitoriedad=2,4
r19=0 ^ freq ceros=1 ^ entropia=3 ^ sensitividad=5,freq unos=4 ^ pasos=1 ^ simetria=2 ^ actividad=4 ^ transitoriedad=2 ^ time entropy=3,1
r4=0 ^ freq ceros=1 ^ entropia=3 ^ sensitividad=5,freq unos=2 ^ freq dos=5 ^ pasos=1 ^ actividad=3 ^ transitoriedad=2 ^ time entropy=3,1
r13=0 ^ r19=0 ^ sensitividad=5,freq ceros=1 ^ freq unos=4 ^ width=4 ^ pasos=1 ^ simetria=2 ^ actividad=4 ^ entropia=5 ^ transitoriedad=2 ^ time entropy=3,1
r27=0 ^ freq ceros=1 ^ entropia=3 ^ sensitividad=5,freq unos=2 ^ freq dos=5 ^ pasos=1 ^ simetria=2 ^ transitoriedad=2,1
r9=2 ^ freq ceros=1 ^ entropia=3 ^ sensitividad=5,freq unos=2 ^ pasos=1 ^ simetria=2 ^ transitoriedad=2,1
r21=2 ^ freq ceros=1 ^ entropia=3 ^ sensitividad=5,freq unos=2 ^ freq dos=5 ^ width=4 ^ pasos=1 ^ actividad=3 ^ transitoriedad=2 ^ time entropy=3,2
r8=1 ^ r23=2 ^ entropia=3 ^ sensitividad=5,freq ceros=1 ^ freq unos=4 ^ width=4 ^ pasos=1 ^ simetria=2 ^ actividad=3 ^ transitoriedad=2 ^ time entropy=3,1
r10=0 ^ freq ceros=1 ^ entropia=3 ^ sensitividad=5,freq unos=2 ^ freq dos=5 ^ width=4 ^ pasos=1 ^ simetria=2 ^ actividad=3 ^ transitoriedad=2 ^ time entropy=1,1
r7=0 ^ freq ceros=1 ^ entropia=3 ^ sensitividad=5,freq dos=5 ^ pasos=1 ^ simetria=2 ^ transitoriedad=2 ^ time entropy=4,1
r2=0 ^ freq ceros=1 ^ entropia=3 ^ sensitividad=5,freq dos=5 ^ width=4 ^ pasos=1 ^ simetria=2 ^ transitoriedad=2 ^ time entropy=3,1
r1=0 ^ freq ceros=1 ^ entropia=3 ^ sensitividad=5,pasos=1 ^ simetria=2 ^ transitoriedad=2,1
r7=0 ^ freq ceros=1 ^ entropia=3 ^ sensitividad=5,freq dos=5 ^ width=4 ^ pasos=1 ^ simetria=2 ^ transitoriedad=2 ^ time entropy=3,1
r18=0 ^ r19=0 ^ sensitividad=5,freq ceros=1 ^ freq unos=4 ^ pasos=1 ^ simetria=2 ^ actividad=4 ^ entropia=5 ^ transitoriedad=2 ^ time entropy=3,1
r1=1 ^ entropia=3 ^ sensitividad=5,freq ceros=1 ^ freq unos=4 ^ pasos=1 ^ simetria=2 ^ actividad=4 ^ transitoriedad=2 ^ time entropy=3,1
r4=1 ^ freq ceros=1 ^ entropia=3 ^ sensitividad=5,freq dos=5 ^ width=4 ^ pasos=1 ^ simetria=2 ^ actividad=3 ^ transitoriedad=2,2
r19=0 ^ entropia=4 ^ sensitividad=5,freq ceros=1 ^ freq unos=4 ^ pasos=1 ^ simetria=2 ^ actividad=4 ^ transitoriedad=2 ^ time entropy=3,1
r23=2 ^ freq ceros=1 ^ entropia=3 ^ sensitividad=5,freq dos=5 ^ width=4 ^ pasos=1 ^ simetria=2 ^ actividad=3 ^ transitoriedad=2 ^ time entropy=3,1
r26=1 ^ freq ceros=1 ^ entropia=3 ^ sensitividad=5,freq unos=2 ^ freq dos=5 ^ width=4 ^ pasos=1 ^ simetria=1 ^ transitoriedad=2 ^ time entropy=3,1
r1=2 ^ r27=2 ^ freq ceros=5 ^ transitoriedad=2,freq dos=5 ^ width=2 ^ pasos=1,1
r12=2 ^ freq ceros=1 ^ entropia=3 ^ sensitividad=5,pasos=1 ^ simetria=2 ^ transitoriedad=2 ^ time entropy=3,2
r19=0 ^ r20=2,freq ceros=1 ^ freq unos=4 ^ pasos=1 ^ simetria=2 ^ actividad=4 ^ entropia=5 ^ transitoriedad=2 ^ time entropy=3,1
r2=0 ^ freq ceros=1 ^ entropia=3 ^ sensitividad=5,width=4 ^ pasos=1 ^ simetria=2 ^ transitoriedad=2 ^ time entropy=3,1
r20=2 ^ entropia=3 ^ sensitividad=5,freq ceros=1 ^ freq unos=4 ^ width=4 ^ pasos=1 ^ simetria=2 ^ actividad=3 ^ transitoriedad=2 ^ time entropy=3,1
r19=0 ^ entropia=3 ^ sensitividad=5,freq ceros=1 ^ freq unos=2 ^ freq dos=5 ^ width=4 ^ pasos=1 ^ simetria=2 ^ actividad=4 ^ transitoriedad=2 ^ time entropy=3,1
r19=2 ^ freq ceros=1 ^ entropia=3 ^ sensitividad=5,pasos=1 ^ simetria=2 ^ transitoriedad=2 ^ time entropy=4,1
r19=0 ^ r21=2 ^ entropia=5 ^ sensitividad=5,freq ceros=1 ^ freq unos=4 ^ width=4 ^ pasos=1 ^ simetria=2 ^ actividad=3 ^ transitoriedad=2 ^ time entropy=3,1
r19=2 ^ freq ceros=1 ^ entropia=3 ^ sensitividad=5,freq dos=5 ^ width=4 ^ pasos=1 ^ actividad=3 ^ transitoriedad=2,1
r1=2,freq ceros=1 ^ freq unos=4 ^ pasos=1 ^ simetria=2 ^ actividad=4 ^ entropia=5 ^ transitoriedad=2 ^ time entropy=3,1
r12=2 ^ freq ceros=1 ^ entropia=3 ^ sensitividad=5,freq unos=2 ^ freq dos=5 ^ pasos=1 ^ simetria=2 ^ actividad=3 ^ transitoriedad=2,1
r2=2 ^ freq ceros=1 ^ entropia=3 ^ sensitividad=5,freq dos=5 ^ pasos=1 ^ transitoriedad=2,1
r18=2 ^ r22=2 ^ entropia=3 ^ sensitividad=5,freq ceros=1 ^ freq unos=4 ^ pasos=1 ^ simetria=2 ^ actividad=4 ^ transitoriedad=2 ^ time entropy=3,1
r19=0 ^ freq ceros=1 ^ entropia=3 ^ sensitividad=5,freq unos=2 ^ freq dos=5 ^ pasos=1 ^ actividad=3 ^ transitoriedad=2 ^ time entropy=3,1
r26=1 ^ r27=0 ^ freq ceros=1 ^ transitoriedad=2,freq unos=2 ^ freq dos=5 ^ pasos=1 ^ simetria=2 ^ actividad=3,1
r1=1 ^ freq ceros=1 ^ entropia=3 ^ sensitividad=5,freq unos=2 ^ freq dos=5 ^ pasos=1 ^ simetria=2 ^ actividad=3 ^ transitoriedad=2 ^ time entropy=3,2
r2=2 ^ freq ceros=1 ^ entropia=3 ^ sensitividad=5,freq unos=2 ^ freq dos=5 ^ width=4 ^ pasos=1 ^ simetria=2 ^ actividad=5 ^ transitoriedad=2,1
r7=1 ^ freq ceros=1 ^ entropia=3 ^ sensitividad=5,freq unos=2 ^ freq dos=5 ^ pasos=1 ^ simetria=2 ^ actividad=3 ^ transitoriedad=2,5
r19=0 ^ r26=2 ^ entropia=3,freq ceros=1 ^ freq unos=4 ^ width=4 ^ pasos=1 ^ simetria=2 ^ actividad=3 ^ transitoriedad=2 ^ time entropy=3,1
r12=2 ^ freq ceros=1 ^ entropia=3 ^ sensitividad=5,width=4 ^ pasos=1 ^ simetria=2 ^ actividad=3 ^ transitoriedad=2 ^ time entropy=3,1
r27=0 ^ freq ceros=1 ^ entropia=3 ^ sensitividad=5,pasos=1 ^ simetria=2 ^ transitoriedad=2,1
r1=2 ^ r27=2 ^ freq ceros=5 ^ transitoriedad=2,pasos=1 ^ actividad=5,1
r27=1 ^ freq ceros=1 ^ entropia=3 ^ sensitividad=5,freq unos=2 ^ freq dos=5 ^ width=3 ^ pasos=1 ^ simetria=2 ^ actividad=3 ^ transitoriedad=2 ^ time entropy=3,1
r19=0 ^ r24=0 ^ entropia=3 ^ sensitividad=5,freq ceros=1 ^ freq unos=4 ^ pasos=1 ^ simetria=2 ^ actividad=4 ^ transitoriedad=2 ^ time entropy=3,1
r27=0 ^ freq ceros=1 ^ transitoriedad=2 ^ sensitividad=5,freq unos=2 ^ freq dos=5 ^ pasos=1 ^ simetria=2 ^ actividad=3 ^ time entropy=3,1
r4=1 ^ freq ceros=1 ^ entropia=3 ^ sensitividad=5,freq unos=2 ^ freq dos=5 ^ width=4 ^ pasos=1 ^ simetria=2 ^ transitoriedad=2 ^ time entropy=3,2
r4=1 ^ freq ceros=1 ^ entropia=3 ^ sensitividad=5,freq unos=2 ^ freq dos=5 ^ pasos=1 ^ actividad=3 ^ transitoriedad=2,1
r23=2 ^ freq ceros=1 ^ entropia=3 ^ sensitividad=5,freq dos=5 ^ width=4 ^ pasos=1 ^ simetria=2 ^ transitoriedad=2,1
r7=0 ^ freq ceros=1 ^ entropia=3 ^ sensitividad=5,freq dos=5 ^ width=4 ^ pasos=1 ^ simetria=2 ^ actividad=3 ^ transitoriedad=2 ^ time entropy=3,1
r4=1 ^ freq ceros=1 ^ entropia=3 ^ sensitividad=5,freq unos=2 ^ freq dos=5 ^ pasos=1 ^ actividad=3 ^ transitoriedad=2 ^ time entropy=3,1
r11=0 ^ freq ceros=1 ^ entropia=3 ^ sensitividad=5,freq unos=2 ^ freq dos=5 ^ width=4 ^ pasos=1 ^ actividad=3 ^ transitoriedad=2,1
r2=0 ^ freq ceros=1 ^ entropia=3 ^ sensitividad=5,width=4 ^ pasos=1 ^ simetria=2 ^ transitoriedad=2,1
r19=0 ^ freq ceros=1 ^ entropia=3 ^ sensitividad=5,pasos=1 ^ simetria=2 ^ actividad=3 ^ transitoriedad=2,1
r26=1 ^ r27=0 ^ freq ceros=1 ^ entropia=3,freq unos=2 ^ freq dos=5 ^ pasos=1 ^ actividad=3 ^ transitoriedad=2 ^ sensitividad=3,1
r4=0 ^ freq ceros=1 ^ entropia=3 ^ sensitividad=5,freq dos=5 ^ width=4 ^ pasos=1 ^ simetria=2 ^ actividad=3 ^ transitoriedad=2 ^ time entropy=3,1
r12=2 ^ freq ceros=1 ^ entropia=3 ^ sensitividad=5,freq dos=5 ^ width=4 ^ pasos=1 ^ simetria=2 ^ actividad=3 ^ transitoriedad=2 ^ time entropy=3,4
r24=0 ^ r27=0 ^ freq ceros=3 ^ freq dos=5,pasos=1 ^ simetria=2 ^ transitoriedad=2,1
r2=0 ^ freq ceros=1 ^ entropia=3 ^ sensitividad=5,pasos=1 ^ simetria=2 ^ actividad=3 ^ transitoriedad=2,1
r4=0 ^ freq ceros=1 ^ entropia=3 ^ sensitividad=5,freq unos=2 ^ freq dos=5 ^ pasos=1 ^ simetria=2 ^ actividad=3 ^ transitoriedad=2 ^ time entropy=3,4
r2=2 ^ freq ceros=1 ^ entropia=3 ^ sensitividad=5,freq unos=2 ^ freq dos=5 ^ pasos=1 ^ simetria=2 ^ actividad=2 ^ transitoriedad=2,1
r2=2 ^ freq ceros=1 ^ entropia=3 ^ sensitividad=5,freq unos=2 ^ freq dos=5 ^ width=4 ^ pasos=1 ^ simetria=2 ^ transitoriedad=2 ^ time entropy=3,2
r26=1 ^ freq ceros=1 ^ entropia=3 ^ sensitividad=5,freq unos=2 ^ freq dos=5 ^ width=4 ^ pasos=1 ^ simetria=2 ^ transitoriedad=2 ^ time entropy=3,1
r19=0 ^ freq ceros=1 ^ entropia=3 ^ sensitividad=5,freq unos=2 ^ freq dos=5 ^ width=4 ^ pasos=1 ^ simetria=2 ^ transitoriedad=2 ^ time entropy=3,1
r19=0 ^ entropia=3 ^ sensitividad=5,freq ceros=1 ^ freq unos=4 ^ width=4 ^ pasos=1 ^ simetria=2 ^ actividad=3 ^ transitoriedad=2 ^ time entropy=3,1
r11=0 ^ freq ceros=1 ^ entropia=3 ^ sensitividad=5,freq unos=2 ^ width=4 ^ pasos=1 ^ simetria=2 ^ transitoriedad=2,1
r11=0 ^ freq ceros=1 ^ entropia=3 ^ sensitividad=5,freq dos=5 ^ width=4 ^ pasos=1 ^ simetria=2 ^ actividad=3 ^ transitoriedad=2 ^ time entropy=3,2
r23=2 ^ freq ceros=1 ^ entropia=3 ^ sensitividad=5,width=4 ^ pasos=1 ^ simetria=2 ^ actividad=3 ^ transitoriedad=2,1
r10=2 ^ freq ceros=1 ^ entropia=3 ^ sensitividad=5,freq unos=2 ^ freq dos=5 ^ width=4 ^ pasos=1 ^ simetria=2 ^ actividad=3 ^ transitoriedad=2,19
r3=2 ^ freq ceros=1 ^ entropia=3 ^ sensitividad=5,pasos=1 ^ simetria=2 ^ transitoriedad=2 ^ time entropy=2,1
r26=1 ^ freq ceros=1 ^ entropia=3 ^ sensitividad=5,pasos=1 ^ simetria=2 ^ actividad=3 ^ transitoriedad=2,2
r7=1 ^ freq ceros=1 ^ entropia=3 ^ sensitividad=5,pasos=1 ^ simetria=2 ^ transitoriedad=2,1
r4=1 ^ freq ceros=1 ^ entropia=3 ^ sensitividad=5,freq unos=2 ^ freq dos=5 ^ pasos=1 ^ simetria=2 ^ transitoriedad=2 ^ time entropy=3,1
r27=0 ^ freq ceros=1 ^ entropia=3 ^ sensitividad=5,pasos=1 ^ simetria=2 ^ actividad=3 ^ transitoriedad=2 ^ time entropy=3,3
r1=2 ^ r27=2 ^ freq ceros=5 ^ sensitividad=5,freq dos=1 ^ pasos=1 ^ simetria=2 ^ transitoriedad=2,1
r12=2 ^ freq ceros=1 ^ entropia=3 ^ sensitividad=5,freq unos=2 ^ freq dos=5 ^ width=4 ^ pasos=1 ^ actividad=3 ^ transitoriedad=2 ^ time entropy=3,1
r3=2 ^ freq ceros=1 ^ entropia=3 ^ sensitividad=5,freq dos=5 ^ width=4 ^ pasos=1 ^ simetria=2 ^ actividad=3 ^ transitoriedad=2,3
r3=2 ^ freq ceros=1 ^ entropia=3 ^ sensitividad=5,width=4 ^ pasos=1 ^ simetria=2 ^ transitoriedad=2,1
r4=1 ^ freq ceros=1 ^ entropia=3 ^ sensitividad=5,freq dos=5 ^ width=4 ^ pasos=1 ^ transitoriedad=2,1
r11=0 ^ freq ceros=1 ^ entropia=3 ^ sensitividad=5,pasos=1 ^ simetria=2 ^ transitoriedad=2,2
r17=2,freq ceros=1 ^ freq unos=4 ^ pasos=1 ^ simetria=2 ^ actividad=4 ^ entropia=5 ^ transitoriedad=2 ^ time entropy=3,1
r27=1 ^ freq ceros=1 ^ entropia=3 ^ sensitividad=5,freq dos=5 ^ width=4 ^ pasos=1 ^ simetria=2 ^ transitoriedad=2,2
r14=2 ^ freq ceros=1 ^ entropia=3 ^ sensitividad=5,freq unos=2 ^ freq dos=5 ^ pasos=1 ^ simetria=2 ^ transitoriedad=2 ^ time entropy=3,1
r2=0 ^ freq ceros=1 ^ entropia=3 ^ sensitividad=5,freq unos=2 ^ freq dos=5 ^ width=4 ^ pasos=1 ^ simetria=2 ^ actividad=3 ^ transitoriedad=2,21
r7=1 ^ freq ceros=1 ^ entropia=3 ^ sensitividad=5,freq unos=2 ^ freq dos=5 ^ width=4 ^ pasos=1 ^ transitoriedad=2 ^ time entropy=3,1
r27=0 ^ freq ceros=3 ^ width=4 ^ sensitividad=5,freq dos=5 ^ pasos=1 ^ simetria=2 ^ actividad=2 ^ transitoriedad=2,1
r18=1 ^ freq ceros=1 ^ entropia=3 ^ sensitividad=5,freq dos=5 ^ width=4 ^ pasos=1 ^ simetria=2 ^ actividad=3 ^ transitoriedad=2 ^ time entropy=3,5
r14=2 ^ freq ceros=1 ^ entropia=3 ^ sensitividad=5,freq dos=5 ^ width=4 ^ pasos=1 ^ simetria=2 ^ transitoriedad=2 ^ time entropy=3,1
r26=1 ^ r27=0 ^ freq ceros=1 ^ sensitividad=5,freq unos=2 ^ freq dos=5 ^ width=4 ^ pasos=1 ^ simetria=2 ^ actividad=3 ^ transitoriedad=2 ^ time entropy=3,2
r27=1 ^ freq ceros=1 ^ entropia=3 ^ sensitividad=5,freq unos=2 ^ freq dos=5 ^ pasos=1 ^ simetria=2 ^ transitoriedad=2 ^ time entropy=3,1
r4=0 ^ freq ceros=1 ^ entropia=3 ^ sensitividad=5,freq unos=2 ^ freq dos=5 ^ width=4 ^ pasos=1 ^ actividad=3 ^ transitoriedad=2,1
r11=1 ^ freq ceros=1 ^ entropia=3 ^ sensitividad=5,freq dos=5 ^ width=4 ^ pasos=1 ^ simetria=2 ^ transitoriedad=2 ^ time entropy=3,1
r1=2 ^ r19=0 ^ entropia=3 ^ sensitividad=5,freq ceros=1 ^ freq unos=2 ^ freq dos=5 ^ width=4 ^ pasos=1 ^ simetria=2 ^ actividad=4 ^ transitoriedad=2,1
r15=2 ^ freq ceros=1 ^ entropia=3 ^ sensitividad=5,freq unos=2 ^ freq dos=5 ^ width=4 ^ pasos=1 ^ simetria=2 ^ actividad=3 ^ transitoriedad=2,13
r18=1 ^ freq ceros=1 ^ entropia=3 ^ sensitividad=5,freq unos=2 ^ freq dos=5 ^ pasos=1 ^ simetria=2 ^ transitoriedad=2,1
r2=2 ^ freq ceros=1 ^ entropia=3 ^ sensitividad=5,freq unos=2 ^ freq dos=5 ^ pasos=1 ^ simetria=2 ^ actividad=3 ^ transitoriedad=2,3
r2=0 ^ r27=0 ^ freq ceros=3 ^ width=4,freq dos=5 ^ pasos=1 ^ simetria=2 ^ transitoriedad=2,2
r18=1 ^ freq ceros=1 ^ entropia=3 ^ sensitividad=5,freq unos=2 ^ freq dos=5 ^ width=4 ^ pasos=1 ^ simetria=2 ^ transitoriedad=2 ^ time entropy=3,2
r2=0 ^ freq ceros=1 ^ entropia=3 ^ sensitividad=5,freq unos=2 ^ freq dos=5 ^ pasos=1 ^ simetria=2 ^ actividad=3 ^ transitoriedad=2 ^ time entropy=3,2
r10=0 ^ freq ceros=1 ^ entropia=3 ^ sensitividad=5,freq dos=5 ^ width=4 ^ pasos=1 ^ simetria=2 ^ actividad=3 ^ transitoriedad=2,6
r14=2 ^ freq ceros=1 ^ entropia=3 ^ sensitividad=5,freq unos=2 ^ freq dos=5 ^ width=4 ^ pasos=1 ^ transitoriedad=2,1
r10=2 ^ freq ceros=1 ^ entropia=3 ^ sensitividad=5,freq unos=2 ^ width=4 ^ pasos=1 ^ simetria=2 ^ actividad=3 ^ transitoriedad=2,1
r21=2 ^ freq ceros=1 ^ entropia=3 ^ sensitividad=5,freq unos=2 ^ pasos=1 ^ simetria=2 ^ transitoriedad=2,2
r9=2 ^ freq ceros=1 ^ entropia=3 ^ sensitividad=5,freq dos=5 ^ width=4 ^ pasos=1 ^ simetria=2 ^ transitoriedad=2,5
r27=1 ^ freq ceros=1 ^ entropia=3 ^ sensitividad=5,freq dos=5 ^ pasos=1 ^ simetria=2 ^ transitoriedad=2 ^ time entropy=3,1
r1=2 ^ r26=1 ^ r27=2 ^ freq ceros=5,freq dos=5 ^ pasos=1 ^ simetria=2 ^ transitoriedad=2,1
r19=2 ^ freq ceros=1 ^ entropia=3 ^ sensitividad=5,freq unos=2 ^ freq dos=5 ^ width=4 ^ pasos=1 ^ actividad=3 ^ transitoriedad=2 ^ time entropy=3,2
r10=0 ^ freq ceros=1 ^ entropia=3 ^ sensitividad=5,freq unos=2 ^ freq dos=5 ^ width=4 ^ pasos=1 ^ simetria=2 ^ actividad=3 ^ transitoriedad=2 ^ time entropy=3,32
r11=0 ^ freq ceros=1 ^ entropia=3 ^ sensitividad=5,freq unos=2 ^ freq dos=5 ^ width=4 ^ pasos=1 ^ simetria=2 ^ actividad=3 ^ transitoriedad=2,16
r2=2 ^ freq ceros=1 ^ entropia=3 ^ sensitividad=5,freq unos=2 ^ freq dos=5 ^ pasos=1 ^ actividad=3 ^ transitoriedad=2,2
r2=2 ^ freq ceros=1 ^ entropia=3 ^ sensitividad=5,freq unos=4 ^ freq dos=5 ^ width=4 ^ pasos=1 ^ simetria=2 ^ actividad=3 ^ transitoriedad=2,1
r19=0 ^ freq ceros=1 ^ entropia=3 ^ sensitividad=5,freq dos=5 ^ pasos=1 ^ actividad=3 ^ transitoriedad=2 ^ time entropy=3,1
r19=2 ^ freq ceros=1 ^ entropia=3 ^ sensitividad=5,freq unos=2 ^ freq dos=5 ^ pasos=1 ^ simetria=2 ^ transitoriedad=2 ^ time entropy=3,1
r10=0 ^ freq ceros=1 ^ entropia=3 ^ sensitividad=5,pasos=1 ^ simetria=2 ^ transitoriedad=2 ^ time entropy=3,1
r21=2 ^ freq ceros=1 ^ entropia=3 ^ sensitividad=5,freq dos=5 ^ pasos=1 ^ simetria=2 ^ transitoriedad=2,1
r4=0 ^ freq ceros=1 ^ entropia=3 ^ sensitividad=5,freq unos=2 ^ freq dos=5 ^ width=4 ^ pasos=1 ^ simetria=2 ^ transitoriedad=2 ^ time entropy=3,2
r6=2 ^ r19=0 ^ r24=0,freq ceros=1 ^ freq unos=4 ^ pasos=1 ^ simetria=2 ^ actividad=4 ^ entropia=5 ^ transitoriedad=2 ^ time entropy=3,1
r14=2 ^ freq ceros=1 ^ entropia=3 ^ sensitividad=5,freq dos=5 ^ pasos=1 ^ simetria=2 ^ actividad=3 ^ transitoriedad=2,1
r1=1 ^ freq ceros=1 ^ entropia=3 ^ sensitividad=5,freq unos=2 ^ pasos=1 ^ simetria=2 ^ transitoriedad=2,1
r1=0 ^ freq ceros=1 ^ entropia=3 ^ sensitividad=5,freq unos=2 ^ freq dos=5 ^ pasos=1 ^ simetria=2 ^ actividad=3 ^ transitoriedad=2,6
r26=1 ^ freq ceros=1 ^ entropia=3 ^ sensitividad=5,freq unos=2 ^ freq dos=5 ^ width=4 ^ pasos=1 ^ simetria=2 ^ actividad=3 ^ transitoriedad=2 ^ time entropy=3,23
r9=2 ^ freq ceros=1 ^ entropia=3 ^ sensitividad=5,freq dos=5 ^ width=4 ^ pasos=1 ^ simetria=2 ^ transitoriedad=2 ^ time entropy=3,1
r10=0 ^ freq ceros=1 ^ entropia=3 ^ sensitividad=5,pasos=1 ^ simetria=2 ^ actividad=3 ^ transitoriedad=2 ^ time entropy=3,2
r19=0 ^ freq ceros=1 ^ entropia=3 ^ sensitividad=5,freq unos=2 ^ freq dos=5 ^ pasos=1 ^ simetria=2 ^ actividad=3 ^ transitoriedad=2,9
r27=1 ^ freq ceros=1 ^ entropia=3 ^ sensitividad=5,freq unos=2 ^ freq dos=5 ^ width=4 ^ pasos=1 ^ simetria=2 ^ actividad=3 ^ transitoriedad=2 ^ time entropy=3,26
r6=2,freq ceros=1 ^ freq unos=4 ^ pasos=1 ^ simetria=2 ^ actividad=4 ^ entropia=5 ^ transitoriedad=2 ^ time entropy=3,1
r15=2 ^ freq ceros=1 ^ entropia=3 ^ sensitividad=5,freq unos=2 ^ freq dos=5 ^ pasos=1 ^ simetria=2 ^ actividad=3 ^ transitoriedad=2,7
r19=2 ^ freq ceros=1 ^ entropia=3 ^ sensitividad=5,freq dos=5 ^ width=4 ^ pasos=1 ^ simetria=2 ^ transitoriedad=2 ^ time entropy=3,1
r15=2 ^ freq ceros=1 ^ entropia=3 ^ sensitividad=5,freq unos=2 ^ freq dos=5 ^ width=4 ^ pasos=1 ^ simetria=2 ^ transitoriedad=2 ^ time entropy=3,4
r15=2 ^ freq ceros=1 ^ entropia=3 ^ sensitividad=5,freq unos=2 ^ freq dos=5 ^ width=4 ^ pasos=1 ^ simetria=2 ^ transitoriedad=2,1
r7=0 ^ freq ceros=1 ^ entropia=3 ^ sensitividad=5,freq unos=2 ^ freq dos=5 ^ pasos=1 ^ simetria=2 ^ transitoriedad=2,2
r15=2 ^ freq ceros=1 ^ entropia=3 ^ sensitividad=5,freq unos=2 ^ freq dos=5 ^ pasos=1 ^ simetria=2 ^ transitoriedad=2 ^ time entropy=3,1
r18=1 ^ freq ceros=1 ^ entropia=3 ^ sensitividad=5,freq unos=2 ^ freq dos=5 ^ width=4 ^ pasos=1 ^ actividad=3 ^ transitoriedad=2 ^ time entropy=3,1
r2=2 ^ freq ceros=1 ^ entropia=3 ^ sensitividad=5,freq unos=2 ^ freq dos=5 ^ pasos=1 ^ simetria=2 ^ actividad=3 ^ transitoriedad=2 ^ time entropy=3,9
r10=2 ^ freq ceros=1 ^ entropia=3 ^ sensitividad=5,freq unos=2 ^ pasos=1 ^ simetria=2 ^ actividad=3 ^ transitoriedad=2,1
r27=0 ^ freq ceros=1 ^ entropia=3 ^ sensitividad=5,freq dos=5 ^ width=4 ^ pasos=1 ^ actividad=3 ^ transitoriedad=2 ^ time entropy=3,1
r14=2 ^ freq ceros=1 ^ entropia=3 ^ sensitividad=5,freq unos=2 ^ freq dos=5 ^ width=4 ^ pasos=1 ^ actividad=3 ^ transitoriedad=2 ^ time entropy=3,10
r1=0 ^ freq ceros=1 ^ entropia=3 ^ sensitividad=5,freq unos=2 ^ freq dos=5 ^ width=4 ^ pasos=1 ^ simetria=2 ^ actividad=3 ^ transitoriedad=2 ^ time entropy=3,28
r2=2 ^ freq ceros=1 ^ entropia=3 ^ sensitividad=5,freq unos=2 ^ freq dos=5 ^ width=4 ^ pasos=1 ^ simetria=2 ^ actividad=3 ^ transitoriedad=2,20
r14=2 ^ freq ceros=1 ^ entropia=3 ^ sensitividad=5,freq unos=2 ^ freq dos=5 ^ width=4 ^ pasos=1 ^ simetria=2 ^ actividad=3 ^ transitoriedad=2 ^ time entropy=5,2
r18=1 ^ freq ceros=1 ^ entropia=3 ^ sensitividad=5,freq dos=5 ^ width=4 ^ pasos=1 ^ simetria=2 ^ transitoriedad=2,5
r15=2 ^ freq ceros=1 ^ entropia=3 ^ sensitividad=5,freq unos=2 ^ freq dos=5 ^ width=4 ^ pasos=1 ^ actividad=3 ^ transitoriedad=2 ^ time entropy=3,3
r11=0 ^ freq ceros=1 ^ entropia=3 ^ sensitividad=5,freq unos=2 ^ width=4 ^ pasos=1 ^ actividad=3 ^ transitoriedad=2,1
r4=0 ^ freq ceros=1 ^ entropia=3 ^ sensitividad=5,freq unos=2 ^ freq dos=5 ^ width=4 ^ pasos=1 ^ simetria=2 ^ actividad=3 ^ transitoriedad=2,21
r10=2 ^ freq ceros=1 ^ entropia=3 ^ sensitividad=5,freq dos=5 ^ width=4 ^ pasos=1 ^ simetria=2 ^ transitoriedad=2,3
r9=1 ^ r10=2 ^ r25=1,freq unos=3 ^ freq dos=5 ^ transitoriedad=1 ^ time entropy=5,1
r1=0 ^ freq ceros=1 ^ entropia=3 ^ sensitividad=5,freq unos=2 ^ freq dos=5 ^ pasos=1 ^ simetria=2 ^ actividad=4 ^ transitoriedad=2 ^ time entropy=3,1
r1=1 ^ freq ceros=1 ^ entropia=3 ^ sensitividad=5,freq unos=2 ^ width=4 ^ pasos=1 ^ simetria=2 ^ transitoriedad=2,1
r23=2 ^ freq ceros=1 ^ entropia=3 ^ sensitividad=5,freq unos=2 ^ freq dos=5 ^ width=4 ^ pasos=1 ^ simetria=2 ^ actividad=3 ^ transitoriedad=2,7
r1=1 ^ freq ceros=1 ^ entropia=3 ^ sensitividad=5,freq unos=2 ^ freq dos=5 ^ pasos=1 ^ simetria=2 ^ transitoriedad=2,1
r15=2 ^ freq ceros=1 ^ entropia=3 ^ sensitividad=5,freq dos=5 ^ width=4 ^ pasos=1 ^ simetria=2 ^ actividad=3 ^ transitoriedad=2 ^ time entropy=3,1
r11=0 ^ freq ceros=1 ^ entropia=3 ^ sensitividad=5,freq unos=2 ^ width=4 ^ pasos=1 ^ simetria=2 ^ actividad=3 ^ transitoriedad=2 ^ time entropy=3,1
r7=0 ^ freq ceros=1 ^ entropia=3 ^ sensitividad=5,freq unos=2 ^ freq dos=5 ^ width=4 ^ pasos=1 ^ simetria=2 ^ actividad=3 ^ transitoriedad=2 ^ time entropy=3,31
r15=0 ^ r19=0 ^ entropia=3 ^ sensitividad=5,freq ceros=1 ^ freq unos=4 ^ pasos=1 ^ simetria=2 ^ actividad=4 ^ transitoriedad=2 ^ time entropy=3,1
r19=2 ^ freq ceros=1 ^ entropia=3 ^ sensitividad=5,freq dos=5 ^ pasos=1 ^ simetria=2 ^ transitoriedad=2 ^ time entropy=3,1
r27=0 ^ freq ceros=1 ^ entropia=3 ^ sensitividad=5,freq dos=5 ^ width=4 ^ pasos=1 ^ simetria=2 ^ transitoriedad=2,8
r21=2 ^ freq ceros=1 ^ entropia=3 ^ sensitividad=5,freq unos=2 ^ freq dos=5 ^ width=4 ^ pasos=1 ^ simetria=2 ^ actividad=3 ^ transitoriedad=2 ^ time entropy=3,22
r1=2 ^ r27=0 ^ freq ceros=2 ^ freq dos=5,pasos=1 ^ simetria=2 ^ actividad=4 ^ transitoriedad=2,1
r23=2 ^ freq ceros=1 ^ entropia=3 ^ sensitividad=5,freq unos=2 ^ freq dos=5 ^ pasos=1 ^ actividad=3 ^ transitoriedad=2 ^ time entropy=3,1
r1=1 ^ freq ceros=1 ^ entropia=3 ^ sensitividad=5,freq unos=2 ^ freq dos=5 ^ width=4 ^ pasos=1 ^ simetria=2 ^ transitoriedad=2 ^ time entropy=3,3
r7=1 ^ freq ceros=1 ^ entropia=3 ^ sensitividad=5,freq unos=2 ^ freq dos=5 ^ width=4 ^ pasos=1 ^ actividad=3 ^ transitoriedad=2,1
r26=1 ^ freq ceros=1 ^ entropia=3 ^ sensitividad=5,freq unos=2 ^ freq dos=5 ^ pasos=1 ^ simetria=2 ^ actividad=3 ^ transitoriedad=2,5
r1=2 ^ r27=2 ^ freq ceros=5 ^ transitoriedad=2,freq dos=1 ^ pasos=1 ^ simetria=2,1
r7=0 ^ freq ceros=1 ^ entropia=3 ^ sensitividad=5,freq dos=5 ^ pasos=1 ^ simetria=2 ^ actividad=3 ^ transitoriedad=2,1
r9=1 ^ r24=2,freq ceros=1 ^ freq unos=4 ^ pasos=1 ^ simetria=2 ^ actividad=4 ^ entropia=5 ^ transitoriedad=2 ^ time entropy=3,1
r21=2 ^ freq ceros=1 ^ entropia=3 ^ sensitividad=5,freq unos=2 ^ freq dos=5 ^ width=4 ^ pasos=1 ^ simetria=2 ^ actividad=3 ^ transitoriedad=2,22
r11=0 ^ freq ceros=1 ^ entropia=3 ^ sensitividad=5,freq unos=2 ^ pasos=1 ^ simetria=2 ^ actividad=3 ^ transitoriedad=2 ^ time entropy=3,1
r19=2 ^ freq ceros=1 ^ entropia=3 ^ sensitividad=5,freq unos=2 ^ freq dos=5 ^ pasos=1 ^ simetria=2 ^ actividad=3 ^ transitoriedad=2,4
r19=0 ^ sensitividad=5,freq ceros=1 ^ freq unos=2 ^ freq dos=5 ^ width=4 ^ pasos=1 ^ simetria=2 ^ actividad=4 ^ entropia=5 ^ transitoriedad=2 ^ time entropy=3,1
r26=1 ^ r27=0 ^ freq ceros=1 ^ entropia=3,freq unos=2 ^ freq dos=5 ^ pasos=1 ^ simetria=2 ^ actividad=3 ^ transitoriedad=2,1
r12=2 ^ freq ceros=1 ^ entropia=3 ^ sensitividad=5,freq unos=2 ^ freq dos=5 ^ width=4 ^ pasos=1 ^ simetria=2 ^ transitoriedad=2,3
r9=2 ^ freq ceros=1 ^ entropia=3 ^ sensitividad=5,freq dos=5 ^ pasos=1 ^ simetria=2 ^ transitoriedad=2,1
r21=2 ^ freq ceros=1 ^ entropia=3 ^ sensitividad=5,freq dos=5 ^ width=4 ^ pasos=1 ^ simetria=2 ^ actividad=3 ^ transitoriedad=2,2
r14=2 ^ freq ceros=1 ^ entropia=3 ^ sensitividad=5,freq unos=2 ^ freq dos=5 ^ pasos=1 ^ simetria=2 ^ actividad=3 ^ transitoriedad=2 ^ time entropy=5,3
r4=0 ^ freq ceros=1 ^ entropia=3 ^ sensitividad=5,freq unos=2 ^ freq dos=5 ^ width=4 ^ pasos=1 ^ simetria=2 ^ transitoriedad=2,2
r3=2 ^ freq ceros=1 ^ entropia=3 ^ sensitividad=5,freq unos=2 ^ freq dos=5 ^ width=4 ^ pasos=1 ^ simetria=2 ^ actividad=3 ^ transitoriedad=2 ^ time entropy=3,28
r1=1 ^ freq ceros=1 ^ entropia=3 ^ sensitividad=5,freq unos=2 ^ freq dos=5 ^ width=4 ^ pasos=1 ^ simetria=2 ^ actividad=3 ^ transitoriedad=2,12
r7=0 ^ freq ceros=1 ^ entropia=3 ^ sensitividad=5,freq unos=2 ^ freq dos=5 ^ width=4 ^ pasos=1 ^ actividad=3 ^ transitoriedad=2 ^ time entropy=3,2
r10=0 ^ freq ceros=1 ^ entropia=3 ^ sensitividad=5,freq dos=5 ^ width=4 ^ pasos=1 ^ actividad=3 ^ transitoriedad=2,1
r11=1 ^ freq ceros=1 ^ entropia=3 ^ sensitividad=5,freq dos=5 ^ width=4 ^ pasos=1 ^ simetria=2 ^ actividad=3 ^ transitoriedad=2,9
r1=2 ^ r27=2 ^ freq ceros=5 ^ simetria=2,pasos=1,2
r10=0 ^ freq ceros=1 ^ entropia=3 ^ sensitividad=5,freq unos=2 ^ freq dos=5 ^ pasos=1 ^ simetria=2 ^ transitoriedad=2,2
r1=2 ^ r27=2 ^ freq ceros=5,freq dos=5 ^ pasos=1 ^ simetria=2 ^ transitoriedad=2,1
r24=0 ^ r27=0 ^ freq ceros=3 ^ width=4,freq dos=5 ^ pasos=1 ^ simetria=2 ^ transitoriedad=2,1
r26=1 ^ r27=0 ^ freq ceros=3 ^ width=4,freq dos=5 ^ pasos=1 ^ simetria=2 ^ transitoriedad=2,1
r14=2 ^ freq ceros=1 ^ entropia=3 ^ sensitividad=5,freq dos=5 ^ pasos=1 ^ simetria=2 ^ transitoriedad=2,2
r1=1 ^ freq ceros=1 ^ entropia=3 ^ sensitividad=5,freq unos=2 ^ freq dos=5 ^ width=4 ^ pasos=1 ^ actividad=3 ^ transitoriedad=2 ^ time entropy=3,2
r18=1 ^ freq ceros=1 ^ entropia=3 ^ sensitividad=5,freq dos=5 ^ width=4 ^ pasos=1 ^ simetria=2 ^ actividad=3 ^ transitoriedad=2,7
r4=0 ^ freq ceros=1 ^ entropia=3 ^ sensitividad=5,pasos=1 ^ simetria=2 ^ transitoriedad=2,2
r3=2 ^ freq ceros=1 ^ entropia=3 ^ sensitividad=5,freq dos=5 ^ pasos=1 ^ simetria=2 ^ transitoriedad=2,1
r22=0 ^ freq ceros=1 ^ entropia=3 ^ sensitividad=4,freq unos=2 ^ pasos=1 ^ simetria=2 ^ transitoriedad=2,2
r1=2 ^ r27=2 ^ freq ceros=5 ^ sensitividad=5,freq dos=5 ^ width=1 ^ pasos=1 ^ simetria=2 ^ transitoriedad=2,1
r21=2 ^ freq ceros=1 ^ entropia=3 ^ sensitividad=5,freq unos=2 ^ freq dos=5 ^ pasos=1 ^ simetria=2 ^ actividad=3 ^ transitoriedad=2 ^ time entropy=3,5
r6=1 ^ r11=1 ^ r17=2 ^ entropia=2,freq dos=5 ^ width=1 ^ pasos=2,1
r26=1 ^ freq ceros=1 ^ entropia=3 ^ sensitividad=5,freq dos=5 ^ width=4 ^ pasos=1 ^ simetria=2 ^ actividad=3 ^ transitoriedad=2 ^ time entropy=3,1
r1=2 ^ r27=2 ^ freq ceros=5 ^ transitoriedad=2,pasos=1 ^ simetria=2 ^ time entropy=4,1
r2=0 ^ freq ceros=1 ^ entropia=3 ^ sensitividad=5,freq dos=5 ^ pasos=1 ^ simetria=2 ^ transitoriedad=2,2
r2=0 ^ freq ceros=1 ^ entropia=3 ^ sensitividad=5,freq unos=2 ^ freq dos=5 ^ width=4 ^ pasos=1 ^ simetria=2 ^ transitoriedad=2 ^ time entropy=3,3
r1=2 ^ r15=1 ^ r27=2 ^ freq ceros=5,pasos=1 ^ simetria=2 ^ transitoriedad=2,1
r10=2 ^ freq ceros=1 ^ entropia=3 ^ sensitividad=5,freq unos=2 ^ freq dos=5 ^ pasos=1 ^ simetria=2 ^ actividad=3 ^ transitoriedad=2,4
r12=2 ^ freq ceros=1 ^ entropia=3 ^ sensitividad=5,freq dos=5 ^ pasos=1 ^ simetria=2 ^ transitoriedad=2,3
r1=2 ^ r27=2 ^ freq ceros=5,pasos=1 ^ simetria=2 ^ entropia=1 ^ transitoriedad=2,1
r6=1 ^ r19=2 ^ r20=1 ^ r26=1,freq ceros=4 ^ width=5 ^ simetria=1 ^ entropia=5 ^ transitoriedad=1 ^ sensitividad=5,1
r23=2 ^ freq ceros=1 ^ entropia=3 ^ sensitividad=5,freq unos=2 ^ freq dos=5 ^ pasos=1 ^ simetria=2 ^ actividad=3 ^ transitoriedad=2,7
r1=2 ^ r5=1 ^ r27=2 ^ freq ceros=5,freq dos=5 ^ pasos=1 ^ transitoriedad=2,1
r27=0 ^ freq ceros=3 ^ width=4 ^ sensitividad=5,freq dos=5 ^ pasos=1 ^ simetria=2 ^ transitoriedad=2,25
r1=0 ^ freq ceros=1 ^ entropia=3 ^ sensitividad=5,freq unos=2 ^ freq dos=5 ^ pasos=1 ^ simetria=2 ^ transitoriedad=2,1
r10=2 ^ freq ceros=1 ^ entropia=3 ^ sensitividad=5,freq unos=2 ^ freq dos=5 ^ pasos=1 ^ simetria=2 ^ actividad=3 ^ transitoriedad=2 ^ time entropy=3,3
r4=0 ^ freq ceros=1 ^ entropia=3 ^ sensitividad=5,freq unos=2 ^ freq dos=5 ^ width=4 ^ pasos=1 ^ simetria=2 ^ actividad=3 ^ transitoriedad=2 ^ time entropy=5,1
r1=2 ^ r27=2 ^ freq ceros=5 ^ freq dos=5,pasos=1 ^ simetria=2 ^ transitoriedad=2,1
r27=0 ^ freq ceros=3 ^ width=4,freq dos=5 ^ pasos=1 ^ simetria=2 ^ transitoriedad=2,6
r1=2 ^ r4=1 ^ r27=2 ^ freq ceros=5,freq dos=5 ^ pasos=1 ^ simetria=2 ^ transitoriedad=2,2
r11=0 ^ freq ceros=1 ^ entropia=3 ^ sensitividad=5,freq unos=2 ^ freq dos=5 ^ pasos=1 ^ actividad=3 ^ transitoriedad=2 ^ time entropy=3,1
r12=2 ^ freq ceros=1 ^ entropia=3 ^ sensitividad=5,freq unos=2 ^ freq dos=5 ^ pasos=1 ^ simetria=2 ^ actividad=3 ^ transitoriedad=2 ^ time entropy=3,4
r4=0 ^ freq ceros=1 ^ entropia=3 ^ sensitividad=5,freq unos=2 ^ freq dos=5 ^ width=5 ^ pasos=1 ^ simetria=2 ^ actividad=3 ^ transitoriedad=2,1
r18=1 ^ freq ceros=1 ^ entropia=3 ^ sensitividad=5,freq dos=5 ^ width=4 ^ pasos=1 ^ simetria=2 ^ transitoriedad=2 ^ time entropy=3,1
r14=2 ^ freq ceros=1 ^ entropia=3 ^ sensitividad=5,freq unos=2 ^ freq dos=5 ^ width=4 ^ pasos=1 ^ simetria=2 ^ transitoriedad=2,5
r18=1 ^ r22=1 ^ freq ceros=1 ^ width=1,freq unos=1 ^ freq dos=4 ^ pasos=2 ^ time entropy=2,1
r11=1 ^ freq ceros=1 ^ entropia=3 ^ sensitividad=5,freq unos=2 ^ freq dos=5 ^ pasos=1 ^ simetria=2 ^ actividad=3 ^ transitoriedad=2 ^ time entropy=3,9
r10=0 ^ freq ceros=1 ^ entropia=3 ^ sensitividad=5,freq dos=5 ^ pasos=1 ^ simetria=2 ^ transitoriedad=2 ^ time entropy=3,1
r3=2 ^ freq ceros=1 ^ entropia=3 ^ sensitividad=5,freq unos=2 ^ pasos=1 ^ simetria=2 ^ transitoriedad=2 ^ time entropy=3,1
r12=2 ^ freq ceros=1 ^ entropia=3 ^ sensitividad=5,freq dos=5 ^ pasos=1 ^ simetria=2 ^ actividad=3 ^ transitoriedad=2 ^ time entropy=3,1
r21=2 ^ freq ceros=1 ^ entropia=3 ^ sensitividad=5,freq unos=2 ^ freq dos=5 ^ width=4 ^ pasos=1 ^ simetria=2 ^ transitoriedad=2,3
r11=1 ^ freq ceros=1 ^ entropia=3 ^ sensitividad=5,freq dos=5 ^ pasos=1 ^ simetria=2 ^ actividad=3 ^ transitoriedad=2,1
r18=1 ^ freq ceros=1 ^ entropia=3 ^ sensitividad=5,freq unos=2 ^ freq dos=5 ^ width=4 ^ pasos=1 ^ simetria=2 ^ actividad=3 ^ transitoriedad=2,16
r26=1 ^ freq ceros=1 ^ entropia=3 ^ sensitividad=5,freq dos=5 ^ width=4 ^ pasos=1 ^ simetria=2 ^ transitoriedad=2,3
r19=2 ^ freq ceros=1 ^ entropia=3 ^ sensitividad=5,pasos=1 ^ simetria=2 ^ transitoriedad=2,3
r1=0 ^ freq ceros=1 ^ entropia=3 ^ sensitividad=5,freq unos=2 ^ pasos=1 ^ simetria=2 ^ transitoriedad=2 ^ time entropy=4,1
r27=1 ^ freq ceros=1 ^ entropia=3 ^ sensitividad=5,pasos=1 ^ simetria=2 ^ transitoriedad=2,1
r1=2 ^ r27=0 ^ freq ceros=3 ^ width=4,freq dos=5 ^ pasos=1 ^ simetria=2,1
r9=2 ^ freq ceros=1 ^ entropia=3 ^ sensitividad=5,freq unos=2 ^ freq dos=5 ^ width=4 ^ pasos=1 ^ simetria=2 ^ actividad=3 ^ transitoriedad=2 ^ time entropy=3,23
r2=0 ^ freq ceros=1 ^ entropia=3 ^ sensitividad=5,freq unos=2 ^ freq dos=5 ^ width=4 ^ pasos=1 ^ simetria=2 ^ transitoriedad=2,5
r14=2 ^ freq ceros=1 ^ entropia=3 ^ sensitividad=5,freq unos=2 ^ freq dos=5 ^ width=4 ^ pasos=1 ^ simetria=2 ^ actividad=3 ^ transitoriedad=2 ^ time entropy=3,74
r1=2 ^ r27=2 ^ freq ceros=5,pasos=1 ^ transitoriedad=2,2
r10=0 ^ freq ceros=1 ^ entropia=3 ^ sensitividad=5,freq unos=2 ^ freq dos=5 ^ pasos=1 ^ simetria=2 ^ actividad=3 ^ transitoriedad=2,3
r9=2 ^ freq ceros=1 ^ entropia=3 ^ sensitividad=5,freq unos=2 ^ freq dos=5 ^ width=4 ^ pasos=1 ^ simetria=2 ^ actividad=3 ^ transitoriedad=2,15
r3=2 ^ freq ceros=1 ^ entropia=3 ^ sensitividad=5,freq dos=5 ^ width=4 ^ pasos=1 ^ simetria=2 ^ actividad=3 ^ transitoriedad=2 ^ time entropy=3,3
r19=0 ^ freq ceros=1 ^ entropia=3 ^ sensitividad=5,freq unos=2 ^ pasos=1 ^ simetria=2 ^ transitoriedad=2,2
r23=2 ^ freq ceros=1 ^ entropia=3 ^ sensitividad=5,freq unos=2 ^ pasos=1 ^ simetria=2 ^ transitoriedad=2 ^ time entropy=3,1
r14=2 ^ freq ceros=1 ^ entropia=3 ^ sensitividad=5,freq unos=2 ^ freq dos=5 ^ width=4 ^ pasos=1 ^ simetria=2 ^ transitoriedad=2 ^ time entropy=3,4
r19=2 ^ freq ceros=1 ^ entropia=3 ^ sensitividad=5,freq unos=2 ^ freq dos=5 ^ pasos=1 ^ simetria=2 ^ actividad=3 ^ transitoriedad=2 ^ time entropy=3,4
r4=1 ^ freq ceros=1 ^ entropia=3 ^ sensitividad=5,freq dos=5 ^ width=4 ^ pasos=1 ^ simetria=2 ^ actividad=3 ^ transitoriedad=2 ^ time entropy=3,2
r19=2 ^ freq ceros=1 ^ entropia=3 ^ sensitividad=5,freq unos=2 ^ freq dos=5 ^ width=4 ^ pasos=1 ^ simetria=2 ^ actividad=3 ^ transitoriedad=2,12
r14=2 ^ freq ceros=1 ^ entropia=3 ^ sensitividad=5,freq unos=2 ^ freq dos=5 ^ width=4 ^ pasos=1 ^ simetria=2 ^ actividad=3 ^ transitoriedad=2,33
r1=0 ^ freq ceros=1 ^ entropia=3 ^ sensitividad=5,freq unos=2 ^ freq dos=5 ^ width=4 ^ pasos=1 ^ simetria=2 ^ transitoriedad=2 ^ time entropy=3,2
r21=2 ^ freq ceros=1 ^ entropia=3 ^ sensitividad=5,pasos=1 ^ simetria=2 ^ transitoriedad=2 ^ time entropy=3,1
r19=2,freq ceros=1 ^ freq unos=4 ^ pasos=1 ^ simetria=2 ^ actividad=4 ^ entropia=5 ^ transitoriedad=2 ^ time entropy=3,1
r26=1 ^ freq ceros=1 ^ entropia=3 ^ sensitividad=5,freq dos=5 ^ pasos=1 ^ simetria=2 ^ actividad=3 ^ transitoriedad=2,2
r27=0 ^ freq ceros=1 ^ entropia=3 ^ sensitividad=5,freq dos=5 ^ pasos=1 ^ simetria=2 ^ transitoriedad=2,3
r21=2 ^ freq ceros=1 ^ entropia=3 ^ sensitividad=5,freq dos=5 ^ width=4 ^ pasos=1 ^ simetria=2 ^ actividad=3 ^ transitoriedad=2 ^ time entropy=3,3
r1=2 ^ r7=0 ^ r27=2 ^ freq ceros=5,pasos=1 ^ simetria=2 ^ transitoriedad=2,2
r1=2 ^ r27=2 ^ freq ceros=5 ^ transitoriedad=2,pasos=1 ^ simetria=2,9
r5=2 ^ r15=0 ^ r19=0 ^ sensitividad=5,freq ceros=1 ^ freq unos=4 ^ pasos=1 ^ simetria=2 ^ actividad=4 ^ entropia=5 ^ transitoriedad=2 ^ time entropy=3,1
r27=0 ^ freq ceros=3 ^ width=4 ^ time entropy=1,freq dos=5 ^ pasos=1 ^ simetria=2 ^ transitoriedad=2,1
r10=2 ^ r14=0 ^ r18=1 ^ r26=1,freq ceros=1 ^ width=3 ^ pasos=1 ^ actividad=2 ^ transitoriedad=1 ^ sensitividad=1,1
r11=1 ^ freq ceros=1 ^ entropia=3 ^ sensitividad=5,freq dos=5 ^ width=4 ^ pasos=1 ^ transitoriedad=2,1
r1=2 ^ r27=0 ^ freq ceros=2 ^ freq dos=5,pasos=1 ^ simetria=2 ^ transitoriedad=2,3
r26=1 ^ r27=0 ^ freq ceros=1 ^ transitoriedad=2,pasos=1 ^ simetria=2,4
r18=2 ^ r27=0 ^ freq ceros=3 ^ width=4,freq dos=5 ^ pasos=1 ^ simetria=2 ^ transitoriedad=2,1
r10=2 ^ freq ceros=1 ^ entropia=3 ^ sensitividad=5,freq unos=2 ^ freq dos=5 ^ width=4 ^ pasos=1 ^ transitoriedad=2,1
r7=0 ^ freq ceros=1 ^ entropia=3 ^ sensitividad=5,freq unos=2 ^ freq dos=5 ^ pasos=1 ^ actividad=3 ^ transitoriedad=2,2
r27=0 ^ freq ceros=1 ^ entropia=3 ^ sensitividad=5,freq unos=2 ^ freq dos=5 ^ width=4 ^ pasos=1 ^ simetria=2 ^ actividad=3 ^ transitoriedad=2,23
r26=1 ^ r27=0 ^ freq ceros=1 ^ entropia=3,freq dos=5 ^ width=4 ^ pasos=1 ^ actividad=3 ^ transitoriedad=2 ^ time entropy=3,1
r1=0 ^ freq ceros=1 ^ entropia=3 ^ sensitividad=5,freq unos=2 ^ freq dos=5 ^ pasos=1 ^ simetria=2 ^ actividad=3 ^ transitoriedad=2 ^ time entropy=3,8
r1=2 ^ r27=2 ^ freq ceros=5 ^ sensitividad=5,freq dos=5 ^ pasos=1 ^ simetria=2 ^ transitoriedad=2,10
r4=1 ^ freq ceros=1 ^ entropia=3 ^ sensitividad=5,freq dos=5 ^ pasos=1 ^ simetria=2 ^ actividad=3 ^ transitoriedad=2 ^ time entropy=3,2
r23=2 ^ freq ceros=1 ^ entropia=3 ^ sensitividad=5,freq unos=2 ^ freq dos=5 ^ width=4 ^ pasos=1 ^ actividad=3 ^ transitoriedad=2 ^ time entropy=3,1
r26=1 ^ r27=0 ^ freq ceros=1 ^ transitoriedad=2,freq unos=2 ^ freq dos=5 ^ width=4 ^ pasos=1 ^ simetria=2,2
r14=2 ^ freq ceros=1 ^ entropia=3 ^ sensitividad=5,freq unos=2 ^ freq dos=5 ^ pasos=1 ^ simetria=2 ^ actividad=3 ^ transitoriedad=2,5
r4=1 ^ freq ceros=1 ^ entropia=3 ^ sensitividad=5,freq unos=2 ^ freq dos=5 ^ width=4 ^ pasos=1 ^ simetria=2 ^ actividad=3 ^ transitoriedad=2,15
r10=0 ^ freq ceros=1 ^ entropia=3 ^ sensitividad=5,pasos=1 ^ simetria=2 ^ transitoriedad=2,1
r1=2 ^ r27=0 ^ freq ceros=3 ^ width=4,freq dos=5 ^ pasos=1 ^ simetria=2 ^ transitoriedad=2,2
r18=1 ^ freq ceros=1 ^ entropia=3 ^ sensitividad=5,freq unos=2 ^ freq dos=5 ^ width=4 ^ pasos=1 ^ simetria=2 ^ transitoriedad=2,1
r15=2 ^ freq ceros=1 ^ entropia=3 ^ sensitividad=5,freq unos=2 ^ freq dos=5 ^ pasos=1 ^ simetria=2 ^ actividad=3 ^ transitoriedad=2 ^ time entropy=3,6
r1=1 ^ freq ceros=1 ^ entropia=3 ^ sensitividad=5,freq unos=2 ^ freq dos=5 ^ pasos=1 ^ simetria=2 ^ transitoriedad=2 ^ time entropy=3,1
r27=0 ^ freq ceros=1 ^ entropia=3 ^ sensitividad=5,freq unos=2 ^ pasos=1 ^ simetria=2 ^ transitoriedad=2 ^ time entropy=3,1
r23=2 ^ freq ceros=1 ^ entropia=3 ^ sensitividad=5,freq unos=2 ^ freq dos=5 ^ width=4 ^ pasos=1 ^ simetria=2 ^ transitoriedad=2,1
r19=2 ^ freq ceros=1 ^ entropia=3 ^ sensitividad=5,freq unos=2 ^ freq dos=5 ^ pasos=1 ^ simetria=2 ^ transitoriedad=2,1
r19=0 ^ freq ceros=1 ^ entropia=3 ^ sensitividad=5,freq unos=2 ^ freq dos=5 ^ width=4 ^ pasos=1 ^ simetria=2 ^ actividad=3 ^ transitoriedad=2,23
r11=1 ^ freq ceros=1 ^ entropia=3 ^ sensitividad=5,freq unos=2 ^ freq dos=5 ^ width=4 ^ pasos=1 ^ simetria=2 ^ actividad=3 ^ transitoriedad=2,22
r10=2 ^ freq ceros=1 ^ entropia=3 ^ sensitividad=5,freq unos=2 ^ freq dos=5 ^ width=4 ^ pasos=1 ^ simetria=2 ^ transitoriedad=2 ^ time entropy=3,2
r26=1 ^ freq ceros=1 ^ entropia=3 ^ sensitividad=5,freq unos=2 ^ freq dos=5 ^ width=4 ^ pasos=1 ^ simetria=2 ^ transitoriedad=2,1
r27=0 ^ freq ceros=1 ^ entropia=3 ^ sensitividad=5,pasos=1 ^ simetria=2 ^ transitoriedad=2 ^ time entropy=3,1
r11=0 ^ freq ceros=1 ^ entropia=3 ^ sensitividad=5,pasos=1 ^ simetria=2 ^ transitoriedad=2 ^ time entropy=3,1
r18=1 ^ freq ceros=1 ^ entropia=3 ^ sensitividad=5,freq unos=2 ^ freq dos=5 ^ width=4 ^ pasos=1 ^ simetria=2 ^ actividad=3 ^ transitoriedad=2 ^ time entropy=3,22
r7=1 ^ freq ceros=1 ^ entropia=3 ^ sensitividad=5,pasos=1 ^ simetria=2 ^ actividad=3 ^ transitoriedad=2,1
r10=0 ^ freq ceros=1 ^ entropia=3 ^ sensitividad=5,freq dos=5 ^ width=4 ^ pasos=1 ^ simetria=2 ^ actividad=3 ^ transitoriedad=2 ^ time entropy=3,2
r1=2 ^ r27=2 ^ freq ceros=5 ^ simetria=2,width=5 ^ pasos=1 ^ transitoriedad=2,1
r23=2 ^ freq ceros=1 ^ entropia=3 ^ sensitividad=5,freq unos=2 ^ freq dos=5 ^ width=4 ^ pasos=1 ^ simetria=2 ^ transitoriedad=2 ^ time entropy=3,3
r12=2 ^ freq ceros=1 ^ entropia=3 ^ sensitividad=5,freq dos=5 ^ width=4 ^ pasos=1 ^ simetria=2 ^ actividad=3 ^ transitoriedad=2,6
r4=1 ^ freq ceros=1 ^ entropia=3 ^ sensitividad=5,freq unos=2 ^ freq dos=5 ^ width=4 ^ pasos=1 ^ simetria=2 ^ transitoriedad=2,6
r10=2 ^ freq ceros=1 ^ entropia=3 ^ sensitividad=5,freq unos=2 ^ freq dos=5 ^ width=4 ^ pasos=1 ^ simetria=2 ^ transitoriedad=2,2
r4=1 ^ freq ceros=1 ^ entropia=3 ^ sensitividad=5,pasos=1 ^ simetria=2 ^ transitoriedad=2,1
r2=0 ^ freq ceros=1 ^ entropia=3 ^ sensitividad=5,freq dos=5 ^ width=4 ^ pasos=1 ^ transitoriedad=2,1
r1=1 ^ freq ceros=1 ^ entropia=3 ^ sensitividad=5,freq unos=2 ^ freq dos=5 ^ pasos=1 ^ actividad=3 ^ transitoriedad=2,1
r5=0 ^ r18=2 ^ entropia=3 ^ sensitividad=5,freq ceros=1 ^ freq unos=4 ^ pasos=1 ^ simetria=2 ^ actividad=4 ^ transitoriedad=2 ^ time entropy=3,1
r13=0 ^ r27=2 ^ freq dos=5 ^ pasos=2,freq unos=2 ^ actividad=2 ^ entropia=5 ^ sensitividad=2 ^ time entropy=1,1
r11=1 ^ freq ceros=1 ^ entropia=3 ^ sensitividad=5,freq dos=5 ^ width=4 ^ pasos=1 ^ simetria=2 ^ transitoriedad=2,1
r27=0 ^ freq ceros=1 ^ entropia=3 ^ sensitividad=5,freq unos=2 ^ freq dos=5 ^ width=4 ^ pasos=1 ^ simetria=2 ^ transitoriedad=2,3
r14=2 ^ freq ceros=1 ^ entropia=3 ^ sensitividad=5,freq unos=2 ^ freq dos=5 ^ pasos=1 ^ simetria=2 ^ actividad=3 ^ transitoriedad=2 ^ time entropy=3,12
r1=2 ^ r27=2 ^ freq ceros=5 ^ simetria=2,freq dos=5 ^ pasos=1,2
r27=0 ^ freq ceros=3 ^ width=4 ^ sensitividad=5,freq dos=5 ^ pasos=1 ^ simetria=2 ^ entropia=2 ^ transitoriedad=2,1
r2=0 ^ freq ceros=1 ^ entropia=3 ^ sensitividad=5,freq dos=5 ^ width=4 ^ pasos=1 ^ simetria=2 ^ actividad=3 ^ transitoriedad=2 ^ time entropy=3,2
r9=2 ^ freq ceros=1 ^ entropia=3 ^ sensitividad=5,freq unos=2 ^ freq dos=5 ^ pasos=1 ^ actividad=3 ^ transitoriedad=2 ^ time entropy=3,2
r9=2 ^ freq ceros=1 ^ entropia=3 ^ sensitividad=5,pasos=1 ^ simetria=2 ^ transitoriedad=2 ^ time entropy=3,2
r7=1 ^ freq ceros=1 ^ entropia=3 ^ sensitividad=5,freq unos=2 ^ freq dos=5 ^ pasos=1 ^ simetria=2 ^ actividad=3 ^ transitoriedad=2 ^ time entropy=3,9
r7=0 ^ freq ceros=1 ^ entropia=3 ^ sensitividad=5,freq unos=2 ^ freq dos=5 ^ width=4 ^ pasos=1 ^ simetria=2 ^ transitoriedad=2,4
r11=1 ^ freq ceros=1 ^ entropia=3 ^ sensitividad=5,width=4 ^ pasos=1 ^ simetria=2 ^ transitoriedad=2,2
r1=2 ^ r3=2 ^ r7=1 ^ r11=0,pasos=2 ^ simetria=1 ^ entropia=4 ^ transitoriedad=1 ^ sensitividad=1 ^ time entropy=3,1
r14=2 ^ freq ceros=1 ^ entropia=3 ^ sensitividad=5,freq dos=5 ^ pasos=1 ^ simetria=2 ^ actividad=3 ^ transitoriedad=2 ^ time entropy=3,1
r19=2 ^ freq ceros=1 ^ entropia=3 ^ sensitividad=5,freq unos=2 ^ freq dos=5 ^ width=4 ^ pasos=1 ^ simetria=2 ^ actividad=3 ^ transitoriedad=2 ^ time entropy=3,19
r14=2 ^ freq ceros=1 ^ entropia=3 ^ sensitividad=5,pasos=1 ^ simetria=2 ^ transitoriedad=2 ^ time entropy=3,1
r21=2 ^ freq ceros=1 ^ entropia=3 ^ sensitividad=5,pasos=1 ^ simetria=2 ^ transitoriedad=2,2
r19=0 ^ freq ceros=1 ^ entropia=3 ^ sensitividad=5,freq unos=2 ^ freq dos=5 ^ pasos=1 ^ simetria=2 ^ actividad=3 ^ transitoriedad=2 ^ time entropy=3,7
r27=0 ^ freq ceros=1 ^ entropia=3 ^ sensitividad=5,freq dos=5 ^ width=4 ^ pasos=1 ^ simetria=2 ^ actividad=3 ^ transitoriedad=2,10
r10=2 ^ freq ceros=1 ^ entropia=3 ^ sensitividad=5,freq unos=2 ^ pasos=1 ^ simetria=2 ^ transitoriedad=2,1
r12=2 ^ freq ceros=1 ^ entropia=3 ^ sensitividad=5,freq unos=2 ^ freq dos=5 ^ width=4 ^ pasos=1 ^ simetria=2 ^ actividad=3 ^ transitoriedad=2 ^ time entropy=3,31
r21=0 ^ entropia=3 ^ sensitividad=5,freq ceros=1 ^ freq unos=4 ^ freq dos=5 ^ width=4 ^ pasos=1 ^ simetria=2 ^ actividad=3 ^ transitoriedad=2 ^ time entropy=3,1
r27=1 ^ freq ceros=1 ^ entropia=3 ^ sensitividad=5,freq unos=2 ^ freq dos=5 ^ width=5 ^ pasos=1 ^ actividad=3 ^ transitoriedad=2 ^ time entropy=3,1
r11=0 ^ freq ceros=1 ^ entropia=3 ^ sensitividad=5,freq unos=2 ^ freq dos=5 ^ width=4 ^ pasos=1 ^ simetria=2 ^ actividad=3 ^ transitoriedad=2 ^ time entropy=3,17
r14=2 ^ freq ceros=1 ^ entropia=3 ^ sensitividad=5,freq unos=2 ^ freq dos=5 ^ pasos=1 ^ actividad=3 ^ transitoriedad=2 ^ time entropy=3,3
r7=1 ^ freq ceros=1 ^ entropia=3 ^ sensitividad=5,freq dos=5 ^ width=4 ^ pasos=1 ^ simetria=2 ^ actividad=3 ^ transitoriedad=2 ^ time entropy=3,2
r11=1 ^ freq ceros=1 ^ entropia=3 ^ sensitividad=5,freq unos=2 ^ freq dos=5 ^ width=4 ^ pasos=1 ^ simetria=2 ^ actividad=3 ^ transitoriedad=2 ^ time entropy=3,21
r15=2 ^ freq ceros=1 ^ entropia=3 ^ sensitividad=5,freq dos=5 ^ pasos=1 ^ simetria=2 ^ transitoriedad=2,1
r11=0 ^ freq ceros=1 ^ entropia=3 ^ sensitividad=5,freq unos=2 ^ freq dos=5 ^ width=4 ^ pasos=1 ^ actividad=3 ^ transitoriedad=2 ^ time entropy=3,1
r11=1 ^ freq ceros=1 ^ entropia=3 ^ sensitividad=5,freq unos=2 ^ freq dos=5 ^ pasos=1 ^ simetria=2 ^ transitoriedad=2,1
r26=1 ^ freq ceros=1 ^ entropia=3 ^ sensitividad=5,freq unos=2 ^ freq dos=5 ^ width=4 ^ pasos=1 ^ simetria=2 ^ actividad=3 ^ transitoriedad=2,16
r1=1 ^ freq ceros=1 ^ entropia=3 ^ sensitividad=5,freq dos=5 ^ width=4 ^ pasos=1 ^ simetria=2 ^ actividad=3 ^ transitoriedad=2,3
r1=2 ^ r27=2 ^ freq ceros=5 ^ simetria=2,freq dos=5 ^ pasos=1 ^ transitoriedad=2,3
r1=2 ^ r27=0 ^ freq ceros=3 ^ width=4,freq dos=5 ^ pasos=1 ^ simetria=2 ^ transitoriedad=2 ^ sensitividad=1,1
r13=0 ^ r19=0 ^ entropia=3 ^ sensitividad=5,freq ceros=1 ^ freq unos=4 ^ width=4 ^ pasos=1 ^ simetria=2 ^ actividad=3 ^ transitoriedad=2 ^ time entropy=3,1
r19=0 ^ freq ceros=1 ^ entropia=3 ^ sensitividad=5,pasos=1 ^ simetria=2 ^ transitoriedad=2,1
r23=2 ^ freq ceros=1 ^ entropia=3 ^ sensitividad=5,freq unos=2 ^ freq dos=5 ^ pasos=1 ^ simetria=2 ^ transitoriedad=2,2
r27=0 ^ freq ceros=1 ^ entropia=3 ^ sensitividad=5,freq unos=2 ^ freq dos=5 ^ pasos=1 ^ simetria=2 ^ transitoriedad=2 ^ time entropy=3,2
r15=2 ^ freq ceros=1 ^ entropia=3 ^ sensitividad=5,freq unos=2 ^ freq dos=5 ^ width=4 ^ pasos=1 ^ simetria=2 ^ actividad=3 ^ transitoriedad=2 ^ time entropy=4,1
r12=2 ^ freq ceros=1 ^ entropia=3 ^ sensitividad=5,freq unos=2 ^ freq dos=5 ^ width=4 ^ pasos=1 ^ simetria=2 ^ actividad=3 ^ transitoriedad=2 ^ time entropy=2,1
r2=2 ^ freq ceros=1 ^ entropia=3 ^ sensitividad=5,freq unos=2 ^ freq dos=5 ^ width=4 ^ pasos=1 ^ simetria=2 ^ transitoriedad=2,1
r7=1 ^ freq ceros=1 ^ entropia=3 ^ sensitividad=5,freq dos=5 ^ width=4 ^ pasos=1 ^ simetria=2 ^ transitoriedad=2 ^ time entropy=3,2
r7=1 ^ freq ceros=1 ^ entropia=3 ^ sensitividad=5,freq unos=2 ^ freq dos=5 ^ width=4 ^ pasos=1 ^ simetria=2 ^ actividad=3 ^ transitoriedad=2 ^ time entropy=3,24
r17=2 ^ r18=1 ^ r19=0,freq ceros=1 ^ freq unos=4 ^ pasos=1 ^ simetria=2 ^ actividad=4 ^ entropia=5 ^ transitoriedad=2 ^ time entropy=3,1
r1=1 ^ freq ceros=1 ^ entropia=3 ^ sensitividad=5,freq unos=2 ^ freq dos=5 ^ width=4 ^ pasos=1 ^ simetria=2 ^ actividad=3 ^ transitoriedad=2 ^ time entropy=3,27
r21=2 ^ freq ceros=1 ^ entropia=3 ^ sensitividad=5,freq unos=2 ^ freq dos=5 ^ width=4 ^ pasos=1 ^ actividad=3 ^ transitoriedad=2,1
r11=0 ^ freq ceros=1 ^ entropia=3 ^ sensitividad=5,freq dos=5 ^ pasos=1 ^ simetria=2 ^ actividad=3 ^ transitoriedad=2 ^ time entropy=3,2
r10=0 ^ freq ceros=1 ^ entropia=3 ^ sensitividad=5,freq unos=2 ^ freq dos=5 ^ pasos=1 ^ actividad=3 ^ transitoriedad=2 ^ time entropy=3,3
r1=1 ^ freq ceros=1 ^ entropia=3 ^ sensitividad=5,freq dos=5 ^ width=4 ^ pasos=1 ^ simetria=2 ^ transitoriedad=2,3
r19=2 ^ freq ceros=1 ^ entropia=3 ^ sensitividad=5,freq dos=5 ^ pasos=1 ^ simetria=2 ^ actividad=3 ^ transitoriedad=2,2
r15=2 ^ freq ceros=1 ^ entropia=3 ^ sensitividad=5,freq dos=5 ^ width=4 ^ pasos=1 ^ simetria=2 ^ transitoriedad=2,2
r9=2 ^ freq ceros=1 ^ entropia=3 ^ sensitividad=5,freq unos=2 ^ freq dos=5 ^ pasos=1 ^ simetria=2 ^ transitoriedad=2 ^ time entropy=3,1
r2=0 ^ freq ceros=1 ^ entropia=3 ^ sensitividad=5,freq dos=5 ^ width=4 ^ pasos=1 ^ simetria=2 ^ transitoriedad=2,1
r1=0 ^ freq ceros=1 ^ entropia=3 ^ sensitividad=5,freq unos=2 ^ freq dos=5 ^ width=4 ^ pasos=1 ^ simetria=2 ^ transitoriedad=2,2
r18=1 ^ freq ceros=1 ^ entropia=3 ^ sensitividad=5,pasos=1 ^ simetria=2 ^ transitoriedad=2,1
r4=0 ^ freq ceros=1 ^ entropia=3 ^ sensitividad=5,freq unos=2 ^ freq dos=5 ^ width=4 ^ pasos=1 ^ actividad=3 ^ transitoriedad=2 ^ time entropy=3,2
r7=0 ^ freq ceros=1 ^ entropia=3 ^ sensitividad=5,freq unos=2 ^ freq dos=5 ^ pasos=1 ^ transitoriedad=2 ^ time entropy=3,1
r26=1 ^ r27=0 ^ freq ceros=1 ^ entropia=3,freq unos=2 ^ freq dos=5 ^ pasos=1 ^ simetria=2 ^ transitoriedad=2 ^ time entropy=3,1
r5=1 ^ r13=0 ^ r18=1 ^ r21=0,freq ceros=2 ^ width=2 ^ simetria=2 ^ transitoriedad=1 ^ time entropy=3,1
r27=1 ^ freq ceros=1 ^ entropia=3 ^ sensitividad=5,freq unos=2 ^ freq dos=5 ^ width=4 ^ pasos=1 ^ simetria=2 ^ actividad=3 ^ transitoriedad=2,23
r19=0 ^ freq ceros=1 ^ entropia=3 ^ sensitividad=5,freq unos=2 ^ freq dos=5 ^ width=4 ^ pasos=1 ^ simetria=2 ^ actividad=3 ^ transitoriedad=2 ^ time entropy=3,45
r1=0 ^ freq ceros=1 ^ entropia=3 ^ sensitividad=5,freq dos=5 ^ width=4 ^ pasos=1 ^ transitoriedad=2,1
r15=2 ^ freq ceros=1 ^ entropia=3 ^ sensitividad=5,freq dos=5 ^ width=4 ^ pasos=1 ^ actividad=3 ^ transitoriedad=2 ^ time entropy=3,1
r27=1 ^ freq ceros=1 ^ entropia=3 ^ sensitividad=5,freq unos=2 ^ freq dos=5 ^ pasos=1 ^ simetria=2 ^ actividad=3 ^ transitoriedad=2 ^ time entropy=3,11
r21=2 ^ freq ceros=1 ^ entropia=3 ^ sensitividad=5,freq dos=5 ^ width=4 ^ pasos=1 ^ actividad=3 ^ transitoriedad=2,1
r4=1 ^ freq ceros=1 ^ entropia=3 ^ sensitividad=5,freq unos=2 ^ freq dos=5 ^ width=4 ^ pasos=1 ^ simetria=2 ^ actividad=3 ^ transitoriedad=2 ^ time entropy=3,23
r27=0 ^ freq ceros=1 ^ entropia=3 ^ sensitividad=5,freq unos=2 ^ pasos=1 ^ simetria=2 ^ transitoriedad=2,1
r23=2 ^ freq ceros=1 ^ entropia=3 ^ sensitividad=5,freq dos=5 ^ pasos=1 ^ simetria=2 ^ transitoriedad=2,1
r11=1 ^ freq ceros=1 ^ entropia=3 ^ sensitividad=5,freq unos=2 ^ freq dos=5 ^ width=4 ^ pasos=1 ^ simetria=2 ^ actividad=3 ^ transitoriedad=2 ^ time entropy=5,1
r26=1 ^ r27=0 ^ freq ceros=1 ^ transitoriedad=2,freq unos=2 ^ freq dos=5 ^ width=1 ^ pasos=1 ^ simetria=2,1
r10=0 ^ freq ceros=1 ^ entropia=3 ^ sensitividad=5,freq unos=4 ^ pasos=1 ^ simetria=2 ^ actividad=3 ^ transitoriedad=2 ^ time entropy=3,1
r7=0 ^ freq ceros=1 ^ entropia=3 ^ sensitividad=5,freq unos=2 ^ freq dos=5 ^ pasos=1 ^ simetria=2 ^ actividad=3 ^ transitoriedad=2 ^ time entropy=3,5
r10=0 ^ freq ceros=1 ^ entropia=3 ^ sensitividad=5,freq unos=2 ^ freq dos=5 ^ pasos=1 ^ simetria=2 ^ actividad=3 ^ transitoriedad=2 ^ time entropy=3,4
r11=0 ^ freq ceros=1 ^ entropia=3 ^ sensitividad=5,freq unos=2 ^ freq dos=5 ^ width=4 ^ pasos=1 ^ simetria=2 ^ transitoriedad=2,1
r1=0 ^ freq ceros=1 ^ entropia=3 ^ sensitividad=5,freq dos=5 ^ width=4 ^ pasos=1 ^ simetria=2 ^ actividad=3 ^ transitoriedad=2,6
r1=2 ^ r19=0 ^ r21=2 ^ sensitividad=5,freq ceros=1 ^ freq unos=4 ^ pasos=1 ^ simetria=2 ^ actividad=4 ^ entropia=5 ^ transitoriedad=2 ^ time entropy=3,1
r4=0 ^ freq ceros=1 ^ entropia=3 ^ sensitividad=5,freq dos=5 ^ pasos=1 ^ simetria=2 ^ actividad=3 ^ transitoriedad=2 ^ time entropy=3,3
r1=2 ^ r18=0 ^ r27=2 ^ freq ceros=5,pasos=1 ^ simetria=2 ^ transitoriedad=2,1
r4=0 ^ freq ceros=1 ^ entropia=3 ^ sensitividad=5,freq unos=2 ^ freq dos=3 ^ pasos=1 ^ simetria=2 ^ transitoriedad=2,1
r2=0 ^ freq ceros=1 ^ entropia=3 ^ sensitividad=5,freq unos=2 ^ freq dos=5 ^ width=4 ^ pasos=1 ^ simetria=2 ^ actividad=3 ^ transitoriedad=2 ^ time entropy=3,30
r1=2 ^ r27=2 ^ freq ceros=5 ^ sensitividad=5,pasos=1 ^ simetria=2 ^ transitoriedad=2,10
r5=1 ^ r19=0 ^ entropia=3 ^ sensitividad=5,freq ceros=1 ^ freq unos=4 ^ pasos=1 ^ simetria=2 ^ actividad=4 ^ transitoriedad=2 ^ time entropy=3,1
r9=2 ^ freq ceros=1 ^ entropia=3 ^ sensitividad=5,freq unos=2 ^ freq dos=5 ^ width=4 ^ pasos=1 ^ transitoriedad=2 ^ time entropy=3,1
r10=2 ^ freq ceros=1 ^ entropia=3 ^ sensitividad=5,freq dos=5 ^ pasos=1 ^ simetria=2 ^ transitoriedad=2,1
r5=1 ^ r26=1 ^ r27=0 ^ freq ceros=1,freq unos=2 ^ freq dos=5 ^ pasos=1 ^ simetria=2 ^ time entropy=3,1
r3=2 ^ freq ceros=1 ^ entropia=3 ^ sensitividad=5,freq unos=2 ^ freq dos=5 ^ width=4 ^ pasos=1 ^ simetria=2 ^ actividad=3 ^ transitoriedad=2,23
r1=2 ^ r27=2 ^ freq ceros=5,pasos=1 ^ simetria=2 ^ transitoriedad=2,3
r7=0 ^ freq ceros=1 ^ entropia=3 ^ sensitividad=5,freq dos=5 ^ width=4 ^ pasos=1 ^ simetria=2 ^ transitoriedad=2,3
r1=0 ^ freq ceros=1 ^ entropia=3 ^ sensitividad=5,freq unos=2 ^ freq dos=5 ^ pasos=1 ^ simetria=2 ^ transitoriedad=2 ^ time entropy=3,1
r19=2 ^ freq ceros=1 ^ entropia=3 ^ sensitividad=5,freq dos=5 ^ width=4 ^ pasos=1 ^ simetria=2 ^ actividad=3 ^ transitoriedad=2 ^ time entropy=3,2
r1=0 ^ freq ceros=1 ^ entropia=3 ^ sensitividad=5,freq dos=5 ^ pasos=1 ^ simetria=2 ^ actividad=4 ^ transitoriedad=2,1
r9=2 ^ freq ceros=1 ^ entropia=3 ^ sensitividad=5,width=4 ^ pasos=1 ^ simetria=2 ^ actividad=3 ^ transitoriedad=2 ^ time entropy=3,1
r23=2 ^ freq ceros=1 ^ entropia=3 ^ sensitividad=5,freq unos=2 ^ freq dos=5 ^ width=4 ^ pasos=1 ^ simetria=2 ^ actividad=3 ^ transitoriedad=2 ^ time entropy=3,27
r7=1 ^ freq ceros=1 ^ entropia=3 ^ sensitividad=5,freq unos=2 ^ freq dos=5 ^ width=4 ^ pasos=1 ^ simetria=2 ^ actividad=3 ^ transitoriedad=2,20
r11=1 ^ freq ceros=1 ^ entropia=3 ^ sensitividad=5,freq dos=5 ^ pasos=1 ^ simetria=2 ^ transitoriedad=2 ^ time entropy=3,1
r27=1 ^ freq ceros=1 ^ entropia=3 ^ sensitividad=5,freq dos=5 ^ width=4 ^ pasos=1 ^ simetria=2 ^ actividad=3 ^ transitoriedad=2 ^ time entropy=3,2
r11=1 ^ freq ceros=1 ^ entropia=3 ^ sensitividad=5,freq unos=2 ^ pasos=1 ^ simetria=2 ^ transitoriedad=2,1
r27=0 ^ freq ceros=1 ^ entropia=3 ^ sensitividad=5,freq unos=2 ^ freq dos=5 ^ pasos=1 ^ simetria=2 ^ actividad=3 ^ transitoriedad=2 ^ time entropy=3,18
r13=1 ^ entropia=3 ^ sensitividad=5,freq ceros=1 ^ freq unos=4 ^ pasos=1 ^ simetria=2 ^ actividad=4 ^ transitoriedad=2 ^ time entropy=3,1
r2=0 ^ freq ceros=1 ^ entropia=3 ^ sensitividad=5,freq dos=5 ^ pasos=1 ^ simetria=1 ^ actividad=3 ^ transitoriedad=2,1
r27=0 ^ freq ceros=1 ^ entropia=3 ^ sensitividad=5,freq dos=5 ^ width=4 ^ pasos=1 ^ simetria=2 ^ actividad=3 ^ transitoriedad=2 ^ time entropy=3,3
r2=2 ^ freq ceros=1 ^ entropia=3 ^ sensitividad=5,freq unos=2 ^ freq dos=5 ^ pasos=1 ^ simetria=2 ^ transitoriedad=2 ^ time entropy=3,2
r7=0 ^ freq ceros=1 ^ entropia=3 ^ sensitividad=5,freq unos=2 ^ freq dos=5 ^ width=4 ^ pasos=1 ^ simetria=2 ^ actividad=3 ^ transitoriedad=2,12
r19=2 ^ freq ceros=1 ^ entropia=3 ^ sensitividad=5,freq dos=5 ^ width=4 ^ pasos=1 ^ simetria=2 ^ actividad=3 ^ transitoriedad=2,4
r27=0 ^ freq ceros=1 ^ entropia=3 ^ sensitividad=5,pasos=1 ^ actividad=3 ^ transitoriedad=2 ^ time entropy=3,1
r10=2 ^ freq ceros=1 ^ entropia=3 ^ sensitividad=5,freq unos=2 ^ freq dos=5 ^ pasos=1 ^ actividad=3 ^ transitoriedad=2,1
r5=1 ^ r19=0 ^ sensitividad=5,freq ceros=1 ^ freq unos=4 ^ freq dos=5 ^ width=4 ^ pasos=1 ^ simetria=2 ^ actividad=4 ^ entropia=5 ^ transitoriedad=2 ^ time entropy=3,1
r14=2 ^ freq ceros=1 ^ entropia=3 ^ sensitividad=5,freq dos=5 ^ width=4 ^ pasos=1 ^ actividad=3 ^ transitoriedad=2 ^ time entropy=3,3
r10=2 ^ freq ceros=1 ^ entropia=3 ^ sensitividad=5,freq unos=2 ^ freq dos=5 ^ width=4 ^ pasos=1 ^ simetria=2 ^ actividad=3 ^ transitoriedad=2 ^ time entropy=3,26
r11=0 ^ freq ceros=1 ^ entropia=3 ^ sensitividad=5,freq dos=5 ^ width=4 ^ pasos=1 ^ simetria=2 ^ transitoriedad=2,3
r27=1 ^ freq ceros=1 ^ entropia=3 ^ sensitividad=5,freq dos=5 ^ pasos=1 ^ actividad=3 ^ transitoriedad=2 ^ time entropy=3,1
r27=1 ^ freq ceros=1 ^ entropia=3 ^ sensitividad=5,freq unos=2 ^ freq dos=5 ^ pasos=1 ^ simetria=2 ^ actividad=3 ^ transitoriedad=2,5
r10=2 ^ freq ceros=1 ^ entropia=3 ^ sensitividad=5,freq dos=5 ^ width=4 ^ pasos=1 ^ actividad=3 ^ transitoriedad=2 ^ time entropy=3,1
r1=1 ^ freq ceros=1 ^ entropia=3 ^ sensitividad=5,freq dos=5 ^ pasos=1 ^ simetria=2 ^ actividad=3 ^ transitoriedad=2,1
r23=2 ^ freq ceros=1 ^ entropia=3 ^ sensitividad=5,freq unos=2 ^ freq dos=5 ^ pasos=1 ^ simetria=2 ^ actividad=3 ^ transitoriedad=2 ^ time entropy=3,2
r11=1 ^ freq ceros=1 ^ entropia=3 ^ sensitividad=5,freq unos=2 ^ freq dos=5 ^ width=4 ^ pasos=1 ^ simetria=2 ^ transitoriedad=2 ^ time entropy=3,3
r12=2 ^ freq ceros=1 ^ entropia=3 ^ sensitividad=5,freq unos=2 ^ freq dos=5 ^ width=4 ^ pasos=1 ^ simetria=2 ^ transitoriedad=2 ^ time entropy=3,3
r11=1 ^ freq ceros=1 ^ entropia=3 ^ sensitividad=5,freq dos=5 ^ pasos=1 ^ simetria=2 ^ actividad=3 ^ transitoriedad=2 ^ time entropy=3,1
r27=1 ^ freq ceros=1 ^ entropia=3 ^ sensitividad=5,freq unos=2 ^ freq dos=5 ^ pasos=1 ^ actividad=3 ^ transitoriedad=2 ^ time entropy=3,1
r4=1 ^ freq ceros=1 ^ entropia=3 ^ sensitividad=5,pasos=1 ^ simetria=2 ^ actividad=3 ^ transitoriedad=2,1
r1=0 ^ freq ceros=1 ^ entropia=3 ^ sensitividad=5,freq unos=2 ^ freq dos=5 ^ width=4 ^ pasos=1 ^ simetria=2 ^ actividad=3 ^ transitoriedad=2,16
r19=2 ^ freq ceros=1 ^ entropia=3 ^ sensitividad=5,pasos=1 ^ simetria=2 ^ actividad=3 ^ transitoriedad=2 ^ time entropy=3,3
r23=2 ^ freq ceros=1 ^ entropia=3 ^ sensitividad=5,freq unos=2 ^ freq dos=5 ^ width=4 ^ pasos=1 ^ actividad=3 ^ transitoriedad=2,1
r14=2 ^ freq ceros=1 ^ entropia=3 ^ sensitividad=5,freq unos=2 ^ pasos=1 ^ simetria=2 ^ transitoriedad=2,2
r9=2 ^ freq ceros=1 ^ entropia=3 ^ sensitividad=5,freq unos=2 ^ freq dos=5 ^ width=4 ^ pasos=1 ^ simetria=2 ^ transitoriedad=2 ^ time entropy=3,1
r14=2 ^ freq ceros=1 ^ entropia=3 ^ sensitividad=5,freq dos=5 ^ width=4 ^ pasos=1 ^ simetria=2 ^ actividad=3 ^ transitoriedad=2 ^ time entropy=3,1
r7=1 ^ freq ceros=1 ^ entropia=3 ^ sensitividad=5,width=4 ^ pasos=1 ^ simetria=2 ^ actividad=3 ^ transitoriedad=2 ^ time entropy=3,1
r1=0 ^ freq ceros=1 ^ entropia=3 ^ sensitividad=5,freq dos=5 ^ width=4 ^ pasos=1 ^ simetria=2 ^ transitoriedad=2,2
r15=2 ^ freq ceros=1 ^ entropia=3 ^ sensitividad=5,freq unos=2 ^ pasos=1 ^ simetria=2 ^ transitoriedad=2 ^ time entropy=3,1
r1=2 ^ r17=1 ^ r27=2 ^ freq ceros=5,pasos=1 ^ simetria=2 ^ transitoriedad=2,1
r7=1 ^ freq ceros=1 ^ entropia=3 ^ sensitividad=5,freq dos=5 ^ width=4 ^ pasos=1 ^ simetria=2 ^ actividad=3 ^ transitoriedad=2,7
r4=0 ^ freq ceros=1 ^ entropia=3 ^ sensitividad=5,freq unos=2 ^ pasos=1 ^ simetria=2 ^ transitoriedad=2,2
r14=2 ^ freq ceros=1 ^ entropia=3 ^ sensitividad=5,freq unos=2 ^ freq dos=5 ^ width=4 ^ pasos=1 ^ actividad=3 ^ transitoriedad=2,3
r1=0 ^ freq ceros=1 ^ entropia=3 ^ sensitividad=5,width=4 ^ pasos=1 ^ simetria=2 ^ transitoriedad=2,1
r27=0 ^ freq ceros=1 ^ entropia=3 ^ sensitividad=5,freq unos=2 ^ freq dos=5 ^ width=4 ^ pasos=1 ^ actividad=3 ^ transitoriedad=2,1
r26=1 ^ freq ceros=1 ^ entropia=3 ^ sensitividad=5,freq unos=2 ^ freq dos=5 ^ width=1 ^ pasos=1 ^ simetria=2 ^ actividad=3 ^ transitoriedad=2 ^ time entropy=3,1
r7=1 ^ freq ceros=1 ^ entropia=3 ^ sensitividad=5,freq dos=5 ^ width=4 ^ pasos=1 ^ simetria=2 ^ transitoriedad=2,1
r11=0 ^ freq ceros=1 ^ entropia=3 ^ sensitividad=5,freq unos=2 ^ freq dos=5 ^ width=4 ^ pasos=1 ^ simetria=2 ^ transitoriedad=2 ^ time entropy=3,1
r7=0 ^ freq ceros=1 ^ entropia=3 ^ sensitividad=5,freq unos=2 ^ freq dos=5 ^ width=4 ^ pasos=1 ^ simetria=2 ^ transitoriedad=2 ^ time entropy=3,1
r26=1 ^ freq ceros=1 ^ entropia=3 ^ sensitividad=5,freq dos=5 ^ width=4 ^ pasos=1 ^ simetria=2 ^ actividad=3 ^ transitoriedad=2,9
r26=1 ^ r27=0 ^ freq ceros=1 ^ entropia=3,freq unos=2 ^ freq dos=5 ^ pasos=1 ^ simetria=2 ^ actividad=3 ^ transitoriedad=2 ^ time entropy=3,3
r2=0 ^ freq ceros=1 ^ entropia=3 ^ sensitividad=5,freq dos=1 ^ width=4 ^ pasos=1 ^ simetria=2 ^ transitoriedad=2,1
r19=0 ^ freq ceros=1 ^ entropia=3 ^ sensitividad=5,freq unos=2 ^ freq dos=5 ^ pasos=1 ^ simetria=2 ^ actividad=4 ^ transitoriedad=2 ^ time entropy=3,1
r10=0 ^ freq ceros=1 ^ entropia=3 ^ sensitividad=5,freq unos=2 ^ freq dos=5 ^ width=4 ^ pasos=1 ^ simetria=2 ^ transitoriedad=2 ^ time entropy=3,1
r7=0 ^ freq ceros=1 ^ entropia=3 ^ sensitividad=5,width=4 ^ pasos=1 ^ simetria=2 ^ transitoriedad=2,3
r18=1 ^ freq ceros=1 ^ entropia=3 ^ sensitividad=5,freq unos=2 ^ freq dos=5 ^ pasos=1 ^ simetria=2 ^ actividad=3 ^ transitoriedad=2 ^ time entropy=3,6
r7=0 ^ freq ceros=1 ^ entropia=3 ^ sensitividad=5,pasos=1 ^ simetria=2 ^ transitoriedad=2,1
r1=1 ^ freq ceros=1 ^ entropia=3 ^ sensitividad=5,pasos=1 ^ simetria=2 ^ transitoriedad=2,1
r10=0 ^ freq ceros=1 ^ entropia=3 ^ sensitividad=5,freq dos=5 ^ width=4 ^ pasos=1 ^ simetria=2 ^ transitoriedad=2,1
r1=2 ^ r26=0 ^ r27=2 ^ freq ceros=5,freq dos=5 ^ pasos=1 ^ simetria=2 ^ transitoriedad=2,1
r7=1 ^ freq ceros=1 ^ entropia=3 ^ sensitividad=5,pasos=1 ^ simetria=2 ^ actividad=2 ^ transitoriedad=2 ^ time entropy=3,1
r3=2 ^ freq ceros=1 ^ entropia=3 ^ sensitividad=5,freq unos=2 ^ freq dos=5 ^ width=4 ^ pasos=1 ^ actividad=3 ^ transitoriedad=2,2
r19=0 ^ freq ceros=1 ^ entropia=3 ^ sensitividad=5,freq dos=5 ^ width=4 ^ pasos=1 ^ simetria=2 ^ actividad=3 ^ transitoriedad=2,6
r3=2 ^ freq ceros=1 ^ entropia=3 ^ sensitividad=5,freq unos=2 ^ freq dos=5 ^ pasos=1 ^ simetria=2 ^ actividad=3 ^ transitoriedad=2 ^ time entropy=3,5
r26=1 ^ r27=0 ^ freq ceros=1 ^ entropia=3,freq unos=2 ^ freq dos=5 ^ width=4 ^ pasos=1 ^ simetria=2 ^ actividad=3 ^ transitoriedad=2,3
r27=1 ^ freq ceros=1 ^ entropia=3 ^ sensitividad=5,freq unos=2 ^ freq dos=5 ^ width=4 ^ pasos=1 ^ simetria=2 ^ transitoriedad=2,1
r1=0 ^ r23=2,freq ceros=1 ^ freq unos=4 ^ pasos=1 ^ simetria=2 ^ actividad=4 ^ entropia=5 ^ transitoriedad=2 ^ time entropy=3,1
r19=0 ^ freq ceros=1 ^ entropia=3 ^ sensitividad=5,freq unos=2 ^ freq dos=5 ^ width=4 ^ pasos=1 ^ transitoriedad=2,2
r27=0 ^ freq ceros=1 ^ entropia=3 ^ sensitividad=5,freq unos=2 ^ freq dos=5 ^ width=4 ^ pasos=1 ^ actividad=3 ^ transitoriedad=2 ^ time entropy=3,4
r1=1 ^ freq ceros=1 ^ entropia=3 ^ sensitividad=5,pasos=1 ^ simetria=2 ^ actividad=3 ^ transitoriedad=2,1
r18=2,freq ceros=1 ^ freq unos=4 ^ pasos=1 ^ simetria=2 ^ actividad=4 ^ entropia=5 ^ transitoriedad=2 ^ time entropy=3,1
r7=1 ^ freq ceros=1 ^ entropia=3 ^ sensitividad=5,freq unos=2 ^ freq dos=5 ^ width=4 ^ pasos=1 ^ actividad=3 ^ transitoriedad=2 ^ time entropy=3,4
r3=2 ^ freq ceros=1 ^ entropia=3 ^ sensitividad=5,freq dos=5 ^ width=4 ^ pasos=1 ^ simetria=2 ^ transitoriedad=2,5
r27=0 ^ freq ceros=1 ^ entropia=3 ^ sensitividad=5,freq unos=2 ^ freq dos=5 ^ width=4 ^ pasos=1 ^ simetria=2 ^ transitoriedad=2 ^ time entropy=3,4
r26=1 ^ freq ceros=1 ^ entropia=3 ^ sensitividad=5,freq unos=2 ^ freq dos=5 ^ pasos=1 ^ actividad=3 ^ transitoriedad=2 ^ time entropy=3,1
r19=2 ^ freq ceros=1 ^ entropia=3 ^ sensitividad=5,freq unos=2 ^ freq dos=5 ^ pasos=1 ^ actividad=3 ^ transitoriedad=2 ^ time entropy=3,1
r11=1 ^ freq ceros=1 ^ entropia=3 ^ sensitividad=5,freq dos=5 ^ width=4 ^ pasos=1 ^ simetria=2 ^ actividad=3 ^ transitoriedad=2 ^ time entropy=3,1
r26=1 ^ r27=0 ^ freq ceros=1 ^ transitoriedad=2,freq unos=2 ^ freq dos=5 ^ width=4 ^ pasos=1 ^ simetria=2 ^ actividad=3,1
r18=1 ^ freq ceros=1 ^ entropia=3 ^ sensitividad=5,freq unos=2 ^ freq dos=5 ^ pasos=1 ^ simetria=2 ^ actividad=3 ^ transitoriedad=2,4
r11=1 ^ freq ceros=1 ^ entropia=3 ^ sensitividad=5,freq unos=2 ^ freq dos=5 ^ width=4 ^ pasos=1 ^ simetria=2 ^ transitoriedad=2,2
r21=2 ^ freq ceros=1 ^ entropia=3 ^ sensitividad=5,freq unos=2 ^ freq dos=5 ^ pasos=1 ^ actividad=3 ^ transitoriedad=2,3
r11=1 ^ freq ceros=1 ^ entropia=3 ^ sensitividad=5,freq dos=5 ^ width=4 ^ pasos=1 ^ actividad=3 ^ transitoriedad=2 ^ time entropy=3,1
r3=2 ^ freq ceros=1 ^ entropia=3 ^ sensitividad=5,freq unos=2 ^ freq dos=5 ^ width=4 ^ pasos=1 ^ actividad=3 ^ transitoriedad=2 ^ time entropy=3,3
r11=0 ^ freq ceros=1 ^ entropia=3 ^ sensitividad=5,freq unos=2 ^ freq dos=5 ^ pasos=1 ^ simetria=2 ^ actividad=3 ^ transitoriedad=2 ^ time entropy=3,12
r23=2 ^ freq ceros=1 ^ entropia=3 ^ sensitividad=5,freq dos=4 ^ width=4 ^ pasos=1 ^ simetria=2 ^ transitoriedad=2,1
r15=2 ^ freq ceros=1 ^ entropia=3 ^ sensitividad=5,freq unos=2 ^ freq dos=5 ^ width=4 ^ pasos=1 ^ simetria=2 ^ actividad=3 ^ transitoriedad=2 ^ time entropy=3,16
r21=2 ^ freq ceros=1 ^ entropia=3 ^ sensitividad=5,freq unos=2 ^ freq dos=5 ^ width=4 ^ pasos=1 ^ simetria=2 ^ actividad=2 ^ transitoriedad=2,1
r9=2 ^ freq ceros=1 ^ entropia=3 ^ sensitividad=5,width=4 ^ pasos=1 ^ simetria=2 ^ transitoriedad=2,1
r1=1 ^ freq ceros=1 ^ entropia=3 ^ sensitividad=5,width=4 ^ pasos=1 ^ simetria=2 ^ transitoriedad=2 ^ time entropy=3,1
r19=0 ^ sensitividad=5,freq ceros=1 ^ freq unos=4 ^ pasos=1 ^ simetria=2 ^ actividad=4 ^ entropia=5 ^ transitoriedad=2 ^ time entropy=3,3
r2=2 ^ freq ceros=1 ^ entropia=3 ^ sensitividad=5,pasos=1 ^ simetria=2 ^ actividad=3 ^ transitoriedad=2,1
r10=2 ^ freq ceros=1 ^ entropia=3 ^ sensitividad=5,freq unos=2 ^ freq dos=5 ^ width=4 ^ pasos=1 ^ actividad=3 ^ transitoriedad=2 ^ time entropy=3,4
r2=0 ^ freq ceros=1 ^ entropia=3 ^ sensitividad=5,freq unos=2 ^ freq dos=5 ^ pasos=1 ^ simetria=2 ^ actividad=3 ^ transitoriedad=2,6
r19=0 ^ entropia=3 ^ sensitividad=5,freq ceros=1 ^ freq unos=4 ^ freq dos=5 ^ width=4 ^ pasos=1 ^ simetria=2 ^ actividad=3 ^ transitoriedad=2 ^ time entropy=3,1
r27=0 ^ freq ceros=1 ^ entropia=3 ^ sensitividad=5,freq dos=5 ^ width=4 ^ pasos=1 ^ simetria=2 ^ transitoriedad=2 ^ time entropy=3,1
r11=0 ^ freq ceros=1 ^ entropia=3 ^ sensitividad=5,freq unos=2 ^ freq dos=5 ^ width=4 ^ pasos=1 ^ transitoriedad=2 ^ time entropy=3,1
r26=1 ^ freq ceros=1 ^ entropia=3 ^ sensitividad=5,freq unos=2 ^ freq dos=5 ^ pasos=1 ^ simetria=2 ^ actividad=3 ^ transitoriedad=2 ^ time entropy=3,7
r21=2 ^ freq ceros=1 ^ entropia=3 ^ sensitividad=5,freq unos=2 ^ freq dos=5 ^ pasos=1 ^ simetria=2 ^ transitoriedad=2 ^ time entropy=3,1
r12=2 ^ freq ceros=1 ^ entropia=3 ^ sensitividad=5,freq unos=2 ^ pasos=1 ^ simetria=2 ^ transitoriedad=2 ^ time entropy=3,1
r14=2 ^ freq ceros=1 ^ entropia=3 ^ sensitividad=5,freq dos=5 ^ width=4 ^ pasos=1 ^ simetria=2 ^ transitoriedad=2,6
r10=2 ^ freq ceros=1 ^ entropia=3 ^ sensitividad=5,pasos=1 ^ simetria=2 ^ actividad=3 ^ transitoriedad=2 ^ time entropy=3,3
r27=0 ^ freq ceros=1 ^ entropia=3 ^ sensitividad=5,freq unos=2 ^ freq dos=5 ^ pasos=1 ^ simetria=2 ^ actividad=3 ^ transitoriedad=2,5
r1=2 ^ r14=2 ^ r27=2 ^ freq ceros=5,pasos=1 ^ simetria=2 ^ transitoriedad=2,1
r19=2 ^ freq ceros=1 ^ entropia=3 ^ sensitividad=5,freq unos=2 ^ freq dos=5 ^ width=4 ^ pasos=1 ^ simetria=2 ^ transitoriedad=2 ^ time entropy=3,1
r12=2 ^ freq ceros=1 ^ entropia=3 ^ sensitividad=5,freq dos=5 ^ width=4 ^ pasos=1 ^ simetria=2 ^ transitoriedad=2,9
r7=0 ^ freq ceros=1 ^ entropia=3 ^ sensitividad=5,freq dos=5 ^ width=4 ^ pasos=1 ^ simetria=2 ^ actividad=3 ^ transitoriedad=2,6
r12=2 ^ freq ceros=1 ^ entropia=3 ^ sensitividad=5,freq unos=2 ^ freq dos=5 ^ pasos=1 ^ simetria=2 ^ transitoriedad=2,2
r27=0 ^ freq ceros=3 ^ width=4 ^ simetria=2,freq dos=5 ^ pasos=1,1
r26=1 ^ freq ceros=1 ^ entropia=3 ^ sensitividad=5,width=4 ^ pasos=1 ^ simetria=2 ^ transitoriedad=2,1
r26=1 ^ r27=0 ^ freq ceros=1 ^ transitoriedad=2,freq unos=2 ^ freq dos=5 ^ pasos=1 ^ simetria=2,4
r18=1 ^ freq ceros=1 ^ entropia=3 ^ sensitividad=5,freq unos=2 ^ freq dos=5 ^ pasos=1 ^ actividad=3 ^ transitoriedad=2 ^ time entropy=3,1
r10=2 ^ freq ceros=1 ^ entropia=3 ^ sensitividad=5,freq unos=2 ^ freq dos=5 ^ width=4 ^ pasos=1 ^ transitoriedad=2 ^ time entropy=3,1
r27=0 ^ freq ceros=1 ^ entropia=3 ^ sensitividad=5,width=4 ^ pasos=1 ^ simetria=2 ^ transitoriedad=2,3
r19=0 ^ r23=1 ^ entropia=3 ^ sensitividad=5,freq ceros=1 ^ freq unos=4 ^ pasos=1 ^ simetria=2 ^ actividad=4 ^ transitoriedad=2 ^ time entropy=3,1
r11=0 ^ freq ceros=1 ^ entropia=3 ^ sensitividad=5,freq dos=5 ^ pasos=1 ^ simetria=2 ^ transitoriedad=2,1
r27=0 ^ freq ceros=3 ^ width=4 ^ transitoriedad=2,freq dos=5 ^ pasos=1 ^ simetria=2,2
r12=2 ^ freq ceros=1 ^ entropia=3 ^ sensitividad=5,freq dos=5 ^ pasos=1 ^ simetria=2 ^ actividad=3 ^ transitoriedad=2,1
r1=1 ^ freq ceros=1 ^ entropia=3 ^ sensitividad=5,freq unos=2 ^ freq dos=5 ^ pasos=1 ^ simetria=2 ^ actividad=3 ^ transitoriedad=2,3
r18=1 ^ freq ceros=1 ^ entropia=3 ^ sensitividad=5,freq unos=2 ^ pasos=1 ^ simetria=2 ^ transitoriedad=2 ^ time entropy=3,1
r3=2 ^ freq ceros=1 ^ entropia=3 ^ sensitividad=5,freq unos=2 ^ freq dos=5 ^ width=4 ^ pasos=1 ^ simetria=2 ^ transitoriedad=2,5
r10=0 ^ freq ceros=1 ^ entropia=3 ^ sensitividad=5,freq unos=2 ^ freq dos=5 ^ width=4 ^ pasos=1 ^ actividad=3 ^ transitoriedad=2 ^ time entropy=3,4
r18=1 ^ freq ceros=1 ^ entropia=3 ^ sensitividad=5,pasos=1 ^ simetria=2 ^ transitoriedad=2 ^ time entropy=3,1
r27=0 ^ freq ceros=1 ^ entropia=3 ^ sensitividad=5,freq unos=2 ^ freq dos=5 ^ pasos=1 ^ actividad=3 ^ transitoriedad=2,1
r11=0 ^ freq ceros=1 ^ entropia=3 ^ sensitividad=5,freq unos=3 ^ freq dos=5 ^ width=4 ^ pasos=1 ^ simetria=2 ^ actividad=3 ^ transitoriedad=2,1
r27=0 ^ freq ceros=1 ^ entropia=3 ^ sensitividad=5,freq unos=2 ^ freq dos=5 ^ width=4 ^ pasos=1 ^ simetria=2 ^ actividad=3 ^ transitoriedad=2 ^ time entropy=3,41
r7=1 ^ freq ceros=1 ^ entropia=3 ^ sensitividad=5,freq unos=2 ^ freq dos=5 ^ width=4 ^ pasos=1 ^ simetria=2 ^ transitoriedad=2,3
r21=2 ^ freq ceros=1 ^ entropia=3 ^ sensitividad=5,freq unos=2 ^ freq dos=5 ^ pasos=1 ^ actividad=3 ^ transitoriedad=2 ^ time entropy=3,1
r4=0 ^ freq ceros=1 ^ entropia=3 ^ sensitividad=5,freq unos=2 ^ freq dos=5 ^ width=4 ^ pasos=1 ^ simetria=2 ^ actividad=3 ^ transitoriedad=2 ^ time entropy=3,28
r1=2 ^ r18=0 ^ r19=0 ^ r27=2,freq ceros=1 ^ freq unos=4 ^ pasos=1 ^ simetria=2 ^ actividad=4 ^ entropia=5 ^ transitoriedad=2 ^ time entropy=3,1
r9=2 ^ freq ceros=1 ^ entropia=3 ^ sensitividad=5,pasos=1 ^ simetria=2 ^ transitoriedad=2,1
r19=0 ^ freq ceros=1 ^ entropia=3 ^ sensitividad=5,freq unos=2 ^ freq dos=5 ^ width=4 ^ pasos=1 ^ transitoriedad=2 ^ time entropy=3,1
r10=2 ^ freq ceros=1 ^ entropia=3 ^ sensitividad=5,freq dos=5 ^ width=4 ^ pasos=1 ^ simetria=2 ^ actividad=3 ^ transitoriedad=2 ^ time entropy=3,1
r27=0 ^ freq ceros=1 ^ entropia=3 ^ sensitividad=5,freq unos=2 ^ pasos=1 ^ simetria=2 ^ actividad=3 ^ transitoriedad=2 ^ time entropy=3,1
r27=1 ^ freq ceros=1 ^ entropia=3 ^ sensitividad=5,freq dos=5 ^ width=4 ^ pasos=1 ^ simetria=2 ^ actividad=3 ^ transitoriedad=2,5
r1=2 ^ r27=2 ^ freq ceros=5 ^ transitoriedad=2,pasos=1,2
r27=0 ^ freq ceros=1 ^ entropia=3 ^ sensitividad=5,freq unos=2 ^ freq dos=5 ^ pasos=1 ^ actividad=3 ^ transitoriedad=2 ^ time entropy=3,4
r11=0 ^ freq ceros=1 ^ entropia=3 ^ sensitividad=5,pasos=1 ^ simetria=2 ^ actividad=3 ^ transitoriedad=2,1
r4=1 ^ freq ceros=1 ^ entropia=3 ^ sensitividad=5,freq unos=2 ^ freq dos=5 ^ width=4 ^ pasos=1 ^ transitoriedad=2,1
r11=0 ^ freq ceros=1 ^ entropia=3 ^ sensitividad=5,freq unos=2 ^ freq dos=5 ^ pasos=1 ^ simetria=2 ^ actividad=3 ^ transitoriedad=2,4
r15=2 ^ freq ceros=1 ^ entropia=3 ^ sensitividad=5,freq dos=5 ^ width=4 ^ pasos=1 ^ simetria=2 ^ transitoriedad=2 ^ time entropy=3,1
r19=2 ^ freq ceros=1 ^ entropia=3 ^ sensitividad=5,freq unos=4 ^ freq dos=5 ^ width=4 ^ pasos=1 ^ transitoriedad=2,1
r9=2 ^ freq ceros=1 ^ entropia=3 ^ sensitividad=5,freq unos=2 ^ freq dos=5 ^ pasos=1 ^ simetria=2 ^ actividad=3 ^ transitoriedad=2,2
r27=1 ^ freq ceros=1 ^ entropia=3 ^ sensitividad=5,freq dos=5 ^ width=4 ^ pasos=1 ^ actividad=3 ^ transitoriedad=2 ^ time entropy=3,1
r4=0 ^ freq ceros=1 ^ entropia=3 ^ sensitividad=5,pasos=1 ^ simetria=2 ^ actividad=3 ^ transitoriedad=2,1
r12=2 ^ freq ceros=1 ^ entropia=3 ^ sensitividad=5,pasos=1 ^ simetria=2 ^ transitoriedad=2,8
r2=2 ^ freq ceros=1 ^ entropia=3 ^ sensitividad=5,freq dos=5 ^ width=4 ^ pasos=1 ^ simetria=2 ^ actividad=3 ^ transitoriedad=2,4
r2=0 ^ freq ceros=1 ^ entropia=3 ^ sensitividad=5,freq unos=2 ^ freq dos=5 ^ width=4 ^ pasos=1 ^ actividad=3 ^ transitoriedad=2 ^ time entropy=3,3
r9=2 ^ freq ceros=1 ^ entropia=3 ^ sensitividad=5,pasos=1 ^ simetria=2 ^ actividad=3 ^ transitoriedad=2 ^ time entropy=3,1
r1=2 ^ r10=0 ^ r27=2 ^ freq ceros=5,pasos=1 ^ simetria=2 ^ transitoriedad=2,1
r26=1 ^ r27=0 ^ freq ceros=1 ^ sensitividad=5,freq unos=2 ^ freq dos=5 ^ pasos=1 ^ simetria=2 ^ actividad=3 ^ transitoriedad=2 ^ time entropy=3,1
r2=0 ^ freq ceros=1 ^ entropia=3 ^ sensitividad=5,freq unos=2 ^ pasos=1 ^ simetria=2 ^ transitoriedad=2,1
r11=0 ^ freq ceros=1 ^ entropia=3 ^ sensitividad=5,freq dos=5 ^ width=4 ^ pasos=1 ^ simetria=2 ^ actividad=3 ^ transitoriedad=2,6
r21=2 ^ freq ceros=1 ^ entropia=3 ^ sensitividad=5,freq unos=2 ^ freq dos=5 ^ pasos=1 ^ simetria=2 ^ actividad=3 ^ transitoriedad=2,2
r4=1 ^ freq ceros=1 ^ entropia=3 ^ sensitividad=5,freq unos=2 ^ freq dos=5 ^ width=4 ^ pasos=1 ^ transitoriedad=2 ^ time entropy=3,2
r19=0 ^ freq ceros=1 ^ entropia=3 ^ sensitividad=5,freq unos=2 ^ freq dos=5 ^ pasos=1 ^ actividad=3 ^ transitoriedad=2,1
r2=2 ^ freq ceros=1 ^ entropia=3 ^ sensitividad=5,freq unos=2 ^ freq dos=5 ^ width=4 ^ pasos=1 ^ simetria=2 ^ actividad=3 ^ transitoriedad=2 ^ time entropy=3,26
r23=2 ^ freq ceros=1 ^ entropia=3 ^ sensitividad=5,freq dos=5 ^ pasos=1 ^ simetria=2 ^ actividad=3 ^ transitoriedad=2,1
r12=2 ^ freq ceros=1 ^ entropia=3 ^ sensitividad=5,pasos=1 ^ simetria=2 ^ actividad=3 ^ transitoriedad=2,3
r9=2 ^ freq ceros=1 ^ entropia=3 ^ sensitividad=5,freq unos=2 ^ freq dos=5 ^ pasos=1 ^ simetria=2 ^ actividad=3 ^ transitoriedad=2 ^ time entropy=3,5
r9=2 ^ freq ceros=1 ^ entropia=3 ^ sensitividad=5,freq dos=5 ^ width=4 ^ pasos=1 ^ simetria=2 ^ actividad=3 ^ transitoriedad=2,4
r19=0 ^ freq ceros=1 ^ entropia=3 ^ sensitividad=5,freq unos=2 ^ freq dos=5 ^ width=4 ^ pasos=1 ^ actividad=3 ^ transitoriedad=2 ^ time entropy=3,7
r11=1 ^ freq ceros=1 ^ entropia=3 ^ sensitividad=5,freq unos=2 ^ freq dos=5 ^ width=4 ^ pasos=1 ^ actividad=3 ^ transitoriedad=2 ^ time entropy=3,3
r12=2 ^ freq ceros=1 ^ entropia=3 ^ sensitividad=5,width=4 ^ pasos=1 ^ simetria=2 ^ actividad=3 ^ transitoriedad=2,3
r19=0 ^ freq ceros=1 ^ entropia=3 ^ sensitividad=5,freq unos=2 ^ freq dos=5 ^ width=4 ^ pasos=1 ^ simetria=2 ^ transitoriedad=2,2
r23=2 ^ freq ceros=1 ^ entropia=3 ^ sensitividad=5,freq dos=5 ^ width=4 ^ pasos=1 ^ simetria=2 ^ actividad=3 ^ transitoriedad=2,2
r4=1 ^ freq ceros=1 ^ entropia=3 ^ sensitividad=5,freq dos=5 ^ width=4 ^ pasos=1 ^ actividad=3 ^ transitoriedad=2 ^ time entropy=3,1
r7=1 ^ freq ceros=1 ^ entropia=3 ^ sensitividad=5,width=4 ^ pasos=1 ^ simetria=2 ^ actividad=3 ^ transitoriedad=2,1
r1=0 ^ freq ceros=1 ^ entropia=3 ^ sensitividad=5,freq unos=2 ^ freq dos=5 ^ width=4 ^ pasos=1 ^ actividad=3 ^ transitoriedad=2 ^ time entropy=3,2
r7=0 ^ freq ceros=1 ^ entropia=3 ^ sensitividad=5,freq dos=5 ^ width=4 ^ pasos=1 ^ actividad=3 ^ transitoriedad=2 ^ time entropy=3,2
r27=0 ^ freq ceros=1 ^ entropia=3 ^ sensitividad=5,freq dos=5 ^ pasos=1 ^ simetria=2 ^ actividad=3 ^ transitoriedad=2 ^ time entropy=3,2
r10=0 ^ freq ceros=1 ^ entropia=3 ^ sensitividad=5,freq dos=5 ^ pasos=1 ^ simetria=2 ^ transitoriedad=2,2
r7=0 ^ freq ceros=1 ^ entropia=3 ^ sensitividad=5,freq unos=2 ^ freq dos=5 ^ width=4 ^ pasos=1 ^ transitoriedad=2 ^ time entropy=3,2
r26=1 ^ freq ceros=1 ^ entropia=3 ^ sensitividad=5,freq dos=5 ^ width=4 ^ pasos=1 ^ simetria=2 ^ transitoriedad=2 ^ time entropy=3,1
r10=2 ^ freq ceros=1 ^ entropia=3 ^ sensitividad=5,freq unos=2 ^ freq dos=5 ^ pasos=1 ^ simetria=2 ^ transitoriedad=2 ^ time entropy=3,1
r1=2 ^ r26=0 ^ r27=2 ^ freq ceros=5,pasos=1 ^ simetria=2 ^ transitoriedad=2,2
r11=1 ^ freq ceros=1 ^ entropia=3 ^ sensitividad=5,freq unos=2 ^ freq dos=5 ^ pasos=1 ^ transitoriedad=2,1
r10=2 ^ freq ceros=1 ^ entropia=3 ^ sensitividad=5,freq dos=5 ^ width=4 ^ pasos=1 ^ simetria=2 ^ actividad=3 ^ transitoriedad=2,3
r1=1 ^ freq ceros=1 ^ entropia=3 ^ sensitividad=5,freq unos=2 ^ freq dos=5 ^ pasos=1 ^ actividad=3 ^ transitoriedad=2 ^ time entropy=3,2
r1=0 ^ freq ceros=1 ^ entropia=3 ^ sensitividad=5,freq unos=2 ^ freq dos=5 ^ pasos=1 ^ actividad=3 ^ transitoriedad=2 ^ time entropy=3,1
r15=2 ^ freq ceros=1 ^ entropia=3 ^ sensitividad=5,freq unos=2 ^ pasos=1 ^ simetria=2 ^ transitoriedad=2,2
r4=0 ^ freq ceros=1 ^ entropia=3 ^ sensitividad=5,freq dos=5 ^ width=4 ^ pasos=1 ^ simetria=2 ^ actividad=3 ^ transitoriedad=2,2
r27=1 ^ freq ceros=1 ^ entropia=3 ^ sensitividad=5,freq unos=2 ^ freq dos=5 ^ width=4 ^ pasos=1 ^ actividad=3 ^ transitoriedad=2 ^ time entropy=3,3
r2=2 ^ freq ceros=1 ^ entropia=3 ^ sensitividad=5,freq unos=2 ^ pasos=1 ^ simetria=2 ^ transitoriedad=2,1
r12=2 ^ freq ceros=1 ^ entropia=3 ^ sensitividad=5,freq unos=2 ^ freq dos=5 ^ width=4 ^ pasos=1 ^ simetria=2 ^ actividad=3 ^ transitoriedad=2,19
r4=1 ^ freq ceros=1 ^ entropia=3 ^ sensitividad=5,freq unos=2 ^ freq dos=5 ^ pasos=1 ^ simetria=2 ^ actividad=3 ^ transitoriedad=2 ^ time entropy=3,4
r18=1 ^ freq ceros=1 ^ entropia=3 ^ sensitividad=5,freq unos=2 ^ width=4 ^ pasos=1 ^ simetria=2 ^ actividad=2 ^ transitoriedad=2,1
r27=0 ^ freq ceros=1 ^ entropia=3 ^ sensitividad=5,freq unos=2 ^ freq dos=5 ^ width=3 ^ pasos=1 ^ simetria=2 ^ actividad=3 ^ transitoriedad=2 ^ time entropy=3,1
r11=1 ^ freq ceros=1 ^ entropia=3 ^ sensitividad=5,freq unos=2 ^ freq dos=5 ^ pasos=1 ^ simetria=2 ^ transitoriedad=2 ^ time entropy=3,1
r10=2 ^ freq ceros=1 ^ entropia=3 ^ sensitividad=5,width=4 ^ pasos=1 ^ simetria=2 ^ transitoriedad=2,2
r19=0 ^ freq ceros=1 ^ entropia=3 ^ sensitividad=5,freq dos=5 ^ width=4 ^ pasos=1 ^ simetria=2 ^ transitoriedad=2,3
r19=0,freq ceros=1 ^ freq unos=4 ^ freq dos=5 ^ width=4 ^ pasos=1 ^ simetria=2 ^ actividad=4 ^ entropia=5 ^ transitoriedad=2 ^ time entropy=3,1
r26=1 ^ freq ceros=1 ^ entropia=3 ^ sensitividad=5,freq unos=2 ^ freq dos=5 ^ pasos=1 ^ simetria=2 ^ transitoriedad=2 ^ time entropy=3,1
r2=0 ^ freq ceros=1 ^ entropia=3 ^ sensitividad=5,freq dos=5 ^ width=4 ^ pasos=1 ^ simetria=2 ^ actividad=3 ^ transitoriedad=2,8
r15=2 ^ freq ceros=1 ^ entropia=3 ^ sensitividad=5,freq dos=5 ^ width=4 ^ pasos=1 ^ simetria=2 ^ actividad=3 ^ transitoriedad=2,5
r9=2 ^ freq ceros=1 ^ entropia=3 ^ sensitividad=5,width=4 ^ pasos=1 ^ simetria=2 ^ actividad=3 ^ transitoriedad=2,1
r1=2 ^ r6=2 ^ r27=2 ^ freq ceros=5,pasos=1 ^ simetria=2 ^ transitoriedad=2,1
r1=2 ^ r27=2 ^ freq ceros=5 ^ sensitividad=5,pasos=1 ^ transitoriedad=2 ^ time entropy=3,1
r4=1 ^ freq ceros=1 ^ entropia=3 ^ sensitividad=5,freq dos=5 ^ width=4 ^ pasos=1 ^ simetria=2 ^ transitoriedad=2,5
r4=1 ^ freq ceros=1 ^ entropia=3 ^ sensitividad=5,freq dos=5 ^ pasos=1 ^ simetria=2 ^ actividad=3 ^ transitoriedad=2,1
r27=1 ^ freq ceros=1 ^ entropia=3 ^ sensitividad=5,freq unos=2 ^ pasos=1 ^ simetria=2 ^ transitoriedad=2,1
r4=0 ^ freq ceros=1 ^ entropia=3 ^ sensitividad=5,freq dos=5 ^ width=4 ^ pasos=1 ^ simetria=2 ^ transitoriedad=2,5
r9=2 ^ freq ceros=1 ^ entropia=3 ^ sensitividad=5,freq unos=1 ^ freq dos=5 ^ width=4 ^ pasos=1 ^ simetria=2 ^ actividad=3 ^ transitoriedad=2,1
r7=0 ^ freq ceros=1 ^ entropia=3 ^ sensitividad=5,freq unos=2 ^ freq dos=5 ^ pasos=1 ^ simetria=2 ^ actividad=3 ^ transitoriedad=2,7
r4=1 ^ freq ceros=1 ^ entropia=3 ^ sensitividad=5,freq unos=2 ^ freq dos=5 ^ pasos=1 ^ simetria=2 ^ actividad=3 ^ transitoriedad=2,5
r4=0 ^ freq ceros=1 ^ entropia=3 ^ sensitividad=5,freq unos=2 ^ freq dos=5 ^ pasos=1 ^ simetria=2 ^ actividad=3 ^ transitoriedad=2,3
r23=2 ^ freq ceros=1 ^ entropia=3 ^ sensitividad=5,width=4 ^ pasos=1 ^ simetria=2 ^ transitoriedad=2,3
r12=2 ^ freq ceros=1 ^ entropia=3 ^ sensitividad=5,width=4 ^ pasos=1 ^ simetria=2 ^ transitoriedad=2,3
r27=0 ^ freq ceros=1 ^ entropia=3 ^ sensitividad=5,freq unos=4 ^ freq dos=5 ^ width=4 ^ pasos=1 ^ simetria=2 ^ actividad=3 ^ transitoriedad=2,1
r2=2 ^ freq ceros=1 ^ entropia=3 ^ sensitividad=5,freq unos=2 ^ freq dos=5 ^ pasos=1 ^ actividad=3 ^ transitoriedad=2 ^ time entropy=3,1
r1=0 ^ freq ceros=1 ^ entropia=3 ^ sensitividad=5,freq dos=5 ^ pasos=1 ^ simetria=2 ^ actividad=3 ^ transitoriedad=2,1
r11=1 ^ freq ceros=1 ^ entropia=3 ^ sensitividad=5,freq unos=2 ^ freq dos=5 ^ pasos=1 ^ simetria=2 ^ actividad=3 ^ transitoriedad=2,5
r9=2 ^ freq ceros=1 ^ entropia=3 ^ sensitividad=5,freq unos=2 ^ freq dos=5 ^ width=4 ^ pasos=1 ^ actividad=3 ^ transitoriedad=2 ^ time entropy=3,1
r14=2 ^ freq ceros=1 ^ entropia=3 ^ sensitividad=5,freq dos=5 ^ width=4 ^ pasos=1 ^ actividad=3 ^ transitoriedad=2,1
r1=2 ^ r27=2 ^ freq ceros=5 ^ simetria=2,pasos=1 ^ transitoriedad=2 ^ sensitividad=2,1
r27=1 ^ freq ceros=1 ^ entropia=3 ^ sensitividad=5,width=4 ^ pasos=1 ^ simetria=2 ^ transitoriedad=2,2
r3=2 ^ freq ceros=1 ^ entropia=3 ^ sensitividad=5,freq unos=2 ^ freq dos=5 ^ pasos=1 ^ actividad=3 ^ transitoriedad=2 ^ time entropy=3,2
r27=1 ^ freq ceros=1 ^ entropia=3 ^ sensitividad=5,freq unos=2 ^ freq dos=5 ^ pasos=1 ^ actividad=3 ^ transitoriedad=2,1
r7=0 ^ freq ceros=1 ^ entropia=3 ^ sensitividad=5,width=4 ^ pasos=1 ^ simetria=2 ^ transitoriedad=2 ^ time entropy=3,1
r12=2 ^ freq ceros=1 ^ entropia=3 ^ sensitividad=5,pasos=1 ^ simetria=2 ^ actividad=3 ^ transitoriedad=2 ^ time entropy=3,7
r2=2 ^ freq ceros=1 ^ entropia=3 ^ sensitividad=5,freq unos=2 ^ width=4 ^ pasos=1 ^ simetria=2 ^ transitoriedad=2,1
r2=2 ^ freq ceros=1 ^ entropia=3 ^ sensitividad=5,freq unos=2 ^ pasos=1 ^ actividad=3 ^ transitoriedad=2,1
r1=0 ^ freq ceros=1 ^ entropia=3 ^ sensitividad=5,freq dos=5 ^ pasos=1 ^ simetria=2 ^ transitoriedad=2,1
r19=0 ^ sensitividad=5,freq ceros=1 ^ freq unos=4 ^ width=4 ^ pasos=1 ^ simetria=2 ^ actividad=4 ^ entropia=5 ^ transitoriedad=2 ^ time entropy=3,1
r23=2 ^ freq ceros=1 ^ entropia=3 ^ sensitividad=5,freq unos=2 ^ pasos=1 ^ simetria=2 ^ transitoriedad=2,1
r1=0 ^ freq ceros=1 ^ entropia=3 ^ sensitividad=5,freq unos=2 ^ freq dos=5 ^ pasos=1 ^ actividad=3 ^ transitoriedad=2,1
r7=0 ^ r19=0 ^ entropia=3 ^ sensitividad=5,freq ceros=1 ^ freq unos=4 ^ pasos=1 ^ simetria=2 ^ actividad=4 ^ transitoriedad=2 ^ time entropy=3,1
r3=2 ^ freq ceros=1 ^ entropia=3 ^ sensitividad=5,freq unos=2 ^ freq dos=5 ^ pasos=1 ^ simetria=2 ^ actividad=3 ^ transitoriedad=2,2
r4=1 ^ freq ceros=1 ^ entropia=3 ^ sensitividad=5,freq unos=2 ^ freq dos=5 ^ width=4 ^ pasos=1 ^ actividad=3 ^ transitoriedad=2 ^ time entropy=3,3
r11=0 ^ r17=1 ^ entropia=3 ^ sensitividad=5,freq ceros=1 ^ freq unos=4 ^ width=4 ^ pasos=1 ^ simetria=2 ^ actividad=3 ^ transitoriedad=2 ^ time entropy=3,1
r21=2 ^ freq ceros=1 ^ entropia=3 ^ sensitividad=5,freq unos=2 ^ freq dos=5 ^ width=4 ^ pasos=1 ^ simetria=2 ^ transitoriedad=2 ^ time entropy=3,1
r18=1 ^ freq ceros=1 ^ entropia=3 ^ sensitividad=5,freq dos=5 ^ pasos=1 ^ simetria=2 ^ actividad=3 ^ transitoriedad=2 ^ time entropy=3,1
r18=1 ^ freq ceros=1 ^ entropia=3 ^ sensitividad=5,freq dos=5 ^ width=4 ^ pasos=1 ^ actividad=2 ^ transitoriedad=2,1
r2=2 ^ freq ceros=1 ^ entropia=3 ^ sensitividad=5,freq unos=2 ^ freq dos=5 ^ width=3 ^ pasos=1 ^ simetria=2 ^ transitoriedad=2,1
r12=2 ^ freq ceros=1 ^ entropia=3 ^ sensitividad=5,freq unos=2 ^ pasos=1 ^ simetria=2 ^ transitoriedad=2,2
r1=1 ^ freq ceros=1 ^ entropia=3 ^ sensitividad=5,freq unos=2 ^ freq dos=5 ^ width=4 ^ pasos=1 ^ simetria=2 ^ transitoriedad=2,1
r27=0 ^ freq ceros=3 ^ width=4,freq dos=5 ^ pasos=1 ^ simetria=2 ^ transitoriedad=2 ^ time entropy=5,1
r7=0 ^ freq ceros=1 ^ entropia=3 ^ sensitividad=5,freq unos=2 ^ pasos=1 ^ simetria=2 ^ transitoriedad=2,1
r4=1 ^ freq ceros=1 ^ entropia=3 ^ sensitividad=5,freq dos=5 ^ pasos=1 ^ transitoriedad=2 ^ time entropy=3,1
r10=0 ^ freq ceros=1 ^ entropia=3 ^ sensitividad=5,freq unos=2 ^ freq dos=5 ^ width=4 ^ pasos=1 ^ simetria=2,1
r26=1 ^ r27=0 ^ freq ceros=1 ^ entropia=3,freq dos=5 ^ pasos=1 ^ simetria=2 ^ transitoriedad=2,1
r14=2 ^ freq ceros=1 ^ entropia=3 ^ sensitividad=5,width=4 ^ pasos=1 ^ simetria=2 ^ transitoriedad=2,1
r1=2 ^ r27=2 ^ freq ceros=5 ^ transitoriedad=2,pasos=1 ^ simetria=2 ^ actividad=2,1
r27=0 ^ freq ceros=1 ^ entropia=3 ^ sensitividad=5,freq dos=5 ^ width=4 ^ pasos=1 ^ actividad=3 ^ transitoriedad=2,1
r17=2 ^ entropia=3 ^ sensitividad=5,freq ceros=1 ^ freq unos=4 ^ freq dos=5 ^ width=4 ^ pasos=1 ^ simetria=2 ^ actividad=3 ^ transitoriedad=2 ^ time entropy=3,1
r1=2 ^ r27=2 ^ freq ceros=5 ^ transitoriedad=2,freq unos=5 ^ pasos=1,1
r11=1 ^ freq ceros=1 ^ entropia=3 ^ sensitividad=5,pasos=1 ^ simetria=2 ^ actividad=3 ^ transitoriedad=2,1
r3=2 ^ freq ceros=1 ^ entropia=3 ^ sensitividad=5,freq dos=5 ^ width=4 ^ pasos=1 ^ actividad=3 ^ transitoriedad=2 ^ time entropy=3,1
r23=2 ^ freq ceros=1 ^ entropia=3 ^ sensitividad=5,freq unos=2 ^ pasos=1 ^ simetria=2 ^ actividad=3 ^ transitoriedad=2 ^ time entropy=3,1
r23=2 ^ freq ceros=1 ^ entropia=3 ^ sensitividad=5,freq unos=2 ^ freq dos=5 ^ pasos=1 ^ actividad=3 ^ transitoriedad=2,2
r17=2 ^ r18=2 ^ entropia=3 ^ sensitividad=5,freq ceros=1 ^ freq unos=4 ^ width=4 ^ pasos=1 ^ simetria=2 ^ actividad=3 ^ transitoriedad=2 ^ time entropy=3,1
r26=1 ^ r27=0 ^ freq ceros=1 ^ sensitividad=5,freq unos=2 ^ freq dos=5 ^ width=4 ^ pasos=1 ^ simetria=2 ^ transitoriedad=2 ^ time entropy=3,1
r2=2 ^ freq ceros=1 ^ entropia=3 ^ sensitividad=5,freq unos=2 ^ freq dos=5 ^ width=4 ^ pasos=1 ^ actividad=3 ^ transitoriedad=2 ^ time entropy=3,3
r10=0 ^ freq ceros=1 ^ entropia=3 ^ sensitividad=5,freq unos=2 ^ freq dos=5 ^ width=4 ^ pasos=1 ^ simetria=2 ^ actividad=3 ^ transitoriedad=2,16
r11=1 ^ freq ceros=1 ^ entropia=3 ^ sensitividad=5,freq unos=2 ^ freq dos=5 ^ pasos=1 ^ actividad=3 ^ transitoriedad=2,1
r4=2 ^ r19=0 ^ entropia=3 ^ sensitividad=5,freq ceros=1 ^ freq unos=4 ^ freq dos=5 ^ width=4 ^ pasos=1 ^ actividad=3 ^ transitoriedad=2 ^ time entropy=3,1
r26=1 ^ freq ceros=1 ^ entropia=3 ^ sensitividad=5,freq unos=2 ^ freq dos=5 ^ pasos=1 ^ actividad=3 ^ transitoriedad=2,1
r19=2 ^ freq ceros=1 ^ entropia=3 ^ sensitividad=5,freq unos=2 ^ freq dos=5 ^ width=4 ^ pasos=1 ^ actividad=3 ^ transitoriedad=2,1
r14=2 ^ freq ceros=1 ^ entropia=3 ^ sensitividad=5,freq unos=2 ^ freq dos=5 ^ width=4 ^ pasos=1 ^ transitoriedad=2 ^ time entropy=3,1
r1=0 ^ r19=0 ^ r25=2,freq ceros=1 ^ freq unos=2 ^ freq dos=5 ^ width=4 ^ pasos=1 ^ simetria=2 ^ actividad=4 ^ entropia=5 ^ transitoriedad=2,1
r18=2 ^ entropia=3 ^ sensitividad=5,freq ceros=1 ^ freq unos=4 ^ width=4 ^ pasos=1 ^ simetria=2 ^ actividad=3 ^ transitoriedad=2 ^ time entropy=3,1
r9=2 ^ freq ceros=1 ^ entropia=3 ^ sensitividad=5,freq unos=2 ^ freq dos=5 ^ pasos=1 ^ actividad=3 ^ transitoriedad=2,3
r19=2 ^ freq ceros=1 ^ entropia=3 ^ sensitividad=5,freq dos=5 ^ width=4 ^ pasos=1 ^ simetria=2 ^ transitoriedad=2,3
r1=2 ^ r27=2 ^ freq ceros=5 ^ simetria=2,pasos=1 ^ transitoriedad=2,20
r18=2 ^ entropia=4 ^ sensitividad=5,freq ceros=1 ^ freq unos=4 ^ freq dos=5 ^ width=4 ^ pasos=1 ^ simetria=2 ^ actividad=3 ^ transitoriedad=2 ^ time entropy=3,1
r9=2 ^ freq ceros=1 ^ entropia=3 ^ sensitividad=5,freq unos=2 ^ freq dos=5 ^ width=4 ^ pasos=1 ^ simetria=2 ^ transitoriedad=2,3
r1=2 ^ r6=0 ^ r19=0 ^ sensitividad=5,freq ceros=1 ^ freq unos=4 ^ pasos=1 ^ simetria=2 ^ actividad=4 ^ entropia=5 ^ transitoriedad=2 ^ time entropy=3,1
r26=1 ^ r27=0 ^ freq ceros=1 ^ entropia=3,freq unos=2 ^ freq dos=5 ^ width=4 ^ pasos=1 ^ simetria=2 ^ transitoriedad=2,1
r19=0 ^ freq ceros=1 ^ entropia=3 ^ sensitividad=5,freq dos=5 ^ pasos=1 ^ simetria=2 ^ transitoriedad=2,1
r14=2 ^ freq ceros=1 ^ entropia=3 ^ sensitividad=5,freq unos=2 ^ freq dos=5 ^ pasos=1 ^ transitoriedad=2 ^ time entropy=3,1
r19=0 ^ r20=1 ^ entropia=3,freq ceros=1 ^ freq unos=4 ^ pasos=1 ^ simetria=2 ^ actividad=4 ^ transitoriedad=2 ^ time entropy=3,1
r14=2 ^ freq ceros=1 ^ entropia=3 ^ sensitividad=5,freq dos=5 ^ width=4 ^ pasos=1 ^ simetria=2 ^ actividad=3 ^ transitoriedad=2,5
r18=1 ^ freq ceros=1 ^ entropia=3 ^ sensitividad=5,freq unos=2 ^ pasos=1 ^ simetria=2 ^ transitoriedad=2,1
