antecedente,consecuente,contador
r18=0 ^ r27=0 ^ width=5 ^ transitoriedad=2,freq ceros=5 ^ freq unos=1 ^ pasos=1 ^ simetria=2,1
r27=2 ^ freq dos=1 ^ width=2 ^ actividad=1,pasos=1 ^ simetria=2 ^ entropia=1 ^ transitoriedad=2,1
r27=2 ^ freq ceros=5 ^ freq unos=1 ^ freq dos=1,width=2 ^ pasos=1 ^ simetria=2 ^ actividad=1 ^ transitoriedad=2 ^ time entropy=1,1
r27=2 ^ freq ceros=5 ^ freq unos=1 ^ freq dos=1,width=2 ^ pasos=1 ^ simetria=2 ^ entropia=2,1
r9=0 ^ r27=0 ^ freq ceros=5 ^ time entropy=1,freq unos=1 ^ freq dos=1 ^ width=5 ^ pasos=1 ^ simetria=2 ^ transitoriedad=2,1
r27=2 ^ freq ceros=5 ^ freq unos=1 ^ freq dos=1,width=2 ^ pasos=1 ^ simetria=2 ^ actividad=1,1
r27=2 ^ freq ceros=5 ^ freq unos=1 ^ freq dos=1,pasos=1 ^ simetria=2 ^ actividad=1 ^ entropia=1 ^ transitoriedad=2 ^ time entropy=1,1
r18=0 ^ r27=0 ^ width=5,pasos=1,1
r7=0 ^ freq unos=1 ^ freq dos=1 ^ width=5,pasos=1 ^ simetria=2 ^ actividad=1 ^ entropia=1 ^ transitoriedad=2 ^ time entropy=1,1
r27=0 ^ freq unos=1 ^ freq dos=1 ^ width=5,pasos=1 ^ transitoriedad=2 ^ time entropy=1,1
r27=2 ^ freq ceros=5 ^ freq unos=1 ^ freq dos=1,pasos=1 ^ transitoriedad=2,1
r19=1 ^ freq unos=1 ^ freq dos=1 ^ width=5,pasos=1 ^ simetria=2 ^ actividad=1 ^ entropia=1 ^ transitoriedad=2 ^ time entropy=1,1
r27=2 ^ freq ceros=5 ^ freq unos=1 ^ freq dos=1,width=2 ^ pasos=1 ^ simetria=2 ^ actividad=1 ^ entropia=1 ^ transitoriedad=2 ^ sensitividad=1,1
r27=0 ^ freq unos=1 ^ freq dos=5 ^ width=5,freq ceros=5 ^ pasos=1 ^ simetria=2 ^ transitoriedad=1,1
r18=0 ^ r27=0 ^ width=5 ^ simetria=2,pasos=1 ^ transitoriedad=2,1
r27=1 ^ freq ceros=5 ^ freq unos=1 ^ freq dos=1,width=2 ^ pasos=1 ^ actividad=1 ^ entropia=1 ^ transitoriedad=2,1
r27=2 ^ freq ceros=5 ^ freq unos=1 ^ freq dos=1,width=2 ^ pasos=1 ^ simetria=2 ^ transitoriedad=2,1
r27=1 ^ freq unos=1 ^ freq dos=1 ^ width=2,pasos=1 ^ simetria=2 ^ entropia=1 ^ transitoriedad=2 ^ time entropy=1,1
r21=1 ^ freq unos=1 ^ freq dos=1 ^ width=5,pasos=1 ^ simetria=2 ^ transitoriedad=2,1
r27=2 ^ freq ceros=5 ^ width=2,freq unos=1 ^ freq dos=1 ^ pasos=1 ^ simetria=2 ^ actividad=1 ^ transitoriedad=2,2
r8=1 ^ r27=2 ^ freq ceros=5 ^ width=2,freq unos=1 ^ freq dos=1 ^ pasos=1 ^ simetria=2 ^ actividad=1 ^ entropia=1 ^ transitoriedad=2 ^ time entropy=1,1
r12=2 ^ r24=0 ^ freq unos=1,freq dos=4 ^ pasos=1 ^ simetria=2 ^ entropia=3 ^ transitoriedad=1 ^ time entropy=5,1
r27=1 ^ freq ceros=5 ^ width=2 ^ time entropy=1,freq unos=1 ^ pasos=1 ^ simetria=2 ^ entropia=1 ^ transitoriedad=2,1
r27=0 ^ freq ceros=5 ^ simetria=2,freq unos=1 ^ freq dos=1 ^ width=5 ^ pasos=1 ^ transitoriedad=2,5
r27=2 ^ freq ceros=5 ^ width=2,freq unos=1 ^ freq dos=1 ^ pasos=1 ^ simetria=2 ^ actividad=1 ^ entropia=1 ^ transitoriedad=2 ^ time entropy=1,2
r18=0 ^ r27=0 ^ width=5,freq ceros=5 ^ pasos=1 ^ simetria=2 ^ actividad=3 ^ transitoriedad=2,1
r27=2 ^ transitoriedad=2,freq ceros=5 ^ freq dos=1 ^ width=5 ^ pasos=1 ^ simetria=2 ^ actividad=1 ^ entropia=1 ^ time entropy=1,1
r24=0 ^ r27=0 ^ freq ceros=5,freq unos=1 ^ freq dos=1 ^ width=5 ^ pasos=1 ^ simetria=2 ^ actividad=1 ^ entropia=1 ^ transitoriedad=2 ^ time entropy=1,3
r27=2 ^ freq ceros=5 ^ width=2 ^ time entropy=1,freq unos=1 ^ pasos=1 ^ simetria=2 ^ actividad=1 ^ entropia=1 ^ transitoriedad=2,1
r27=2 ^ freq ceros=5 ^ width=2 ^ actividad=1,freq unos=1 ^ freq dos=1 ^ pasos=1 ^ simetria=2 ^ entropia=1 ^ transitoriedad=2 ^ time entropy=1,9
r18=0 ^ r27=0 ^ freq ceros=5 ^ width=5,pasos=1 ^ simetria=2 ^ entropia=4 ^ transitoriedad=2,1
r18=0 ^ r27=0 ^ width=5 ^ simetria=2,freq ceros=5 ^ pasos=1 ^ transitoriedad=2,10
r27=1 ^ freq ceros=5 ^ freq dos=1 ^ width=2,freq unos=1 ^ pasos=1 ^ simetria=2 ^ actividad=1 ^ transitoriedad=2,1
r27=1 ^ freq ceros=5 ^ width=2 ^ time entropy=1,freq dos=1 ^ pasos=1 ^ simetria=2 ^ entropia=1 ^ transitoriedad=2,2
r18=0 ^ r27=0 ^ freq ceros=5 ^ width=5,pasos=1 ^ simetria=2 ^ actividad=3 ^ transitoriedad=2,1
r27=0 ^ freq ceros=5 ^ transitoriedad=2,freq unos=1 ^ freq dos=1 ^ width=5 ^ pasos=1 ^ simetria=2,16
r18=0 ^ r27=0 ^ width=5 ^ transitoriedad=2,freq ceros=5 ^ freq unos=1 ^ pasos=1,1
r18=0 ^ r27=0 ^ width=5 ^ simetria=2,freq ceros=5 ^ pasos=1,3
r1=2 ^ r14=0 ^ freq unos=1 ^ freq dos=5,width=5 ^ pasos=2 ^ actividad=3 ^ transitoriedad=1 ^ time entropy=3,1
r27=1 ^ freq ceros=5 ^ freq dos=1 ^ width=2,freq unos=1 ^ pasos=1 ^ simetria=2 ^ actividad=1 ^ entropia=1 ^ transitoriedad=2 ^ time entropy=1,3
r27=0 ^ freq ceros=5 ^ time entropy=1,freq unos=1 ^ freq dos=1 ^ width=5 ^ pasos=1 ^ simetria=2 ^ actividad=1 ^ entropia=1 ^ transitoriedad=2,1
r27=2 ^ freq ceros=5 ^ width=2 ^ actividad=1,freq dos=1 ^ pasos=1 ^ simetria=2 ^ entropia=1 ^ transitoriedad=2 ^ time entropy=1,5
r18=0 ^ r27=0 ^ width=5 ^ transitoriedad=2,freq ceros=5 ^ pasos=1,23
r27=1 ^ freq ceros=5 ^ width=2 ^ time entropy=1,freq unos=1 ^ freq dos=1 ^ pasos=1 ^ simetria=2 ^ actividad=1 ^ entropia=1 ^ transitoriedad=2,16
r18=0 ^ r27=0 ^ width=5 ^ transitoriedad=2,freq ceros=5 ^ pasos=1 ^ simetria=2 ^ time entropy=5,1
r27=2 ^ freq ceros=5 ^ width=2 ^ simetria=2,freq unos=1 ^ freq dos=1 ^ pasos=1,1
r27=1 ^ freq ceros=5 ^ width=2 ^ transitoriedad=2,freq unos=1 ^ freq dos=1 ^ pasos=1 ^ simetria=2,1
r27=0 ^ freq unos=1 ^ freq dos=1 ^ width=5,freq ceros=5 ^ pasos=1 ^ transitoriedad=2,1
r18=0 ^ r24=0 ^ r27=0 ^ width=5,freq ceros=5 ^ pasos=1,1
r18=0 ^ r27=0 ^ width=5 ^ time entropy=4,freq ceros=5 ^ pasos=1 ^ simetria=2 ^ transitoriedad=2,1
r18=0 ^ r27=0 ^ width=5 ^ transitoriedad=2,freq ceros=5 ^ pasos=1 ^ simetria=2,46
r27=1 ^ freq ceros=5 ^ width=2 ^ actividad=1,freq unos=1 ^ freq dos=1 ^ pasos=1 ^ simetria=2 ^ entropia=1 ^ transitoriedad=2,1
r27=1 ^ freq ceros=5 ^ width=2 ^ actividad=1,freq unos=1 ^ freq dos=1 ^ pasos=1 ^ simetria=2 ^ entropia=1 ^ transitoriedad=2 ^ time entropy=1,11
r27=2 ^ freq ceros=5 ^ freq unos=1 ^ freq dos=1,pasos=1 ^ simetria=2 ^ transitoriedad=2 ^ time entropy=1,1
r27=1 ^ freq ceros=5 ^ width=2 ^ time entropy=1,freq dos=1 ^ pasos=1 ^ simetria=2 ^ actividad=1 ^ entropia=1 ^ transitoriedad=2,3
r27=2 ^ freq dos=1 ^ width=2 ^ actividad=1,freq unos=1 ^ pasos=1 ^ simetria=2 ^ entropia=1 ^ transitoriedad=2 ^ time entropy=1,1
r4=2 ^ r18=0 ^ r27=0 ^ width=5,freq ceros=5 ^ pasos=1,1
r3=2 ^ r14=0 ^ r15=0 ^ r27=1,freq ceros=5 ^ freq unos=5 ^ freq dos=3 ^ width=4 ^ simetria=1 ^ actividad=1 ^ entropia=4,2
r3=1 ^ r12=2 ^ pasos=2 ^ sensitividad=1,freq dos=5 ^ width=1 ^ actividad=2 ^ entropia=4 ^ transitoriedad=2 ^ time entropy=1,1
r13=0 ^ r27=0 ^ freq ceros=5 ^ time entropy=1,freq unos=1 ^ freq dos=1 ^ width=5 ^ pasos=1 ^ simetria=2 ^ entropia=1 ^ transitoriedad=2,1
r27=1 ^ freq ceros=5 ^ freq unos=1 ^ time entropy=1,freq dos=1 ^ width=2 ^ pasos=1 ^ simetria=2 ^ actividad=1 ^ entropia=1 ^ transitoriedad=2,4
r14=1 ^ r27=1 ^ freq ceros=5 ^ freq unos=1,freq dos=1 ^ width=2 ^ pasos=1 ^ simetria=2 ^ actividad=1 ^ transitoriedad=2,1
r18=0 ^ r27=0 ^ width=5 ^ simetria=2,freq ceros=5 ^ pasos=1 ^ transitoriedad=2 ^ time entropy=4,1
r27=2 ^ freq ceros=5 ^ width=2 ^ time entropy=1,freq unos=1 ^ freq dos=1 ^ pasos=1 ^ simetria=2 ^ actividad=1 ^ entropia=1 ^ transitoriedad=2,6
r27=0 ^ freq ceros=5,freq unos=1 ^ freq dos=1 ^ width=5 ^ pasos=1 ^ simetria=2 ^ transitoriedad=2,4
r1=0 ^ r3=1 ^ r13=0 ^ sensitividad=1,freq ceros=5 ^ freq unos=3 ^ width=2 ^ entropia=2,1
r27=2 ^ freq ceros=5 ^ freq unos=1 ^ freq dos=1,width=2 ^ pasos=1 ^ simetria=2 ^ actividad=1 ^ entropia=1 ^ transitoriedad=2 ^ time entropy=1,6
r18=0 ^ r27=0 ^ width=5,freq ceros=5 ^ pasos=1 ^ simetria=2 ^ transitoriedad=2,6
r10=0 ^ r15=2 ^ r24=2 ^ freq dos=5,freq ceros=1 ^ width=2 ^ simetria=1 ^ entropia=5 ^ time entropy=1,1
r27=0 ^ freq ceros=5 ^ simetria=2,freq unos=1 ^ freq dos=1 ^ width=5 ^ pasos=1 ^ entropia=1 ^ transitoriedad=2,1
r4=2 ^ r18=0 ^ r27=0 ^ width=5,freq ceros=5 ^ pasos=1 ^ simetria=2 ^ transitoriedad=2,1
r5=2 ^ freq unos=1 ^ freq dos=1 ^ width=5,pasos=1 ^ simetria=2,1
r27=2 ^ freq ceros=5 ^ freq dos=1 ^ actividad=1,pasos=1 ^ simetria=2 ^ entropia=1 ^ transitoriedad=2 ^ time entropy=1,1
r27=1 ^ freq ceros=5 ^ width=2 ^ time entropy=1,pasos=1 ^ simetria=2 ^ actividad=1 ^ entropia=1 ^ transitoriedad=2,1
r27=1 ^ freq ceros=5 ^ freq unos=1 ^ actividad=1,width=2 ^ pasos=1 ^ simetria=2 ^ entropia=1 ^ transitoriedad=2 ^ time entropy=1,2
r27=1 ^ freq unos=1 ^ width=2 ^ time entropy=1,freq dos=1 ^ pasos=1 ^ simetria=2 ^ actividad=1 ^ entropia=1 ^ transitoriedad=2,2
r27=2 ^ freq ceros=5 ^ freq unos=1 ^ freq dos=1,pasos=1 ^ transitoriedad=2 ^ time entropy=1,1
r27=1 ^ freq ceros=5 ^ width=2,freq unos=1 ^ freq dos=1 ^ pasos=1 ^ simetria=2 ^ actividad=1 ^ entropia=1 ^ transitoriedad=2,1
r18=0 ^ r27=0 ^ width=5,freq ceros=5 ^ pasos=1,5
r2=2 ^ r18=0 ^ r27=0 ^ width=5,freq ceros=5 ^ pasos=1,1
r14=1 ^ r27=2 ^ freq ceros=5 ^ width=2,freq unos=1 ^ freq dos=1 ^ pasos=1 ^ simetria=2 ^ actividad=1 ^ entropia=1 ^ transitoriedad=2,1
r9=2 ^ r27=2 ^ freq ceros=5 ^ width=2,freq unos=1 ^ freq dos=1 ^ pasos=1 ^ simetria=2 ^ actividad=1 ^ entropia=1 ^ transitoriedad=2 ^ time entropy=1,1
r27=2 ^ freq ceros=5 ^ width=2 ^ transitoriedad=2,freq unos=1 ^ freq dos=1 ^ pasos=1 ^ simetria=2,1
r18=0 ^ r23=0 ^ r27=0 ^ width=5,freq ceros=5 ^ pasos=1 ^ simetria=2 ^ transitoriedad=2,1
r18=0 ^ r27=0 ^ width=5,freq ceros=5 ^ pasos=1 ^ time entropy=3,1
r27=1 ^ freq ceros=5 ^ freq unos=1 ^ time entropy=1,freq dos=1 ^ pasos=1 ^ simetria=2 ^ actividad=1 ^ entropia=1 ^ transitoriedad=2,3
r24=0 ^ r27=2 ^ freq ceros=5 ^ width=2,freq unos=1 ^ pasos=1 ^ simetria=2 ^ transitoriedad=2,1
r11=0 ^ r18=0 ^ r27=0 ^ width=5,freq ceros=5 ^ pasos=1 ^ simetria=2 ^ transitoriedad=2,1
r27=2 ^ freq ceros=5 ^ freq unos=1 ^ freq dos=1,pasos=1 ^ simetria=2 ^ entropia=4 ^ time entropy=1,1
r4=2 ^ r8=1 ^ r13=2 ^ r21=1,freq ceros=1 ^ freq unos=4 ^ freq dos=3 ^ pasos=1 ^ actividad=1 ^ entropia=2 ^ transitoriedad=1,1
r12=0 ^ r27=0 ^ freq ceros=5 ^ time entropy=1,freq unos=1 ^ freq dos=1 ^ width=5 ^ pasos=1 ^ simetria=2 ^ actividad=1 ^ entropia=1 ^ transitoriedad=2,1
r13=2 ^ r26=1 ^ width=3 ^ time entropy=4,freq ceros=1 ^ freq unos=4 ^ freq dos=3 ^ pasos=2 ^ simetria=2 ^ transitoriedad=1 ^ sensitividad=2,1
r24=0 ^ r27=2 ^ freq ceros=5 ^ width=2,freq unos=1 ^ freq dos=1 ^ pasos=1 ^ simetria=2 ^ actividad=1 ^ entropia=1 ^ transitoriedad=2 ^ time entropy=1,2
r18=0 ^ r27=0 ^ width=5 ^ transitoriedad=2,freq ceros=5 ^ freq unos=2 ^ pasos=1 ^ simetria=2,1
r12=1 ^ r27=2 ^ freq ceros=5 ^ width=2,freq unos=1 ^ freq dos=1 ^ pasos=1 ^ simetria=2 ^ actividad=1 ^ entropia=1 ^ transitoriedad=2 ^ time entropy=1,1
r18=0 ^ r27=0 ^ width=5 ^ transitoriedad=2,freq ceros=5 ^ pasos=1 ^ simetria=2 ^ sensitividad=5,1
r27=2 ^ freq ceros=5 ^ width=2,freq unos=1 ^ freq dos=1 ^ pasos=1 ^ simetria=2 ^ actividad=1 ^ entropia=1 ^ transitoriedad=2,3
r24=0 ^ r27=0 ^ freq ceros=5 ^ transitoriedad=2,freq unos=1 ^ freq dos=1 ^ width=5 ^ pasos=1 ^ simetria=2,1
r27=1 ^ freq ceros=5 ^ width=2 ^ time entropy=1,freq unos=1 ^ freq dos=1 ^ pasos=1 ^ actividad=1 ^ entropia=1 ^ transitoriedad=2,1
r27=0 ^ freq unos=1 ^ freq dos=1 ^ width=5,pasos=1 ^ simetria=2 ^ entropia=1 ^ transitoriedad=2,1
r17=0 ^ r27=2 ^ freq ceros=5 ^ width=2,freq dos=1 ^ pasos=1 ^ transitoriedad=2,1
r27=0 ^ freq ceros=5,freq unos=1 ^ freq dos=1 ^ width=5 ^ pasos=1 ^ simetria=2 ^ transitoriedad=2 ^ time entropy=1,1
r27=2 ^ freq ceros=5 ^ freq dos=1 ^ width=2,pasos=1 ^ simetria=2 ^ transitoriedad=2 ^ time entropy=1,1
r27=2 ^ freq ceros=5 ^ width=2 ^ actividad=1,freq dos=1 ^ pasos=1 ^ simetria=2 ^ entropia=1 ^ transitoriedad=2,2
r24=0 ^ r27=2 ^ freq ceros=5 ^ width=2,freq unos=1 ^ freq dos=1 ^ pasos=1 ^ simetria=2 ^ actividad=1 ^ transitoriedad=2,1
r18=0 ^ r27=0 ^ width=5,freq ceros=5 ^ pasos=1 ^ simetria=2 ^ entropia=3 ^ transitoriedad=2,1
r27=0 ^ freq ceros=5 ^ simetria=2,freq unos=1 ^ freq dos=1 ^ width=5 ^ pasos=1 ^ entropia=1 ^ transitoriedad=2 ^ time entropy=1,1
r27=0 ^ freq ceros=5 ^ transitoriedad=2 ^ time entropy=1,freq unos=1 ^ freq dos=1 ^ width=5 ^ pasos=1 ^ simetria=2,1
r27=2 ^ freq ceros=5 ^ width=2 ^ actividad=1,freq unos=1 ^ pasos=1 ^ simetria=2 ^ entropia=1 ^ transitoriedad=2 ^ time entropy=1,2
r27=1 ^ freq ceros=5 ^ width=2 ^ actividad=1,freq dos=1 ^ pasos=1 ^ simetria=2 ^ entropia=1 ^ transitoriedad=2 ^ time entropy=1,1
r5=2 ^ r27=2 ^ freq ceros=5 ^ width=2,freq dos=1 ^ pasos=1 ^ simetria=2 ^ actividad=1 ^ entropia=1 ^ transitoriedad=2,1
r16=0 ^ freq unos=1 ^ freq dos=1 ^ width=5,pasos=1 ^ simetria=2,1
r27=0,freq unos=1 ^ freq dos=1 ^ width=5 ^ pasos=1 ^ simetria=2 ^ entropia=1 ^ transitoriedad=2 ^ time entropy=1,1
r18=0 ^ r27=0 ^ width=5,freq ceros=5 ^ pasos=1 ^ transitoriedad=2,4
r18=0 ^ r27=0 ^ width=5 ^ transitoriedad=2,pasos=1 ^ simetria=2,1
r24=0 ^ r27=0 ^ freq ceros=5,freq unos=1 ^ freq dos=1 ^ width=5 ^ pasos=1 ^ simetria=2 ^ actividad=1 ^ entropia=1 ^ transitoriedad=2,1
r18=0 ^ r27=0 ^ width=5 ^ transitoriedad=2,freq ceros=5 ^ freq dos=1 ^ pasos=1 ^ simetria=2,1
r27=0 ^ freq ceros=5,freq unos=1 ^ freq dos=1 ^ width=5 ^ pasos=1 ^ simetria=2 ^ entropia=1 ^ transitoriedad=2 ^ time entropy=1,1
r27=0 ^ freq ceros=5,freq unos=1 ^ freq dos=1 ^ width=5 ^ pasos=1 ^ simetria=2 ^ entropia=1 ^ transitoriedad=2,1
r27=0,freq ceros=5 ^ freq unos=1 ^ freq dos=1 ^ width=5 ^ pasos=1 ^ simetria=2 ^ actividad=1 ^ entropia=1 ^ transitoriedad=2 ^ time entropy=1,1
r5=0 ^ r22=2 ^ r25=0 ^ r27=2,simetria=1 ^ actividad=1 ^ entropia=5 ^ transitoriedad=1 ^ time entropy=3,1
r25=0 ^ r27=2 ^ freq ceros=5 ^ width=2,freq unos=1 ^ freq dos=1 ^ pasos=1 ^ simetria=2 ^ actividad=1 ^ entropia=1 ^ transitoriedad=2 ^ time entropy=1,1
r27=0 ^ freq ceros=5,freq unos=1 ^ freq dos=1 ^ width=5 ^ pasos=1 ^ simetria=2 ^ actividad=1 ^ entropia=1 ^ transitoriedad=2 ^ time entropy=1,3
r27=2 ^ freq dos=1 ^ width=2 ^ actividad=1,pasos=1 ^ simetria=2 ^ entropia=1 ^ transitoriedad=2 ^ time entropy=1,1
r27=2 ^ freq ceros=5 ^ width=2 ^ actividad=1,freq dos=1 ^ pasos=1 ^ simetria=2 ^ transitoriedad=2 ^ time entropy=1,1
r27=0 ^ transitoriedad=2,freq ceros=5 ^ freq unos=1 ^ freq dos=1 ^ width=5 ^ pasos=1 ^ simetria=2,1
r27=2 ^ freq ceros=5 ^ freq dos=1 ^ width=2,freq unos=1 ^ pasos=1 ^ simetria=2 ^ actividad=1 ^ entropia=1 ^ transitoriedad=2 ^ time entropy=1,1
r15=2 ^ freq unos=1 ^ freq dos=1 ^ width=5,pasos=1 ^ simetria=2 ^ entropia=1 ^ transitoriedad=2 ^ time entropy=1,1
r27=2 ^ freq dos=1 ^ width=2 ^ actividad=1,pasos=1 ^ simetria=2 ^ transitoriedad=2 ^ time entropy=1,1
r16=1 ^ r18=0 ^ r27=0 ^ width=5,freq ceros=5 ^ pasos=1 ^ transitoriedad=2,1
r18=0 ^ r19=2 ^ r27=0 ^ width=5,freq ceros=5 ^ pasos=1 ^ simetria=2 ^ transitoriedad=2,1
r27=1 ^ freq ceros=5 ^ freq unos=1 ^ freq dos=1,width=2 ^ pasos=1 ^ simetria=2 ^ actividad=1 ^ entropia=1 ^ transitoriedad=2,2
r27=2 ^ freq ceros=5 ^ freq unos=1 ^ freq dos=1,width=2 ^ pasos=1 ^ transitoriedad=2 ^ time entropy=1,2
r18=0 ^ r27=0 ^ width=5 ^ transitoriedad=2,freq ceros=5 ^ pasos=1 ^ sensitividad=2,1
r27=2 ^ freq ceros=5 ^ freq unos=1 ^ freq dos=1,width=2 ^ pasos=1 ^ simetria=2 ^ entropia=1 ^ transitoriedad=2 ^ time entropy=1,4
r27=2 ^ freq dos=1 ^ width=2 ^ time entropy=1,pasos=1 ^ simetria=2 ^ transitoriedad=2,1
r27=2 ^ freq ceros=5 ^ freq unos=1 ^ freq dos=1,width=2 ^ pasos=1 ^ simetria=2 ^ transitoriedad=2 ^ time entropy=1,1
r27=2 ^ freq ceros=5 ^ freq unos=1 ^ freq dos=1,width=2 ^ pasos=1 ^ entropia=1 ^ transitoriedad=2 ^ time entropy=1,1
r4=0 ^ r24=0 ^ freq ceros=5 ^ transitoriedad=2,freq unos=1 ^ freq dos=1 ^ width=5 ^ pasos=1 ^ simetria=2,1
r18=0 ^ r27=0 ^ width=5 ^ transitoriedad=2,freq ceros=5 ^ freq unos=5 ^ pasos=1 ^ simetria=2,1
r12=2 ^ r18=0 ^ r27=0 ^ width=5,freq ceros=5 ^ pasos=1,2
r5=2 ^ freq unos=1 ^ freq dos=1 ^ width=5,pasos=1 ^ time entropy=1,1
r27=2 ^ freq ceros=5 ^ freq dos=1 ^ time entropy=1,width=2 ^ pasos=1 ^ simetria=2 ^ actividad=1 ^ entropia=1 ^ transitoriedad=2,1
r26=0 ^ r27=0 ^ freq ceros=5 ^ width=5,pasos=1 ^ simetria=2 ^ transitoriedad=2,1
r18=0 ^ r27=0 ^ width=5 ^ time entropy=4,freq ceros=5 ^ pasos=1,1
r18=0 ^ r22=2 ^ r27=0 ^ width=5,freq ceros=5 ^ pasos=1,1
r27=0 ^ freq unos=1 ^ freq dos=1 ^ width=5,pasos=1 ^ simetria=2,1
r27=2 ^ freq ceros=5 ^ width=2,freq unos=1 ^ pasos=1 ^ simetria=2 ^ actividad=1 ^ entropia=1 ^ transitoriedad=2 ^ time entropy=1,1
r18=0 ^ r27=0 ^ width=5 ^ transitoriedad=2,freq ceros=5 ^ pasos=1 ^ simetria=2 ^ entropia=2,1
r27=2 ^ freq ceros=5 ^ freq unos=1 ^ freq dos=1,width=2 ^ pasos=1 ^ simetria=2 ^ entropia=1 ^ transitoriedad=2,1
r27=1 ^ freq unos=1 ^ freq dos=1 ^ width=5,pasos=1 ^ simetria=2 ^ actividad=1 ^ entropia=1 ^ transitoriedad=2 ^ time entropy=1,1
r27=1 ^ freq ceros=5 ^ freq unos=1 ^ time entropy=1,freq dos=1 ^ width=2 ^ pasos=1 ^ simetria=2 ^ entropia=1 ^ transitoriedad=2,2
r18=0 ^ r27=0 ^ width=5 ^ transitoriedad=2,freq ceros=5 ^ pasos=1 ^ simetria=2 ^ actividad=2,1
r27=0 ^ freq unos=1 ^ freq dos=1 ^ width=5,pasos=1 ^ transitoriedad=2,2
