antecedente,consecuente,contador
r9=0 ^ r18=0 ^ r27=0 ^ width=5,freq ceros=5 ^ pasos=1 ^ simetria=2 ^ transitoriedad=2,1
r18=1 ^ r26=1 ^ r27=0 ^ entropia=3,freq ceros=5 ^ freq dos=4 ^ width=2 ^ pasos=1 ^ simetria=2 ^ transitoriedad=2 ^ sensitividad=5,1
r18=0 ^ r27=0 ^ width=5 ^ transitoriedad=2,freq ceros=5 ^ pasos=1 ^ simetria=2 ^ time entropy=5,1
r10=1 ^ r18=0 ^ r27=0 ^ width=5,freq ceros=5 ^ pasos=1 ^ simetria=2 ^ transitoriedad=2,1
r4=2 ^ r19=2 ^ r27=0 ^ simetria=2,freq ceros=5 ^ freq dos=4 ^ width=2 ^ pasos=1 ^ transitoriedad=2,1
r9=2 ^ r18=1 ^ r26=1 ^ r27=0,freq ceros=5 ^ freq unos=2 ^ freq dos=4 ^ width=2 ^ pasos=1 ^ simetria=2 ^ transitoriedad=2,1
r18=1 ^ r26=1 ^ r27=0 ^ width=4,freq ceros=5 ^ freq dos=5 ^ pasos=1 ^ simetria=2 ^ transitoriedad=2,3
r11=0 ^ r19=2 ^ r27=0 ^ simetria=2,freq ceros=5 ^ freq dos=4 ^ width=2 ^ pasos=1 ^ transitoriedad=2,1
r18=1 ^ r26=1 ^ r27=0 ^ simetria=2,freq ceros=5 ^ freq dos=4 ^ width=2 ^ pasos=1 ^ transitoriedad=2,2
r19=2 ^ r26=1 ^ r27=0 ^ simetria=2,freq ceros=5 ^ freq unos=2 ^ freq dos=4 ^ width=2 ^ pasos=1 ^ transitoriedad=2 ^ time entropy=1,1
r19=2 ^ simetria=2,freq ceros=5 ^ freq unos=2 ^ freq dos=4 ^ width=2 ^ pasos=1 ^ transitoriedad=2,1
r18=0 ^ r27=0 ^ width=5 ^ simetria=2,freq ceros=5 ^ pasos=1 ^ transitoriedad=2 ^ sensitividad=4,1
r19=2 ^ r26=2 ^ r27=0 ^ simetria=2,freq ceros=5 ^ freq unos=2 ^ freq dos=4 ^ width=2 ^ pasos=1 ^ transitoriedad=2,1
r19=2 ^ simetria=2,freq ceros=3 ^ freq unos=2 ^ freq dos=4 ^ width=5 ^ pasos=1 ^ transitoriedad=2 ^ sensitividad=5,1
r19=2 ^ r27=0 ^ simetria=2 ^ actividad=4,freq ceros=5 ^ freq dos=4 ^ width=2 ^ pasos=1 ^ transitoriedad=2 ^ sensitividad=5,1
r19=2,freq ceros=3 ^ freq unos=2 ^ freq dos=4 ^ width=5 ^ pasos=1 ^ simetria=2 ^ transitoriedad=2,2
r13=1 ^ r18=0 ^ r27=0 ^ width=5,freq ceros=5 ^ pasos=1 ^ simetria=2 ^ transitoriedad=2,1
r18=1 ^ sensitividad=5,freq ceros=3 ^ freq unos=2 ^ freq dos=4 ^ width=5 ^ pasos=1 ^ simetria=2 ^ transitoriedad=2,1
r18=1 ^ simetria=2,freq ceros=3 ^ freq unos=2 ^ freq dos=4 ^ width=5 ^ pasos=1 ^ transitoriedad=2,1
r18=0 ^ r27=0 ^ width=5 ^ transitoriedad=2,freq ceros=5 ^ pasos=1 ^ simetria=2 ^ actividad=1,1
r9=2 ^ r18=2 ^ r27=0 ^ simetria=2,freq ceros=5 ^ freq dos=4 ^ width=2 ^ pasos=1 ^ transitoriedad=2,1
r15=0 ^ r18=0 ^ r27=0 ^ width=5,freq ceros=5 ^ pasos=1,1
r18=1 ^ r19=2 ^ simetria=2,freq ceros=3 ^ freq unos=2 ^ freq dos=4 ^ width=5 ^ pasos=1 ^ transitoriedad=2,1
r19=2 ^ r26=1 ^ r27=0 ^ simetria=2,freq ceros=5 ^ freq unos=2 ^ freq dos=4 ^ width=2 ^ pasos=1 ^ transitoriedad=2,2
r19=2 ^ r21=0 ^ simetria=2 ^ sensitividad=5,freq ceros=3 ^ freq unos=2 ^ freq dos=4 ^ width=5 ^ pasos=1 ^ transitoriedad=2,1
r17=0 ^ r18=1,freq ceros=3 ^ freq unos=2 ^ freq dos=4 ^ width=5 ^ pasos=1 ^ simetria=2 ^ transitoriedad=2,1
r9=2 ^ r19=2 ^ r27=0 ^ simetria=2,freq ceros=5 ^ freq dos=4 ^ width=2 ^ pasos=1 ^ transitoriedad=2,1
r18=0 ^ r26=1 ^ r27=0 ^ width=5,freq ceros=5 ^ pasos=1 ^ simetria=2 ^ transitoriedad=2 ^ sensitividad=1,1
r26=0 ^ simetria=2,freq ceros=5 ^ freq dos=4 ^ width=2 ^ pasos=1 ^ transitoriedad=2,1
r18=1 ^ r26=1 ^ r27=0 ^ width=4,freq ceros=5 ^ freq dos=5 ^ pasos=1 ^ simetria=2 ^ transitoriedad=2 ^ sensitividad=5,1
r9=2 ^ r18=2 ^ simetria=2,freq ceros=3 ^ freq unos=2 ^ freq dos=4 ^ width=5 ^ pasos=1 ^ entropia=3 ^ transitoriedad=2,1
r9=1 ^ r18=0 ^ r27=0 ^ width=5,freq ceros=5 ^ pasos=1 ^ transitoriedad=2,1
r12=2 ^ r26=1 ^ r27=0,freq ceros=5 ^ freq dos=4 ^ width=2 ^ pasos=1 ^ simetria=2 ^ transitoriedad=2,1
r18=1 ^ r26=1 ^ r27=0 ^ width=4,freq ceros=3 ^ freq dos=5 ^ pasos=1 ^ simetria=2 ^ transitoriedad=2,1
r18=1,freq ceros=3 ^ freq unos=2 ^ freq dos=4 ^ width=5 ^ pasos=1 ^ simetria=2 ^ transitoriedad=2 ^ sensitividad=5,1
r1=0 ^ r19=0 ^ r27=2 ^ entropia=3,freq ceros=4 ^ freq dos=5 ^ width=2 ^ pasos=1 ^ simetria=2 ^ transitoriedad=2 ^ sensitividad=5,1
r3=0 ^ r18=0 ^ r27=0 ^ width=5,freq ceros=5 ^ pasos=1 ^ simetria=2 ^ transitoriedad=2,1
r27=2 ^ simetria=2,freq ceros=5 ^ freq unos=2 ^ freq dos=4 ^ width=2 ^ pasos=1 ^ transitoriedad=2 ^ sensitividad=5,1
r18=0 ^ r27=0 ^ width=5,pasos=1 ^ transitoriedad=2,1
r1=0 ^ r24=0 ^ freq unos=3 ^ simetria=2,freq ceros=4 ^ freq dos=5 ^ width=2 ^ pasos=1 ^ transitoriedad=2,1
r11=0 ^ r18=1 ^ r27=0 ^ simetria=2,freq ceros=5 ^ freq unos=2 ^ freq dos=4 ^ width=2 ^ pasos=1 ^ transitoriedad=2 ^ sensitividad=5,1
r1=0 ^ r27=2 ^ simetria=2 ^ entropia=3,freq ceros=4 ^ freq dos=5 ^ width=2 ^ pasos=1 ^ transitoriedad=2 ^ sensitividad=5,1
r19=2,freq ceros=3 ^ freq unos=2 ^ freq dos=4 ^ width=5 ^ pasos=1 ^ simetria=2 ^ transitoriedad=2 ^ sensitividad=5,1
r27=2 ^ transitoriedad=2,freq ceros=5 ^ freq unos=2 ^ freq dos=4 ^ width=2 ^ pasos=1 ^ simetria=2,1
r5=0 ^ r17=0 ^ r19=1,freq ceros=3 ^ freq unos=2 ^ freq dos=4 ^ width=5 ^ pasos=1 ^ simetria=2 ^ transitoriedad=2,1
r18=2 ^ r19=0 ^ r27=0 ^ simetria=2,freq ceros=5 ^ freq unos=2 ^ freq dos=4 ^ width=2 ^ pasos=1 ^ transitoriedad=2,1
r18=0 ^ r27=0 ^ width=5 ^ transitoriedad=2,freq ceros=5 ^ pasos=1 ^ simetria=2 ^ sensitividad=1,1
r18=0 ^ r27=0 ^ width=5,pasos=1 ^ simetria=2 ^ transitoriedad=2 ^ sensitividad=5,1
r24=0 ^ simetria=2,freq ceros=3 ^ freq unos=2 ^ freq dos=4 ^ width=4 ^ pasos=1 ^ transitoriedad=2,1
r1=0 ^ r18=2 ^ r27=2 ^ width=5,freq ceros=4 ^ freq dos=5 ^ pasos=1 ^ simetria=2 ^ transitoriedad=2 ^ sensitividad=5,1
r1=0,freq ceros=3 ^ freq unos=2 ^ freq dos=4 ^ width=4 ^ pasos=1 ^ simetria=2 ^ transitoriedad=2 ^ sensitividad=5,1
r24=0 ^ simetria=2,freq ceros=4 ^ freq dos=5 ^ width=2 ^ pasos=1 ^ transitoriedad=2,1
r19=2 ^ r27=0 ^ transitoriedad=2,freq ceros=5 ^ freq unos=2 ^ freq dos=4 ^ width=2 ^ pasos=1 ^ simetria=2,1
r24=0 ^ simetria=2,freq ceros=5 ^ freq unos=2 ^ freq dos=4 ^ width=2 ^ pasos=1 ^ transitoriedad=2,1
r18=1 ^ r26=2 ^ r27=0 ^ sensitividad=5,freq ceros=3 ^ freq unos=2 ^ freq dos=4 ^ width=5 ^ pasos=1 ^ simetria=2 ^ transitoriedad=2,1
r1=2 ^ r3=1 ^ r24=0,freq ceros=3 ^ freq unos=2 ^ freq dos=4 ^ width=4 ^ pasos=1 ^ simetria=2 ^ transitoriedad=2 ^ sensitividad=5 ^ time entropy=3,1
r18=0 ^ r26=1 ^ r27=0 ^ width=5,freq ceros=5 ^ pasos=1 ^ simetria=2 ^ transitoriedad=2,5
r18=0 ^ r21=1 ^ r27=0 ^ width=5,freq ceros=5 ^ pasos=1 ^ transitoriedad=2,1
r10=0 ^ r18=0 ^ r27=0 ^ width=5,freq ceros=5 ^ pasos=1 ^ simetria=2 ^ transitoriedad=2,1
r18=2 ^ r26=1 ^ r27=0 ^ simetria=2,freq ceros=5 ^ freq dos=4 ^ width=2 ^ pasos=1 ^ transitoriedad=2,3
r1=0 ^ r15=1 ^ r24=0,freq ceros=3 ^ freq unos=2 ^ freq dos=4 ^ width=4 ^ pasos=1 ^ simetria=2 ^ transitoriedad=2 ^ sensitividad=5,1
r18=2 ^ r27=2 ^ width=5 ^ entropia=3,freq ceros=4 ^ freq dos=5 ^ pasos=1 ^ simetria=2 ^ transitoriedad=2 ^ sensitividad=5,1
r1=2 ^ r18=0 ^ r27=0 ^ width=5,freq dos=5 ^ pasos=1 ^ actividad=1 ^ transitoriedad=2,1
r19=2 ^ r27=0 ^ simetria=2 ^ sensitividad=5,freq ceros=5 ^ freq dos=4 ^ width=2 ^ pasos=1 ^ transitoriedad=2,1
r27=0 ^ simetria=2 ^ transitoriedad=2,freq ceros=5 ^ freq dos=4 ^ width=2 ^ pasos=1,1
r18=0 ^ r26=1 ^ r27=0 ^ width=5,freq ceros=5 ^ pasos=1 ^ simetria=2 ^ entropia=5,1
r18=0 ^ r26=1 ^ r27=0 ^ width=5,freq ceros=5 ^ pasos=1 ^ transitoriedad=2,2
r18=2 ^ r24=0 ^ r27=0 ^ simetria=2,freq ceros=5 ^ freq dos=4 ^ width=2 ^ pasos=1 ^ transitoriedad=2,1
r16=0 ^ transitoriedad=2,freq ceros=3 ^ freq unos=2 ^ freq dos=4 ^ width=5 ^ pasos=1 ^ simetria=2,1
r24=0,freq ceros=3 ^ freq unos=2 ^ freq dos=4 ^ width=4 ^ pasos=1 ^ simetria=2 ^ transitoriedad=2 ^ sensitividad=5,1
r7=2 ^ r18=1 ^ r27=1 ^ width=5,freq ceros=5 ^ pasos=1 ^ simetria=2 ^ transitoriedad=2,1
r27=0 ^ width=4 ^ simetria=1 ^ entropia=3,pasos=1 ^ transitoriedad=2,1
r1=0 ^ r27=2 ^ entropia=3,freq ceros=4 ^ freq dos=5 ^ width=2 ^ pasos=1 ^ simetria=2 ^ transitoriedad=2 ^ sensitividad=5,1
r8=0 ^ r18=0 ^ r27=0 ^ width=5,freq ceros=5 ^ pasos=1 ^ transitoriedad=2,1
r27=2,freq ceros=4 ^ freq dos=5 ^ width=2 ^ pasos=1 ^ simetria=2 ^ transitoriedad=2 ^ sensitividad=3,3
r1=0 ^ r14=2 ^ r27=2 ^ entropia=3,freq ceros=4 ^ freq unos=2 ^ freq dos=5 ^ width=2 ^ pasos=1 ^ simetria=2 ^ transitoriedad=2,1
r15=1 ^ r19=0,freq ceros=4 ^ freq unos=2 ^ freq dos=5 ^ width=2 ^ pasos=1 ^ simetria=2 ^ entropia=2 ^ transitoriedad=2,1
r18=1 ^ r26=1 ^ r27=0 ^ sensitividad=5,freq ceros=5 ^ freq dos=4 ^ width=2 ^ pasos=1 ^ simetria=2 ^ transitoriedad=2,1
r9=2 ^ r19=2,freq ceros=3 ^ freq unos=2 ^ freq dos=4 ^ width=5 ^ pasos=1 ^ simetria=2 ^ transitoriedad=2,1
r13=2 ^ r27=2 ^ freq unos=3 ^ sensitividad=5,freq ceros=4 ^ freq dos=5 ^ width=2 ^ pasos=1 ^ simetria=2 ^ transitoriedad=2,1
r1=0 ^ r27=1 ^ entropia=3,freq ceros=4 ^ freq dos=5 ^ width=2 ^ pasos=1 ^ simetria=2 ^ transitoriedad=2 ^ sensitividad=5,1
r26=1 ^ r27=0,freq ceros=5 ^ freq unos=2 ^ freq dos=4 ^ width=2 ^ pasos=1 ^ simetria=2 ^ transitoriedad=2,1
r1=0,freq ceros=4 ^ freq dos=5 ^ width=2 ^ pasos=1 ^ simetria=2 ^ entropia=2 ^ transitoriedad=2,1
r27=2 ^ simetria=2 ^ transitoriedad=2,freq ceros=4 ^ freq dos=5 ^ width=2 ^ pasos=1,6
r6=2 ^ width=4 ^ simetria=1 ^ entropia=3,freq dos=5 ^ pasos=1 ^ transitoriedad=2,1
r19=2 ^ r27=0 ^ freq ceros=3 ^ width=4,freq dos=5 ^ pasos=1 ^ simetria=2 ^ transitoriedad=2,1
r1=0 ^ r12=1 ^ r27=2 ^ sensitividad=5,freq ceros=4 ^ freq dos=5 ^ width=2 ^ pasos=1 ^ simetria=2 ^ transitoriedad=2,1
r18=1,freq ceros=3 ^ freq unos=2 ^ freq dos=4 ^ width=5 ^ pasos=1 ^ simetria=2 ^ transitoriedad=2,1
r1=0 ^ r26=2 ^ r27=2 ^ width=5,freq ceros=4 ^ freq dos=5 ^ pasos=1 ^ simetria=2 ^ transitoriedad=2,1
r10=0 ^ r26=1 ^ r27=0 ^ simetria=2,freq ceros=5 ^ freq dos=4 ^ width=2 ^ pasos=1 ^ transitoriedad=2,1
r27=2,freq ceros=4 ^ freq dos=5 ^ width=2 ^ pasos=1 ^ simetria=2 ^ actividad=5 ^ transitoriedad=2,1
r22=0 ^ simetria=2,freq ceros=5 ^ freq unos=2 ^ freq dos=4 ^ width=2 ^ pasos=1 ^ transitoriedad=2,1
r26=1 ^ r27=0 ^ simetria=2 ^ sensitividad=5,freq ceros=5 ^ freq unos=2 ^ freq dos=4 ^ width=2 ^ pasos=1 ^ transitoriedad=2,2
r18=1 ^ r24=0 ^ r27=0 ^ simetria=2,freq ceros=5 ^ freq unos=2 ^ freq dos=4 ^ width=2 ^ pasos=1 ^ transitoriedad=2,1
r1=0 ^ r14=2 ^ r27=2,freq ceros=4 ^ freq unos=2 ^ freq dos=5 ^ width=2 ^ pasos=1 ^ simetria=2 ^ entropia=2 ^ transitoriedad=2 ^ sensitividad=5,1
r27=0,freq ceros=4 ^ freq dos=5 ^ width=2 ^ pasos=1 ^ simetria=2 ^ transitoriedad=2,2
r18=1 ^ r26=1 ^ r27=0 ^ simetria=2,freq ceros=5 ^ freq unos=2 ^ freq dos=4 ^ width=2 ^ pasos=1 ^ transitoriedad=2 ^ time entropy=3,1
r27=2 ^ freq unos=3 ^ simetria=2 ^ sensitividad=5,freq ceros=4 ^ freq dos=5 ^ width=2 ^ pasos=1 ^ transitoriedad=2,1
r8=0 ^ width=4 ^ simetria=1 ^ entropia=3,freq dos=5 ^ pasos=1 ^ transitoriedad=2,3
r18=1 ^ r26=1 ^ r27=0 ^ width=2,freq ceros=3 ^ pasos=1 ^ transitoriedad=2,1
r27=0,freq ceros=4 ^ freq dos=5 ^ width=2 ^ pasos=1 ^ simetria=2 ^ entropia=2 ^ transitoriedad=2,1
r18=0 ^ r26=1 ^ r27=0 ^ width=5,freq ceros=5 ^ pasos=1 ^ simetria=2,2
r18=0 ^ r26=0 ^ r27=0 ^ width=5,freq ceros=5 ^ pasos=1 ^ simetria=2 ^ transitoriedad=2,1
r27=2 ^ simetria=2,freq ceros=4 ^ freq dos=5 ^ width=2 ^ pasos=1 ^ transitoriedad=2 ^ sensitividad=5,1
r27=0 ^ freq ceros=3 ^ width=4 ^ transitoriedad=2,freq dos=5 ^ pasos=1 ^ simetria=2,2
r3=0 ^ r5=1 ^ r14=2 ^ r15=1,freq dos=2 ^ actividad=4 ^ transitoriedad=1 ^ time entropy=4,1
r2=1 ^ r3=1 ^ r16=1 ^ r21=0,width=4 ^ pasos=1 ^ simetria=1 ^ transitoriedad=1 ^ sensitividad=5,1
r1=0 ^ r18=2 ^ r27=2 ^ width=5,freq ceros=4 ^ freq dos=5 ^ pasos=1 ^ simetria=2 ^ transitoriedad=2,1
r8=0 ^ width=4 ^ simetria=1 ^ entropia=3,freq unos=4 ^ freq dos=5 ^ pasos=1 ^ transitoriedad=2,1
r6=1 ^ r27=2 ^ actividad=4 ^ sensitividad=5,freq ceros=4 ^ freq dos=5 ^ width=2 ^ pasos=1 ^ simetria=2 ^ transitoriedad=2,1
r18=1 ^ r26=1 ^ r27=0 ^ width=4,freq ceros=5 ^ pasos=1 ^ simetria=2 ^ entropia=4 ^ transitoriedad=2,1
r23=0 ^ r24=0 ^ r27=0 ^ simetria=2,freq ceros=5 ^ freq unos=2 ^ freq dos=4 ^ width=2 ^ pasos=1 ^ transitoriedad=2,1
r27=0 ^ freq ceros=3 ^ width=4 ^ transitoriedad=2,freq dos=5 ^ pasos=1,1
r15=0 ^ r18=2 ^ r27=2 ^ actividad=4,freq dos=1 ^ width=4 ^ pasos=1 ^ simetria=2 ^ sensitividad=1 ^ time entropy=3,1
r8=0 ^ r15=0 ^ r27=1 ^ actividad=2,freq dos=1 ^ width=3 ^ pasos=2,1
r5=1 ^ r18=0 ^ r27=0 ^ width=5,freq ceros=5 ^ pasos=1 ^ transitoriedad=2,1
r2=1 ^ r19=1 ^ r27=2,freq ceros=4 ^ freq dos=5 ^ width=2 ^ pasos=1 ^ simetria=2 ^ entropia=2 ^ transitoriedad=2,1
r9=2 ^ r18=0 ^ r27=0 ^ width=5,pasos=1 ^ simetria=2 ^ transitoriedad=2,3
r18=2 ^ r27=0 ^ simetria=2 ^ entropia=3,freq ceros=5 ^ freq unos=2 ^ freq dos=4 ^ width=2 ^ pasos=1 ^ actividad=4 ^ transitoriedad=2 ^ sensitividad=5,1
r15=2 ^ r23=2 ^ r24=1 ^ r26=1,freq ceros=4 ^ freq unos=5 ^ width=2 ^ pasos=2 ^ actividad=3 ^ transitoriedad=1,1
r1=0 ^ r27=2 ^ entropia=3,freq ceros=4 ^ freq dos=5 ^ width=2 ^ pasos=1 ^ simetria=2 ^ transitoriedad=2,1
r18=0 ^ r27=0 ^ width=5 ^ entropia=5,pasos=1 ^ simetria=2 ^ transitoriedad=2,3
r27=2,freq ceros=4 ^ freq dos=5 ^ width=2 ^ pasos=1 ^ simetria=2 ^ transitoriedad=2,5
r27=0 ^ freq ceros=3 ^ width=4,freq dos=5 ^ pasos=1 ^ simetria=2 ^ transitoriedad=2,1
r2=1 ^ r8=2,freq ceros=3 ^ freq dos=5 ^ width=4 ^ pasos=1 ^ simetria=1 ^ transitoriedad=1 ^ sensitividad=5,1
r19=2 ^ r27=1 ^ simetria=2,freq ceros=5 ^ freq unos=2 ^ freq dos=4 ^ width=2 ^ pasos=1 ^ transitoriedad=2,2
r18=0 ^ r27=0 ^ width=5,freq ceros=5 ^ pasos=1 ^ simetria=2 ^ transitoriedad=2,19
r1=0 ^ r18=2 ^ r27=2 ^ width=5,freq ceros=3 ^ freq dos=5 ^ pasos=1 ^ simetria=2 ^ transitoriedad=2,1
r27=0 ^ simetria=2,freq ceros=5 ^ freq unos=2 ^ freq dos=4 ^ width=2 ^ pasos=1 ^ transitoriedad=2,6
r1=0 ^ r24=0,freq ceros=3 ^ freq unos=2 ^ freq dos=4 ^ width=4 ^ pasos=1 ^ simetria=2 ^ transitoriedad=2 ^ sensitividad=5,1
r27=2 ^ entropia=3,freq ceros=4 ^ freq dos=5 ^ width=2 ^ pasos=1 ^ simetria=2 ^ transitoriedad=2 ^ sensitividad=3,1
r27=2 ^ simetria=2,freq ceros=5 ^ freq dos=4 ^ width=2 ^ pasos=1 ^ transitoriedad=2,2
r18=0 ^ r27=0 ^ width=5 ^ sensitividad=4,freq ceros=5 ^ pasos=1 ^ simetria=2 ^ transitoriedad=2,1
r27=2,freq ceros=4 ^ freq dos=5 ^ width=2 ^ pasos=1 ^ simetria=2 ^ entropia=2 ^ transitoriedad=2,3
r18=2 ^ r27=2 ^ width=5 ^ entropia=3,freq ceros=3 ^ freq dos=5 ^ pasos=1 ^ simetria=2 ^ transitoriedad=2 ^ sensitividad=4,1
r27=0 ^ simetria=2 ^ transitoriedad=2,freq ceros=5 ^ freq unos=2 ^ freq dos=4 ^ width=2 ^ pasos=1,3
r19=2 ^ r24=0 ^ r27=0 ^ simetria=2,freq ceros=5 ^ freq unos=2 ^ freq dos=4 ^ width=2 ^ pasos=1 ^ transitoriedad=2,1
r1=0 ^ r19=1 ^ r27=2 ^ simetria=2,freq ceros=4 ^ freq dos=5 ^ width=2 ^ pasos=1 ^ actividad=1 ^ entropia=2 ^ transitoriedad=2,1
r27=1 ^ simetria=2,freq ceros=5 ^ freq unos=2 ^ freq dos=4 ^ width=2 ^ pasos=1 ^ transitoriedad=2,1
r1=1 ^ r27=2 ^ simetria=2 ^ transitoriedad=2,freq ceros=4 ^ freq dos=5 ^ width=2 ^ pasos=1,2
r1=0 ^ r27=2 ^ sensitividad=5,freq ceros=4 ^ freq dos=5 ^ width=2 ^ pasos=1 ^ simetria=2 ^ transitoriedad=2,2
r1=2 ^ r18=2 ^ r27=2 ^ width=5,freq ceros=3 ^ freq dos=5 ^ pasos=1 ^ simetria=2 ^ transitoriedad=2,1
r18=0 ^ r27=0 ^ width=5 ^ transitoriedad=2,freq ceros=5 ^ pasos=1 ^ time entropy=3,1
r1=0 ^ r27=2 ^ simetria=2 ^ actividad=4,freq ceros=4 ^ freq dos=5 ^ width=2 ^ pasos=1 ^ transitoriedad=2,1
r9=2 ^ r18=2 ^ r19=2 ^ r27=0,freq ceros=5 ^ freq dos=4 ^ width=2 ^ pasos=1 ^ transitoriedad=2,1
r26=1 ^ r27=1 ^ width=5 ^ simetria=2,pasos=1 ^ transitoriedad=2,1
r1=2 ^ r27=2 ^ freq ceros=5 ^ width=4,freq dos=5 ^ pasos=1 ^ simetria=2 ^ transitoriedad=2,7
r18=0 ^ r26=1 ^ r27=0 ^ width=5,freq ceros=5 ^ pasos=1 ^ simetria=2 ^ entropia=1 ^ transitoriedad=2,1
r1=0 ^ r14=2 ^ r27=2 ^ sensitividad=5,freq ceros=4 ^ freq dos=5 ^ width=2 ^ pasos=1 ^ simetria=2 ^ transitoriedad=2,1
r24=0 ^ r27=0 ^ simetria=2 ^ transitoriedad=2,freq ceros=5 ^ freq dos=4 ^ width=2 ^ pasos=1,1
r1=0 ^ r27=2 ^ freq ceros=2 ^ width=5,freq dos=5 ^ pasos=1 ^ simetria=2 ^ transitoriedad=2,1
r1=0 ^ r19=1 ^ r27=2 ^ sensitividad=5,freq ceros=4 ^ freq dos=5 ^ width=2 ^ pasos=1 ^ simetria=2 ^ entropia=2 ^ transitoriedad=2,1
r18=0 ^ width=4 ^ simetria=1 ^ entropia=3,freq dos=5 ^ pasos=1 ^ actividad=2 ^ transitoriedad=2,1
r19=2 ^ r26=1 ^ r27=0 ^ actividad=4,freq ceros=5 ^ freq unos=2 ^ freq dos=4 ^ width=2 ^ pasos=1 ^ transitoriedad=2 ^ sensitividad=5,1
r24=2 ^ r27=0 ^ freq ceros=3 ^ width=4,freq dos=5 ^ pasos=1 ^ simetria=2 ^ transitoriedad=2,1
r18=0 ^ r27=0 ^ width=5,freq ceros=5 ^ freq unos=4 ^ pasos=1,1
r19=0 ^ r26=1 ^ r27=0 ^ simetria=2,freq ceros=5 ^ freq dos=4 ^ width=2 ^ pasos=1 ^ transitoriedad=2,1
r18=0 ^ r22=2 ^ r27=0 ^ width=5,freq ceros=5 ^ pasos=1 ^ transitoriedad=2,1
r24=0 ^ simetria=2,freq ceros=3 ^ freq unos=2 ^ freq dos=4 ^ width=4 ^ pasos=1 ^ transitoriedad=2 ^ time entropy=3,1
r18=0 ^ r22=1 ^ r27=0 ^ width=5,freq ceros=5 ^ pasos=1 ^ simetria=2 ^ transitoriedad=2,1
r8=2 ^ r18=1 ^ entropia=3,freq ceros=3 ^ freq unos=2 ^ freq dos=4 ^ width=5 ^ pasos=1 ^ simetria=2 ^ transitoriedad=2 ^ sensitividad=5,1
r19=2 ^ actividad=4,freq ceros=3 ^ freq unos=2 ^ freq dos=4 ^ width=5 ^ pasos=1 ^ simetria=2 ^ transitoriedad=2 ^ sensitividad=5,1
r1=0 ^ r27=2,freq ceros=4 ^ freq dos=5 ^ width=2 ^ pasos=1 ^ simetria=2 ^ transitoriedad=2,1
r1=2 ^ r27=0 ^ freq ceros=3 ^ width=4,freq dos=5 ^ pasos=1 ^ simetria=2 ^ transitoriedad=2,3
r1=0 ^ r18=2 ^ r27=2 ^ width=5,freq ceros=3 ^ freq dos=4 ^ pasos=1 ^ simetria=2 ^ transitoriedad=2,1
r1=0 ^ r18=0 ^ r27=0 ^ width=5,freq ceros=4 ^ freq dos=5 ^ pasos=1 ^ simetria=2 ^ transitoriedad=2,2
r18=0 ^ r27=0 ^ width=5 ^ transitoriedad=2,freq ceros=5 ^ freq dos=5 ^ pasos=1,1
r2=0 ^ r18=0 ^ r27=0 ^ width=5,pasos=1 ^ simetria=2 ^ transitoriedad=2,1
r3=1 ^ r14=2 ^ r15=1 ^ freq unos=3,actividad=4 ^ transitoriedad=1 ^ time entropy=4,1
r1=2 ^ r18=0 ^ r27=0 ^ width=5,freq ceros=5 ^ pasos=1 ^ transitoriedad=2,1
r1=2 ^ r27=2 ^ entropia=3,freq ceros=4 ^ freq dos=5 ^ width=2 ^ pasos=1 ^ simetria=2 ^ transitoriedad=2,1
r24=0,freq ceros=5 ^ freq unos=2 ^ freq dos=5 ^ width=2 ^ pasos=1 ^ simetria=2 ^ transitoriedad=2,1
r1=2 ^ r18=0 ^ r27=0 ^ width=5,pasos=1 ^ simetria=2 ^ transitoriedad=2,1
r1=0 ^ r23=2 ^ r27=2 ^ entropia=3,freq ceros=4 ^ freq dos=5 ^ width=2 ^ pasos=1 ^ simetria=2 ^ transitoriedad=2 ^ sensitividad=5,1
r24=0 ^ r27=2 ^ simetria=2,freq ceros=4 ^ freq dos=5 ^ width=2 ^ pasos=1 ^ transitoriedad=2,1
r27=0 ^ simetria=2,freq ceros=5 ^ freq dos=4 ^ width=2 ^ pasos=1 ^ transitoriedad=2,6
r19=2 ^ r20=2 ^ r26=1 ^ r27=0,freq ceros=5 ^ freq dos=4 ^ width=2 ^ pasos=1 ^ simetria=2 ^ transitoriedad=2,1
r18=0 ^ r27=0 ^ width=5 ^ transitoriedad=2,freq ceros=5 ^ freq unos=4 ^ pasos=1,1
r1=0 ^ r27=2 ^ simetria=2 ^ actividad=4,freq ceros=4 ^ freq dos=5 ^ width=2 ^ pasos=1 ^ transitoriedad=2 ^ sensitividad=5,1
r18=1 ^ r26=1 ^ r27=0 ^ width=4,freq ceros=5 ^ pasos=1 ^ simetria=2 ^ transitoriedad=2,3
r27=0 ^ freq ceros=3 ^ width=5,pasos=1 ^ simetria=2 ^ transitoriedad=2,1
r18=0 ^ r27=0 ^ width=5 ^ simetria=2,freq ceros=5 ^ pasos=1 ^ transitoriedad=2,31
r27=2 ^ simetria=2,freq ceros=4 ^ freq dos=5 ^ width=2 ^ pasos=1 ^ transitoriedad=2,6
r27=2,freq ceros=3 ^ freq unos=2 ^ freq dos=4 ^ width=4 ^ pasos=1 ^ simetria=2 ^ transitoriedad=2 ^ sensitividad=3 ^ time entropy=4,1
r1=0 ^ r18=2 ^ r27=2 ^ width=5,freq ceros=3 ^ freq dos=5 ^ pasos=1 ^ simetria=2 ^ entropia=1 ^ transitoriedad=2,1
r18=0 ^ r27=0 ^ width=5 ^ sensitividad=5,freq ceros=5 ^ pasos=1 ^ simetria=2 ^ transitoriedad=2,3
r18=0 ^ r27=0 ^ width=5 ^ sensitividad=5,freq ceros=5 ^ pasos=1 ^ transitoriedad=2,1
r15=2 ^ r18=0 ^ r27=0 ^ width=5,freq ceros=5 ^ pasos=1 ^ simetria=2 ^ transitoriedad=2,1
r27=2 ^ transitoriedad=2,freq ceros=3 ^ freq unos=2 ^ freq dos=4 ^ width=4 ^ pasos=1 ^ simetria=2,1
r18=0 ^ r27=0 ^ width=5 ^ entropia=3,freq ceros=5 ^ pasos=1 ^ simetria=2 ^ transitoriedad=2,1
r18=0 ^ r27=0 ^ width=5 ^ entropia=5,freq ceros=5 ^ pasos=1 ^ simetria=2 ^ transitoriedad=2,1
r1=0 ^ r8=2 ^ r11=2 ^ r17=2,freq dos=1 ^ simetria=1 ^ entropia=4 ^ transitoriedad=2 ^ time entropy=2,1
r18=0 ^ r27=0 ^ width=5 ^ transitoriedad=2,freq ceros=5 ^ pasos=1,25
r1=2 ^ r27=2 ^ freq ceros=5 ^ simetria=2,freq dos=5 ^ pasos=1 ^ transitoriedad=2,1
r24=1 ^ r27=0 ^ simetria=2,freq ceros=5 ^ freq unos=2 ^ freq dos=4 ^ width=2 ^ pasos=1 ^ transitoriedad=2,1
r18=0 ^ r27=0 ^ width=5 ^ entropia=5,freq ceros=5 ^ freq unos=1 ^ pasos=1 ^ simetria=2 ^ transitoriedad=2,1
r18=0 ^ r27=0 ^ width=5 ^ simetria=2,freq ceros=5 ^ pasos=1 ^ transitoriedad=2 ^ time entropy=4,2
r19=2 ^ transitoriedad=2,freq ceros=3 ^ freq unos=2 ^ freq dos=4 ^ width=5 ^ pasos=1 ^ simetria=2,1
r27=0 ^ freq ceros=3 ^ width=5 ^ sensitividad=5,freq dos=5 ^ pasos=1 ^ simetria=2 ^ transitoriedad=2,2
r18=0 ^ r27=0 ^ width=5 ^ entropia=3,freq ceros=4 ^ freq dos=5 ^ pasos=1 ^ simetria=2 ^ transitoriedad=2,1
r27=0 ^ transitoriedad=2,freq ceros=5 ^ freq unos=2 ^ freq dos=4 ^ width=2 ^ pasos=1 ^ simetria=2,1
r27=0 ^ simetria=2 ^ sensitividad=5,freq ceros=5 ^ freq unos=2 ^ freq dos=4 ^ width=2 ^ pasos=1 ^ transitoriedad=2,1
r18=1 ^ simetria=2 ^ sensitividad=5,freq ceros=5 ^ freq dos=4 ^ width=2 ^ pasos=1 ^ transitoriedad=2,1
r18=0 ^ r27=0 ^ width=5 ^ simetria=2,pasos=1 ^ transitoriedad=2,6
r1=2 ^ r18=0 ^ r27=0 ^ width=5,freq ceros=5 ^ pasos=1 ^ simetria=2 ^ transitoriedad=2,2
r18=1 ^ r27=1 ^ width=5 ^ transitoriedad=2,pasos=1 ^ simetria=2,1
r1=2 ^ r27=2 ^ freq ceros=5 ^ entropia=3,freq dos=5 ^ pasos=1 ^ simetria=2 ^ transitoriedad=2,1
r1=0 ^ r27=2 ^ simetria=2 ^ sensitividad=5,freq ceros=4 ^ freq dos=5 ^ width=2 ^ pasos=1 ^ transitoriedad=2,4
r18=1 ^ r26=2 ^ r27=2 ^ width=5,freq ceros=4 ^ freq dos=5 ^ pasos=1 ^ simetria=2 ^ transitoriedad=2,1
r1=2 ^ r27=2 ^ freq ceros=5 ^ width=5,freq dos=5 ^ pasos=1 ^ simetria=2 ^ transitoriedad=2,1
r18=0 ^ r27=0 ^ width=5,freq ceros=5 ^ pasos=1,7
r19=2 ^ r27=2 ^ simetria=2,freq ceros=5 ^ freq dos=4 ^ width=2 ^ pasos=1 ^ transitoriedad=2,1
r1=0 ^ r23=1 ^ r27=2 ^ entropia=3,freq ceros=4 ^ freq dos=5 ^ width=2 ^ pasos=1 ^ simetria=2 ^ transitoriedad=2,1
r7=2 ^ r24=0 ^ r27=2 ^ simetria=2,freq ceros=5 ^ freq dos=4 ^ width=2 ^ pasos=1 ^ transitoriedad=2,1
r5=0 ^ r18=0 ^ r27=0 ^ width=5,freq ceros=5 ^ pasos=1 ^ transitoriedad=2,1
r18=2 ^ r27=2 ^ width=5 ^ entropia=3,freq ceros=3 ^ freq dos=5 ^ pasos=1 ^ simetria=2 ^ transitoriedad=2,1
r18=0 ^ r27=0 ^ width=5,freq ceros=5 ^ freq unos=4 ^ pasos=1 ^ transitoriedad=2,1
r18=1 ^ r27=1 ^ freq unos=5 ^ width=5,pasos=1 ^ simetria=2 ^ transitoriedad=2 ^ time entropy=5,1
r6=1 ^ r18=1 ^ r19=2 ^ simetria=2,freq ceros=3 ^ freq unos=2 ^ freq dos=4 ^ width=5 ^ pasos=1 ^ transitoriedad=2,1
r18=0 ^ r27=0 ^ width=5 ^ transitoriedad=2,freq ceros=5 ^ pasos=1 ^ simetria=1,1
r27=2 ^ simetria=2 ^ entropia=3,freq ceros=4 ^ freq dos=5 ^ width=2 ^ pasos=1 ^ transitoriedad=2 ^ sensitividad=5,1
r18=0 ^ r27=0 ^ width=5 ^ transitoriedad=2,freq ceros=5 ^ pasos=1 ^ simetria=2,31
r1=0 ^ r11=2 ^ r26=2 ^ simetria=1,pasos=2 ^ actividad=1 ^ entropia=3 ^ transitoriedad=2,1
r18=1 ^ r27=1 ^ width=5 ^ simetria=2,freq ceros=5 ^ pasos=1 ^ actividad=3 ^ transitoriedad=2,1
r1=0 ^ r7=2 ^ r27=2,freq ceros=4 ^ freq dos=5 ^ width=2 ^ pasos=1 ^ simetria=2 ^ transitoriedad=2 ^ sensitividad=5,1
r26=2 ^ r27=2 ^ width=5 ^ sensitividad=5,freq ceros=4 ^ freq dos=5 ^ pasos=1 ^ simetria=2 ^ transitoriedad=2,1
r1=2,freq ceros=3 ^ freq dos=5 ^ width=2 ^ pasos=1 ^ simetria=2 ^ transitoriedad=2 ^ sensitividad=5 ^ time entropy=3,2
r24=0 ^ r27=0 ^ simetria=2,freq ceros=5 ^ freq unos=2 ^ freq dos=4 ^ width=2 ^ pasos=1 ^ transitoriedad=2,1
r1=1 ^ r12=2 ^ r17=1 ^ r22=1,freq ceros=5 ^ width=2 ^ entropia=3 ^ transitoriedad=2,1
r18=0 ^ r27=0 ^ width=5,freq ceros=5 ^ pasos=1 ^ transitoriedad=2,3
r18=0 ^ r27=0 ^ width=5 ^ transitoriedad=2,pasos=1 ^ simetria=2,2
r18=1 ^ r26=1 ^ r27=0 ^ width=4,freq ceros=5 ^ freq unos=3 ^ freq dos=5 ^ pasos=1 ^ simetria=2 ^ transitoriedad=2,1
r26=2 ^ r27=2 ^ width=5,freq ceros=5 ^ pasos=1 ^ simetria=2 ^ transitoriedad=2,1
r16=0 ^ r18=0 ^ r27=0 ^ width=5,freq ceros=5 ^ pasos=1 ^ simetria=2 ^ transitoriedad=2,1
r24=0 ^ r27=0 ^ simetria=2,freq ceros=5 ^ freq dos=4 ^ width=2 ^ pasos=1 ^ transitoriedad=2,1
r19=2 ^ simetria=2 ^ transitoriedad=2,freq ceros=3 ^ freq unos=2 ^ freq dos=4 ^ width=5 ^ pasos=1 ^ sensitividad=5,1
r27=0 ^ simetria=2 ^ transitoriedad=2,freq ceros=5 ^ freq unos=2 ^ freq dos=4 ^ width=2 ^ pasos=1 ^ sensitividad=5,1
r9=2 ^ r18=0 ^ r27=0 ^ width=5,freq ceros=5 ^ pasos=1 ^ simetria=2 ^ transitoriedad=2,1
r18=0 ^ r27=0 ^ freq dos=4 ^ width=5,pasos=1 ^ simetria=2 ^ transitoriedad=2,1
r27=2 ^ simetria=2,freq ceros=5 ^ freq unos=2 ^ freq dos=4 ^ width=2 ^ pasos=1 ^ transitoriedad=2,1
r18=0 ^ r27=0 ^ width=5,freq dos=5 ^ pasos=1 ^ simetria=2 ^ transitoriedad=2,1
r18=0 ^ r27=0 ^ width=5,pasos=1 ^ simetria=2 ^ transitoriedad=2,1
r1=0,freq ceros=4 ^ freq dos=5 ^ width=2 ^ pasos=1 ^ simetria=2 ^ entropia=2 ^ transitoriedad=2 ^ sensitividad=5,1
r1=0 ^ r27=2 ^ entropia=3,freq ceros=4 ^ freq unos=2 ^ freq dos=5 ^ width=2 ^ pasos=1 ^ simetria=2 ^ transitoriedad=2,1
r16=1 ^ r18=0 ^ r27=0 ^ width=5,freq ceros=5 ^ pasos=1,1
r7=0 ^ r19=2 ^ r27=0 ^ simetria=2,freq ceros=5 ^ freq unos=2 ^ freq dos=4 ^ width=2 ^ pasos=1 ^ transitoriedad=2,1
r27=0,freq ceros=5 ^ freq unos=2 ^ freq dos=4 ^ width=2 ^ pasos=1 ^ simetria=2 ^ transitoriedad=2,2
r1=0 ^ r18=0 ^ r27=0 ^ width=5,freq ceros=5 ^ pasos=1 ^ transitoriedad=2,1
r18=0 ^ r19=0 ^ r27=0 ^ width=5,freq ceros=5 ^ pasos=1 ^ simetria=2 ^ transitoriedad=2,1
r18=1 ^ r27=1 ^ freq unos=5 ^ width=5,pasos=1 ^ simetria=2 ^ transitoriedad=2,3
r18=0 ^ r27=0 ^ width=5 ^ simetria=2,freq ceros=5 ^ pasos=1,3
r1=0 ^ r27=2,freq ceros=4 ^ freq dos=5 ^ width=2 ^ pasos=1 ^ simetria=2 ^ transitoriedad=2 ^ sensitividad=3,1
r18=1 ^ r27=1 ^ freq unos=5 ^ width=5,pasos=1 ^ simetria=2 ^ time entropy=4,1
