antecedente,consecuente,contador
r18=0 ^ r26=2 ^ simetria=1 ^ time entropy=1,freq ceros=1 ^ freq unos=1 ^ freq dos=1 ^ width=1 ^ actividad=1 ^ entropia=1 ^ transitoriedad=2,1
r18=0 ^ r26=2 ^ simetria=1 ^ transitoriedad=1,freq ceros=1 ^ freq unos=1 ^ freq dos=1 ^ width=1 ^ actividad=1 ^ entropia=1 ^ sensitividad=4 ^ time entropy=1,1
r18=0 ^ r26=0 ^ transitoriedad=2 ^ time entropy=1,freq ceros=1 ^ freq unos=1 ^ freq dos=1 ^ width=2 ^ actividad=1 ^ entropia=1,1
r18=0 ^ r27=0 ^ simetria=1,freq unos=1 ^ freq dos=1 ^ width=2 ^ actividad=1 ^ entropia=1 ^ transitoriedad=1 ^ time entropy=1,1
r18=0 ^ r27=0 ^ freq unos=1 ^ simetria=1,freq dos=1 ^ width=2 ^ actividad=1 ^ entropia=1 ^ transitoriedad=1 ^ sensitividad=2 ^ time entropy=1,1
r18=0 ^ r26=2 ^ simetria=1,freq ceros=1 ^ freq unos=1 ^ freq dos=1 ^ width=1 ^ actividad=1 ^ entropia=1 ^ transitoriedad=1 ^ time entropy=1,8
r27=0 ^ freq unos=1 ^ transitoriedad=1,freq dos=1 ^ width=2 ^ simetria=1 ^ actividad=1 ^ entropia=1 ^ time entropy=1,3
r27=0 ^ freq unos=1,freq dos=1 ^ width=2 ^ actividad=1 ^ entropia=1 ^ transitoriedad=1 ^ time entropy=1,3
r18=0 ^ r26=2 ^ r27=0 ^ simetria=1,freq ceros=1 ^ freq unos=1 ^ freq dos=1 ^ width=1 ^ actividad=1 ^ entropia=1 ^ transitoriedad=1 ^ time entropy=1,1
r18=0 ^ r27=0 ^ time entropy=1,freq ceros=1 ^ freq unos=1 ^ freq dos=1 ^ width=2 ^ actividad=1 ^ entropia=1,1
r18=0 ^ r26=0 ^ r27=0 ^ simetria=1,freq ceros=1 ^ freq unos=1 ^ freq dos=1 ^ width=2 ^ actividad=1 ^ entropia=1 ^ transitoriedad=1 ^ time entropy=1,2
r19=1 ^ r21=1 ^ r24=2,freq dos=2 ^ width=3 ^ simetria=2 ^ actividad=5 ^ entropia=1 ^ transitoriedad=1,1
r18=0 ^ r26=2 ^ simetria=1 ^ time entropy=1,freq ceros=1 ^ freq unos=1 ^ freq dos=1 ^ width=1 ^ actividad=1 ^ entropia=1,18
r3=1 ^ r18=0 ^ r26=2 ^ simetria=1,freq ceros=1 ^ freq unos=1 ^ freq dos=1 ^ width=1 ^ actividad=1 ^ entropia=1 ^ transitoriedad=1 ^ time entropy=1,1
r18=0 ^ r26=2 ^ simetria=1 ^ sensitividad=4,freq ceros=1 ^ freq unos=1 ^ freq dos=1 ^ width=1 ^ actividad=1 ^ entropia=1,11
r3=2 ^ r5=0 ^ r19=1 ^ r24=2,freq ceros=4 ^ freq unos=4 ^ width=4 ^ simetria=1 ^ actividad=5 ^ entropia=1 ^ sensitividad=1,1
r18=0 ^ r26=2 ^ simetria=1,freq ceros=1 ^ freq unos=1 ^ freq dos=1 ^ width=1 ^ actividad=1 ^ entropia=1 ^ time entropy=1,2
r18=0 ^ r26=2 ^ simetria=1 ^ transitoriedad=1,freq ceros=1 ^ freq unos=1 ^ freq dos=1 ^ width=1 ^ actividad=1 ^ entropia=1 ^ time entropy=1,16
r15=0 ^ r26=0 ^ width=4,freq unos=4 ^ freq dos=2 ^ simetria=1 ^ actividad=5 ^ entropia=3 ^ time entropy=4,1
r4=2 ^ r6=1 ^ r8=2 ^ r13=0,freq ceros=2 ^ pasos=2 ^ simetria=1 ^ entropia=5 ^ sensitividad=2 ^ time entropy=1,1
r4=1 ^ r10=0 ^ r20=1 ^ r24=1,freq ceros=1 ^ freq unos=3 ^ freq dos=5 ^ width=4 ^ pasos=1 ^ actividad=4 ^ entropia=5 ^ transitoriedad=1,1
r2=0 ^ r15=2 ^ r26=0 ^ r27=0,freq ceros=1 ^ freq unos=1 ^ freq dos=1 ^ width=1 ^ time entropy=4,1
r18=0 ^ r26=0 ^ r27=0,freq unos=1 ^ freq dos=1 ^ width=2 ^ actividad=1 ^ entropia=1 ^ transitoriedad=1 ^ time entropy=1,1
r27=0,freq unos=1 ^ freq dos=1 ^ width=2 ^ actividad=1 ^ entropia=1 ^ transitoriedad=1 ^ time entropy=1,2
r10=1 ^ r13=2 ^ r22=2 ^ r23=0,freq unos=1 ^ freq dos=1 ^ pasos=1 ^ simetria=2 ^ entropia=5 ^ sensitividad=2,1
r16=1 ^ r20=1 ^ simetria=2 ^ entropia=1,freq dos=4 ^ width=4 ^ pasos=2 ^ transitoriedad=2 ^ sensitividad=1 ^ time entropy=1,1
r18=0 ^ r26=2 ^ simetria=1 ^ time entropy=1,freq ceros=1 ^ freq unos=1 ^ freq dos=1 ^ width=1 ^ actividad=1 ^ entropia=1 ^ transitoriedad=1,13
r10=0 ^ r26=0 ^ transitoriedad=1,freq ceros=1 ^ freq unos=1 ^ freq dos=1 ^ width=2 ^ actividad=1 ^ entropia=1 ^ time entropy=1,1
r26=0 ^ r27=0,freq ceros=1 ^ freq unos=1 ^ freq dos=1 ^ width=2 ^ actividad=1 ^ entropia=1 ^ transitoriedad=1 ^ time entropy=1,1
r26=0 ^ r27=0 ^ simetria=1,freq ceros=1 ^ freq unos=1 ^ freq dos=1 ^ width=2 ^ actividad=1 ^ entropia=1 ^ transitoriedad=1 ^ time entropy=1,1
r11=1 ^ r12=2 ^ r20=1 ^ sensitividad=3,freq dos=2 ^ width=2 ^ pasos=2 ^ actividad=2 ^ transitoriedad=1,1
r15=2,freq ceros=3 ^ actividad=1 ^ entropia=1 ^ transitoriedad=1,1
r7=2 ^ r10=2 ^ r27=0 ^ freq dos=2,freq ceros=2 ^ freq unos=3 ^ simetria=2 ^ actividad=3 ^ entropia=1 ^ time entropy=1,1
r9=2 ^ r27=0 ^ freq unos=1 ^ time entropy=1,freq dos=1 ^ width=2 ^ actividad=1 ^ entropia=1 ^ transitoriedad=1,1
r5=0 ^ r11=2 ^ r26=0 ^ simetria=2,freq unos=5 ^ entropia=1 ^ transitoriedad=1,1
r2=0 ^ r10=2 ^ r12=2 ^ r15=2,freq dos=1 ^ width=1 ^ actividad=1 ^ entropia=1 ^ time entropy=4,1
r20=1 ^ r26=0 ^ r27=2 ^ sensitividad=4,freq ceros=5 ^ freq dos=4 ^ width=5 ^ simetria=1 ^ transitoriedad=1,1
r26=0 ^ r27=0 ^ simetria=1 ^ time entropy=1,freq ceros=1 ^ freq unos=1 ^ freq dos=1 ^ width=2 ^ actividad=1 ^ entropia=1 ^ transitoriedad=1,1
r18=0 ^ r26=2 ^ simetria=1 ^ transitoriedad=1,freq ceros=1 ^ freq unos=1 ^ freq dos=1 ^ width=1 ^ actividad=1 ^ entropia=1,1
r18=0 ^ r26=0 ^ r27=0 ^ time entropy=1,freq ceros=1 ^ freq unos=1 ^ freq dos=1 ^ width=2 ^ actividad=1 ^ entropia=1,3
r27=0 ^ freq unos=1 ^ time entropy=1,freq dos=1 ^ width=2 ^ actividad=1 ^ entropia=1 ^ transitoriedad=1,2
r18=0 ^ r26=2 ^ freq unos=1 ^ simetria=1,freq ceros=1 ^ freq dos=1 ^ width=1 ^ actividad=1 ^ entropia=1,1
r26=0 ^ r27=0 ^ freq unos=1 ^ simetria=2,freq ceros=1 ^ freq dos=1 ^ width=2 ^ actividad=1 ^ entropia=1 ^ transitoriedad=1 ^ time entropy=1,1
r18=0 ^ r26=2 ^ simetria=1 ^ sensitividad=2,freq ceros=1 ^ freq unos=1 ^ freq dos=1 ^ width=1 ^ actividad=1 ^ entropia=1 ^ transitoriedad=1 ^ time entropy=1,1
r18=0 ^ r26=1 ^ r27=0,freq ceros=1 ^ freq unos=1 ^ freq dos=1 ^ width=2 ^ actividad=1 ^ entropia=1 ^ time entropy=1,1
r18=0 ^ r27=0 ^ simetria=1 ^ time entropy=1,freq ceros=1 ^ freq unos=1 ^ freq dos=1 ^ width=2 ^ actividad=1 ^ entropia=1,1
r18=0 ^ r26=2 ^ freq unos=1 ^ simetria=1,freq ceros=1 ^ freq dos=1 ^ width=1 ^ actividad=1 ^ entropia=1 ^ transitoriedad=1 ^ time entropy=1,2
r15=2 ^ r27=0 ^ freq unos=1 ^ simetria=1,freq dos=1 ^ width=2 ^ actividad=1 ^ entropia=1 ^ transitoriedad=1 ^ time entropy=1,1
r18=0 ^ r26=0 ^ r27=0 ^ time entropy=1,freq ceros=1 ^ freq unos=1 ^ freq dos=1 ^ width=2 ^ actividad=1 ^ entropia=1 ^ transitoriedad=1,1
r18=0 ^ r26=0 ^ r27=0,freq ceros=1 ^ freq unos=1 ^ freq dos=1 ^ width=2 ^ actividad=1 ^ entropia=1 ^ transitoriedad=1 ^ time entropy=1,1
r18=0 ^ r26=0 ^ r27=0 ^ freq unos=1,freq dos=1 ^ width=2 ^ simetria=1 ^ actividad=1 ^ entropia=1 ^ time entropy=1,1
r18=0 ^ r26=0 ^ r27=0 ^ freq unos=1,freq dos=1 ^ width=2 ^ actividad=1 ^ entropia=1 ^ transitoriedad=1 ^ time entropy=1,1
r6=0 ^ r18=0 ^ r26=0 ^ transitoriedad=1,freq ceros=1 ^ freq unos=1 ^ freq dos=1 ^ width=2 ^ actividad=1 ^ entropia=1 ^ time entropy=1,1
r26=0 ^ sensitividad=5 ^ time entropy=1,freq ceros=1 ^ freq unos=1 ^ freq dos=1 ^ width=2 ^ actividad=1 ^ entropia=1,1
r26=0 ^ r27=0 ^ transitoriedad=1,freq ceros=1 ^ freq unos=1 ^ freq dos=1 ^ width=2 ^ simetria=1 ^ actividad=1 ^ entropia=1 ^ time entropy=1,1
r18=0 ^ r26=2 ^ simetria=1 ^ sensitividad=4,freq ceros=1 ^ freq unos=1 ^ freq dos=1 ^ width=1 ^ actividad=1 ^ entropia=1 ^ time entropy=1,8
r26=0 ^ r27=0 ^ transitoriedad=2 ^ time entropy=1,freq ceros=1 ^ freq unos=1 ^ freq dos=1 ^ width=2 ^ actividad=1 ^ entropia=1,1
r13=2 ^ r26=0 ^ time entropy=1,freq ceros=1 ^ freq unos=1 ^ freq dos=1 ^ width=2 ^ actividad=1 ^ entropia=1,1
r26=0 ^ r27=0 ^ time entropy=1,freq ceros=1 ^ freq unos=1 ^ freq dos=1 ^ width=2 ^ actividad=1 ^ entropia=1,1
r18=0 ^ r27=0 ^ freq unos=1,freq dos=1 ^ width=2 ^ actividad=1 ^ entropia=1 ^ transitoriedad=1 ^ time entropy=1,1
r11=0 ^ r18=0 ^ r26=2 ^ simetria=1,freq ceros=1 ^ freq unos=1 ^ freq dos=1 ^ width=1 ^ actividad=1 ^ entropia=1 ^ time entropy=1,1
r18=0 ^ r26=0 ^ time entropy=1,freq ceros=1 ^ freq unos=1 ^ freq dos=1 ^ width=2 ^ actividad=1 ^ entropia=1 ^ transitoriedad=1,1
r18=2 ^ r27=0 ^ freq unos=1 ^ transitoriedad=1,freq dos=1 ^ width=2 ^ simetria=1 ^ actividad=1 ^ entropia=1 ^ time entropy=1,1
r18=1 ^ r26=0 ^ r27=0 ^ transitoriedad=2,freq ceros=1 ^ freq unos=1 ^ freq dos=1 ^ width=2 ^ actividad=1 ^ entropia=1,1
r18=0 ^ r27=0,freq unos=1 ^ freq dos=1 ^ width=2 ^ actividad=1 ^ entropia=1 ^ transitoriedad=1 ^ time entropy=1,1
