antecedente,consecuente,contador
r27=1 ^ freq ceros=5 ^ width=2 ^ actividad=1,freq unos=1 ^ pasos=1 ^ simetria=2 ^ entropia=1 ^ transitoriedad=2 ^ time entropy=1,1
r27=2 ^ freq ceros=5 ^ freq dos=1 ^ width=2,pasos=1 ^ simetria=2 ^ actividad=1 ^ entropia=1 ^ transitoriedad=2 ^ time entropy=1,1
r27=2 ^ freq ceros=5 ^ freq dos=1 ^ width=2,freq unos=1 ^ pasos=1 ^ simetria=2 ^ actividad=1 ^ transitoriedad=2,1
r7=1 ^ r27=2 ^ freq ceros=5 ^ width=2,freq unos=1 ^ freq dos=1 ^ pasos=1 ^ simetria=2 ^ entropia=1 ^ transitoriedad=2 ^ time entropy=1,1
r27=2 ^ freq ceros=5 ^ freq dos=1 ^ width=2,freq unos=1 ^ pasos=1 ^ simetria=2 ^ entropia=1 ^ transitoriedad=2 ^ time entropy=1,1
r17=1 ^ r27=1 ^ freq ceros=5 ^ width=2,freq unos=1 ^ freq dos=1 ^ pasos=1 ^ simetria=2 ^ actividad=1 ^ entropia=1 ^ transitoriedad=2 ^ time entropy=1,1
r27=1 ^ freq ceros=5 ^ width=3,freq unos=1 ^ pasos=1 ^ actividad=1 ^ entropia=1 ^ transitoriedad=2 ^ time entropy=1,1
r12=1 ^ r27=1 ^ freq ceros=5 ^ width=2,freq unos=1 ^ freq dos=1 ^ pasos=1 ^ simetria=2 ^ actividad=1 ^ entropia=1 ^ transitoriedad=2 ^ time entropy=1,1
r23=1 ^ freq ceros=5 ^ freq unos=3 ^ width=2,pasos=1 ^ simetria=2 ^ actividad=1 ^ entropia=1 ^ transitoriedad=2 ^ time entropy=1,1
r27=2 ^ freq ceros=5 ^ freq dos=1 ^ width=2,freq unos=1 ^ pasos=1 ^ simetria=2 ^ actividad=1 ^ entropia=1 ^ transitoriedad=2,1
r27=1 ^ freq ceros=5 ^ width=3,pasos=1 ^ transitoriedad=2 ^ time entropy=1,1
r2=1 ^ r27=1 ^ freq ceros=5 ^ width=2,freq dos=1 ^ pasos=1 ^ simetria=2 ^ transitoriedad=2,1
r8=0 ^ freq ceros=5 ^ freq unos=3 ^ width=2,freq dos=1 ^ pasos=1 ^ simetria=2 ^ entropia=1 ^ transitoriedad=2 ^ time entropy=1,1
r23=2 ^ r27=2 ^ freq ceros=5 ^ width=2,freq unos=1 ^ freq dos=1 ^ pasos=1 ^ simetria=2 ^ actividad=1 ^ entropia=1 ^ transitoriedad=2 ^ time entropy=1,1
r27=0 ^ freq ceros=5 ^ freq unos=3 ^ width=2,freq dos=1 ^ pasos=1 ^ simetria=2 ^ entropia=1 ^ transitoriedad=2 ^ time entropy=1,2
r27=2 ^ freq ceros=5 ^ width=2 ^ transitoriedad=2,freq unos=1 ^ freq dos=1 ^ pasos=1 ^ simetria=2,1
r27=1 ^ freq ceros=5 ^ width=2 ^ actividad=1,freq dos=1 ^ pasos=1 ^ simetria=2 ^ entropia=1 ^ transitoriedad=2,1
r27=2 ^ freq ceros=5 ^ width=2 ^ transitoriedad=2,freq unos=1 ^ freq dos=1 ^ pasos=1 ^ simetria=2 ^ actividad=1 ^ entropia=1,1
r7=2 ^ r27=1 ^ freq ceros=5 ^ width=2,freq unos=1 ^ freq dos=1 ^ pasos=1 ^ simetria=2 ^ actividad=1 ^ entropia=1 ^ transitoriedad=2,1
r27=1 ^ freq ceros=5 ^ freq dos=1 ^ width=2,freq unos=1 ^ pasos=1 ^ simetria=2 ^ actividad=1 ^ entropia=1 ^ transitoriedad=2,2
r14=1 ^ r27=1 ^ freq ceros=5 ^ pasos=1,transitoriedad=2,1
r27=1 ^ freq ceros=5 ^ freq unos=3 ^ time entropy=1,pasos=1 ^ simetria=2 ^ transitoriedad=2,1
r6=2 ^ r27=0 ^ freq ceros=5 ^ width=2,freq dos=1 ^ pasos=1 ^ simetria=2 ^ actividad=1 ^ entropia=1 ^ transitoriedad=2 ^ time entropy=3,1
r14=1 ^ r27=1 ^ freq ceros=5 ^ transitoriedad=2,freq dos=1 ^ pasos=1 ^ simetria=2,1
r27=1 ^ freq ceros=5 ^ width=2,freq unos=1 ^ freq dos=1 ^ pasos=1 ^ simetria=2 ^ entropia=1 ^ transitoriedad=2 ^ time entropy=1,2
r7=0 ^ r18=0 ^ r23=1,freq ceros=3 ^ freq unos=5 ^ width=4 ^ pasos=1 ^ simetria=2 ^ actividad=1 ^ entropia=1 ^ transitoriedad=2 ^ time entropy=3,1
r14=1 ^ r27=1 ^ freq unos=1 ^ width=2,freq dos=1 ^ pasos=1 ^ simetria=2 ^ actividad=1 ^ entropia=1 ^ transitoriedad=2,2
r27=1 ^ freq unos=1 ^ width=2 ^ time entropy=1,freq dos=1 ^ pasos=1 ^ simetria=2 ^ transitoriedad=2,1
r27=1 ^ freq ceros=5 ^ width=2 ^ transitoriedad=2,freq unos=1 ^ freq dos=1 ^ pasos=1 ^ simetria=2,2
r24=0 ^ freq ceros=5 ^ width=2 ^ actividad=4,freq unos=1 ^ pasos=1 ^ simetria=2 ^ entropia=1 ^ transitoriedad=2,1
r14=1 ^ pasos=1,freq ceros=3 ^ freq unos=5 ^ width=4 ^ simetria=2 ^ actividad=1 ^ entropia=1 ^ transitoriedad=2 ^ time entropy=3,1
r14=1 ^ r27=1 ^ freq ceros=5 ^ width=2,freq unos=1 ^ pasos=1 ^ simetria=2 ^ actividad=1 ^ entropia=1 ^ transitoriedad=2 ^ time entropy=1,1
r11=1 ^ r27=1 ^ freq ceros=5 ^ width=2,freq unos=1 ^ freq dos=1 ^ pasos=1 ^ simetria=2 ^ transitoriedad=2,1
r22=2 ^ freq ceros=5 ^ width=2 ^ actividad=4,freq dos=1 ^ pasos=1 ^ simetria=2 ^ entropia=1 ^ transitoriedad=2,1
r3=2 ^ r27=0 ^ width=2,freq ceros=3 ^ freq unos=1 ^ freq dos=1 ^ pasos=1 ^ simetria=2 ^ actividad=1 ^ entropia=1 ^ transitoriedad=2 ^ time entropy=1,1
r27=2 ^ freq ceros=5 ^ width=2 ^ actividad=1,freq unos=1 ^ freq dos=1 ^ pasos=1 ^ simetria=2 ^ entropia=1 ^ transitoriedad=2,2
r14=1,freq dos=1 ^ pasos=1 ^ simetria=2 ^ actividad=1 ^ entropia=1 ^ transitoriedad=2 ^ time entropy=3,1
r14=1 ^ r27=1 ^ freq unos=1 ^ width=2,freq dos=1 ^ pasos=1 ^ simetria=2 ^ transitoriedad=2,1
r14=1 ^ r27=1 ^ freq ceros=5 ^ transitoriedad=2,freq dos=1 ^ pasos=1 ^ simetria=2 ^ actividad=1 ^ entropia=1,1
r10=2 ^ r27=2 ^ freq ceros=5 ^ width=2,freq unos=1 ^ freq dos=1 ^ pasos=1 ^ simetria=2 ^ actividad=1 ^ entropia=1 ^ transitoriedad=2 ^ time entropy=1,1
r24=0,freq ceros=3 ^ freq unos=5 ^ width=2 ^ pasos=1 ^ simetria=2 ^ actividad=1 ^ entropia=1 ^ transitoriedad=2 ^ time entropy=1,3
r15=2 ^ width=2 ^ time entropy=1,freq ceros=3 ^ freq unos=1 ^ freq dos=1 ^ pasos=1 ^ simetria=2 ^ actividad=1 ^ entropia=1 ^ transitoriedad=2 ^ sensitividad=5,1
r27=2 ^ freq ceros=5 ^ width=2 ^ time entropy=1,freq unos=1 ^ pasos=1 ^ simetria=2 ^ actividad=1 ^ entropia=1 ^ transitoriedad=2,5
r19=0 ^ freq ceros=5 ^ freq unos=3 ^ width=2,pasos=1 ^ simetria=2 ^ entropia=1 ^ transitoriedad=2 ^ time entropy=1,1
r24=0 ^ r27=1 ^ freq ceros=5 ^ width=2,freq unos=1 ^ freq dos=1 ^ pasos=1 ^ simetria=2 ^ transitoriedad=2,1
r27=1 ^ freq ceros=5 ^ width=2,freq dos=1 ^ pasos=1 ^ simetria=2 ^ actividad=1 ^ entropia=1 ^ transitoriedad=2 ^ time entropy=1,1
r24=0 ^ r27=1 ^ freq ceros=5 ^ width=2,freq unos=1 ^ freq dos=1 ^ pasos=1 ^ simetria=2 ^ actividad=1 ^ entropia=1 ^ transitoriedad=2,3
r27=1 ^ freq ceros=5 ^ width=2 ^ time entropy=1,freq unos=1 ^ freq dos=1 ^ pasos=1 ^ simetria=2 ^ actividad=1 ^ entropia=1 ^ transitoriedad=2,17
r27=0 ^ freq ceros=5 ^ width=5,freq dos=1 ^ pasos=1 ^ simetria=2 ^ actividad=1 ^ entropia=1 ^ transitoriedad=2 ^ time entropy=3,1
r14=1 ^ r27=1 ^ freq unos=1 ^ width=2,pasos=1 ^ simetria=2 ^ entropia=1 ^ transitoriedad=2,1
r14=1 ^ r27=1 ^ freq ceros=5 ^ width=2,freq unos=1 ^ freq dos=1 ^ pasos=1 ^ simetria=2 ^ actividad=1 ^ transitoriedad=2 ^ time entropy=1,1
r14=1 ^ r27=1 ^ freq ceros=5 ^ width=2,freq unos=1 ^ freq dos=1 ^ pasos=1 ^ simetria=2 ^ actividad=1 ^ entropia=1 ^ transitoriedad=2,2
r27=1 ^ freq ceros=5 ^ transitoriedad=2,freq unos=1 ^ freq dos=1 ^ simetria=2 ^ entropia=3,1
r20=2 ^ r27=1 ^ freq ceros=5 ^ width=2,freq unos=1 ^ freq dos=1 ^ pasos=1 ^ simetria=2 ^ actividad=1 ^ entropia=1 ^ transitoriedad=2,1
r27=1 ^ freq ceros=5 ^ width=2 ^ time entropy=1,freq dos=1 ^ pasos=1 ^ simetria=2 ^ actividad=1 ^ transitoriedad=2,1
r14=1 ^ r27=1 ^ freq unos=1 ^ width=2,pasos=1 ^ simetria=2 ^ transitoriedad=2,1
r27=2 ^ freq ceros=5 ^ width=2 ^ time entropy=1,freq dos=1 ^ pasos=1 ^ simetria=2 ^ actividad=1 ^ entropia=1 ^ transitoriedad=2,7
r14=1 ^ r27=1 ^ freq ceros=5 ^ width=2,freq unos=1 ^ pasos=1 ^ simetria=2 ^ transitoriedad=2,1
r27=1 ^ freq ceros=5 ^ width=2,freq dos=1 ^ pasos=1 ^ simetria=2 ^ actividad=1 ^ transitoriedad=2,1
r27=1 ^ freq ceros=5 ^ width=2 ^ time entropy=1,freq unos=1 ^ freq dos=1 ^ pasos=1 ^ simetria=2 ^ transitoriedad=2,1
r14=1 ^ r27=1 ^ freq ceros=5 ^ time entropy=1,freq unos=5 ^ pasos=1 ^ simetria=2 ^ actividad=1 ^ entropia=1 ^ transitoriedad=2,1
r27=0 ^ freq ceros=5 ^ width=2 ^ actividad=4,pasos=1 ^ simetria=2 ^ entropia=1 ^ transitoriedad=2,2
r9=0 ^ r27=1 ^ freq ceros=5 ^ width=2,pasos=1 ^ simetria=2 ^ transitoriedad=2,1
r14=1 ^ r27=1 ^ freq ceros=5 ^ time entropy=1,freq unos=5 ^ pasos=1 ^ simetria=2 ^ entropia=1 ^ transitoriedad=2,1
r23=2 ^ r27=1 ^ freq ceros=5 ^ width=2,freq unos=1 ^ freq dos=1 ^ pasos=1 ^ simetria=2 ^ actividad=1 ^ entropia=1 ^ transitoriedad=2 ^ time entropy=1,1
r3=2 ^ r27=1 ^ freq ceros=5 ^ width=2,freq unos=1 ^ freq dos=1 ^ pasos=1 ^ simetria=2 ^ actividad=1 ^ entropia=1 ^ transitoriedad=2 ^ time entropy=1,1
r14=1 ^ r27=1 ^ freq unos=3 ^ width=4,pasos=1 ^ simetria=2 ^ transitoriedad=2,3
r12=1 ^ r15=2 ^ r17=0,freq ceros=3 ^ freq unos=5 ^ width=4 ^ pasos=1 ^ simetria=2 ^ actividad=1 ^ entropia=1 ^ transitoriedad=2 ^ time entropy=3,1
r1=1 ^ r27=1 ^ freq unos=3 ^ width=4,pasos=1 ^ simetria=2 ^ transitoriedad=2,1
r27=1 ^ freq ceros=5 ^ width=2 ^ time entropy=1,freq unos=4 ^ freq dos=1 ^ pasos=1 ^ simetria=2 ^ actividad=1 ^ entropia=1 ^ transitoriedad=2,1
r27=1 ^ freq ceros=5 ^ width=2,freq dos=1 ^ pasos=1 ^ simetria=2 ^ actividad=1 ^ entropia=1 ^ transitoriedad=2,6
r27=1 ^ freq ceros=5 ^ width=2 ^ transitoriedad=2,freq dos=1 ^ pasos=1 ^ simetria=2 ^ actividad=1 ^ entropia=1,2
r27=1 ^ freq ceros=5 ^ width=2,freq unos=1 ^ freq dos=1 ^ pasos=1 ^ simetria=2 ^ actividad=1 ^ entropia=1 ^ transitoriedad=2 ^ time entropy=1,14
r27=2 ^ freq ceros=5 ^ width=2 ^ actividad=1,freq dos=1 ^ pasos=1 ^ simetria=2 ^ entropia=1 ^ transitoriedad=2 ^ time entropy=1,5
r27=1 ^ freq unos=1 ^ width=2 ^ time entropy=1,freq dos=1 ^ pasos=1 ^ simetria=2 ^ actividad=1 ^ entropia=1 ^ transitoriedad=2,10
r14=2 ^ r21=2 ^ freq ceros=5,freq unos=1 ^ freq dos=1 ^ width=4 ^ pasos=1 ^ simetria=2 ^ transitoriedad=2,1
r27=0 ^ freq ceros=5 ^ freq unos=3 ^ width=2,freq dos=1 ^ pasos=1 ^ simetria=2 ^ actividad=1 ^ entropia=1 ^ transitoriedad=2 ^ time entropy=1,2
r3=2,freq ceros=3 ^ freq unos=5 ^ width=2 ^ pasos=1 ^ simetria=2 ^ actividad=1 ^ entropia=1 ^ transitoriedad=2,2
r10=1 ^ r23=2 ^ width=2,freq ceros=3 ^ freq unos=5 ^ freq dos=1 ^ pasos=1 ^ simetria=2 ^ transitoriedad=2 ^ time entropy=3,1
r3=1 ^ r6=0 ^ simetria=1 ^ entropia=3,freq ceros=1 ^ freq dos=3 ^ pasos=1 ^ transitoriedad=1 ^ time entropy=1,1
r14=2 ^ width=4 ^ actividad=4 ^ time entropy=1,freq ceros=4 ^ freq dos=1 ^ pasos=1 ^ simetria=2 ^ entropia=1 ^ transitoriedad=2,1
r14=1 ^ r27=1 ^ freq ceros=5 ^ pasos=1,simetria=2,2
r27=1 ^ freq ceros=5 ^ width=2 ^ transitoriedad=2,freq dos=1 ^ pasos=1 ^ simetria=2,2
r3=2,freq ceros=3 ^ freq unos=5 ^ width=2 ^ pasos=1 ^ simetria=2 ^ actividad=1 ^ entropia=1 ^ transitoriedad=2 ^ time entropy=1,2
r5=2 ^ r27=1 ^ freq ceros=5 ^ width=2,freq unos=1 ^ freq dos=1 ^ pasos=1 ^ simetria=2 ^ transitoriedad=2,1
r27=1 ^ freq ceros=5 ^ width=2 ^ actividad=1,pasos=1 ^ simetria=2 ^ entropia=1 ^ transitoriedad=2 ^ time entropy=1,2
r3=0 ^ r15=1 ^ r18=1 ^ r20=2,freq ceros=3 ^ width=1 ^ simetria=1 ^ actividad=5 ^ transitoriedad=1 ^ sensitividad=4,1
r27=1 ^ freq unos=1 ^ width=2 ^ time entropy=1,pasos=1 ^ simetria=2 ^ entropia=1 ^ transitoriedad=2,7
r6=1 ^ r27=1 ^ freq ceros=5 ^ width=2,freq unos=1 ^ freq dos=1 ^ pasos=1 ^ simetria=2 ^ actividad=1 ^ entropia=1 ^ transitoriedad=2,1
r3=2 ^ r16=0 ^ transitoriedad=2 ^ time entropy=1,freq ceros=3 ^ freq unos=5 ^ width=2 ^ pasos=1 ^ simetria=2 ^ actividad=1 ^ entropia=1,1
r27=1 ^ freq ceros=5 ^ width=2 ^ time entropy=1,freq dos=1 ^ pasos=1 ^ simetria=2 ^ transitoriedad=2,5
r14=1 ^ r24=0 ^ freq ceros=5 ^ pasos=1,freq unos=1 ^ width=4 ^ simetria=2 ^ transitoriedad=2 ^ time entropy=3,1
r27=0 ^ freq ceros=5 ^ freq unos=5 ^ width=2,pasos=1 ^ simetria=2 ^ actividad=1 ^ entropia=1 ^ transitoriedad=2,2
r14=1 ^ r27=1 ^ freq ceros=5 ^ width=2,freq unos=1 ^ freq dos=1 ^ pasos=1 ^ simetria=2 ^ actividad=1,1
r14=1 ^ r27=0 ^ freq unos=1 ^ width=2,freq dos=1 ^ pasos=1 ^ simetria=2 ^ actividad=1 ^ entropia=1 ^ transitoriedad=2 ^ time entropy=3,1
r11=2 ^ r27=1 ^ freq ceros=5 ^ width=2,freq dos=1 ^ pasos=1 ^ simetria=2 ^ actividad=1 ^ entropia=1 ^ transitoriedad=2,1
r6=2 ^ r27=1 ^ freq ceros=5 ^ width=2,freq dos=1 ^ pasos=1 ^ simetria=2 ^ transitoriedad=2,1
r24=0 ^ freq ceros=5 ^ width=2 ^ actividad=4,freq dos=1 ^ pasos=1 ^ simetria=2 ^ entropia=1 ^ transitoriedad=2,1
r14=1 ^ r27=1 ^ freq ceros=5 ^ transitoriedad=2,pasos=1,3
r10=0 ^ r27=1 ^ freq ceros=5 ^ width=2,freq unos=1 ^ freq dos=1 ^ pasos=1 ^ simetria=2 ^ actividad=1 ^ entropia=1 ^ transitoriedad=2 ^ time entropy=1,1
r1=1 ^ r3=1 ^ r11=2 ^ r14=1,freq unos=5 ^ freq dos=1 ^ pasos=2 ^ sensitividad=3,1
r27=1 ^ freq ceros=5 ^ width=2 ^ simetria=2,freq unos=1 ^ freq dos=1 ^ pasos=1 ^ transitoriedad=2 ^ time entropy=1,1
r7=1 ^ r27=1 ^ freq unos=1 ^ width=4,pasos=1 ^ simetria=2 ^ transitoriedad=2,1
r27=1 ^ freq ceros=5 ^ width=2 ^ time entropy=1,pasos=1 ^ simetria=2 ^ entropia=1 ^ transitoriedad=2,2
r27=1 ^ freq ceros=5 ^ width=2 ^ transitoriedad=2,pasos=1 ^ simetria=2,2
r24=1 ^ r27=2 ^ freq ceros=5 ^ width=2,freq unos=1 ^ freq dos=1 ^ pasos=1 ^ simetria=2 ^ actividad=1 ^ entropia=1 ^ transitoriedad=2 ^ time entropy=1,1
r24=0 ^ freq ceros=5 ^ freq unos=3 ^ width=2,freq dos=1 ^ pasos=1 ^ simetria=2 ^ actividad=1 ^ entropia=1 ^ transitoriedad=2,1
r27=1 ^ freq ceros=5 ^ width=2,freq unos=1 ^ freq dos=1 ^ pasos=1 ^ simetria=2 ^ transitoriedad=2,3
r27=2 ^ freq ceros=5 ^ width=2 ^ actividad=1,freq unos=2 ^ freq dos=1 ^ pasos=1 ^ simetria=2 ^ entropia=1 ^ transitoriedad=2 ^ time entropy=1,1
r14=1 ^ r27=1 ^ freq ceros=5 ^ freq unos=5,pasos=1 ^ simetria=2,1
r27=1 ^ freq ceros=5 ^ width=2,freq unos=1 ^ freq dos=1 ^ pasos=1 ^ transitoriedad=2 ^ time entropy=1,1
r18=1 ^ r27=1 ^ freq ceros=5 ^ width=2,freq unos=1 ^ freq dos=1 ^ pasos=1 ^ simetria=2 ^ actividad=1 ^ entropia=1 ^ transitoriedad=2 ^ time entropy=1,1
r14=0 ^ r27=1 ^ freq ceros=5 ^ width=2,freq dos=1 ^ pasos=1 ^ simetria=2 ^ actividad=1 ^ entropia=1 ^ transitoriedad=2,1
r27=1 ^ freq ceros=5 ^ width=2 ^ time entropy=1,freq unos=1 ^ pasos=1 ^ simetria=2 ^ actividad=1 ^ transitoriedad=2,1
r1=1 ^ r27=1 ^ freq unos=3 ^ width=4,pasos=1 ^ simetria=2 ^ entropia=5 ^ transitoriedad=2,1
r14=1 ^ r27=1 ^ freq ceros=5 ^ transitoriedad=2,pasos=1 ^ simetria=2,2
r27=1 ^ freq ceros=5 ^ width=2 ^ time entropy=1,freq unos=1 ^ pasos=1 ^ simetria=2 ^ actividad=1 ^ entropia=1 ^ transitoriedad=2,6
r14=1 ^ r27=1 ^ freq ceros=5 ^ freq dos=1,freq unos=1 ^ pasos=1 ^ simetria=2 ^ actividad=1 ^ entropia=1 ^ transitoriedad=2 ^ time entropy=1,1
r4=1 ^ r14=1 ^ pasos=1,freq dos=1 ^ width=4 ^ simetria=2 ^ transitoriedad=2 ^ time entropy=3,1
r14=2 ^ pasos=2 ^ actividad=3 ^ sensitividad=5,freq ceros=1 ^ simetria=1 ^ transitoriedad=1 ^ time entropy=5,1
r27=0 ^ freq ceros=5 ^ freq unos=3 ^ width=2,pasos=1 ^ simetria=2 ^ transitoriedad=2,2
r1=0 ^ r20=2 ^ r23=1,freq ceros=1 ^ freq unos=1 ^ pasos=2 ^ actividad=3 ^ transitoriedad=2,1
r14=1 ^ r27=1 ^ freq ceros=5 ^ simetria=2,pasos=1 ^ transitoriedad=2,4
r27=0 ^ freq unos=5 ^ width=2 ^ transitoriedad=2,pasos=1 ^ simetria=2,1
r1=1 ^ r27=1 ^ freq unos=3 ^ width=4,freq ceros=5 ^ pasos=1 ^ simetria=2 ^ transitoriedad=2,1
r14=1 ^ r27=1 ^ freq ceros=5,pasos=1 ^ simetria=2 ^ transitoriedad=2,3
r22=2 ^ pasos=1 ^ transitoriedad=2 ^ time entropy=1,freq ceros=4 ^ freq unos=4 ^ freq dos=1 ^ width=4 ^ simetria=2 ^ actividad=1 ^ entropia=1,1
r10=1 ^ r11=2 ^ r18=2 ^ entropia=2,freq ceros=4 ^ freq unos=4 ^ pasos=1 ^ actividad=1 ^ transitoriedad=1 ^ time entropy=4,1
r27=0 ^ freq ceros=5 ^ width=2 ^ actividad=4,freq dos=1 ^ pasos=1 ^ simetria=2 ^ entropia=1 ^ transitoriedad=2,1
r2=0 ^ r27=1 ^ freq ceros=5 ^ width=2,freq unos=1 ^ freq dos=1 ^ pasos=1 ^ simetria=2 ^ actividad=1 ^ entropia=1 ^ transitoriedad=2 ^ time entropy=1,1
r14=1 ^ r27=1 ^ freq ceros=5,freq unos=5 ^ pasos=1 ^ simetria=2 ^ actividad=1 ^ entropia=1 ^ transitoriedad=2,1
r14=1 ^ freq ceros=5 ^ width=2,freq dos=1 ^ pasos=1 ^ simetria=2 ^ actividad=1 ^ entropia=1 ^ transitoriedad=2 ^ time entropy=3,1
r14=1 ^ r27=1 ^ freq ceros=5 ^ time entropy=1,freq unos=1 ^ freq dos=1 ^ pasos=1 ^ simetria=2 ^ actividad=1 ^ entropia=1 ^ transitoriedad=2,1
r8=0 ^ r27=1 ^ freq ceros=5 ^ width=2,freq dos=1 ^ pasos=1 ^ simetria=2 ^ transitoriedad=2,1
r14=2 ^ freq unos=5 ^ width=4 ^ time entropy=1,pasos=1 ^ simetria=2 ^ transitoriedad=2,1
r24=2 ^ r27=1 ^ freq ceros=5 ^ width=2,freq unos=1 ^ freq dos=1 ^ pasos=1 ^ simetria=2 ^ transitoriedad=2 ^ time entropy=1,1
r27=1 ^ freq ceros=5 ^ width=2 ^ simetria=2,freq dos=1 ^ pasos=1 ^ transitoriedad=2 ^ time entropy=1,1
r14=1 ^ r27=1 ^ freq ceros=5 ^ width=2,freq dos=1 ^ pasos=1 ^ simetria=2 ^ transitoriedad=2,3
r27=2 ^ freq ceros=5 ^ freq dos=1 ^ actividad=1,freq unos=1 ^ pasos=1 ^ simetria=2 ^ entropia=1 ^ transitoriedad=2 ^ time entropy=1,1
r14=1 ^ r27=1 ^ freq ceros=5 ^ actividad=1,freq dos=1 ^ pasos=1 ^ simetria=2 ^ entropia=1 ^ transitoriedad=2 ^ time entropy=1,1
r14=1 ^ r27=1 ^ freq ceros=5 ^ width=2,simetria=2,1
r14=1 ^ r27=1 ^ freq ceros=5 ^ transitoriedad=2,simetria=2,1
r25=0 ^ r27=1 ^ freq ceros=5 ^ width=2,freq dos=1 ^ pasos=1 ^ simetria=2 ^ actividad=1 ^ entropia=1 ^ transitoriedad=2,1
r14=1 ^ r27=1 ^ freq ceros=5 ^ time entropy=5,freq unos=5 ^ pasos=1 ^ simetria=2 ^ transitoriedad=2,1
r6=0 ^ r14=1 ^ r27=1 ^ freq ceros=5,pasos=1 ^ simetria=2 ^ transitoriedad=2,1
r14=1 ^ r27=1 ^ freq ceros=5 ^ pasos=1,simetria=2 ^ transitoriedad=2,1
r14=1 ^ r27=1 ^ freq unos=3 ^ width=4,pasos=1 ^ transitoriedad=2,1
r10=2 ^ r27=0 ^ time entropy=1,freq ceros=3 ^ freq unos=5 ^ width=2 ^ pasos=1 ^ simetria=2 ^ actividad=1 ^ entropia=1 ^ transitoriedad=2,1
r1=2 ^ r27=1 ^ width=2 ^ time entropy=1,freq ceros=3 ^ freq unos=1 ^ freq dos=1 ^ pasos=1 ^ simetria=2 ^ actividad=1 ^ entropia=1 ^ transitoriedad=2,1
r27=1 ^ freq ceros=5 ^ width=2 ^ time entropy=1,pasos=1 ^ simetria=2 ^ actividad=1 ^ entropia=1 ^ transitoriedad=2,8
r14=1 ^ r27=1 ^ freq unos=3 ^ width=4,pasos=1 ^ simetria=2 ^ transitoriedad=2 ^ sensitividad=2,1
r27=0,freq dos=1 ^ pasos=1 ^ simetria=2 ^ actividad=1 ^ entropia=1 ^ transitoriedad=2 ^ time entropy=3,1
r14=1 ^ r27=1 ^ freq ceros=5 ^ time entropy=1,pasos=1 ^ simetria=2 ^ actividad=1 ^ entropia=1 ^ transitoriedad=2,2
r14=1 ^ r27=1 ^ freq ceros=5 ^ simetria=2,freq unos=2 ^ pasos=1 ^ transitoriedad=2,1
r7=1 ^ r27=1 ^ freq ceros=5 ^ width=2,freq unos=1 ^ freq dos=1 ^ pasos=1 ^ simetria=2 ^ actividad=1 ^ entropia=1 ^ transitoriedad=2 ^ time entropy=1,1
r27=1 ^ freq ceros=5 ^ width=2 ^ time entropy=1,freq dos=1 ^ pasos=1 ^ simetria=2 ^ entropia=1 ^ transitoriedad=2,2
r23=0 ^ freq ceros=5 ^ width=2 ^ actividad=4,pasos=1 ^ simetria=2 ^ entropia=1 ^ transitoriedad=2,1
r27=1 ^ freq ceros=5 ^ width=2 ^ time entropy=1,freq unos=1 ^ pasos=1 ^ simetria=2 ^ transitoriedad=2,1
r27=1 ^ freq unos=1 ^ width=2 ^ time entropy=1,pasos=1 ^ simetria=2 ^ transitoriedad=2,4
r27=0 ^ freq ceros=5 ^ freq unos=3 ^ width=2,freq dos=1 ^ pasos=1 ^ simetria=2 ^ actividad=1 ^ entropia=1 ^ transitoriedad=2,1
r27=1 ^ freq unos=1 ^ width=2 ^ time entropy=1,freq dos=1 ^ pasos=1 ^ simetria=2 ^ entropia=1 ^ transitoriedad=2,2
r27=1 ^ freq ceros=5 ^ width=2 ^ time entropy=1,freq unos=1 ^ freq dos=1 ^ pasos=1,1
r27=2 ^ freq ceros=5 ^ width=2 ^ simetria=2,freq unos=1 ^ pasos=1 ^ transitoriedad=2 ^ time entropy=1,1
r27=0 ^ freq ceros=5 ^ freq unos=5 ^ width=2,pasos=1 ^ simetria=2 ^ transitoriedad=2,1
r14=1 ^ r23=1 ^ r27=1 ^ freq ceros=5,freq unos=5 ^ pasos=1 ^ simetria=2 ^ transitoriedad=2,1
r17=1 ^ r27=1 ^ freq ceros=5 ^ width=2,freq unos=1 ^ freq dos=1 ^ pasos=1 ^ simetria=2 ^ entropia=1 ^ transitoriedad=2 ^ time entropy=1,1
r7=0 ^ r16=1 ^ time entropy=1,freq ceros=3 ^ freq unos=5 ^ width=2 ^ pasos=1 ^ simetria=2 ^ actividad=1 ^ entropia=1 ^ transitoriedad=2,1
r27=2 ^ freq ceros=5 ^ width=2,freq unos=1 ^ freq dos=1 ^ pasos=1 ^ simetria=2 ^ actividad=1 ^ entropia=1 ^ transitoriedad=2 ^ time entropy=1,3
r14=1 ^ r27=1 ^ freq ceros=5 ^ width=2,freq dos=1 ^ pasos=1 ^ simetria=2 ^ actividad=1 ^ entropia=1 ^ transitoriedad=2,9
r27=2 ^ freq ceros=5 ^ freq dos=1 ^ actividad=1,freq unos=1 ^ pasos=1 ^ simetria=2 ^ entropia=1 ^ transitoriedad=2 ^ sensitividad=1 ^ time entropy=1,1
r14=1 ^ pasos=1,freq ceros=3 ^ freq dos=1 ^ width=4 ^ simetria=2 ^ actividad=1 ^ entropia=1 ^ transitoriedad=2 ^ time entropy=3,1
r27=1 ^ freq ceros=5 ^ width=2 ^ transitoriedad=2,freq unos=1 ^ freq dos=1 ^ pasos=1,1
r27=2 ^ freq ceros=5 ^ width=2 ^ time entropy=1,freq unos=1 ^ freq dos=1 ^ pasos=1 ^ simetria=2 ^ actividad=1 ^ entropia=1 ^ transitoriedad=2,11
r24=0 ^ r25=0 ^ width=2,freq ceros=3 ^ freq unos=1 ^ freq dos=1 ^ pasos=1 ^ simetria=2 ^ actividad=1 ^ entropia=1 ^ transitoriedad=2 ^ sensitividad=3,1
r27=1 ^ freq ceros=5 ^ width=2 ^ transitoriedad=2,pasos=1 ^ simetria=2 ^ entropia=1,1
r27=1 ^ freq ceros=5 ^ width=2,freq unos=1 ^ pasos=1 ^ transitoriedad=2,1
r21=1 ^ r27=1 ^ freq ceros=5 ^ width=2,pasos=1 ^ simetria=2 ^ transitoriedad=2,1
r12=1 ^ r17=0 ^ r20=2,freq ceros=3 ^ freq unos=5 ^ width=2 ^ pasos=1 ^ simetria=2 ^ actividad=1 ^ entropia=1 ^ transitoriedad=2 ^ time entropy=1,1
r14=1 ^ r27=1 ^ freq ceros=5 ^ width=2,freq unos=1 ^ freq dos=1 ^ pasos=1 ^ simetria=2 ^ actividad=1 ^ entropia=1 ^ transitoriedad=2 ^ time entropy=1,3
r14=2,freq ceros=3 ^ freq unos=5 ^ width=2 ^ pasos=1 ^ simetria=2 ^ actividad=1 ^ entropia=1 ^ transitoriedad=2,1
r27=1 ^ freq ceros=5 ^ width=3 ^ time entropy=1,pasos=1 ^ transitoriedad=2,1
r27=1 ^ freq ceros=5 ^ width=2,freq unos=1 ^ freq dos=1 ^ pasos=1 ^ simetria=2 ^ actividad=1 ^ entropia=1 ^ transitoriedad=2 ^ sensitividad=3,1
r27=1 ^ freq unos=1 ^ width=2 ^ time entropy=1,pasos=1 ^ simetria=2 ^ entropia=4 ^ transitoriedad=2,1
r14=1 ^ r27=1 ^ freq ceros=5 ^ time entropy=1,freq unos=1 ^ pasos=1 ^ actividad=1 ^ entropia=1 ^ transitoriedad=2,1
r24=0 ^ r27=1 ^ freq ceros=5 ^ width=2,freq unos=1 ^ freq dos=1 ^ pasos=1 ^ simetria=2 ^ actividad=1 ^ entropia=1 ^ transitoriedad=2 ^ time entropy=1,6
r27=2 ^ freq ceros=5 ^ width=2,freq unos=1 ^ freq dos=1 ^ pasos=1 ^ simetria=2 ^ transitoriedad=2,1
r27=1 ^ freq ceros=5 ^ width=2,freq unos=1 ^ freq dos=1 ^ pasos=1 ^ simetria=2 ^ actividad=1 ^ entropia=1 ^ transitoriedad=2,5
r27=2 ^ freq ceros=5 ^ width=2 ^ transitoriedad=2,freq dos=1 ^ pasos=1 ^ simetria=2 ^ actividad=1,1
r23=1 ^ r27=1 ^ freq ceros=5 ^ width=2,freq unos=1 ^ freq dos=1 ^ pasos=1 ^ simetria=2 ^ actividad=1 ^ entropia=1 ^ transitoriedad=2 ^ time entropy=1,1
r14=1 ^ r27=1 ^ freq ceros=5 ^ time entropy=1,pasos=1 ^ simetria=2 ^ actividad=1 ^ transitoriedad=2,1
r7=2 ^ r16=1 ^ r23=2,freq ceros=3 ^ freq unos=5 ^ width=2 ^ pasos=1 ^ simetria=2 ^ actividad=1 ^ entropia=1 ^ transitoriedad=2 ^ sensitividad=3,1
r27=1 ^ freq ceros=5 ^ width=2,freq unos=1 ^ pasos=1 ^ simetria=2 ^ actividad=1 ^ entropia=1 ^ transitoriedad=2,1
r3=1 ^ r14=1 ^ r27=1 ^ freq ceros=5,pasos=1 ^ simetria=2 ^ transitoriedad=2,1
r14=1 ^ r27=1 ^ freq ceros=5,pasos=1 ^ simetria=2 ^ actividad=1 ^ entropia=1 ^ transitoriedad=2,1
r27=2 ^ freq ceros=5 ^ width=2 ^ time entropy=1,freq dos=1 ^ pasos=1 ^ simetria=2 ^ entropia=5 ^ transitoriedad=2,1
r1=2 ^ r27=1 ^ freq ceros=5 ^ width=2,freq unos=1 ^ freq dos=1 ^ pasos=1 ^ simetria=2 ^ actividad=1 ^ transitoriedad=2,1
r9=1 ^ r27=1 ^ freq ceros=5 ^ width=2,freq dos=1 ^ pasos=1 ^ simetria=2 ^ actividad=1 ^ entropia=1 ^ transitoriedad=2 ^ time entropy=1,1
r27=1 ^ freq ceros=5 ^ width=2,freq unos=1 ^ pasos=1 ^ simetria=2 ^ actividad=1 ^ entropia=1 ^ transitoriedad=2 ^ time entropy=1,1
r5=0 ^ r14=1 ^ width=2,freq ceros=3 ^ freq unos=5 ^ freq dos=1 ^ pasos=1 ^ simetria=2 ^ actividad=1 ^ entropia=1 ^ transitoriedad=2 ^ time entropy=3,1
r24=0 ^ r27=1 ^ freq ceros=5 ^ width=2,freq unos=5 ^ pasos=1 ^ simetria=2 ^ actividad=1 ^ entropia=1 ^ transitoriedad=2 ^ time entropy=1,1
r13=0 ^ r27=2 ^ freq ceros=5 ^ width=2,freq unos=1 ^ freq dos=1 ^ pasos=1 ^ simetria=2 ^ actividad=1 ^ entropia=1 ^ transitoriedad=2 ^ time entropy=1,1
r1=2 ^ r3=2 ^ r5=0 ^ r23=0,freq ceros=5 ^ freq unos=2 ^ freq dos=3 ^ actividad=1 ^ entropia=1 ^ sensitividad=2 ^ time entropy=1,1
r27=1 ^ freq ceros=5 ^ width=2 ^ time entropy=1,freq unos=2 ^ freq dos=1 ^ pasos=1 ^ simetria=2 ^ actividad=1 ^ entropia=1 ^ transitoriedad=2,1
r24=0 ^ r27=1 ^ freq ceros=5 ^ width=2,pasos=1 ^ simetria=2 ^ entropia=1 ^ transitoriedad=2,1
r27=1 ^ freq ceros=5 ^ width=2 ^ time entropy=1,freq dos=1 ^ pasos=1 ^ simetria=2 ^ actividad=1 ^ entropia=1 ^ transitoriedad=2,28
r27=2 ^ freq ceros=5 ^ width=2 ^ time entropy=1,freq dos=1 ^ pasos=1 ^ simetria=2 ^ transitoriedad=2,2
r27=1 ^ freq unos=1 ^ width=2 ^ time entropy=1,freq ceros=2 ^ pasos=1 ^ simetria=2 ^ transitoriedad=2,1
r12=1 ^ time entropy=1,freq ceros=3 ^ freq unos=5 ^ width=2 ^ pasos=1 ^ simetria=2 ^ actividad=1 ^ entropia=1 ^ transitoriedad=2,1
r3=0 ^ r24=0,freq ceros=3 ^ freq unos=5 ^ width=2 ^ pasos=1 ^ simetria=2 ^ actividad=1 ^ entropia=1 ^ transitoriedad=2 ^ sensitividad=3,1
r27=2 ^ freq ceros=5 ^ width=2 ^ actividad=1,freq unos=1 ^ freq dos=1 ^ pasos=1 ^ simetria=2 ^ entropia=1 ^ transitoriedad=2 ^ time entropy=1,13
r27=1 ^ transitoriedad=2,freq ceros=3 ^ freq unos=5 ^ width=2 ^ pasos=1 ^ simetria=2 ^ actividad=1 ^ entropia=1,1
r14=1 ^ r27=1 ^ freq ceros=5 ^ actividad=1,freq unos=1 ^ freq dos=1 ^ pasos=1 ^ simetria=2 ^ entropia=1 ^ transitoriedad=2 ^ time entropy=1,1
r18=0 ^ r27=0 ^ width=5 ^ transitoriedad=2,pasos=1 ^ simetria=2 ^ actividad=3,1
r27=0 ^ freq unos=5 ^ width=2,pasos=1 ^ simetria=2 ^ transitoriedad=2,1
r27=1 ^ freq ceros=5 ^ width=2 ^ actividad=1,freq unos=1 ^ freq dos=1 ^ pasos=1 ^ simetria=2 ^ entropia=1 ^ transitoriedad=2 ^ time entropy=1,29
r24=0 ^ r27=2 ^ freq ceros=5 ^ width=2,freq unos=1 ^ freq dos=1 ^ pasos=1 ^ simetria=2 ^ transitoriedad=2 ^ time entropy=1,1
r27=1 ^ freq ceros=5 ^ width=2 ^ actividad=1,freq unos=1 ^ freq dos=1 ^ pasos=1 ^ simetria=2 ^ entropia=1 ^ transitoriedad=2,3
r27=1 ^ freq ceros=5 ^ width=2 ^ pasos=1,freq unos=1 ^ freq dos=1 ^ transitoriedad=2,1
r27=1 ^ freq ceros=5 ^ freq unos=1 ^ width=2,freq dos=1 ^ pasos=1 ^ simetria=2 ^ actividad=1 ^ entropia=1 ^ transitoriedad=2 ^ time entropy=1,1
r27=0 ^ freq ceros=5 ^ freq unos=3 ^ width=2,pasos=1 ^ simetria=2 ^ actividad=1 ^ entropia=1 ^ transitoriedad=2 ^ time entropy=1,2
r14=1 ^ r27=1 ^ freq ceros=5 ^ width=2,freq dos=1 ^ pasos=1 ^ simetria=2 ^ actividad=1 ^ entropia=1 ^ transitoriedad=2 ^ time entropy=1,1
r27=1 ^ freq ceros=5 ^ width=2 ^ actividad=1,freq dos=1 ^ pasos=1 ^ simetria=2 ^ entropia=1 ^ transitoriedad=2 ^ time entropy=1,9
r14=1 ^ r27=1 ^ freq ceros=5 ^ width=2,freq dos=1 ^ pasos=1 ^ simetria=2 ^ entropia=1 ^ transitoriedad=2 ^ time entropy=1,1
r20=0 ^ r27=1 ^ freq ceros=5 ^ width=2,freq unos=1 ^ freq dos=1 ^ pasos=1 ^ simetria=2 ^ actividad=1 ^ entropia=1 ^ transitoriedad=2 ^ time entropy=1,1
r27=1 ^ freq ceros=5 ^ freq dos=1 ^ width=2,pasos=1 ^ simetria=2 ^ actividad=1 ^ entropia=1 ^ transitoriedad=2,1
r24=0 ^ r27=1 ^ freq ceros=5 ^ width=2,freq unos=1 ^ pasos=1 ^ simetria=2 ^ actividad=1 ^ entropia=1 ^ transitoriedad=2 ^ time entropy=1,3
r16=2 ^ freq ceros=5 ^ width=2 ^ actividad=4,freq dos=1 ^ pasos=1 ^ simetria=2 ^ entropia=1 ^ transitoriedad=2,1
r27=1 ^ freq ceros=5 ^ width=2,freq unos=1 ^ pasos=1 ^ simetria=2 ^ entropia=1 ^ transitoriedad=2 ^ time entropy=1,1
r14=1 ^ r27=1 ^ freq ceros=5 ^ actividad=1,freq unos=3 ^ freq dos=1 ^ pasos=1 ^ simetria=2 ^ entropia=1 ^ transitoriedad=2,1
r27=1 ^ freq ceros=5 ^ width=2 ^ transitoriedad=2,freq unos=1 ^ freq dos=1 ^ pasos=1 ^ simetria=2 ^ actividad=1 ^ entropia=1,1
r14=1 ^ r27=1 ^ freq ceros=5 ^ width=2,pasos=1 ^ simetria=2 ^ transitoriedad=2,1
r5=1 ^ r27=1 ^ freq ceros=5 ^ width=2,freq unos=1 ^ freq dos=1 ^ pasos=1 ^ simetria=2 ^ actividad=1 ^ entropia=1 ^ transitoriedad=2 ^ time entropy=1,1
r9=1 ^ r27=1 ^ freq ceros=5 ^ width=2,freq dos=1 ^ pasos=1 ^ simetria=2 ^ actividad=1 ^ entropia=1 ^ transitoriedad=2,1
r14=1 ^ r27=1 ^ freq ceros=5 ^ width=2,pasos=1 ^ simetria=2 ^ entropia=1 ^ transitoriedad=2 ^ time entropy=1,1
r14=1 ^ r27=1 ^ freq ceros=5 ^ simetria=2,pasos=1 ^ entropia=1 ^ transitoriedad=2 ^ time entropy=1,1
r27=1 ^ freq ceros=5 ^ width=2,freq dos=1 ^ pasos=1 ^ simetria=2 ^ transitoriedad=2,3
r27=2 ^ freq ceros=5 ^ width=2 ^ transitoriedad=2,freq unos=1 ^ freq dos=1 ^ pasos=1 ^ simetria=2 ^ time entropy=1,1
r14=1 ^ r27=1 ^ freq ceros=5 ^ transitoriedad=2,pasos=1 ^ simetria=2 ^ actividad=1 ^ entropia=1,1
r27=1 ^ freq ceros=5 ^ width=2 ^ transitoriedad=2,freq dos=1 ^ pasos=1,1
r27=2 ^ freq ceros=5 ^ width=2 ^ actividad=1,freq unos=1 ^ pasos=1 ^ simetria=2 ^ entropia=1 ^ transitoriedad=2 ^ time entropy=1,5
r14=1 ^ width=2,freq ceros=3 ^ freq unos=5 ^ freq dos=1 ^ pasos=1 ^ simetria=2 ^ entropia=1 ^ transitoriedad=2 ^ time entropy=3,1
r12=2 ^ r14=2 ^ sensitividad=2,freq ceros=3 ^ freq unos=5 ^ width=2 ^ pasos=1 ^ simetria=2 ^ actividad=1 ^ entropia=1 ^ transitoriedad=2 ^ time entropy=1,1
r26=1 ^ r27=1 ^ freq ceros=5 ^ width=2,freq unos=1 ^ freq dos=1 ^ pasos=1 ^ simetria=2 ^ actividad=1 ^ entropia=1 ^ transitoriedad=2 ^ time entropy=1,1
r27=1 ^ freq ceros=5 ^ width=2 ^ entropia=3,freq unos=1 ^ freq dos=1 ^ pasos=1 ^ simetria=2 ^ transitoriedad=2 ^ time entropy=1,1
r11=1 ^ time entropy=1,freq ceros=3 ^ freq unos=5 ^ width=2 ^ pasos=1 ^ simetria=2 ^ actividad=1 ^ entropia=1 ^ transitoriedad=2,1
r14=0 ^ r27=1 ^ freq ceros=5 ^ width=2,freq unos=1 ^ freq dos=1 ^ pasos=1 ^ simetria=2 ^ actividad=1 ^ entropia=1 ^ transitoriedad=2 ^ time entropy=1,1
r14=1 ^ r15=1 ^ r27=1 ^ freq ceros=5,pasos=1 ^ simetria=2 ^ transitoriedad=2,1
r27=2 ^ freq ceros=5 ^ width=2 ^ transitoriedad=2,freq dos=1 ^ pasos=1 ^ simetria=2 ^ actividad=1 ^ entropia=1,1
r14=1 ^ r27=1 ^ freq ceros=5 ^ width=2,freq unos=1 ^ freq dos=1 ^ pasos=1 ^ simetria=2 ^ transitoriedad=2,1
r6=0 ^ r22=0,freq ceros=3 ^ freq unos=5 ^ width=2 ^ pasos=1 ^ simetria=2 ^ actividad=1 ^ entropia=1 ^ transitoriedad=2 ^ time entropy=1,1
r14=1 ^ r27=1 ^ freq ceros=5 ^ width=2,freq dos=1 ^ pasos=1 ^ simetria=2 ^ actividad=1 ^ transitoriedad=2 ^ time entropy=1,1
r14=1 ^ r27=0 ^ freq ceros=5 ^ width=2,freq dos=1 ^ pasos=1 ^ simetria=2 ^ actividad=1 ^ entropia=1 ^ transitoriedad=2 ^ time entropy=3,2
r14=1 ^ r27=1 ^ freq ceros=5 ^ actividad=1,freq dos=1 ^ pasos=1 ^ simetria=2 ^ entropia=1 ^ transitoriedad=2,1
r27=2 ^ freq dos=1 ^ width=2 ^ actividad=1,freq unos=1 ^ pasos=1 ^ simetria=2 ^ entropia=1 ^ transitoriedad=2 ^ time entropy=1,2
r27=1 ^ freq ceros=5 ^ width=2,freq unos=5 ^ freq dos=1 ^ pasos=1 ^ simetria=2 ^ actividad=1 ^ entropia=1 ^ transitoriedad=2 ^ time entropy=1,1
r5=2 ^ r27=1 ^ freq ceros=5 ^ width=2,freq unos=1 ^ freq dos=1 ^ pasos=1 ^ simetria=2 ^ actividad=1 ^ entropia=1 ^ transitoriedad=2 ^ time entropy=1,1
r27=1 ^ freq unos=1 ^ width=2 ^ time entropy=1,pasos=1 ^ simetria=2 ^ actividad=1 ^ entropia=1 ^ transitoriedad=2,1
r27=2 ^ freq dos=1 ^ width=2 ^ time entropy=1,freq unos=1 ^ pasos=1 ^ simetria=2 ^ transitoriedad=2,1
r27=0 ^ width=4 ^ actividad=4 ^ time entropy=1,freq dos=1 ^ pasos=1 ^ simetria=2 ^ entropia=1 ^ transitoriedad=2,3
r14=1 ^ r27=1 ^ freq ceros=5 ^ width=2,freq unos=1 ^ pasos=1 ^ simetria=2 ^ actividad=1 ^ entropia=1 ^ transitoriedad=2,1
r24=1 ^ time entropy=1,freq ceros=3 ^ freq unos=5 ^ width=2 ^ pasos=1 ^ simetria=2 ^ actividad=1 ^ entropia=1 ^ transitoriedad=2,1
r3=1 ^ r27=1 ^ freq ceros=5 ^ width=2,freq unos=1 ^ freq dos=1 ^ pasos=1 ^ simetria=2 ^ actividad=1 ^ entropia=1 ^ transitoriedad=2 ^ time entropy=1,1
r27=1 ^ freq ceros=5 ^ width=2 ^ time entropy=1,freq unos=1 ^ freq dos=1 ^ pasos=1 ^ simetria=2 ^ entropia=1 ^ transitoriedad=2,2
r14=1 ^ r27=1 ^ freq ceros=5 ^ time entropy=1,simetria=2 ^ entropia=1 ^ transitoriedad=2,1
r24=0 ^ freq ceros=5 ^ freq unos=3 ^ width=2,pasos=1 ^ simetria=2 ^ entropia=1 ^ transitoriedad=2 ^ sensitividad=5 ^ time entropy=1,1
r27=2 ^ freq dos=1 ^ width=2 ^ actividad=1,pasos=1 ^ simetria=2 ^ entropia=1 ^ transitoriedad=2 ^ time entropy=1,3
r6=2 ^ r27=1 ^ freq ceros=5 ^ width=2,freq unos=1 ^ freq dos=1 ^ pasos=1 ^ simetria=2 ^ actividad=1 ^ entropia=1 ^ transitoriedad=2 ^ time entropy=1,1
r27=1 ^ freq ceros=5 ^ width=2 ^ time entropy=1,pasos=1 ^ simetria=2 ^ actividad=1 ^ entropia=1 ^ transitoriedad=2 ^ sensitividad=3,1
r27=1 ^ freq ceros=5 ^ freq unos=1 ^ width=2,freq dos=1 ^ pasos=1 ^ simetria=2 ^ actividad=1 ^ entropia=1 ^ transitoriedad=2,1
r27=1 ^ freq ceros=5 ^ width=2 ^ transitoriedad=2,pasos=1,1
r27=2 ^ freq unos=3 ^ freq dos=1 ^ width=2,pasos=1 ^ simetria=2 ^ actividad=1 ^ entropia=1 ^ transitoriedad=2 ^ time entropy=1,1
r27=0 ^ freq ceros=5 ^ freq unos=3 ^ width=2,pasos=1 ^ simetria=2 ^ entropia=1 ^ transitoriedad=2 ^ time entropy=1,1
r27=1 ^ freq ceros=5 ^ freq dos=1 ^ width=2,freq unos=1 ^ pasos=1 ^ simetria=2 ^ actividad=1 ^ entropia=1 ^ transitoriedad=2 ^ time entropy=1,17
r27=2 ^ freq ceros=5 ^ freq dos=1 ^ width=2,freq unos=1 ^ pasos=1 ^ simetria=2 ^ actividad=1 ^ entropia=1 ^ transitoriedad=2 ^ time entropy=1,16
r17=2 ^ width=4 ^ actividad=4 ^ time entropy=1,freq ceros=4 ^ freq dos=1 ^ pasos=1 ^ simetria=2 ^ entropia=1 ^ transitoriedad=2,1
r23=1 ^ width=4 ^ actividad=4 ^ time entropy=1,freq ceros=4 ^ freq dos=1 ^ pasos=1 ^ simetria=2 ^ entropia=1 ^ transitoriedad=2,1
r27=2 ^ freq ceros=5 ^ width=2 ^ time entropy=1,freq unos=1 ^ freq dos=1 ^ pasos=1 ^ simetria=2 ^ transitoriedad=2,3
r27=1 ^ freq ceros=5 ^ width=2 ^ transitoriedad=2,freq dos=1 ^ pasos=1 ^ time entropy=1,1
r27=1 ^ freq ceros=5 ^ freq dos=1 ^ width=2,freq unos=1 ^ pasos=1 ^ simetria=2 ^ entropia=1 ^ transitoriedad=2 ^ time entropy=1,2
r27=1 ^ freq ceros=5 ^ freq dos=1 ^ width=2,freq unos=1 ^ pasos=1 ^ simetria=2 ^ actividad=1 ^ entropia=1 ^ time entropy=1,1
r27=1 ^ freq ceros=5 ^ width=2,freq unos=5 ^ pasos=1 ^ simetria=2 ^ transitoriedad=2,1
r27=1 ^ freq ceros=5 ^ width=2 ^ simetria=2,freq dos=1 ^ pasos=1 ^ transitoriedad=2,1
r14=1 ^ r27=1 ^ freq ceros=5 ^ transitoriedad=2,freq dos=1 ^ pasos=1 ^ simetria=2 ^ actividad=1 ^ entropia=1 ^ time entropy=1,1
r27=1 ^ freq ceros=5 ^ width=2,freq unos=1 ^ freq dos=1 ^ pasos=1 ^ simetria=2 ^ transitoriedad=2 ^ time entropy=1,1
r16=2 ^ time entropy=1,freq ceros=3 ^ freq unos=5 ^ width=2 ^ pasos=1 ^ simetria=2 ^ actividad=1 ^ entropia=1 ^ transitoriedad=2,2
r27=2 ^ freq ceros=5 ^ freq dos=1 ^ width=2,freq unos=1 ^ pasos=1 ^ simetria=2 ^ transitoriedad=2 ^ time entropy=1,1
r27=1 ^ freq ceros=5 ^ width=2 ^ transitoriedad=2,freq unos=1 ^ freq dos=1 ^ simetria=2,1
r1=0 ^ freq unos=1 ^ freq dos=1 ^ width=3,pasos=1 ^ transitoriedad=2,1
r27=2 ^ freq ceros=5 ^ width=2 ^ transitoriedad=2,freq unos=1 ^ freq dos=1 ^ pasos=1 ^ simetria=2 ^ time entropy=5,1
