antecedente,consecuente,support,confidence,leverage,chi_cuadrada,coverage,rule_size
r27=2 ^ transitoriedad=2,pasos=1 ^ simetria=2,1.410510,0.012200,0.904785,0.000058,1.406892,1.333333
r27=2 ^ transitoriedad=2,pasos=1 ^ simetria=2,1.410510,0.012200,0.904785,0.000058,1.406892,1.333333
r27=0 ^ width=5 ^ simetria=2 ^ transitoriedad=2,freq ceros=5 ^ pasos=1,1.818964,0.000000,0.707824,0.000005,1.818964,1.000000
r27=0 ^ width=5 ^ simetria=2 ^ transitoriedad=2,freq ceros=5 ^ pasos=1,1.818964,0.000000,0.707824,0.000005,1.818964,1.000000
r26=0 ^ r27=0 ^ transitoriedad=1 ^ time entropy=1,freq ceros=1 ^ freq unos=1 ^ freq dos=1 ^ width=1 ^ actividad=1 ^ entropia=1,1.940008,0.037553,0.889021,0.000005,1.938860,0.333333
r18=0 ^ r26=0 ^ r27=0 ^ transitoriedad=1,freq ceros=1 ^ freq unos=1 ^ freq dos=1 ^ width=1 ^ actividad=1 ^ entropia=1 ^ time entropy=1,1.947326,0.039454,0.902041,0.000006,1.946266,0.166667
r27=2 ^ transitoriedad=2,pasos=1 ^ simetria=2,1.410510,0.012200,0.904785,0.000058,1.406892,1.333333
r27=0 ^ width=5 ^ transitoriedad=2,freq ceros=5 ^ pasos=1,1.794556,0.000000,0.668432,0.000004,1.794556,1.166667
r27=0 ^ width=5 ^ simetria=2 ^ transitoriedad=2,freq ceros=5 ^ pasos=1,1.818964,0.000000,0.707824,0.000005,1.818964,1.000000
r26=0 ^ r27=0 ^ transitoriedad=1 ^ time entropy=1,freq ceros=1 ^ freq unos=1 ^ freq dos=1 ^ width=1 ^ actividad=1 ^ entropia=1,1.940008,0.037553,0.889021,0.000005,1.938860,0.333333
r18=0 ^ r26=0 ^ r27=0 ^ transitoriedad=1,freq ceros=1 ^ freq unos=1 ^ freq dos=1 ^ width=1 ^ actividad=1 ^ entropia=1 ^ time entropy=1,1.947326,0.039454,0.902041,0.000006,1.946266,0.166667
r22=0,pasos=1 ^ simetria=2 ^ transitoriedad=2,1.418346,0.255350,0.999047,0.609041,1.333214,1.333333
r18=0 ^ r26=0 ^ r27=0 ^ transitoriedad=1,freq ceros=1 ^ freq unos=1 ^ freq dos=1 ^ width=1 ^ simetria=1 ^ actividad=1 ^ entropia=1 ^ time entropy=1,1.947996,0.064391,0.901626,0.000004,1.946266,0.000000
r26=0 ^ r27=0 ^ transitoriedad=1 ^ time entropy=1,freq ceros=1 ^ freq unos=1 ^ freq dos=1 ^ width=1 ^ actividad=1 ^ entropia=1,1.940008,0.037553,0.889021,0.000005,1.938860,0.333333
r18=0 ^ r26=0 ^ simetria=1 ^ transitoriedad=1,freq ceros=1 ^ freq unos=1 ^ freq dos=1 ^ width=1 ^ actividad=1 ^ entropia=1 ^ time entropy=1,1.945442,0.091644,0.898746,0.000006,1.942822,0.166667
r18=0 ^ r26=0 ^ r27=0 ^ transitoriedad=1,freq ceros=1 ^ freq unos=1 ^ freq dos=1 ^ width=1 ^ simetria=1 ^ actividad=1 ^ entropia=1 ^ time entropy=1,1.947996,0.064391,0.901626,0.000004,1.946266,0.000000
r18=0 ^ r26=0 ^ r27=0 ^ transitoriedad=1,freq ceros=1 ^ freq unos=1 ^ freq dos=1 ^ width=1 ^ simetria=1 ^ actividad=1 ^ entropia=1 ^ time entropy=1,1.947996,0.064391,0.901626,0.000004,1.946266,0.000000
r18=0 ^ r26=0 ^ r27=0 ^ transitoriedad=1,freq ceros=1 ^ freq unos=1 ^ freq dos=1 ^ width=1 ^ simetria=1 ^ actividad=1 ^ entropia=1 ^ time entropy=1,1.947996,0.064391,0.901626,0.000004,1.946266,0.000000
r18=0 ^ r26=0 ^ r27=0 ^ transitoriedad=1,freq ceros=1 ^ freq unos=1 ^ freq dos=1 ^ width=1 ^ simetria=1 ^ actividad=1 ^ entropia=1 ^ time entropy=1,1.947996,0.064391,0.901626,0.000004,1.946266,0.000000
r18=0 ^ r26=0 ^ r27=0 ^ transitoriedad=1,freq ceros=1 ^ freq unos=1 ^ freq dos=1 ^ width=1 ^ simetria=1 ^ actividad=1 ^ entropia=1 ^ time entropy=1,1.947996,0.064391,0.901626,0.000004,1.946266,0.000000
r18=0 ^ r26=0 ^ r27=0 ^ transitoriedad=1,freq ceros=1 ^ freq unos=1 ^ freq dos=1 ^ width=1 ^ simetria=1 ^ actividad=1 ^ entropia=1 ^ time entropy=1,1.947996,0.064391,0.901626,0.000004,1.946266,0.000000
r27=2 ^ transitoriedad=2,pasos=1 ^ simetria=2,1.410510,0.012200,0.904785,0.000058,1.406892,1.333333
r18=0 ^ transitoriedad=2,pasos=1 ^ simetria=2,1.431578,0.020112,0.912364,0.000067,1.425804,1.333333
r27=0 ^ width=5 ^ simetria=2 ^ transitoriedad=2,freq ceros=5 ^ pasos=1,1.818964,0.000000,0.707824,0.000005,1.818964,1.000000
r27=0 ^ freq dos=1 ^ transitoriedad=1 ^ time entropy=1,freq ceros=1 ^ freq unos=1 ^ width=1 ^ actividad=1 ^ entropia=1,1.931296,0.020685,0.874682,0.000005,1.930578,0.500000
r18=0 ^ r26=0 ^ r27=0 ^ transitoriedad=1,freq ceros=1 ^ freq unos=1 ^ freq dos=1 ^ width=1 ^ actividad=1 ^ entropia=1 ^ time entropy=1,1.947326,0.039454,0.902041,0.000006,1.946266,0.166667
r16=2,pasos=1,1.353800,0.062706,0.999357,0.418871,1.332884,1.666667
r27=0 ^ freq ceros=5 ^ simetria=2,pasos=1 ^ transitoriedad=2,1.648702,0.000000,0.923203,0.000076,1.648702,1.166667
r27=0 ^ freq dos=1 ^ transitoriedad=1 ^ time entropy=1,freq ceros=1 ^ freq unos=1 ^ width=1 ^ actividad=1 ^ entropia=1,1.931296,0.020685,0.874682,0.000005,1.930578,0.500000
r18=0 ^ r26=0 ^ r27=0 ^ transitoriedad=1,freq ceros=1 ^ freq unos=1 ^ freq dos=1 ^ width=1 ^ actividad=1 ^ entropia=1 ^ time entropy=1,1.947326,0.039454,0.902041,0.000006,1.946266,0.166667
r6=2,pasos=1 ^ simetria=2,1.390608,0.171937,0.999468,0.994761,1.333292,1.500000
r6=2 ^ r16=2,pasos=1 ^ simetria=2 ^ transitoriedad=2,1.806360,0.254945,0.999593,1.031643,1.778070,1.166667
r18=0 ^ r26=0 ^ r27=0 ^ transitoriedad=1,freq ceros=1 ^ freq unos=1 ^ freq dos=1 ^ width=1 ^ actividad=1 ^ entropia=1 ^ time entropy=1,1.947326,0.039454,0.902041,0.000006,1.946266,0.166667
r12=0,pasos=1 ^ simetria=2 ^ transitoriedad=2,1.420522,0.256548,0.999846,1.887355,1.335252,1.333333
r18=0 ^ r26=0 ^ r27=0 ^ transitoriedad=1,freq ceros=1 ^ freq unos=1 ^ freq dos=1 ^ width=1 ^ simetria=1 ^ actividad=1 ^ entropia=1 ^ time entropy=1,1.947996,0.064391,0.901626,0.000004,1.946266,0.000000
r18=0 ^ r26=0 ^ r27=0 ^ transitoriedad=1,freq ceros=1 ^ freq unos=1 ^ freq dos=1 ^ width=1 ^ simetria=1 ^ actividad=1 ^ entropia=1 ^ time entropy=1,1.947996,0.064391,0.901626,0.000004,1.946266,0.000000
r24=2 ^ simetria=2 ^ transitoriedad=2,pasos=1,1.406550,0.000067,0.962254,0.000144,1.406530,1.333333
r27=0 ^ freq ceros=5 ^ simetria=2 ^ transitoriedad=2,pasos=1,1.648702,0.000000,0.977633,0.000285,1.648702,1.166667
r27=0 ^ freq dos=1 ^ transitoriedad=1 ^ time entropy=1,freq ceros=1 ^ freq unos=1 ^ width=1 ^ actividad=1 ^ entropia=1,1.931296,0.020685,0.874682,0.000005,1.930578,0.500000
r26=0 ^ r27=0 ^ simetria=1 ^ transitoriedad=1,freq ceros=1 ^ freq unos=1 ^ freq dos=1 ^ width=1 ^ actividad=1 ^ entropia=1 ^ time entropy=1,1.947996,0.007357,0.903169,0.000006,1.947804,0.166667
r16=2,pasos=1 ^ simetria=2 ^ transitoriedad=2,1.417842,0.254702,0.998614,0.343249,1.332884,1.333333
r26=0 ^ r27=0 ^ transitoriedad=1 ^ time entropy=1,freq ceros=1 ^ freq unos=1 ^ freq dos=1 ^ width=1 ^ actividad=1 ^ entropia=1,1.940008,0.037553,0.889021,0.000005,1.938860,0.333333
r18=0 ^ r26=0 ^ r27=0 ^ transitoriedad=1,freq ceros=1 ^ freq unos=1 ^ freq dos=1 ^ width=1 ^ actividad=1 ^ entropia=1 ^ time entropy=1,1.947326,0.039454,0.902041,0.000006,1.946266,0.166667
r22=0,pasos=1 ^ simetria=2 ^ transitoriedad=2,1.418346,0.255350,0.999047,0.609041,1.333214,1.333333
r18=0 ^ r26=0 ^ simetria=1 ^ transitoriedad=1,freq ceros=1 ^ freq unos=1 ^ freq dos=1 ^ width=1 ^ actividad=1 ^ entropia=1 ^ time entropy=1,1.945442,0.091644,0.898746,0.000006,1.942822,0.166667
r18=0 ^ r26=0 ^ r27=0 ^ transitoriedad=1,freq ceros=1 ^ freq unos=1 ^ freq dos=1 ^ width=1 ^ simetria=1 ^ actividad=1 ^ entropia=1 ^ time entropy=1,1.947996,0.064391,0.901626,0.000004,1.946266,0.000000
r24=2 ^ simetria=2 ^ transitoriedad=2,pasos=1,1.406550,0.000067,0.962254,0.000144,1.406530,1.333333
r26=0 ^ r27=0 ^ transitoriedad=1 ^ time entropy=1,freq ceros=1 ^ freq unos=1 ^ freq dos=1 ^ width=1 ^ actividad=1 ^ entropia=1,1.940008,0.037553,0.889021,0.000005,1.938860,0.333333
r18=0 ^ r26=0 ^ r27=0 ^ transitoriedad=1,freq ceros=1 ^ freq unos=1 ^ freq dos=1 ^ width=1 ^ actividad=1 ^ entropia=1 ^ time entropy=1,1.947326,0.039454,0.902041,0.000006,1.946266,0.166667
r18=0 ^ r26=0 ^ simetria=1 ^ transitoriedad=1,freq ceros=1 ^ freq unos=1 ^ freq dos=1 ^ width=1 ^ actividad=1 ^ entropia=1 ^ time entropy=1,1.945442,0.091644,0.898746,0.000006,1.942822,0.166667
r18=0 ^ r26=0 ^ r27=0 ^ transitoriedad=1,freq ceros=1 ^ freq unos=1 ^ freq dos=1 ^ width=1 ^ actividad=1 ^ entropia=1 ^ time entropy=1,1.947326,0.039454,0.902041,0.000006,1.946266,0.166667
r18=0 ^ r26=0 ^ r27=0 ^ transitoriedad=1,freq ceros=1 ^ freq unos=1 ^ freq dos=1 ^ width=1 ^ simetria=1 ^ actividad=1 ^ entropia=1 ^ time entropy=1,1.947996,0.064391,0.901626,0.000004,1.946266,0.000000
r18=0 ^ r26=0 ^ simetria=1 ^ transitoriedad=1,freq ceros=1 ^ freq unos=1 ^ freq dos=1 ^ width=1 ^ actividad=1 ^ entropia=1 ^ time entropy=1,1.945442,0.091644,0.898746,0.000006,1.942822,0.166667
r18=0 ^ r26=0 ^ r27=0 ^ transitoriedad=1,freq ceros=1 ^ freq unos=1 ^ freq dos=1 ^ width=1 ^ actividad=1 ^ entropia=1 ^ time entropy=1,1.947326,0.039454,0.902041,0.000006,1.946266,0.166667
r18=0 ^ r26=0 ^ r27=0 ^ simetria=1,freq ceros=1 ^ freq unos=1 ^ freq dos=1 ^ width=1 ^ actividad=1 ^ entropia=1 ^ transitoriedad=1 ^ time entropy=1,1.947996,0.054034,0.903341,0.000006,1.946552,0.000000
r18=0 ^ r26=0 ^ r27=0 ^ simetria=1,freq ceros=1 ^ freq unos=1 ^ freq dos=1 ^ width=1 ^ actividad=1 ^ entropia=1 ^ transitoriedad=1 ^ time entropy=1,1.947996,0.054034,0.903341,0.000006,1.946552,0.000000
r10=1 ^ simetria=2,pasos=1 ^ transitoriedad=2,1.412762,0.094243,0.923355,0.000113,1.383722,1.333333
r27=0 ^ width=5,freq ceros=5 ^ pasos=1 ^ simetria=2 ^ transitoriedad=2,1.818964,0.237612,0.711753,0.000005,1.794556,1.000000
r27=0 ^ width=5,freq ceros=5 ^ pasos=1 ^ simetria=2 ^ transitoriedad=2,1.818964,0.237612,0.711753,0.000005,1.794556,1.000000
r26=0 ^ r27=0 ^ transitoriedad=1,freq ceros=1 ^ freq unos=1 ^ freq dos=1 ^ width=1 ^ actividad=1 ^ entropia=1 ^ time entropy=1,1.940008,0.080133,0.888609,0.000005,1.937504,0.333333
r18=0 ^ r26=0 ^ simetria=1 ^ transitoriedad=1,freq ceros=1 ^ freq unos=1 ^ freq dos=1 ^ width=1 ^ actividad=1 ^ entropia=1 ^ time entropy=1,1.945442,0.091644,0.898746,0.000006,1.942822,0.166667
r8=1,pasos=1 ^ simetria=2 ^ transitoriedad=2,1.419406,0.254635,0.998573,0.326547,1.334702,1.333333
r27=0 ^ width=5,freq ceros=5 ^ pasos=1 ^ simetria=2 ^ transitoriedad=2,1.818964,0.237612,0.711753,0.000005,1.794556,1.000000
r27=0 ^ transitoriedad=1,freq ceros=1 ^ freq unos=1 ^ freq dos=1 ^ width=1 ^ actividad=1 ^ entropia=1 ^ time entropy=1,1.931296,0.166378,0.872896,0.000005,1.925062,0.500000
r18=0 ^ r26=0 ^ transitoriedad=1 ^ time entropy=1,freq ceros=1 ^ freq unos=1 ^ freq dos=1 ^ width=1 ^ simetria=1 ^ actividad=1 ^ entropia=1,1.945442,0.183519,0.897248,0.000004,1.939930,0.166667
r22=0,pasos=1 ^ simetria=2 ^ transitoriedad=2,1.418346,0.255350,0.999047,0.609041,1.333214,1.333333
r18=0 ^ r26=0 ^ r27=0 ^ transitoriedad=1,freq ceros=1 ^ freq unos=1 ^ freq dos=1 ^ width=1 ^ simetria=1 ^ actividad=1 ^ entropia=1 ^ time entropy=1,1.947996,0.064391,0.901626,0.000004,1.946266,0.000000
r18=0 ^ r26=0 ^ simetria=1 ^ transitoriedad=1,freq ceros=1 ^ freq unos=1 ^ freq dos=1 ^ width=1 ^ actividad=1 ^ entropia=1 ^ time entropy=1,1.945442,0.091644,0.898746,0.000006,1.942822,0.166667
r18=0 ^ r26=0 ^ r27=0 ^ simetria=1,freq ceros=1 ^ freq unos=1 ^ freq dos=1 ^ width=1 ^ actividad=1 ^ entropia=1 ^ transitoriedad=1 ^ time entropy=1,1.947996,0.054034,0.903341,0.000006,1.946552,0.000000
r18=0 ^ r26=0 ^ r27=0 ^ transitoriedad=1,freq ceros=1 ^ freq unos=1 ^ freq dos=1 ^ width=1 ^ simetria=1 ^ actividad=1 ^ entropia=1 ^ time entropy=1,1.947996,0.064391,0.901626,0.000004,1.946266,0.000000
r18=0 ^ r26=0 ^ r27=0 ^ simetria=1,freq ceros=1 ^ freq unos=1 ^ freq dos=1 ^ width=1 ^ actividad=1 ^ entropia=1 ^ transitoriedad=1 ^ time entropy=1,1.947996,0.054034,0.903341,0.000006,1.946552,0.000000
r24=2,pasos=1 ^ simetria=2 ^ transitoriedad=2,1.406550,0.216502,0.973195,0.001106,1.334510,1.333333
r27=0 ^ freq ceros=5,pasos=1 ^ simetria=2 ^ transitoriedad=2,1.648702,0.134351,0.953894,0.000257,1.623404,1.166667
r26=0 ^ transitoriedad=1 ^ time entropy=1,freq ceros=1 ^ freq unos=1 ^ freq dos=1 ^ width=1 ^ actividad=1 ^ entropia=1,1.932016,0.263278,0.875563,0.000005,1.921710,0.500000
r18=0 ^ r26=0 ^ transitoriedad=1 ^ time entropy=1,freq ceros=1 ^ freq unos=1 ^ freq dos=1 ^ width=1 ^ simetria=1 ^ actividad=1 ^ entropia=1,1.945442,0.183519,0.897248,0.000004,1.939930,0.166667
r6=0,pasos=1 ^ simetria=2 ^ transitoriedad=2,1.417374,0.255005,0.998815,0.441592,1.332232,1.333333
r11=1 ^ r22=2,pasos=1 ^ simetria=2 ^ transitoriedad=2,1.806456,0.260310,1.000785,0.445975,1.777496,1.166667
r18=0 ^ r26=0 ^ freq dos=1 ^ transitoriedad=1,freq ceros=1 ^ freq unos=1 ^ width=1 ^ simetria=1 ^ actividad=1 ^ entropia=1 ^ time entropy=1,1.945442,0.187080,0.897346,0.000005,1.939812,0.166667
r22=0,pasos=1 ^ simetria=2 ^ transitoriedad=2,1.418346,0.255350,0.999047,0.609041,1.333214,1.333333
r18=0 ^ r26=0 ^ simetria=1 ^ transitoriedad=1,freq ceros=1 ^ freq unos=1 ^ freq dos=1 ^ width=1 ^ actividad=1 ^ entropia=1 ^ time entropy=1,1.945442,0.091644,0.898746,0.000006,1.942822,0.166667
r18=0 ^ r26=0 ^ r27=0 ^ transitoriedad=1,freq ceros=1 ^ freq unos=1 ^ freq dos=1 ^ width=1 ^ simetria=1 ^ actividad=1 ^ entropia=1 ^ time entropy=1,1.947996,0.064391,0.901626,0.000004,1.946266,0.000000
r27=0,pasos=1 ^ simetria=2 ^ transitoriedad=2,1.434584,0.303139,1.030895,0.000833,1.333574,1.333333
r27=0 ^ freq ceros=5 ^ width=5 ^ transitoriedad=2,pasos=1 ^ simetria=2,1.818964,0.237612,1.013328,0.001309,1.794556,1.000000
r18=0 ^ r26=0 ^ simetria=1 ^ time entropy=1,freq ceros=1 ^ freq unos=1 ^ freq dos=1 ^ width=1 ^ actividad=1 ^ entropia=1 ^ transitoriedad=1,1.945442,0.213205,0.899879,0.000006,1.938932,0.166667
r4=2,pasos=1 ^ simetria=2 ^ transitoriedad=2,1.420412,0.258826,1.001362,0.352907,1.334256,1.333333
r18=0 ^ r26=0 ^ transitoriedad=1 ^ time entropy=1,freq ceros=1 ^ freq unos=1 ^ freq dos=1 ^ width=1 ^ simetria=1 ^ actividad=1 ^ entropia=1,1.945442,0.183519,0.897248,0.000004,1.939930,0.166667
r18=0 ^ r26=0 ^ r27=0 ^ transitoriedad=1,freq ceros=1 ^ freq unos=1 ^ freq dos=1 ^ width=1 ^ simetria=1 ^ actividad=1 ^ entropia=1 ^ time entropy=1,1.947996,0.064391,0.901626,0.000004,1.946266,0.000000
r18=0 ^ r26=0 ^ simetria=1 ^ transitoriedad=1,freq ceros=1 ^ freq unos=1 ^ freq dos=1 ^ width=1 ^ actividad=1 ^ entropia=1 ^ time entropy=1,1.945442,0.091644,0.898746,0.000006,1.942822,0.166667
r18=0 ^ r26=0 ^ freq dos=1 ^ simetria=1,freq ceros=1 ^ freq unos=1 ^ width=1 ^ actividad=1 ^ entropia=1 ^ transitoriedad=1 ^ time entropy=1,1.945442,0.154455,0.899803,0.000006,1.940876,0.166667
r18=0 ^ r26=0 ^ simetria=1 ^ transitoriedad=1,freq ceros=1 ^ freq unos=1 ^ freq dos=1 ^ width=1 ^ actividad=1 ^ entropia=1 ^ time entropy=1,1.945442,0.091644,0.898746,0.000006,1.942822,0.166667
r18=0 ^ r26=0 ^ simetria=1 ^ transitoriedad=1,freq ceros=1 ^ freq unos=1 ^ freq dos=1 ^ width=1 ^ actividad=1 ^ entropia=1 ^ time entropy=1,1.945442,0.091644,0.898746,0.000006,1.942822,0.166667
r27=0 ^ transitoriedad=2,freq ceros=5 ^ pasos=1,1.623404,0.726615,0.475176,0.000004,1.408512,1.333333
r27=0 ^ simetria=2 ^ transitoriedad=2,freq ceros=5 ^ pasos=1,1.648702,0.757382,0.515705,0.000004,1.434584,1.166667
r26=0 ^ transitoriedad=1,freq ceros=1 ^ freq unos=1 ^ freq dos=1 ^ width=1 ^ actividad=1 ^ entropia=1 ^ time entropy=1,1.932016,0.550448,0.876930,0.000006,1.906200,0.500000
r18=0 ^ r26=0 ^ transitoriedad=1,freq ceros=1 ^ freq unos=1 ^ freq dos=1 ^ width=1 ^ simetria=1 ^ actividad=1 ^ entropia=1 ^ time entropy=1,1.945442,0.317098,0.897682,0.000005,1.935162,0.166667
r27=0 ^ simetria=2 ^ transitoriedad=2,freq ceros=5 ^ pasos=1,1.648702,0.757382,0.515705,0.000004,1.434584,1.166667
r27=0 ^ simetria=2 ^ transitoriedad=2,freq ceros=5 ^ pasos=1,1.648702,0.757382,0.515705,0.000004,1.434584,1.166667
r18=0 ^ r26=0 ^ transitoriedad=1,freq ceros=1 ^ freq unos=1 ^ freq dos=1 ^ width=1 ^ simetria=1 ^ actividad=1 ^ entropia=1 ^ time entropy=1,1.945442,0.317098,0.897682,0.000005,1.935162,0.166667
r18=0 ^ r26=0 ^ r27=0 ^ simetria=1,freq ceros=1 ^ freq unos=1 ^ freq dos=1 ^ width=1 ^ actividad=1 ^ entropia=1 ^ transitoriedad=1 ^ time entropy=1,1.947996,0.054034,0.903341,0.000006,1.946552,0.000000
r18=0 ^ r26=0 ^ r27=0 ^ transitoriedad=1,freq ceros=1 ^ freq unos=1 ^ freq dos=1 ^ width=1 ^ simetria=1 ^ actividad=1 ^ entropia=1 ^ time entropy=1,1.947996,0.064391,0.901626,0.000004,1.946266,0.000000
r18=0 ^ r26=0 ^ r27=0 ^ simetria=1,freq ceros=1 ^ freq unos=1 ^ freq dos=1 ^ width=1 ^ actividad=1 ^ entropia=1 ^ transitoriedad=1 ^ time entropy=1,1.947996,0.054034,0.903341,0.000006,1.946552,0.000000
r27=0 ^ simetria=2 ^ transitoriedad=2,freq ceros=5 ^ pasos=1,1.648702,0.757382,0.515705,0.000004,1.434584,1.166667
r24=0 ^ r27=0,freq ceros=5 ^ pasos=1 ^ simetria=2 ^ transitoriedad=2,1.867600,0.808517,0.815062,0.000014,1.777756,1.000000
r18=0 ^ r26=0 ^ freq dos=1 ^ time entropy=1,freq ceros=1 ^ freq unos=1 ^ width=1 ^ simetria=1 ^ actividad=1 ^ entropia=1 ^ transitoriedad=1,1.945442,0.485636,0.898752,0.000006,1.927946,0.166667
r27=0 ^ simetria=2,freq ceros=5 ^ pasos=1 ^ transitoriedad=2,1.648702,0.800834,0.523616,0.000005,1.414096,1.166667
r18=0 ^ r26=0 ^ freq dos=1 ^ time entropy=1,freq ceros=1 ^ freq unos=1 ^ width=1 ^ simetria=1 ^ actividad=1 ^ entropia=1 ^ transitoriedad=1,1.945442,0.485636,0.898752,0.000006,1.927946,0.166667
r18=0 ^ r26=0 ^ r27=0 ^ transitoriedad=1,freq ceros=1 ^ freq unos=1 ^ freq dos=1 ^ width=1 ^ simetria=1 ^ actividad=1 ^ entropia=1 ^ time entropy=1,1.947996,0.064391,0.901626,0.000004,1.946266,0.000000
r18=0 ^ r26=0 ^ transitoriedad=1 ^ time entropy=1,freq ceros=1 ^ freq unos=1 ^ freq dos=1 ^ width=1 ^ simetria=1 ^ actividad=1 ^ entropia=1,1.945442,0.183519,0.897248,0.000004,1.939930,0.166667
r18=0 ^ r26=0 ^ freq dos=1 ^ time entropy=1,freq ceros=1 ^ freq unos=1 ^ width=1 ^ simetria=1 ^ actividad=1 ^ entropia=1 ^ transitoriedad=1,1.945442,0.485636,0.898752,0.000006,1.927946,0.166667
r18=0 ^ r26=0 ^ transitoriedad=1 ^ time entropy=1,freq ceros=1 ^ freq unos=1 ^ freq dos=1 ^ width=1 ^ simetria=1 ^ actividad=1 ^ entropia=1,1.945442,0.183519,0.897248,0.000004,1.939930,0.166667
r18=0 ^ r26=0 ^ transitoriedad=1 ^ time entropy=1,freq ceros=1 ^ freq unos=1 ^ freq dos=1 ^ width=1 ^ simetria=1 ^ actividad=1 ^ entropia=1,1.945442,0.183519,0.897248,0.000004,1.939930,0.166667
r27=0,freq ceros=5 ^ pasos=1 ^ simetria=2 ^ transitoriedad=2,1.648702,0.945725,0.536879,0.000005,1.333574,1.166667
r27=0 ^ transitoriedad=2,freq ceros=5 ^ pasos=1 ^ simetria=2,1.648702,0.812155,0.509950,0.000004,1.408512,1.166667
r18=0 ^ r26=0 ^ freq dos=1 ^ time entropy=1,freq ceros=1 ^ freq unos=1 ^ width=1 ^ simetria=1 ^ actividad=1 ^ entropia=1 ^ transitoriedad=1,1.945442,0.485636,0.898752,0.000006,1.927946,0.166667
r27=0,freq ceros=5 ^ pasos=1 ^ simetria=2 ^ transitoriedad=2,1.648702,0.945725,0.536879,0.000005,1.333574,1.166667
r18=0 ^ r26=0 ^ r27=0 ^ transitoriedad=1,freq ceros=1 ^ freq unos=1 ^ freq dos=1 ^ width=1 ^ simetria=1 ^ actividad=1 ^ entropia=1 ^ time entropy=1,1.947996,0.064391,0.901626,0.000004,1.946266,0.000000
r18=0 ^ r26=0 ^ r27=0 ^ simetria=1,freq ceros=1 ^ freq unos=1 ^ freq dos=1 ^ width=1 ^ actividad=1 ^ entropia=1 ^ transitoriedad=1 ^ time entropy=1,1.947996,0.054034,0.903341,0.000006,1.946552,0.000000
r1=0,freq ceros=4 ^ pasos=1 ^ simetria=2 ^ transitoriedad=2,1.798424,1.397028,0.871766,0.000071,1.331392,1.166667
r26=0 ^ r27=0 ^ time entropy=1,freq ceros=1 ^ freq unos=1 ^ freq dos=1 ^ width=1 ^ actividad=1 ^ entropia=1 ^ transitoriedad=1,1.940008,0.994317,0.897589,0.000012,1.880694,0.333333
r18=0 ^ r26=0 ^ r27=0 ^ transitoriedad=1,freq ceros=1 ^ freq unos=1 ^ freq dos=1 ^ width=1 ^ simetria=1 ^ actividad=1 ^ entropia=1 ^ time entropy=1,1.947996,0.064391,0.901626,0.000004,1.946266,0.000000
r18=0 ^ r26=0 ^ transitoriedad=1,freq ceros=1 ^ freq unos=1 ^ freq dos=1 ^ width=1 ^ simetria=1 ^ actividad=1 ^ entropia=1 ^ time entropy=1,1.945442,0.317098,0.897682,0.000005,1.935162,0.166667
r27=0,freq ceros=5 ^ pasos=1 ^ simetria=2 ^ transitoriedad=2,1.648702,0.945725,0.536879,0.000005,1.333574,1.166667
r18=0 ^ r26=0 ^ r27=0 ^ transitoriedad=1,freq ceros=1 ^ freq unos=1 ^ freq dos=1 ^ width=1 ^ simetria=1 ^ actividad=1 ^ entropia=1 ^ time entropy=1,1.947996,0.064391,0.901626,0.000004,1.946266,0.000000
r18=0 ^ r26=0 ^ r27=0 ^ simetria=1,freq ceros=1 ^ freq unos=1 ^ freq dos=1 ^ width=1 ^ actividad=1 ^ entropia=1 ^ transitoriedad=1 ^ time entropy=1,1.947996,0.054034,0.903341,0.000006,1.946552,0.000000
r27=0,freq ceros=5 ^ freq dos=1 ^ pasos=1 ^ simetria=2 ^ actividad=1 ^ entropia=1 ^ transitoriedad=2 ^ time entropy=1,1.927944,1.783754,0.903908,0.000027,1.333574,0.500000
r18=0 ^ r26=0 ^ r27=0 ^ simetria=1,freq ceros=1 ^ freq unos=1 ^ freq dos=1 ^ width=1 ^ actividad=1 ^ entropia=1 ^ transitoriedad=1 ^ time entropy=1,1.947996,0.054034,0.903341,0.000006,1.946552,0.000000
r27=2 ^ transitoriedad=2,pasos=1 ^ simetria=2,1.410510,0.012200,0.904785,0.000058,1.406892,1.333333
r27=0 ^ width=5,freq ceros=5,1.794556,0.000000,0.668432,0.000004,1.794556,1.500000
r27=0 ^ width=5 ^ simetria=2 ^ transitoriedad=2,freq ceros=5 ^ pasos=1,1.818964,0.000000,0.707824,0.000005,1.818964,1.000000
r27=0 ^ freq dos=1 ^ transitoriedad=1 ^ time entropy=1,freq ceros=1 ^ freq unos=1 ^ width=1 ^ actividad=1 ^ entropia=1,1.931296,0.020685,0.874682,0.000005,1.930578,0.500000
r18=0 ^ r26=0 ^ r27=0 ^ transitoriedad=1,freq ceros=1 ^ freq unos=1 ^ freq dos=1 ^ width=1 ^ actividad=1 ^ entropia=1 ^ time entropy=1,1.947326,0.039454,0.902041,0.000006,1.946266,0.166667
r27=0 ^ width=5 ^ transitoriedad=2,freq ceros=5 ^ pasos=1,1.794556,0.000000,0.668432,0.000004,1.794556,1.166667
r27=0 ^ width=5 ^ simetria=2 ^ transitoriedad=2,freq ceros=5 ^ pasos=1,1.818964,0.000000,0.707824,0.000005,1.818964,1.000000
r27=0 ^ freq dos=1 ^ transitoriedad=1 ^ time entropy=1,freq ceros=1 ^ freq unos=1 ^ width=1 ^ actividad=1 ^ entropia=1,1.931296,0.020685,0.874682,0.000005,1.930578,0.500000
r18=0 ^ r26=0 ^ r27=0 ^ transitoriedad=1,freq ceros=1 ^ freq unos=1 ^ freq dos=1 ^ width=1 ^ actividad=1 ^ entropia=1 ^ time entropy=1,1.947326,0.039454,0.902041,0.000006,1.946266,0.166667
r18=0 ^ r26=0 ^ r27=0 ^ transitoriedad=1,freq ceros=1 ^ freq unos=1 ^ freq dos=1 ^ width=1 ^ simetria=1 ^ actividad=1 ^ entropia=1 ^ time entropy=1,1.947996,0.064391,0.901626,0.000004,1.946266,0.000000
r4=1 ^ r6=0 ^ r12=0,pasos=1 ^ simetria=2 ^ transitoriedad=2,1.935230,0.253095,0.999727,0.922449,1.925846,1.000000
r18=0 ^ r26=0 ^ r27=0 ^ transitoriedad=1,freq ceros=1 ^ freq unos=1 ^ freq dos=1 ^ width=1 ^ actividad=1 ^ entropia=1 ^ time entropy=1,1.947326,0.039454,0.902041,0.000006,1.946266,0.166667
r18=0 ^ r26=0 ^ r27=0 ^ transitoriedad=1,freq ceros=1 ^ freq unos=1 ^ freq dos=1 ^ width=1 ^ simetria=1 ^ actividad=1 ^ entropia=1 ^ time entropy=1,1.947996,0.064391,0.901626,0.000004,1.946266,0.000000
r18=0 ^ r26=0 ^ r27=0 ^ transitoriedad=1,freq ceros=1 ^ freq unos=1 ^ freq dos=1 ^ width=1 ^ simetria=1 ^ actividad=1 ^ entropia=1 ^ time entropy=1,1.947996,0.064391,0.901626,0.000004,1.946266,0.000000
r18=0 ^ r26=0 ^ r27=0 ^ transitoriedad=1,freq ceros=1 ^ freq unos=1 ^ freq dos=1 ^ width=1 ^ simetria=1 ^ actividad=1 ^ entropia=1 ^ time entropy=1,1.947996,0.064391,0.901626,0.000004,1.946266,0.000000
r18=0 ^ transitoriedad=2,pasos=1 ^ simetria=2,1.431578,0.020112,0.912364,0.000067,1.425804,1.333333
r18=1 ^ r27=0,pasos=1 ^ transitoriedad=2,1.778532,0.000000,0.951585,0.000131,1.778532,1.333333
r26=0 ^ freq dos=1 ^ transitoriedad=1 ^ time entropy=1,freq ceros=1 ^ width=1 ^ actividad=1 ^ entropia=1,1.927142,0.006785,0.869153,0.000006,1.926894,0.666667
r26=0 ^ r27=0 ^ transitoriedad=1 ^ time entropy=1,freq ceros=1 ^ freq unos=1 ^ freq dos=1 ^ width=1 ^ actividad=1 ^ entropia=1,1.940008,0.037553,0.889021,0.000005,1.938860,0.333333
r16=2,pasos=1 ^ simetria=2 ^ transitoriedad=2,1.417842,0.254702,0.998614,0.343249,1.332884,1.333333
r2=0 ^ r4=1 ^ r6=2,pasos=1 ^ simetria=2,1.932152,0.167904,0.999642,0.520235,1.925934,1.166667
r26=0 ^ r27=0 ^ transitoriedad=1 ^ time entropy=1,freq ceros=1 ^ freq unos=1 ^ freq dos=1 ^ width=1 ^ actividad=1 ^ entropia=1,1.940008,0.037553,0.889021,0.000005,1.938860,0.333333
r6=2 ^ r16=2,pasos=1 ^ simetria=2 ^ transitoriedad=2,1.806360,0.254945,0.999593,1.031643,1.778070,1.166667
r2=0 ^ r4=1 ^ r6=2 ^ r17=0,pasos=1 ^ simetria=2 ^ transitoriedad=2,1.978232,0.250723,0.999849,0.983923,1.975112,0.833333
r18=0 ^ r26=0 ^ r27=0 ^ transitoriedad=1,freq ceros=1 ^ freq unos=1 ^ freq dos=1 ^ width=1 ^ simetria=1 ^ actividad=1 ^ entropia=1 ^ time entropy=1,1.947996,0.064391,0.901626,0.000004,1.946266,0.000000
r27=0 ^ freq ceros=5 ^ simetria=2 ^ transitoriedad=2,pasos=1,1.648702,0.000000,0.977633,0.000285,1.648702,1.166667
r18=2 ^ r27=0 ^ freq ceros=5 ^ width=5,pasos=1 ^ simetria=2 ^ transitoriedad=2,1.919942,0.055665,0.983438,0.000515,1.917650,0.833333
r26=0 ^ r27=0 ^ transitoriedad=1 ^ time entropy=1,freq ceros=1 ^ freq unos=1 ^ freq dos=1 ^ width=1 ^ actividad=1 ^ entropia=1,1.940008,0.037553,0.889021,0.000005,1.938860,0.333333
r26=0 ^ r27=0 ^ transitoriedad=1 ^ time entropy=1,freq ceros=1 ^ freq unos=1 ^ freq dos=1 ^ width=1 ^ actividad=1 ^ entropia=1,1.940008,0.037553,0.889021,0.000005,1.938860,0.333333
r26=0 ^ r27=0 ^ transitoriedad=1 ^ time entropy=1,freq ceros=1 ^ freq unos=1 ^ freq dos=1 ^ width=1 ^ actividad=1 ^ entropia=1,1.940008,0.037553,0.889021,0.000005,1.938860,0.333333
r18=0 ^ r26=0 ^ simetria=1 ^ transitoriedad=1,freq ceros=1 ^ freq unos=1 ^ freq dos=1 ^ width=1 ^ actividad=1 ^ entropia=1 ^ time entropy=1,1.945442,0.091644,0.898746,0.000006,1.942822,0.166667
r26=0 ^ r27=0 ^ transitoriedad=1 ^ time entropy=1,freq ceros=1 ^ freq unos=1 ^ freq dos=1 ^ width=1 ^ actividad=1 ^ entropia=1,1.940008,0.037553,0.889021,0.000005,1.938860,0.333333
r26=0 ^ r27=0 ^ freq dos=1 ^ simetria=1,freq ceros=1 ^ freq unos=1 ^ width=1 ^ actividad=1 ^ entropia=1 ^ transitoriedad=1 ^ time entropy=1,1.947996,0.010330,0.903878,0.000006,1.947726,0.166667
r18=0 ^ r26=0 ^ r27=0 ^ transitoriedad=1,freq ceros=1 ^ freq unos=1 ^ freq dos=1 ^ width=1 ^ actividad=1 ^ entropia=1 ^ time entropy=1,1.947326,0.039454,0.902041,0.000006,1.946266,0.166667
r18=0 ^ r26=0 ^ r27=0 ^ transitoriedad=1,freq ceros=1 ^ freq unos=1 ^ freq dos=1 ^ width=1 ^ actividad=1 ^ entropia=1 ^ time entropy=1,1.947326,0.039454,0.902041,0.000006,1.946266,0.166667
r27=0 ^ transitoriedad=2,freq ceros=5 ^ pasos=1,1.623404,0.726615,0.475176,0.000004,1.408512,1.333333
r18=1 ^ r27=0 ^ transitoriedad=2,freq ceros=5 ^ pasos=1,1.823622,0.407192,0.732751,0.000007,1.778532,1.166667
r26=0 ^ transitoriedad=1 ^ time entropy=1,freq ceros=1 ^ freq unos=1 ^ freq dos=1 ^ width=1 ^ actividad=1 ^ entropia=1,1.932016,0.263278,0.875563,0.000005,1.921710,0.500000
r18=0 ^ r26=0 ^ freq dos=1 ^ transitoriedad=1,freq ceros=1 ^ freq unos=1 ^ width=1 ^ simetria=1 ^ actividad=1 ^ entropia=1 ^ time entropy=1,1.945442,0.187080,0.897346,0.000005,1.939812,0.166667
r27=0 ^ simetria=2 ^ transitoriedad=2,freq ceros=5 ^ pasos=1,1.648702,0.757382,0.515705,0.000004,1.434584,1.166667
r27=0 ^ width=5,freq ceros=5 ^ pasos=1 ^ simetria=2 ^ transitoriedad=2,1.818964,0.237612,0.711753,0.000005,1.794556,1.000000
r18=0 ^ r26=0 ^ transitoriedad=1,freq ceros=1 ^ freq unos=1 ^ freq dos=1 ^ width=1 ^ actividad=1 ^ entropia=1 ^ time entropy=1,1.944150,0.277245,0.897215,0.000006,1.935162,0.333333
r18=0 ^ r26=0 ^ r27=0 ^ transitoriedad=1,freq ceros=1 ^ freq unos=1 ^ freq dos=1 ^ width=1 ^ simetria=1 ^ actividad=1 ^ entropia=1 ^ time entropy=1,1.947996,0.064391,0.901626,0.000004,1.946266,0.000000
r18=0 ^ r26=0 ^ transitoriedad=1 ^ time entropy=1,freq ceros=1 ^ freq unos=1 ^ freq dos=1 ^ width=1 ^ simetria=1 ^ actividad=1 ^ entropia=1,1.945442,0.183519,0.897248,0.000004,1.939930,0.166667
r18=0 ^ r26=0 ^ r27=0 ^ transitoriedad=1,freq ceros=1 ^ freq unos=1 ^ freq dos=1 ^ width=1 ^ simetria=1 ^ actividad=1 ^ entropia=1 ^ time entropy=1,1.947996,0.064391,0.901626,0.000004,1.946266,0.000000
r27=0 ^ freq ceros=5,pasos=1 ^ simetria=2 ^ transitoriedad=2,1.648702,0.134351,0.953894,0.000257,1.623404,1.166667
r25=2 ^ r27=0 ^ time entropy=1,pasos=1 ^ transitoriedad=2,1.953636,0.549629,1.021163,0.000215,1.936066,1.166667
r18=0 ^ r26=0 ^ transitoriedad=1,freq unos=1 ^ freq dos=1 ^ width=1 ^ simetria=1 ^ actividad=1 ^ entropia=1 ^ time entropy=1,1.945430,0.316728,0.897659,0.000005,1.935162,0.333333
r11=1 ^ r22=2,pasos=1 ^ simetria=2 ^ transitoriedad=2,1.806456,0.260310,1.000785,0.445975,1.777496,1.166667
r18=0 ^ r26=0 ^ transitoriedad=1,freq unos=1 ^ freq dos=1 ^ width=1 ^ simetria=1 ^ actividad=1 ^ entropia=1 ^ time entropy=1,1.945430,0.316728,0.897659,0.000005,1.935162,0.333333
r18=0 ^ r26=0 ^ simetria=1 ^ transitoriedad=1,freq ceros=1 ^ freq unos=1 ^ freq dos=1 ^ width=1 ^ actividad=1 ^ entropia=1 ^ time entropy=1,1.945442,0.091644,0.898746,0.000006,1.942822,0.166667
r27=0 ^ freq ceros=5 ^ width=5 ^ transitoriedad=2,pasos=1 ^ simetria=2,1.818964,0.237612,1.013328,0.001309,1.794556,1.000000
r18=0 ^ r26=0 ^ transitoriedad=1,freq ceros=1 ^ freq unos=1 ^ freq dos=1 ^ width=1 ^ actividad=1 ^ entropia=1 ^ time entropy=1,1.944150,0.277245,0.897215,0.000006,1.935162,0.333333
r18=0 ^ r26=0 ^ freq dos=1 ^ transitoriedad=1,freq ceros=1 ^ freq unos=1 ^ width=1 ^ simetria=1 ^ actividad=1 ^ entropia=1 ^ time entropy=1,1.945442,0.187080,0.897346,0.000005,1.939812,0.166667
r18=0 ^ r26=0 ^ freq dos=1 ^ simetria=1,freq ceros=1 ^ freq unos=1 ^ width=1 ^ actividad=1 ^ entropia=1 ^ transitoriedad=1 ^ time entropy=1,1.945442,0.154455,0.899803,0.000006,1.940876,0.166667
r27=0 ^ transitoriedad=2,freq ceros=5 ^ pasos=1 ^ simetria=2,1.648702,0.812155,0.509950,0.000004,1.408512,1.166667
r27=0 ^ time entropy=1,freq dos=1 ^ pasos=1 ^ actividad=1 ^ entropia=1,1.871366,0.828875,0.790080,0.000007,1.780324,1.000000
r18=0 ^ transitoriedad=1 ^ time entropy=1,freq ceros=1 ^ freq unos=1 ^ freq dos=1 ^ width=1 ^ simetria=1 ^ actividad=1 ^ entropia=1,1.945442,0.602546,0.899156,0.000006,1.921918,0.333333
r27=0 ^ transitoriedad=2,freq ceros=5 ^ pasos=1 ^ simetria=2,1.648702,0.812155,0.509950,0.000004,1.408512,1.166667
r18=0 ^ r26=0 ^ time entropy=1,freq ceros=1 ^ freq unos=1 ^ freq dos=1 ^ width=1 ^ actividad=1 ^ entropia=1 ^ transitoriedad=1,1.944150,0.608932,0.900127,0.000008,1.919702,0.333333
r18=0 ^ r26=0 ^ r27=0 ^ transitoriedad=1,freq ceros=1 ^ freq unos=1 ^ freq dos=1 ^ width=1 ^ simetria=1 ^ actividad=1 ^ entropia=1 ^ time entropy=1,1.947996,0.064391,0.901626,0.000004,1.946266,0.000000
r1=0 ^ simetria=2 ^ transitoriedad=2,freq ceros=4 ^ pasos=1,1.798424,1.313749,0.839962,0.000043,1.412530,1.166667
r18=0 ^ r27=0 ^ time entropy=1,freq unos=1 ^ freq dos=1 ^ width=1 ^ actividad=1 ^ entropia=1 ^ transitoriedad=1,1.940144,1.000801,0.897944,0.000012,1.880192,0.500000
r18=0 ^ r26=0 ^ freq dos=1 ^ time entropy=1,freq ceros=1 ^ freq unos=1 ^ width=1 ^ simetria=1 ^ actividad=1 ^ entropia=1 ^ transitoriedad=1,1.945442,0.485636,0.898752,0.000006,1.927946,0.166667
r18=0 ^ r26=0 ^ freq dos=1 ^ time entropy=1,freq ceros=1 ^ freq unos=1 ^ width=1 ^ simetria=1 ^ actividad=1 ^ entropia=1 ^ transitoriedad=1,1.945442,0.485636,0.898752,0.000006,1.927946,0.166667
r27=0,freq ceros=5 ^ pasos=1 ^ simetria=2 ^ transitoriedad=2,1.648702,0.945725,0.536879,0.000005,1.333574,1.166667
r27=0 ^ time entropy=1,freq ceros=5 ^ freq dos=1 ^ pasos=1 ^ simetria=2 ^ actividad=1 ^ entropia=1 ^ transitoriedad=2,1.927944,1.343979,0.871793,0.000007,1.780324,0.500000
r18=0 ^ r26=0 ^ r27=0 ^ transitoriedad=1,freq ceros=1 ^ freq unos=1 ^ freq dos=1 ^ width=1 ^ simetria=1 ^ actividad=1 ^ entropia=1 ^ time entropy=1,1.947996,0.064391,0.901626,0.000004,1.946266,0.000000
r1=1,freq ceros=1 ^ freq unos=1 ^ freq dos=1 ^ width=1 ^ actividad=1 ^ entropia=1 ^ transitoriedad=1,1.954174,1.862263,1.006357,0.011924,1.334588,0.666667
r27=0,freq ceros=5 ^ freq dos=1 ^ pasos=1 ^ simetria=2 ^ actividad=1 ^ entropia=1 ^ transitoriedad=2 ^ time entropy=1,1.927944,1.783754,0.903908,0.000027,1.333574,0.500000
r27=0 ^ width=5 ^ simetria=2 ^ transitoriedad=2,freq ceros=5 ^ pasos=1,1.818964,0.000000,0.707824,0.000005,1.818964,1.000000
r27=0 ^ width=5 ^ simetria=2 ^ transitoriedad=2,freq ceros=5 ^ pasos=1,1.818964,0.000000,0.707824,0.000005,1.818964,1.000000
r27=0 ^ freq dos=1 ^ transitoriedad=1 ^ time entropy=1,freq ceros=1 ^ freq unos=1 ^ width=1 ^ actividad=1 ^ entropia=1,1.931296,0.020685,0.874682,0.000005,1.930578,0.500000
r26=0 ^ r27=0 ^ simetria=1 ^ transitoriedad=1,freq ceros=1 ^ freq unos=1 ^ freq dos=1 ^ width=1 ^ actividad=1 ^ entropia=1 ^ time entropy=1,1.947996,0.007357,0.903169,0.000006,1.947804,0.166667
r27=0 ^ width=5 ^ simetria=2 ^ transitoriedad=2,freq ceros=5 ^ pasos=1,1.818964,0.000000,0.707824,0.000005,1.818964,1.000000
r27=0 ^ freq dos=1 ^ transitoriedad=1 ^ time entropy=1,freq ceros=1 ^ freq unos=1 ^ width=1 ^ actividad=1 ^ entropia=1,1.931296,0.020685,0.874682,0.000005,1.930578,0.500000
r26=0 ^ r27=0 ^ transitoriedad=1 ^ time entropy=1,freq ceros=1 ^ freq unos=1 ^ freq dos=1 ^ width=1 ^ actividad=1 ^ entropia=1,1.940008,0.037553,0.889021,0.000005,1.938860,0.333333
r26=0 ^ r27=0 ^ transitoriedad=1 ^ time entropy=1,freq ceros=1 ^ freq unos=1 ^ freq dos=1 ^ width=1 ^ actividad=1 ^ entropia=1,1.940008,0.037553,0.889021,0.000005,1.938860,0.333333
r18=0 ^ r26=0 ^ simetria=1 ^ transitoriedad=1,freq ceros=1 ^ freq unos=1 ^ freq dos=1 ^ width=1 ^ actividad=1 ^ entropia=1 ^ time entropy=1,1.945442,0.091644,0.898746,0.000006,1.942822,0.166667
r18=0 ^ r26=0 ^ r27=0 ^ transitoriedad=1,freq ceros=1 ^ freq unos=1 ^ freq dos=1 ^ width=1 ^ simetria=1 ^ actividad=1 ^ entropia=1 ^ time entropy=1,1.947996,0.064391,0.901626,0.000004,1.946266,0.000000
r27=0 ^ width=5 ^ simetria=2 ^ transitoriedad=2,freq ceros=5 ^ pasos=1,1.818964,0.000000,0.707824,0.000005,1.818964,1.000000
r26=0 ^ freq dos=1 ^ transitoriedad=1 ^ time entropy=1,freq ceros=1 ^ width=1 ^ actividad=1 ^ entropia=1,1.927142,0.006785,0.869153,0.000006,1.926894,0.666667
r26=0 ^ r27=0 ^ transitoriedad=1 ^ time entropy=1,freq ceros=1 ^ freq unos=1 ^ freq dos=1 ^ width=1 ^ actividad=1 ^ entropia=1,1.940008,0.037553,0.889021,0.000005,1.938860,0.333333
r27=0 ^ freq dos=1 ^ transitoriedad=1 ^ time entropy=1,freq ceros=1 ^ freq unos=1 ^ width=1 ^ actividad=1 ^ entropia=1,1.931296,0.020685,0.874682,0.000005,1.930578,0.500000
r26=0 ^ r27=0 ^ transitoriedad=1 ^ time entropy=1,freq ceros=1 ^ freq unos=1 ^ freq dos=1 ^ width=1 ^ actividad=1 ^ entropia=1,1.940008,0.037553,0.889021,0.000005,1.938860,0.333333
r18=0 ^ r26=0 ^ simetria=1 ^ transitoriedad=1,freq ceros=1 ^ freq unos=1 ^ freq dos=1 ^ width=1 ^ actividad=1 ^ entropia=1 ^ time entropy=1,1.945442,0.091644,0.898746,0.000006,1.942822,0.166667
r27=0 ^ freq dos=1 ^ transitoriedad=1 ^ time entropy=1,freq ceros=1 ^ freq unos=1 ^ width=1 ^ actividad=1 ^ entropia=1,1.931296,0.020685,0.874682,0.000005,1.930578,0.500000
r26=0 ^ r27=0 ^ transitoriedad=1 ^ time entropy=1,freq ceros=1 ^ freq unos=1 ^ freq dos=1 ^ width=1 ^ actividad=1 ^ entropia=1,1.940008,0.037553,0.889021,0.000005,1.938860,0.333333
r18=0 ^ r26=0 ^ r27=0 ^ transitoriedad=1,freq ceros=1 ^ freq unos=1 ^ freq dos=1 ^ width=1 ^ actividad=1 ^ entropia=1 ^ time entropy=1,1.947326,0.039454,0.902041,0.000006,1.946266,0.166667
r18=0 ^ r26=0 ^ r27=0 ^ transitoriedad=1,freq ceros=1 ^ freq unos=1 ^ freq dos=1 ^ width=1 ^ actividad=1 ^ entropia=1 ^ time entropy=1,1.947326,0.039454,0.902041,0.000006,1.946266,0.166667
r27=0 ^ width=5,freq ceros=5 ^ pasos=1 ^ simetria=2 ^ transitoriedad=2,1.818964,0.237612,0.711753,0.000005,1.794556,1.000000
r18=1 ^ r27=0 ^ width=5,freq ceros=5 ^ pasos=1 ^ simetria=2 ^ transitoriedad=2,1.899022,0.359335,0.842277,0.000011,1.876906,0.833333
r18=0 ^ r26=0 ^ transitoriedad=1,freq ceros=1 ^ freq unos=1 ^ freq dos=1 ^ width=1 ^ actividad=1 ^ entropia=1 ^ time entropy=1,1.944150,0.277245,0.897215,0.000006,1.935162,0.333333
r27=0 ^ transitoriedad=1,freq ceros=1 ^ freq unos=1 ^ freq dos=1 ^ width=1 ^ actividad=1 ^ entropia=1 ^ time entropy=1,1.931296,0.166378,0.872896,0.000005,1.925062,0.500000
r18=0 ^ r26=0 ^ transitoriedad=1,freq ceros=1 ^ freq unos=1 ^ freq dos=1 ^ width=1 ^ actividad=1 ^ entropia=1 ^ time entropy=1,1.944150,0.277245,0.897215,0.000006,1.935162,0.333333
r18=0 ^ r26=0 ^ simetria=1 ^ transitoriedad=1,freq ceros=1 ^ freq unos=1 ^ freq dos=1 ^ width=1 ^ actividad=1 ^ entropia=1 ^ time entropy=1,1.945442,0.091644,0.898746,0.000006,1.942822,0.166667
r26=0 ^ transitoriedad=1 ^ time entropy=1,freq ceros=1 ^ freq unos=1 ^ freq dos=1 ^ width=1 ^ actividad=1 ^ entropia=1,1.932016,0.263278,0.875563,0.000005,1.921710,0.500000
r18=0 ^ r26=0 ^ transitoriedad=1,freq unos=1 ^ freq dos=1 ^ width=1 ^ simetria=1 ^ actividad=1 ^ entropia=1 ^ time entropy=1,1.945430,0.316728,0.897659,0.000005,1.935162,0.333333
r18=0 ^ r26=0 ^ freq dos=1 ^ transitoriedad=1,freq ceros=1 ^ freq unos=1 ^ width=1 ^ simetria=1 ^ actividad=1 ^ entropia=1 ^ time entropy=1,1.945442,0.187080,0.897346,0.000005,1.939812,0.166667
r18=0 ^ r26=0 ^ simetria=1 ^ time entropy=1,freq ceros=1 ^ freq unos=1 ^ freq dos=1 ^ width=1 ^ actividad=1 ^ entropia=1 ^ transitoriedad=1,1.945442,0.213205,0.899879,0.000006,1.938932,0.166667
r27=0 ^ simetria=2 ^ transitoriedad=2,freq ceros=5 ^ pasos=1,1.648702,0.757382,0.515705,0.000004,1.434584,1.166667
r18=0 ^ r26=0 ^ time entropy=1,freq ceros=1 ^ freq unos=1 ^ freq dos=1 ^ width=1 ^ actividad=1 ^ entropia=1 ^ transitoriedad=1,1.944150,0.608932,0.900127,0.000008,1.919702,0.333333
r18=0 ^ r26=0 ^ transitoriedad=1,freq ceros=1 ^ freq unos=1 ^ freq dos=1 ^ width=1 ^ simetria=1 ^ actividad=1 ^ entropia=1 ^ time entropy=1,1.945442,0.317098,0.897682,0.000005,1.935162,0.166667
r18=0 ^ r26=0 ^ freq dos=1,freq ceros=1 ^ freq unos=1 ^ width=1 ^ actividad=1 ^ entropia=1 ^ transitoriedad=1 ^ time entropy=1,1.944150,0.574855,0.900124,0.000008,1.921622,0.333333
r18=0 ^ r26=0 ^ freq dos=1,freq ceros=1 ^ freq unos=1 ^ width=1 ^ simetria=1 ^ actividad=1 ^ entropia=1 ^ transitoriedad=1 ^ time entropy=1,1.945442,0.607824,0.899299,0.000006,1.921622,0.166667
r27=0 ^ width=5 ^ simetria=2 ^ transitoriedad=2,freq ceros=5 ^ pasos=1,1.818964,0.000000,0.707824,0.000005,1.818964,1.000000
r27=0 ^ freq dos=1 ^ transitoriedad=1 ^ time entropy=1,freq ceros=1 ^ freq unos=1 ^ width=1 ^ actividad=1 ^ entropia=1,1.931296,0.020685,0.874682,0.000005,1.930578,0.500000
r18=0 ^ r26=0 ^ r27=0 ^ transitoriedad=1,freq ceros=1 ^ freq unos=1 ^ freq dos=1 ^ width=1 ^ actividad=1 ^ entropia=1 ^ time entropy=1,1.947326,0.039454,0.902041,0.000006,1.946266,0.166667
r26=0 ^ r27=0 ^ transitoriedad=1 ^ time entropy=1,freq ceros=1 ^ freq unos=1 ^ freq dos=1 ^ width=1 ^ actividad=1 ^ entropia=1,1.940008,0.037553,0.889021,0.000005,1.938860,0.333333
r18=0 ^ r26=0 ^ r27=0 ^ transitoriedad=1,freq ceros=1 ^ freq unos=1 ^ freq dos=1 ^ width=1 ^ actividad=1 ^ entropia=1 ^ time entropy=1,1.947326,0.039454,0.902041,0.000006,1.946266,0.166667
r18=0 ^ r26=0 ^ simetria=1 ^ transitoriedad=1,freq ceros=1 ^ freq unos=1 ^ freq dos=1 ^ width=1 ^ actividad=1 ^ entropia=1 ^ time entropy=1,1.945442,0.091644,0.898746,0.000006,1.942822,0.166667
r26=0 ^ r27=0 ^ transitoriedad=1 ^ time entropy=1,freq ceros=1 ^ freq unos=1 ^ freq dos=1 ^ width=1 ^ actividad=1 ^ entropia=1,1.940008,0.037553,0.889021,0.000005,1.938860,0.333333
r26=0 ^ r27=0 ^ transitoriedad=1 ^ time entropy=1,freq ceros=1 ^ freq unos=1 ^ freq dos=1 ^ width=1 ^ actividad=1 ^ entropia=1,1.940008,0.037553,0.889021,0.000005,1.938860,0.333333
r18=0 ^ r26=0 ^ r27=0 ^ transitoriedad=1,freq ceros=1 ^ freq unos=1 ^ freq dos=1 ^ width=1 ^ actividad=1 ^ entropia=1 ^ time entropy=1,1.947326,0.039454,0.902041,0.000006,1.946266,0.166667
r18=0 ^ r26=0 ^ r27=0 ^ transitoriedad=1,freq ceros=1 ^ freq unos=1 ^ freq dos=1 ^ width=1 ^ actividad=1 ^ entropia=1 ^ time entropy=1,1.947326,0.039454,0.902041,0.000006,1.946266,0.166667
r27=0 ^ transitoriedad=1,freq ceros=1 ^ freq unos=1 ^ freq dos=1 ^ width=1 ^ actividad=1 ^ entropia=1 ^ time entropy=1,1.931296,0.166378,0.872896,0.000005,1.925062,0.500000
r18=0 ^ r26=0 ^ freq dos=1 ^ transitoriedad=1,freq ceros=1 ^ freq unos=1 ^ width=1 ^ simetria=1 ^ actividad=1 ^ entropia=1 ^ time entropy=1,1.945442,0.187080,0.897346,0.000005,1.939812,0.166667
r18=0 ^ r26=0 ^ transitoriedad=1 ^ time entropy=1,freq ceros=1 ^ freq unos=1 ^ freq dos=1 ^ width=1 ^ simetria=1 ^ actividad=1 ^ entropia=1,1.945442,0.183519,0.897248,0.000004,1.939930,0.166667
r18=0 ^ r26=0 ^ freq dos=1 ^ transitoriedad=1,freq ceros=1 ^ freq unos=1 ^ width=1 ^ simetria=1 ^ actividad=1 ^ entropia=1 ^ time entropy=1,1.945442,0.187080,0.897346,0.000005,1.939812,0.166667
r18=0 ^ r26=0 ^ transitoriedad=1,freq ceros=1 ^ freq unos=1 ^ freq dos=1 ^ width=1 ^ simetria=1 ^ actividad=1 ^ entropia=1 ^ time entropy=1,1.945442,0.317098,0.897682,0.000005,1.935162,0.166667
r26=0 ^ r27=0 ^ transitoriedad=1 ^ time entropy=1,freq ceros=1 ^ freq unos=1 ^ freq dos=1 ^ width=1 ^ actividad=1 ^ entropia=1,1.940008,0.037553,0.889021,0.000005,1.938860,0.333333
r18=0 ^ r26=0 ^ r27=0 ^ transitoriedad=1,freq ceros=1 ^ freq unos=1 ^ freq dos=1 ^ width=1 ^ actividad=1 ^ entropia=1 ^ time entropy=1,1.947326,0.039454,0.902041,0.000006,1.946266,0.166667
r18=0 ^ r26=0 ^ simetria=1 ^ transitoriedad=1,freq ceros=1 ^ freq unos=1 ^ freq dos=1 ^ width=1 ^ actividad=1 ^ entropia=1 ^ time entropy=1,1.945442,0.091644,0.898746,0.000006,1.942822,0.166667
r18=0 ^ r26=0 ^ r27=0 ^ transitoriedad=1,freq ceros=1 ^ freq unos=1 ^ freq dos=1 ^ width=1 ^ actividad=1 ^ entropia=1 ^ time entropy=1,1.947326,0.039454,0.902041,0.000006,1.946266,0.166667
r18=0 ^ r26=0 ^ transitoriedad=1 ^ time entropy=1,freq ceros=1 ^ freq unos=1 ^ freq dos=1 ^ width=1 ^ simetria=1 ^ actividad=1 ^ entropia=1,1.945442,0.183519,0.897248,0.000004,1.939930,0.166667
r18=0 ^ r26=0 ^ simetria=1 ^ transitoriedad=1,freq ceros=1 ^ freq unos=1 ^ freq dos=1 ^ width=1 ^ actividad=1 ^ entropia=1 ^ time entropy=1,1.945442,0.091644,0.898746,0.000006,1.942822,0.166667
