antecedente,consecuente,support,confidence,leverage,chi_cuadrada,coverage,rule_size
r18=0 ^ r26=0 ^ r27=0 ^ simetria=1,freq ceros=1 ^ freq unos=1 ^ freq dos=1 ^ width=1 ^ actividad=1 ^ entropia=1 ^ transitoriedad=1 ^ time entropy=1,1.947996,0.054034,0.903341,0.000006,1.946552,0.000000
r27=0 ^ time entropy=1,entropia=1,1.792100,0.107212,0.704390,0.000007,1.780324,1.500000
r27=0 ^ freq unos=1 ^ actividad=1 ^ time entropy=1,entropia=1,1.852478,0.025378,0.786706,0.000010,1.850582,1.166667
r27=0 ^ freq unos=1 ^ transitoriedad=1 ^ time entropy=1,freq ceros=1 ^ freq dos=1 ^ width=1 ^ actividad=1 ^ entropia=1,1.931296,0.065929,0.874585,0.000005,1.928954,0.500000
r26=0 ^ r27=0 ^ transitoriedad=1 ^ time entropy=1,freq ceros=1 ^ freq unos=1 ^ freq dos=1 ^ width=1 ^ actividad=1 ^ entropia=1,1.940008,0.037553,0.889021,0.000005,1.938860,0.333333
r18=0 ^ r27=0 ^ simetria=1 ^ transitoriedad=1,freq ceros=1 ^ freq unos=1 ^ freq dos=1 ^ width=1 ^ actividad=1 ^ entropia=1 ^ time entropy=1,1.947996,0.007357,0.903169,0.000006,1.947804,0.166667
r18=0 ^ r26=0 ^ r27=0 ^ simetria=1,freq ceros=1 ^ freq unos=1 ^ freq dos=1 ^ width=1 ^ actividad=1 ^ entropia=1 ^ transitoriedad=1 ^ time entropy=1,1.947996,0.054034,0.903341,0.000006,1.946552,0.000000
r27=0 ^ freq unos=1 ^ actividad=1 ^ time entropy=1,freq dos=1 ^ entropia=1,1.860722,0.135727,0.776671,0.000007,1.850582,1.000000
r26=0 ^ freq unos=1 ^ transitoriedad=1 ^ time entropy=1,freq ceros=1 ^ width=1 ^ actividad=1 ^ entropia=1,1.927452,0.007033,0.869712,0.000006,1.927196,0.666667
r26=0 ^ r27=0 ^ transitoriedad=1 ^ time entropy=1,freq ceros=1 ^ freq unos=1 ^ freq dos=1 ^ width=1 ^ actividad=1 ^ entropia=1,1.940008,0.037553,0.889021,0.000005,1.938860,0.333333
r18=0 ^ r27=0 ^ simetria=1 ^ transitoriedad=1,freq ceros=1 ^ freq unos=1 ^ freq dos=1 ^ width=1 ^ actividad=1 ^ entropia=1 ^ time entropy=1,1.947996,0.007357,0.903169,0.000006,1.947804,0.166667
r18=0 ^ r26=0 ^ r27=0 ^ simetria=1,freq ceros=1 ^ freq unos=1 ^ freq dos=1 ^ width=1 ^ actividad=1 ^ entropia=1 ^ transitoriedad=1 ^ time entropy=1,1.947996,0.054034,0.903341,0.000006,1.946552,0.000000
r18=0 ^ r26=0 ^ r27=0 ^ transitoriedad=1,freq ceros=1 ^ freq unos=1 ^ freq dos=1 ^ width=1 ^ actividad=1 ^ entropia=1 ^ time entropy=1,1.947326,0.039454,0.902041,0.000006,1.946266,0.166667
r26=0 ^ r27=0 ^ transitoriedad=1 ^ time entropy=1,freq ceros=1 ^ freq unos=1 ^ freq dos=1 ^ width=1 ^ actividad=1 ^ entropia=1,1.940008,0.037553,0.889021,0.000005,1.938860,0.333333
r18=0 ^ r27=0 ^ simetria=1 ^ transitoriedad=1,freq ceros=1 ^ freq unos=1 ^ freq dos=1 ^ width=1 ^ actividad=1 ^ entropia=1 ^ time entropy=1,1.947996,0.007357,0.903169,0.000006,1.947804,0.166667
r18=0 ^ r26=0 ^ r27=0 ^ simetria=1,freq ceros=1 ^ freq unos=1 ^ freq dos=1 ^ width=1 ^ actividad=1 ^ entropia=1 ^ transitoriedad=1 ^ time entropy=1,1.947996,0.054034,0.903341,0.000006,1.946552,0.000000
r18=0 ^ r26=0 ^ r27=0 ^ simetria=1,freq ceros=1 ^ freq unos=1 ^ freq dos=1 ^ width=1 ^ actividad=1 ^ entropia=1 ^ transitoriedad=1 ^ time entropy=1,1.947996,0.054034,0.903341,0.000006,1.946552,0.000000
r18=0 ^ r26=0 ^ r27=0 ^ simetria=1,freq ceros=1 ^ freq unos=1 ^ freq dos=1 ^ width=1 ^ actividad=1 ^ entropia=1 ^ transitoriedad=1 ^ time entropy=1,1.947996,0.054034,0.903341,0.000006,1.946552,0.000000
r18=0 ^ r26=0 ^ r27=0 ^ simetria=1,freq ceros=1 ^ freq unos=1 ^ freq dos=1 ^ width=1 ^ actividad=1 ^ entropia=1 ^ transitoriedad=1 ^ time entropy=1,1.947996,0.054034,0.903341,0.000006,1.946552,0.000000
r18=0 ^ r26=0 ^ r27=0 ^ simetria=1,freq ceros=1 ^ freq unos=1 ^ freq dos=1 ^ width=1 ^ actividad=1 ^ entropia=1 ^ transitoriedad=1 ^ time entropy=1,1.947996,0.054034,0.903341,0.000006,1.946552,0.000000
r18=0 ^ r26=0 ^ r27=0 ^ simetria=1,freq ceros=1 ^ freq unos=1 ^ freq dos=1 ^ width=1 ^ actividad=1 ^ entropia=1 ^ transitoriedad=1 ^ time entropy=1,1.947996,0.054034,0.903341,0.000006,1.946552,0.000000
r18=0 ^ r26=0 ^ r27=0 ^ simetria=1,freq ceros=1 ^ freq unos=1 ^ freq dos=1 ^ width=1 ^ actividad=1 ^ entropia=1 ^ transitoriedad=1 ^ time entropy=1,1.947996,0.054034,0.903341,0.000006,1.946552,0.000000
r27=0 ^ freq unos=1 ^ actividad=1 ^ time entropy=1,entropia=1,1.852478,0.025378,0.786706,0.000010,1.850582,1.166667
r26=0 ^ freq unos=1 ^ transitoriedad=1 ^ time entropy=1,freq ceros=1 ^ width=1 ^ actividad=1 ^ entropia=1,1.927452,0.007033,0.869712,0.000006,1.927196,0.666667
r26=0 ^ r27=0 ^ transitoriedad=1 ^ time entropy=1,freq ceros=1 ^ freq unos=1 ^ freq dos=1 ^ width=1 ^ actividad=1 ^ entropia=1,1.940008,0.037553,0.889021,0.000005,1.938860,0.333333
r18=0 ^ r27=0 ^ simetria=1 ^ transitoriedad=1,freq ceros=1 ^ freq unos=1 ^ freq dos=1 ^ width=1 ^ actividad=1 ^ entropia=1 ^ time entropy=1,1.947996,0.007357,0.903169,0.000006,1.947804,0.166667
r18=0 ^ r26=0 ^ r27=0 ^ simetria=1,freq ceros=1 ^ freq unos=1 ^ freq dos=1 ^ width=1 ^ actividad=1 ^ entropia=1 ^ transitoriedad=1 ^ time entropy=1,1.947996,0.054034,0.903341,0.000006,1.946552,0.000000
r27=0 ^ freq unos=1 ^ transitoriedad=1 ^ time entropy=1,freq ceros=1 ^ freq dos=1 ^ width=1 ^ actividad=1 ^ entropia=1,1.931296,0.065929,0.874585,0.000005,1.928954,0.500000
r26=0 ^ r27=0 ^ transitoriedad=1 ^ time entropy=1,freq ceros=1 ^ freq unos=1 ^ freq dos=1 ^ width=1 ^ actividad=1 ^ entropia=1,1.940008,0.037553,0.889021,0.000005,1.938860,0.333333
r18=0 ^ r27=0 ^ simetria=1 ^ transitoriedad=1,freq ceros=1 ^ freq unos=1 ^ freq dos=1 ^ width=1 ^ actividad=1 ^ entropia=1 ^ time entropy=1,1.947996,0.007357,0.903169,0.000006,1.947804,0.166667
r18=0 ^ r26=0 ^ r27=0 ^ simetria=1,freq ceros=1 ^ freq unos=1 ^ freq dos=1 ^ width=1 ^ actividad=1 ^ entropia=1 ^ transitoriedad=1 ^ time entropy=1,1.947996,0.054034,0.903341,0.000006,1.946552,0.000000
r18=0 ^ r26=0 ^ r27=0 ^ transitoriedad=1,freq ceros=1 ^ freq unos=1 ^ freq dos=1 ^ width=1 ^ actividad=1 ^ entropia=1 ^ time entropy=1,1.947326,0.039454,0.902041,0.000006,1.946266,0.166667
r18=0 ^ r27=0 ^ simetria=1 ^ transitoriedad=1,freq ceros=1 ^ freq unos=1 ^ freq dos=1 ^ width=1 ^ actividad=1 ^ entropia=1 ^ time entropy=1,1.947996,0.007357,0.903169,0.000006,1.947804,0.166667
r18=0 ^ r26=0 ^ r27=0 ^ simetria=1,freq ceros=1 ^ freq unos=1 ^ freq dos=1 ^ width=1 ^ actividad=1 ^ entropia=1 ^ transitoriedad=1 ^ time entropy=1,1.947996,0.054034,0.903341,0.000006,1.946552,0.000000
r18=0 ^ r26=0 ^ r27=0 ^ simetria=1,freq ceros=1 ^ freq unos=1 ^ freq dos=1 ^ width=1 ^ actividad=1 ^ entropia=1 ^ transitoriedad=1 ^ time entropy=1,1.947996,0.054034,0.903341,0.000006,1.946552,0.000000
r18=0 ^ r26=0 ^ r27=0 ^ simetria=1,freq ceros=1 ^ freq unos=1 ^ freq dos=1 ^ width=1 ^ actividad=1 ^ entropia=1 ^ transitoriedad=1 ^ time entropy=1,1.947996,0.054034,0.903341,0.000006,1.946552,0.000000
r18=0 ^ r26=0 ^ r27=0 ^ simetria=1,freq ceros=1 ^ freq unos=1 ^ freq dos=1 ^ width=1 ^ actividad=1 ^ entropia=1 ^ transitoriedad=1 ^ time entropy=1,1.947996,0.054034,0.903341,0.000006,1.946552,0.000000
r27=0 ^ freq unos=1 ^ transitoriedad=1 ^ time entropy=1,freq ceros=1 ^ freq dos=1 ^ width=1 ^ actividad=1 ^ entropia=1,1.931296,0.065929,0.874585,0.000005,1.928954,0.500000
r26=0 ^ r27=0 ^ transitoriedad=1 ^ time entropy=1,freq ceros=1 ^ freq unos=1 ^ freq dos=1 ^ width=1 ^ actividad=1 ^ entropia=1,1.940008,0.037553,0.889021,0.000005,1.938860,0.333333
r18=0 ^ r27=0 ^ simetria=1 ^ transitoriedad=1,freq ceros=1 ^ freq unos=1 ^ freq dos=1 ^ width=1 ^ actividad=1 ^ entropia=1 ^ time entropy=1,1.947996,0.007357,0.903169,0.000006,1.947804,0.166667
r18=0 ^ r26=0 ^ r27=0 ^ simetria=1,freq ceros=1 ^ freq unos=1 ^ freq dos=1 ^ width=1 ^ actividad=1 ^ entropia=1 ^ transitoriedad=1 ^ time entropy=1,1.947996,0.054034,0.903341,0.000006,1.946552,0.000000
r26=0 ^ r27=0 ^ transitoriedad=1 ^ time entropy=1,freq ceros=1 ^ freq unos=1 ^ freq dos=1 ^ width=1 ^ actividad=1 ^ entropia=1,1.940008,0.037553,0.889021,0.000005,1.938860,0.333333
r26=0 ^ r27=0 ^ simetria=1 ^ transitoriedad=1,freq ceros=1 ^ freq unos=1 ^ freq dos=1 ^ width=1 ^ actividad=1 ^ entropia=1 ^ time entropy=1,1.947996,0.007357,0.903169,0.000006,1.947804,0.166667
r18=0 ^ r26=0 ^ r27=0 ^ simetria=1,freq ceros=1 ^ freq unos=1 ^ freq dos=1 ^ width=1 ^ actividad=1 ^ entropia=1 ^ transitoriedad=1 ^ time entropy=1,1.947996,0.054034,0.903341,0.000006,1.946552,0.000000
r18=0 ^ r26=0 ^ r27=0 ^ simetria=1,freq ceros=1 ^ freq unos=1 ^ freq dos=1 ^ width=1 ^ actividad=1 ^ entropia=1 ^ transitoriedad=1 ^ time entropy=1,1.947996,0.054034,0.903341,0.000006,1.946552,0.000000
r18=0 ^ r26=0 ^ r27=0 ^ simetria=1,freq ceros=1 ^ freq unos=1 ^ freq dos=1 ^ width=1 ^ actividad=1 ^ entropia=1 ^ transitoriedad=1 ^ time entropy=1,1.947996,0.054034,0.903341,0.000006,1.946552,0.000000
r18=0 ^ r26=0 ^ r27=0 ^ simetria=1,freq ceros=1 ^ freq unos=1 ^ freq dos=1 ^ width=1 ^ actividad=1 ^ entropia=1 ^ transitoriedad=1 ^ time entropy=1,1.947996,0.054034,0.903341,0.000006,1.946552,0.000000
r18=0 ^ r26=0 ^ r27=0 ^ transitoriedad=1,freq ceros=1 ^ freq unos=1 ^ freq dos=1 ^ width=1 ^ actividad=1 ^ entropia=1 ^ time entropy=1,1.947326,0.039454,0.902041,0.000006,1.946266,0.166667
r18=0 ^ r27=0 ^ simetria=1 ^ transitoriedad=1,freq ceros=1 ^ freq unos=1 ^ freq dos=1 ^ width=1 ^ actividad=1 ^ entropia=1 ^ time entropy=1,1.947996,0.007357,0.903169,0.000006,1.947804,0.166667
r18=0 ^ r26=0 ^ r27=0 ^ simetria=1,freq ceros=1 ^ freq unos=1 ^ freq dos=1 ^ width=1 ^ actividad=1 ^ entropia=1 ^ transitoriedad=1 ^ time entropy=1,1.947996,0.054034,0.903341,0.000006,1.946552,0.000000
r18=0 ^ r26=0 ^ r27=0 ^ simetria=1,freq ceros=1 ^ freq unos=1 ^ freq dos=1 ^ width=1 ^ actividad=1 ^ entropia=1 ^ transitoriedad=1 ^ time entropy=1,1.947996,0.054034,0.903341,0.000006,1.946552,0.000000
r18=0 ^ r26=0 ^ r27=0 ^ simetria=1,freq ceros=1 ^ freq unos=1 ^ freq dos=1 ^ width=1 ^ actividad=1 ^ entropia=1 ^ transitoriedad=1 ^ time entropy=1,1.947996,0.054034,0.903341,0.000006,1.946552,0.000000
r18=0 ^ r26=0 ^ r27=0 ^ simetria=1,freq ceros=1 ^ freq unos=1 ^ freq dos=1 ^ width=1 ^ actividad=1 ^ entropia=1 ^ transitoriedad=1 ^ time entropy=1,1.947996,0.054034,0.903341,0.000006,1.946552,0.000000
r18=0 ^ r26=0 ^ r27=0 ^ simetria=1,freq ceros=1 ^ freq unos=1 ^ freq dos=1 ^ width=1 ^ actividad=1 ^ entropia=1 ^ transitoriedad=1 ^ time entropy=1,1.947996,0.054034,0.903341,0.000006,1.946552,0.000000
r18=0 ^ r26=0 ^ r27=0 ^ simetria=1,freq ceros=1 ^ freq unos=1 ^ freq dos=1 ^ width=1 ^ actividad=1 ^ entropia=1 ^ transitoriedad=1 ^ time entropy=1,1.947996,0.054034,0.903341,0.000006,1.946552,0.000000
r18=0 ^ r26=0 ^ r27=0 ^ simetria=1,freq ceros=1 ^ freq unos=1 ^ freq dos=1 ^ width=1 ^ actividad=1 ^ entropia=1 ^ transitoriedad=1 ^ time entropy=1,1.947996,0.054034,0.903341,0.000006,1.946552,0.000000
r18=0 ^ r26=0 ^ r27=0 ^ simetria=1,freq ceros=1 ^ freq unos=1 ^ freq dos=1 ^ width=1 ^ actividad=1 ^ entropia=1 ^ transitoriedad=1 ^ time entropy=1,1.947996,0.054034,0.903341,0.000006,1.946552,0.000000
r27=0 ^ time entropy=1,freq dos=1 ^ entropia=1,1.807190,0.244597,0.695576,0.000005,1.780324,1.333333
r18=0 ^ r27=0 ^ freq unos=1 ^ time entropy=1,freq dos=1 ^ actividad=1 ^ entropia=1,1.906220,0.246710,0.841847,0.000008,1.893024,0.833333
r18=0 ^ r26=0 ^ transitoriedad=1 ^ time entropy=1,freq ceros=1 ^ freq dos=1 ^ width=1 ^ simetria=1 ^ actividad=1 ^ entropia=1,1.944186,0.141701,0.894936,0.000004,1.939930,0.333333
r18=0 ^ r26=0 ^ freq unos=1 ^ transitoriedad=1,freq ceros=1 ^ freq dos=1 ^ width=1 ^ simetria=1 ^ actividad=1 ^ entropia=1 ^ time entropy=1,1.945442,0.175135,0.897326,0.000004,1.940206,0.166667
r18=0 ^ r26=0 ^ r27=0 ^ simetria=1,freq ceros=1 ^ freq unos=1 ^ freq dos=1 ^ width=1 ^ actividad=1 ^ entropia=1 ^ transitoriedad=1 ^ time entropy=1,1.947996,0.054034,0.903341,0.000006,1.946552,0.000000
r27=0 ^ freq unos=1 ^ time entropy=1,freq dos=1 ^ actividad=1 ^ entropia=1,1.860722,0.345356,0.767722,0.000005,1.831652,1.000000
r26=0 ^ transitoriedad=1 ^ time entropy=1,freq ceros=1 ^ freq unos=1 ^ freq dos=1 ^ width=1 ^ actividad=1 ^ entropia=1,1.932016,0.263278,0.875563,0.000005,1.921710,0.500000
r18=0 ^ r26=0 ^ freq unos=1 ^ transitoriedad=1,freq ceros=1 ^ freq dos=1 ^ width=1 ^ simetria=1 ^ actividad=1 ^ entropia=1 ^ time entropy=1,1.945442,0.175135,0.897326,0.000004,1.940206,0.166667
r18=0 ^ r26=0 ^ r27=0 ^ simetria=1,freq ceros=1 ^ freq unos=1 ^ freq dos=1 ^ width=1 ^ actividad=1 ^ entropia=1 ^ transitoriedad=1 ^ time entropy=1,1.947996,0.054034,0.903341,0.000006,1.946552,0.000000
r18=0 ^ r26=0 ^ simetria=1 ^ transitoriedad=1,freq ceros=1 ^ freq unos=1 ^ freq dos=1 ^ width=1 ^ actividad=1 ^ entropia=1 ^ time entropy=1,1.945442,0.091644,0.898746,0.000006,1.942822,0.166667
r18=0 ^ r26=0 ^ freq unos=1 ^ transitoriedad=1,freq ceros=1 ^ freq dos=1 ^ width=1 ^ simetria=1 ^ actividad=1 ^ entropia=1 ^ time entropy=1,1.945442,0.175135,0.897326,0.000004,1.940206,0.166667
r18=0 ^ r26=0 ^ r27=0 ^ simetria=1,freq ceros=1 ^ freq unos=1 ^ freq dos=1 ^ width=1 ^ actividad=1 ^ entropia=1 ^ transitoriedad=1 ^ time entropy=1,1.947996,0.054034,0.903341,0.000006,1.946552,0.000000
r18=0 ^ r26=0 ^ r27=0 ^ transitoriedad=1,freq ceros=1 ^ freq unos=1 ^ freq dos=1 ^ width=1 ^ simetria=1 ^ actividad=1 ^ entropia=1 ^ time entropy=1,1.947996,0.064391,0.901626,0.000004,1.946266,0.000000
r18=0 ^ r26=0 ^ r27=0 ^ simetria=1,freq ceros=1 ^ freq unos=1 ^ freq dos=1 ^ width=1 ^ actividad=1 ^ entropia=1 ^ transitoriedad=1 ^ time entropy=1,1.947996,0.054034,0.903341,0.000006,1.946552,0.000000
r18=0 ^ r26=0 ^ r27=0 ^ simetria=1,freq ceros=1 ^ freq unos=1 ^ freq dos=1 ^ width=1 ^ actividad=1 ^ entropia=1 ^ transitoriedad=1 ^ time entropy=1,1.947996,0.054034,0.903341,0.000006,1.946552,0.000000
r24=0 ^ r27=0 ^ freq unos=1,freq dos=1 ^ actividad=1 ^ entropia=1 ^ time entropy=1,1.905776,0.329362,0.840116,0.000007,1.887200,0.833333
r26=0 ^ actividad=1 ^ transitoriedad=1 ^ time entropy=1,freq ceros=1 ^ freq unos=1 ^ freq dos=1 ^ width=1 ^ entropia=1,1.932016,0.258205,0.876587,0.000006,1.921938,0.500000
r18=0 ^ r26=0 ^ transitoriedad=1 ^ time entropy=1,freq ceros=1 ^ freq unos=1 ^ freq dos=1 ^ width=1 ^ simetria=1 ^ actividad=1 ^ entropia=1,1.945442,0.183519,0.897248,0.000004,1.939930,0.166667
r18=0 ^ r26=0 ^ r27=0 ^ simetria=1,freq ceros=1 ^ freq unos=1 ^ freq dos=1 ^ width=1 ^ actividad=1 ^ entropia=1 ^ transitoriedad=1 ^ time entropy=1,1.947996,0.054034,0.903341,0.000006,1.946552,0.000000
r26=0 ^ actividad=1 ^ transitoriedad=1 ^ time entropy=1,freq ceros=1 ^ freq unos=1 ^ freq dos=1 ^ width=1 ^ entropia=1,1.932016,0.258205,0.876587,0.000006,1.921938,0.500000
r18=0 ^ r26=0 ^ simetria=1 ^ time entropy=1,freq ceros=1 ^ freq unos=1 ^ freq dos=1 ^ width=1 ^ actividad=1 ^ entropia=1 ^ transitoriedad=1,1.945442,0.213205,0.899879,0.000006,1.938932,0.166667
r18=0 ^ r26=0 ^ r27=0 ^ simetria=1,freq ceros=1 ^ freq unos=1 ^ freq dos=1 ^ width=1 ^ actividad=1 ^ entropia=1 ^ transitoriedad=1 ^ time entropy=1,1.947996,0.054034,0.903341,0.000006,1.946552,0.000000
r18=0 ^ r26=0 ^ simetria=1 ^ transitoriedad=1,freq ceros=1 ^ freq unos=1 ^ freq dos=1 ^ width=1 ^ actividad=1 ^ entropia=1 ^ time entropy=1,1.945442,0.091644,0.898746,0.000006,1.942822,0.166667
r18=0 ^ r26=0 ^ r27=0 ^ simetria=1,freq ceros=1 ^ freq unos=1 ^ freq dos=1 ^ width=1 ^ actividad=1 ^ entropia=1 ^ transitoriedad=1 ^ time entropy=1,1.947996,0.054034,0.903341,0.000006,1.946552,0.000000
r18=0 ^ r26=0 ^ r27=0 ^ simetria=1,freq ceros=1 ^ freq unos=1 ^ freq dos=1 ^ width=1 ^ actividad=1 ^ entropia=1 ^ transitoriedad=1 ^ time entropy=1,1.947996,0.054034,0.903341,0.000006,1.946552,0.000000
r18=0 ^ r26=0 ^ simetria=1 ^ time entropy=1,freq ceros=1 ^ freq dos=1 ^ width=1 ^ actividad=1 ^ entropia=1 ^ transitoriedad=1,1.944186,0.172070,0.898681,0.000007,1.938932,0.333333
r18=0 ^ r26=0 ^ simetria=1 ^ time entropy=1,freq ceros=1 ^ freq unos=1 ^ freq dos=1 ^ width=1 ^ actividad=1 ^ entropia=1 ^ transitoriedad=1,1.945442,0.213205,0.899879,0.000006,1.938932,0.166667
r18=0 ^ r26=0 ^ r27=0 ^ simetria=1,freq ceros=1 ^ freq unos=1 ^ freq dos=1 ^ width=1 ^ actividad=1 ^ entropia=1 ^ transitoriedad=1 ^ time entropy=1,1.947996,0.054034,0.903341,0.000006,1.946552,0.000000
r18=0 ^ r26=0 ^ freq unos=1 ^ transitoriedad=1,freq ceros=1 ^ freq dos=1 ^ width=1 ^ simetria=1 ^ actividad=1 ^ entropia=1 ^ time entropy=1,1.945442,0.175135,0.897326,0.000004,1.940206,0.166667
r18=0 ^ r26=0 ^ r27=0 ^ simetria=1,freq ceros=1 ^ freq unos=1 ^ freq dos=1 ^ width=1 ^ actividad=1 ^ entropia=1 ^ transitoriedad=1 ^ time entropy=1,1.947996,0.054034,0.903341,0.000006,1.946552,0.000000
r18=0 ^ r26=0 ^ r27=0 ^ simetria=1,freq ceros=1 ^ freq unos=1 ^ freq dos=1 ^ width=1 ^ actividad=1 ^ entropia=1 ^ transitoriedad=1 ^ time entropy=1,1.947996,0.054034,0.903341,0.000006,1.946552,0.000000
r18=0 ^ r26=0 ^ freq unos=1 ^ simetria=1,freq ceros=1 ^ freq dos=1 ^ width=1 ^ actividad=1 ^ entropia=1 ^ transitoriedad=1 ^ time entropy=1,1.945442,0.088568,0.899501,0.000006,1.942914,0.166667
r18=0 ^ r26=0 ^ r27=0 ^ transitoriedad=1,freq ceros=1 ^ freq unos=1 ^ freq dos=1 ^ width=1 ^ simetria=1 ^ actividad=1 ^ entropia=1 ^ time entropy=1,1.947996,0.064391,0.901626,0.000004,1.946266,0.000000
r18=0 ^ r26=0 ^ r27=0 ^ simetria=1,freq ceros=1 ^ freq unos=1 ^ freq dos=1 ^ width=1 ^ actividad=1 ^ entropia=1 ^ transitoriedad=1 ^ time entropy=1,1.947996,0.054034,0.903341,0.000006,1.946552,0.000000
r18=0 ^ r26=0 ^ r27=0 ^ simetria=1,freq ceros=1 ^ freq unos=1 ^ freq dos=1 ^ width=1 ^ actividad=1 ^ entropia=1 ^ transitoriedad=1 ^ time entropy=1,1.947996,0.054034,0.903341,0.000006,1.946552,0.000000
r27=0 ^ freq unos=1,freq dos=1 ^ actividad=1 ^ entropia=1 ^ time entropy=1,1.860722,0.677761,0.774792,0.000007,1.789330,1.000000
r26=0 ^ actividad=1 ^ transitoriedad=1,freq ceros=1 ^ freq unos=1 ^ freq dos=1 ^ width=1 ^ entropia=1 ^ time entropy=1,1.932016,0.488640,0.877419,0.000006,1.910036,0.500000
r18=0 ^ r26=0 ^ freq unos=1 ^ time entropy=1,freq ceros=1 ^ freq dos=1 ^ width=1 ^ simetria=1 ^ actividad=1 ^ entropia=1 ^ transitoriedad=1,1.945442,0.385333,0.898269,0.000005,1.932422,0.166667
r18=0 ^ r26=0 ^ r27=0 ^ simetria=1,freq ceros=1 ^ freq unos=1 ^ freq dos=1 ^ width=1 ^ actividad=1 ^ entropia=1 ^ transitoriedad=1 ^ time entropy=1,1.947996,0.054034,0.903341,0.000006,1.946552,0.000000
r26=0 ^ actividad=1 ^ transitoriedad=1,freq ceros=1 ^ freq unos=1 ^ freq dos=1 ^ width=1 ^ entropia=1 ^ time entropy=1,1.932016,0.488640,0.877419,0.000006,1.910036,0.500000
r18=0 ^ r26=0 ^ freq unos=1 ^ time entropy=1,freq ceros=1 ^ freq dos=1 ^ width=1 ^ simetria=1 ^ actividad=1 ^ entropia=1 ^ transitoriedad=1,1.945442,0.385333,0.898269,0.000005,1.932422,0.166667
r18=0 ^ r26=0 ^ r27=0 ^ simetria=1,freq ceros=1 ^ freq unos=1 ^ freq dos=1 ^ width=1 ^ actividad=1 ^ entropia=1 ^ transitoriedad=1 ^ time entropy=1,1.947996,0.054034,0.903341,0.000006,1.946552,0.000000
r18=0 ^ r26=0 ^ r27=0 ^ transitoriedad=1,freq ceros=1 ^ freq unos=1 ^ freq dos=1 ^ width=1 ^ simetria=1 ^ actividad=1 ^ entropia=1 ^ time entropy=1,1.947996,0.064391,0.901626,0.000004,1.946266,0.000000
r18=0 ^ r26=0 ^ r27=0 ^ simetria=1,freq ceros=1 ^ freq unos=1 ^ freq dos=1 ^ width=1 ^ actividad=1 ^ entropia=1 ^ transitoriedad=1 ^ time entropy=1,1.947996,0.054034,0.903341,0.000006,1.946552,0.000000
r18=0 ^ r26=0 ^ r27=0 ^ simetria=1,freq ceros=1 ^ freq unos=1 ^ freq dos=1 ^ width=1 ^ actividad=1 ^ entropia=1 ^ transitoriedad=1 ^ time entropy=1,1.947996,0.054034,0.903341,0.000006,1.946552,0.000000
r26=0 ^ transitoriedad=1,freq ceros=1 ^ freq unos=1 ^ freq dos=1 ^ width=1 ^ actividad=1 ^ entropia=1 ^ time entropy=1,1.932016,0.550448,0.876930,0.000006,1.906200,0.500000
r18=0 ^ r26=0 ^ freq unos=1,freq ceros=1 ^ freq dos=1 ^ width=1 ^ actividad=1 ^ entropia=1 ^ transitoriedad=1 ^ time entropy=1,1.944150,0.552771,0.899951,0.000008,1.922818,0.333333
r18=0 ^ r26=0 ^ r27=0 ^ simetria=1,freq ceros=1 ^ freq unos=1 ^ freq dos=1 ^ width=1 ^ actividad=1 ^ entropia=1 ^ transitoriedad=1 ^ time entropy=1,1.947996,0.054034,0.903341,0.000006,1.946552,0.000000
r18=0 ^ r26=0 ^ freq unos=1 ^ time entropy=1,freq ceros=1 ^ freq dos=1 ^ width=1 ^ simetria=1 ^ actividad=1 ^ entropia=1 ^ transitoriedad=1,1.945442,0.385333,0.898269,0.000005,1.932422,0.166667
r18=0 ^ r26=0 ^ r27=0 ^ simetria=1,freq ceros=1 ^ freq unos=1 ^ freq dos=1 ^ width=1 ^ actividad=1 ^ entropia=1 ^ transitoriedad=1 ^ time entropy=1,1.947996,0.054034,0.903341,0.000006,1.946552,0.000000
r18=0 ^ r26=0 ^ r27=0 ^ transitoriedad=1,freq ceros=1 ^ freq unos=1 ^ freq dos=1 ^ width=1 ^ simetria=1 ^ actividad=1 ^ entropia=1 ^ time entropy=1,1.947996,0.064391,0.901626,0.000004,1.946266,0.000000
r18=0 ^ r26=0 ^ transitoriedad=1,freq ceros=1 ^ freq unos=1 ^ freq dos=1 ^ width=1 ^ simetria=1 ^ actividad=1 ^ entropia=1 ^ time entropy=1,1.945442,0.317098,0.897682,0.000005,1.935162,0.166667
r18=0 ^ r26=0 ^ r27=0 ^ transitoriedad=1,freq ceros=1 ^ freq unos=1 ^ freq dos=1 ^ width=1 ^ simetria=1 ^ actividad=1 ^ entropia=1 ^ time entropy=1,1.947996,0.064391,0.901626,0.000004,1.946266,0.000000
r18=0 ^ r26=0 ^ r27=0 ^ transitoriedad=1,freq ceros=1 ^ freq unos=1 ^ freq dos=1 ^ width=1 ^ simetria=1 ^ actividad=1 ^ entropia=1 ^ time entropy=1,1.947996,0.064391,0.901626,0.000004,1.946266,0.000000
r27=0,freq dos=1 ^ entropia=1 ^ time entropy=1,1.807190,1.421361,0.827908,0.000032,1.333574,1.333333
r27=0 ^ time entropy=1,freq unos=1 ^ freq dos=1 ^ pasos=1 ^ actividad=1 ^ entropia=1,1.891936,1.016151,0.819326,0.000007,1.780324,0.833333
r26=0 ^ r27=0 ^ freq unos=1 ^ actividad=1,freq ceros=1 ^ freq dos=1 ^ width=1 ^ entropia=1 ^ transitoriedad=1 ^ time entropy=1,1.940008,0.807031,0.895554,0.000010,1.899424,0.333333
r18=0 ^ r26=0 ^ r27=0 ^ simetria=1,freq ceros=1 ^ freq unos=1 ^ freq dos=1 ^ width=1 ^ actividad=1 ^ entropia=1 ^ transitoriedad=1 ^ time entropy=1,1.947996,0.054034,0.903341,0.000006,1.946552,0.000000
r18=0 ^ r26=0 ^ freq unos=1 ^ time entropy=1,freq ceros=1 ^ freq dos=1 ^ width=1 ^ simetria=1 ^ actividad=1 ^ entropia=1 ^ transitoriedad=1,1.945442,0.385333,0.898269,0.000005,1.932422,0.166667
r18=0 ^ r26=0 ^ r27=0 ^ simetria=1,freq ceros=1 ^ freq unos=1 ^ freq dos=1 ^ width=1 ^ actividad=1 ^ entropia=1 ^ transitoriedad=1 ^ time entropy=1,1.947996,0.054034,0.903341,0.000006,1.946552,0.000000
r18=0 ^ r26=0 ^ r27=0 ^ simetria=1,freq ceros=1 ^ freq unos=1 ^ freq dos=1 ^ width=1 ^ actividad=1 ^ entropia=1 ^ transitoriedad=1 ^ time entropy=1,1.947996,0.054034,0.903341,0.000006,1.946552,0.000000
r26=0 ^ r27=0 ^ freq unos=1,freq ceros=1 ^ freq dos=1 ^ width=1 ^ actividad=1 ^ entropia=1 ^ transitoriedad=1 ^ time entropy=1,1.940008,1.012559,0.898358,0.000012,1.878490,0.333333
r18=0 ^ r26=0 ^ r27=0 ^ simetria=1,freq ceros=1 ^ freq unos=1 ^ freq dos=1 ^ width=1 ^ actividad=1 ^ entropia=1 ^ transitoriedad=1 ^ time entropy=1,1.947996,0.054034,0.903341,0.000006,1.946552,0.000000
r18=0 ^ r26=0 ^ r27=0 ^ transitoriedad=1,freq ceros=1 ^ freq unos=1 ^ freq dos=1 ^ width=1 ^ simetria=1 ^ actividad=1 ^ entropia=1 ^ time entropy=1,1.947996,0.064391,0.901626,0.000004,1.946266,0.000000
r27=0,freq unos=1 ^ freq dos=1 ^ pasos=1 ^ actividad=1 ^ entropia=1 ^ time entropy=1,1.891936,1.675691,0.888525,0.000041,1.333574,0.833333
r26=0 ^ r27=0,freq ceros=1 ^ freq unos=1 ^ freq dos=1 ^ width=1 ^ actividad=1 ^ entropia=1 ^ transitoriedad=1 ^ time entropy=1,1.940008,1.458585,0.910489,0.000025,1.778388,0.333333
r18=0 ^ r26=0 ^ r27=0 ^ simetria=1,freq ceros=1 ^ freq unos=1 ^ freq dos=1 ^ width=1 ^ actividad=1 ^ entropia=1 ^ transitoriedad=1 ^ time entropy=1,1.947996,0.054034,0.903341,0.000006,1.946552,0.000000
r27=0,freq ceros=1 ^ freq unos=1 ^ freq dos=1 ^ width=1 ^ actividad=1 ^ entropia=1 ^ transitoriedad=1 ^ time entropy=1,1.931296,1.793814,0.954228,0.000217,1.333574,0.500000
r18=0 ^ r26=0 ^ r27=0 ^ simetria=1,freq ceros=1 ^ freq unos=1 ^ freq dos=1 ^ width=1 ^ actividad=1 ^ entropia=1 ^ transitoriedad=1 ^ time entropy=1,1.947996,0.054034,0.903341,0.000006,1.946552,0.000000
r18=0 ^ r26=0 ^ r27=0 ^ simetria=1,freq ceros=1 ^ freq unos=1 ^ freq dos=1 ^ width=1 ^ actividad=1 ^ entropia=1 ^ transitoriedad=1 ^ time entropy=1,1.947996,0.054034,0.903341,0.000006,1.946552,0.000000
r27=0 ^ freq unos=1 ^ actividad=1 ^ time entropy=1,freq dos=1 ^ entropia=1,1.860722,0.135727,0.776671,0.000007,1.850582,1.000000
r26=0 ^ freq unos=1 ^ transitoriedad=1 ^ time entropy=1,freq ceros=1 ^ width=1 ^ actividad=1 ^ entropia=1,1.927452,0.007033,0.869712,0.000006,1.927196,0.666667
r26=0 ^ r27=0 ^ transitoriedad=1 ^ time entropy=1,freq ceros=1 ^ freq unos=1 ^ freq dos=1 ^ width=1 ^ actividad=1 ^ entropia=1,1.940008,0.037553,0.889021,0.000005,1.938860,0.333333
r18=0 ^ r27=0 ^ simetria=1 ^ transitoriedad=1,freq ceros=1 ^ freq unos=1 ^ freq dos=1 ^ width=1 ^ actividad=1 ^ entropia=1 ^ time entropy=1,1.947996,0.007357,0.903169,0.000006,1.947804,0.166667
r18=0 ^ r26=0 ^ r27=0 ^ simetria=1,freq ceros=1 ^ freq unos=1 ^ freq dos=1 ^ width=1 ^ actividad=1 ^ entropia=1 ^ transitoriedad=1 ^ time entropy=1,1.947996,0.054034,0.903341,0.000006,1.946552,0.000000
r27=0 ^ freq unos=1 ^ transitoriedad=1 ^ time entropy=1,freq ceros=1 ^ freq dos=1 ^ width=1 ^ actividad=1 ^ entropia=1,1.931296,0.065929,0.874585,0.000005,1.928954,0.500000
r26=0 ^ r27=0 ^ transitoriedad=1 ^ time entropy=1,freq ceros=1 ^ freq unos=1 ^ freq dos=1 ^ width=1 ^ actividad=1 ^ entropia=1,1.940008,0.037553,0.889021,0.000005,1.938860,0.333333
r18=0 ^ r27=0 ^ simetria=1 ^ transitoriedad=1,freq ceros=1 ^ freq unos=1 ^ freq dos=1 ^ width=1 ^ actividad=1 ^ entropia=1 ^ time entropy=1,1.947996,0.007357,0.903169,0.000006,1.947804,0.166667
r18=0 ^ r26=0 ^ r27=0 ^ simetria=1,freq ceros=1 ^ freq unos=1 ^ freq dos=1 ^ width=1 ^ actividad=1 ^ entropia=1 ^ transitoriedad=1 ^ time entropy=1,1.947996,0.054034,0.903341,0.000006,1.946552,0.000000
r18=0 ^ r26=0 ^ r27=0 ^ transitoriedad=1,freq ceros=1 ^ freq unos=1 ^ freq dos=1 ^ width=1 ^ actividad=1 ^ entropia=1 ^ time entropy=1,1.947326,0.039454,0.902041,0.000006,1.946266,0.166667
r18=0 ^ r26=0 ^ r27=0 ^ transitoriedad=1,freq ceros=1 ^ freq unos=1 ^ freq dos=1 ^ width=1 ^ actividad=1 ^ entropia=1 ^ time entropy=1,1.947326,0.039454,0.902041,0.000006,1.946266,0.166667
r18=0 ^ r26=0 ^ r27=0 ^ simetria=1,freq ceros=1 ^ freq unos=1 ^ freq dos=1 ^ width=1 ^ actividad=1 ^ entropia=1 ^ transitoriedad=1 ^ time entropy=1,1.947996,0.054034,0.903341,0.000006,1.946552,0.000000
r18=0 ^ r26=0 ^ r27=0 ^ simetria=1,freq ceros=1 ^ freq unos=1 ^ freq dos=1 ^ width=1 ^ actividad=1 ^ entropia=1 ^ transitoriedad=1 ^ time entropy=1,1.947996,0.054034,0.903341,0.000006,1.946552,0.000000
r18=0 ^ r26=0 ^ r27=0 ^ simetria=1,freq ceros=1 ^ freq unos=1 ^ freq dos=1 ^ width=1 ^ actividad=1 ^ entropia=1 ^ transitoriedad=1 ^ time entropy=1,1.947996,0.054034,0.903341,0.000006,1.946552,0.000000
r18=0 ^ r26=0 ^ r27=0 ^ simetria=1,freq ceros=1 ^ freq unos=1 ^ freq dos=1 ^ width=1 ^ actividad=1 ^ entropia=1 ^ transitoriedad=1 ^ time entropy=1,1.947996,0.054034,0.903341,0.000006,1.946552,0.000000
r26=0 ^ freq unos=1 ^ transitoriedad=1 ^ time entropy=1,freq ceros=1 ^ width=1 ^ actividad=1 ^ entropia=1,1.927452,0.007033,0.869712,0.000006,1.927196,0.666667
r27=0 ^ pasos=2 ^ transitoriedad=1 ^ time entropy=1,freq ceros=1 ^ freq dos=1 ^ width=1 ^ actividad=1 ^ entropia=1,1.968792,0.004859,0.942865,0.000012,1.968716,0.500000
r18=0 ^ r27=0 ^ simetria=1 ^ transitoriedad=1,freq ceros=1 ^ freq unos=1 ^ freq dos=1 ^ width=1 ^ actividad=1 ^ entropia=1 ^ time entropy=1,1.947996,0.007357,0.903169,0.000006,1.947804,0.166667
r18=0 ^ r26=0 ^ r27=0 ^ simetria=1,freq ceros=1 ^ freq unos=1 ^ freq dos=1 ^ width=1 ^ actividad=1 ^ entropia=1 ^ transitoriedad=1 ^ time entropy=1,1.947996,0.054034,0.903341,0.000006,1.946552,0.000000
r26=0 ^ r27=0 ^ transitoriedad=1 ^ time entropy=1,freq ceros=1 ^ freq unos=1 ^ freq dos=1 ^ width=1 ^ actividad=1 ^ entropia=1,1.940008,0.037553,0.889021,0.000005,1.938860,0.333333
r18=0 ^ r27=0 ^ simetria=1 ^ transitoriedad=1,freq ceros=1 ^ freq unos=1 ^ freq dos=1 ^ width=1 ^ actividad=1 ^ entropia=1 ^ time entropy=1,1.947996,0.007357,0.903169,0.000006,1.947804,0.166667
r18=0 ^ r26=0 ^ r27=0 ^ simetria=1,freq ceros=1 ^ freq unos=1 ^ freq dos=1 ^ width=1 ^ actividad=1 ^ entropia=1 ^ transitoriedad=1 ^ time entropy=1,1.947996,0.054034,0.903341,0.000006,1.946552,0.000000
r18=0 ^ r26=0 ^ r27=0 ^ transitoriedad=1,freq ceros=1 ^ freq unos=1 ^ freq dos=1 ^ width=1 ^ actividad=1 ^ entropia=1 ^ time entropy=1,1.947326,0.039454,0.902041,0.000006,1.946266,0.166667
r18=0 ^ r26=0 ^ r27=0 ^ simetria=1,freq ceros=1 ^ freq unos=1 ^ freq dos=1 ^ width=1 ^ actividad=1 ^ entropia=1 ^ transitoriedad=1 ^ time entropy=1,1.947996,0.054034,0.903341,0.000006,1.946552,0.000000
r18=0 ^ r26=0 ^ r27=0 ^ simetria=1,freq ceros=1 ^ freq unos=1 ^ freq dos=1 ^ width=1 ^ actividad=1 ^ entropia=1 ^ transitoriedad=1 ^ time entropy=1,1.947996,0.054034,0.903341,0.000006,1.946552,0.000000
r26=0 ^ r27=0 ^ transitoriedad=1 ^ time entropy=1,freq ceros=1 ^ freq unos=1 ^ freq dos=1 ^ width=1 ^ actividad=1 ^ entropia=1,1.940008,0.037553,0.889021,0.000005,1.938860,0.333333
r17=0 ^ r27=0 ^ pasos=2 ^ sensitividad=4,freq ceros=1 ^ freq dos=1 ^ width=1 ^ actividad=1 ^ entropia=1 ^ transitoriedad=1 ^ time entropy=1,1.999576,0.000000,0.999216,0.000770,1.999576,0.166667
r18=0 ^ r26=0 ^ r27=0 ^ simetria=1,freq ceros=1 ^ freq unos=1 ^ freq dos=1 ^ width=1 ^ actividad=1 ^ entropia=1 ^ transitoriedad=1 ^ time entropy=1,1.947996,0.054034,0.903341,0.000006,1.946552,0.000000
r26=0 ^ r27=0 ^ simetria=1 ^ transitoriedad=1,freq ceros=1 ^ freq unos=1 ^ freq dos=1 ^ width=1 ^ actividad=1 ^ entropia=1 ^ time entropy=1,1.947996,0.007357,0.903169,0.000006,1.947804,0.166667
r18=0 ^ r26=0 ^ r27=0 ^ simetria=1,freq ceros=1 ^ freq unos=1 ^ freq dos=1 ^ width=1 ^ actividad=1 ^ entropia=1 ^ transitoriedad=1 ^ time entropy=1,1.947996,0.054034,0.903341,0.000006,1.946552,0.000000
r18=0 ^ r26=0 ^ r27=0 ^ simetria=1,freq ceros=1 ^ freq unos=1 ^ freq dos=1 ^ width=1 ^ actividad=1 ^ entropia=1 ^ transitoriedad=1 ^ time entropy=1,1.947996,0.054034,0.903341,0.000006,1.946552,0.000000
r26=0 ^ r27=0 ^ simetria=1 ^ transitoriedad=1,freq ceros=1 ^ freq unos=1 ^ freq dos=1 ^ width=1 ^ actividad=1 ^ entropia=1 ^ time entropy=1,1.947996,0.007357,0.903169,0.000006,1.947804,0.166667
r18=0 ^ r26=0 ^ r27=0 ^ simetria=1,freq ceros=1 ^ freq unos=1 ^ freq dos=1 ^ width=1 ^ actividad=1 ^ entropia=1 ^ transitoriedad=1 ^ time entropy=1,1.947996,0.054034,0.903341,0.000006,1.946552,0.000000
r18=0 ^ r26=0 ^ r27=0 ^ simetria=1,freq ceros=1 ^ freq unos=1 ^ freq dos=1 ^ width=1 ^ actividad=1 ^ entropia=1 ^ transitoriedad=1 ^ time entropy=1,1.947996,0.054034,0.903341,0.000006,1.946552,0.000000
r18=0 ^ r26=0 ^ r27=0 ^ simetria=1,freq ceros=1 ^ freq unos=1 ^ freq dos=1 ^ width=1 ^ actividad=1 ^ entropia=1 ^ transitoriedad=1 ^ time entropy=1,1.947996,0.054034,0.903341,0.000006,1.946552,0.000000
r27=0 ^ freq unos=1 ^ time entropy=1,freq dos=1 ^ actividad=1 ^ entropia=1,1.860722,0.345356,0.767722,0.000005,1.831652,1.000000
r26=0 ^ transitoriedad=1 ^ time entropy=1,freq ceros=1 ^ freq unos=1 ^ freq dos=1 ^ width=1 ^ actividad=1 ^ entropia=1,1.932016,0.263278,0.875563,0.000005,1.921710,0.500000
r18=0 ^ r26=0 ^ transitoriedad=1 ^ time entropy=1,freq ceros=1 ^ freq unos=1 ^ freq dos=1 ^ width=1 ^ simetria=1 ^ actividad=1 ^ entropia=1,1.945442,0.183519,0.897248,0.000004,1.939930,0.166667
r18=0 ^ r26=0 ^ r27=0 ^ simetria=1,freq ceros=1 ^ freq unos=1 ^ freq dos=1 ^ width=1 ^ actividad=1 ^ entropia=1 ^ transitoriedad=1 ^ time entropy=1,1.947996,0.054034,0.903341,0.000006,1.946552,0.000000
r26=0 ^ transitoriedad=1 ^ time entropy=1,freq ceros=1 ^ freq unos=1 ^ freq dos=1 ^ width=1 ^ actividad=1 ^ entropia=1,1.932016,0.263278,0.875563,0.000005,1.921710,0.500000
r18=0 ^ r26=0 ^ transitoriedad=1 ^ time entropy=1,freq ceros=1 ^ freq unos=1 ^ freq dos=1 ^ width=1 ^ simetria=1 ^ actividad=1 ^ entropia=1,1.945442,0.183519,0.897248,0.000004,1.939930,0.166667
r18=0 ^ r26=0 ^ r27=0 ^ simetria=1,freq ceros=1 ^ freq unos=1 ^ freq dos=1 ^ width=1 ^ actividad=1 ^ entropia=1 ^ transitoriedad=1 ^ time entropy=1,1.947996,0.054034,0.903341,0.000006,1.946552,0.000000
r18=0 ^ r26=0 ^ simetria=1 ^ transitoriedad=1,freq ceros=1 ^ freq unos=1 ^ freq dos=1 ^ width=1 ^ actividad=1 ^ entropia=1 ^ time entropy=1,1.945442,0.091644,0.898746,0.000006,1.942822,0.166667
r18=0 ^ r26=0 ^ r27=0 ^ simetria=1,freq ceros=1 ^ freq unos=1 ^ freq dos=1 ^ width=1 ^ actividad=1 ^ entropia=1 ^ transitoriedad=1 ^ time entropy=1,1.947996,0.054034,0.903341,0.000006,1.946552,0.000000
r18=0 ^ r26=0 ^ r27=0 ^ simetria=1,freq ceros=1 ^ freq unos=1 ^ freq dos=1 ^ width=1 ^ actividad=1 ^ entropia=1 ^ transitoriedad=1 ^ time entropy=1,1.947996,0.054034,0.903341,0.000006,1.946552,0.000000
r26=0 ^ actividad=1 ^ transitoriedad=1 ^ time entropy=1,freq ceros=1 ^ freq unos=1 ^ freq dos=1 ^ width=1 ^ entropia=1,1.932016,0.258205,0.876587,0.000006,1.921938,0.500000
r26=2 ^ simetria=1 ^ sensitividad=4 ^ time entropy=1,freq ceros=1 ^ freq unos=1 ^ freq dos=1 ^ width=1 ^ actividad=1 ^ entropia=1,1.996068,0.285963,0.992812,0.000097,1.995412,0.333333
r18=0 ^ r26=0 ^ r27=0 ^ simetria=1,freq ceros=1 ^ freq unos=1 ^ freq dos=1 ^ width=1 ^ actividad=1 ^ entropia=1 ^ transitoriedad=1 ^ time entropy=1,1.947996,0.054034,0.903341,0.000006,1.946552,0.000000
r18=0 ^ r26=0 ^ transitoriedad=1 ^ time entropy=1,freq ceros=1 ^ freq unos=1 ^ freq dos=1 ^ width=1 ^ simetria=1 ^ actividad=1 ^ entropia=1,1.945442,0.183519,0.897248,0.000004,1.939930,0.166667
r18=0 ^ r26=0 ^ r27=0 ^ simetria=1,freq ceros=1 ^ freq unos=1 ^ freq dos=1 ^ width=1 ^ actividad=1 ^ entropia=1 ^ transitoriedad=1 ^ time entropy=1,1.947996,0.054034,0.903341,0.000006,1.946552,0.000000
r18=0 ^ r26=0 ^ simetria=1 ^ transitoriedad=1,freq ceros=1 ^ freq unos=1 ^ freq dos=1 ^ width=1 ^ actividad=1 ^ entropia=1 ^ time entropy=1,1.945442,0.091644,0.898746,0.000006,1.942822,0.166667
r18=0 ^ r26=0 ^ freq unos=1 ^ transitoriedad=1,freq ceros=1 ^ freq dos=1 ^ width=1 ^ simetria=1 ^ actividad=1 ^ entropia=1 ^ time entropy=1,1.945442,0.175135,0.897326,0.000004,1.940206,0.166667
r18=0 ^ r26=0 ^ r27=0 ^ transitoriedad=1,freq ceros=1 ^ freq unos=1 ^ freq dos=1 ^ width=1 ^ simetria=1 ^ actividad=1 ^ entropia=1 ^ time entropy=1,1.947996,0.064391,0.901626,0.000004,1.946266,0.000000
r18=0 ^ r26=0 ^ r27=0 ^ transitoriedad=1,freq ceros=1 ^ freq unos=1 ^ freq dos=1 ^ width=1 ^ simetria=1 ^ actividad=1 ^ entropia=1 ^ time entropy=1,1.947996,0.064391,0.901626,0.000004,1.946266,0.000000
r18=0 ^ r26=0 ^ r27=0 ^ simetria=1,freq ceros=1 ^ freq unos=1 ^ freq dos=1 ^ width=1 ^ actividad=1 ^ entropia=1 ^ transitoriedad=1 ^ time entropy=1,1.947996,0.054034,0.903341,0.000006,1.946552,0.000000
r26=0 ^ transitoriedad=1,freq ceros=1 ^ freq unos=1 ^ freq dos=1 ^ width=1 ^ actividad=1 ^ entropia=1 ^ time entropy=1,1.932016,0.550448,0.876930,0.000006,1.906200,0.500000
r18=0 ^ r26=0 ^ actividad=1,freq ceros=1 ^ freq unos=1 ^ freq dos=1 ^ width=1 ^ entropia=1 ^ transitoriedad=1 ^ time entropy=1,1.944150,0.504565,0.898830,0.000007,1.925306,0.333333
r18=0 ^ r26=0 ^ r27=0 ^ simetria=1,freq ceros=1 ^ freq unos=1 ^ freq dos=1 ^ width=1 ^ actividad=1 ^ entropia=1 ^ transitoriedad=1 ^ time entropy=1,1.947996,0.054034,0.903341,0.000006,1.946552,0.000000
r18=0 ^ r26=0 ^ freq unos=1 ^ time entropy=1,freq ceros=1 ^ freq dos=1 ^ width=1 ^ simetria=1 ^ actividad=1 ^ entropia=1 ^ transitoriedad=1,1.945442,0.385333,0.898269,0.000005,1.932422,0.166667
r18=0 ^ r26=0 ^ r27=0 ^ simetria=1,freq ceros=1 ^ freq unos=1 ^ freq dos=1 ^ width=1 ^ actividad=1 ^ entropia=1 ^ transitoriedad=1 ^ time entropy=1,1.947996,0.054034,0.903341,0.000006,1.946552,0.000000
r18=0 ^ r26=0 ^ r27=0 ^ transitoriedad=1,freq ceros=1 ^ freq unos=1 ^ freq dos=1 ^ width=1 ^ simetria=1 ^ actividad=1 ^ entropia=1 ^ time entropy=1,1.947996,0.064391,0.901626,0.000004,1.946266,0.000000
r18=0 ^ r26=0 ^ freq unos=1,freq ceros=1 ^ freq dos=1 ^ width=1 ^ actividad=1 ^ entropia=1 ^ transitoriedad=1 ^ time entropy=1,1.944150,0.552771,0.899951,0.000008,1.922818,0.333333
r18=0 ^ r26=0 ^ r27=0 ^ transitoriedad=1,freq ceros=1 ^ freq unos=1 ^ freq dos=1 ^ width=1 ^ simetria=1 ^ actividad=1 ^ entropia=1 ^ time entropy=1,1.947996,0.064391,0.901626,0.000004,1.946266,0.000000
r18=0 ^ r26=0 ^ r27=0 ^ transitoriedad=1,freq ceros=1 ^ freq unos=1 ^ freq dos=1 ^ width=1 ^ simetria=1 ^ actividad=1 ^ entropia=1 ^ time entropy=1,1.947996,0.064391,0.901626,0.000004,1.946266,0.000000
r18=0 ^ r26=0 ^ r27=0 ^ simetria=1,freq ceros=1 ^ freq unos=1 ^ freq dos=1 ^ width=1 ^ actividad=1 ^ entropia=1 ^ transitoriedad=1 ^ time entropy=1,1.947996,0.054034,0.903341,0.000006,1.946552,0.000000
r26=0 ^ r27=0 ^ actividad=1,freq ceros=1 ^ freq unos=1 ^ freq dos=1 ^ width=1 ^ entropia=1 ^ transitoriedad=1 ^ time entropy=1,1.940008,0.924258,0.895740,0.000010,1.888464,0.333333
r18=0 ^ r26=0 ^ r27=0 ^ simetria=1,freq ceros=1 ^ freq unos=1 ^ freq dos=1 ^ width=1 ^ actividad=1 ^ entropia=1 ^ transitoriedad=1 ^ time entropy=1,1.947996,0.054034,0.903341,0.000006,1.946552,0.000000
r18=0 ^ r26=0 ^ r27=0 ^ transitoriedad=1,freq ceros=1 ^ freq unos=1 ^ freq dos=1 ^ width=1 ^ simetria=1 ^ actividad=1 ^ entropia=1 ^ time entropy=1,1.947996,0.064391,0.901626,0.000004,1.946266,0.000000
r18=0 ^ r26=0 ^ r27=0 ^ simetria=1,freq ceros=1 ^ freq unos=1 ^ freq dos=1 ^ width=1 ^ actividad=1 ^ entropia=1 ^ transitoriedad=1 ^ time entropy=1,1.947996,0.054034,0.903341,0.000006,1.946552,0.000000
r18=0 ^ r26=0 ^ r27=0 ^ simetria=1,freq ceros=1 ^ freq unos=1 ^ freq dos=1 ^ width=1 ^ actividad=1 ^ entropia=1 ^ transitoriedad=1 ^ time entropy=1,1.947996,0.054034,0.903341,0.000006,1.946552,0.000000
r26=0 ^ r27=0 ^ transitoriedad=1 ^ time entropy=1,freq ceros=1 ^ freq unos=1 ^ freq dos=1 ^ width=1 ^ actividad=1 ^ entropia=1,1.940008,0.037553,0.889021,0.000005,1.938860,0.333333
r26=0 ^ r27=0 ^ transitoriedad=1 ^ time entropy=1,freq ceros=1 ^ freq unos=1 ^ freq dos=1 ^ width=1 ^ actividad=1 ^ entropia=1,1.940008,0.037553,0.889021,0.000005,1.938860,0.333333
r18=0 ^ r27=0 ^ simetria=1 ^ transitoriedad=1,freq ceros=1 ^ freq unos=1 ^ freq dos=1 ^ width=1 ^ actividad=1 ^ entropia=1 ^ time entropy=1,1.947996,0.007357,0.903169,0.000006,1.947804,0.166667
r18=0 ^ r26=0 ^ r27=0 ^ simetria=1,freq ceros=1 ^ freq unos=1 ^ freq dos=1 ^ width=1 ^ actividad=1 ^ entropia=1 ^ transitoriedad=1 ^ time entropy=1,1.947996,0.054034,0.903341,0.000006,1.946552,0.000000
r18=0 ^ r26=0 ^ r27=0 ^ transitoriedad=1,freq ceros=1 ^ freq unos=1 ^ freq dos=1 ^ width=1 ^ actividad=1 ^ entropia=1 ^ time entropy=1,1.947326,0.039454,0.902041,0.000006,1.946266,0.166667
r18=0 ^ r27=0 ^ simetria=1 ^ transitoriedad=1,freq ceros=1 ^ freq unos=1 ^ freq dos=1 ^ width=1 ^ actividad=1 ^ entropia=1 ^ time entropy=1,1.947996,0.007357,0.903169,0.000006,1.947804,0.166667
r18=0 ^ r26=0 ^ r27=0 ^ simetria=1,freq ceros=1 ^ freq unos=1 ^ freq dos=1 ^ width=1 ^ actividad=1 ^ entropia=1 ^ transitoriedad=1 ^ time entropy=1,1.947996,0.054034,0.903341,0.000006,1.946552,0.000000
r18=0 ^ r26=0 ^ r27=0 ^ simetria=1,freq ceros=1 ^ freq unos=1 ^ freq dos=1 ^ width=1 ^ actividad=1 ^ entropia=1 ^ transitoriedad=1 ^ time entropy=1,1.947996,0.054034,0.903341,0.000006,1.946552,0.000000
r18=0 ^ r26=0 ^ r27=0 ^ simetria=1,freq ceros=1 ^ freq unos=1 ^ freq dos=1 ^ width=1 ^ actividad=1 ^ entropia=1 ^ transitoriedad=1 ^ time entropy=1,1.947996,0.054034,0.903341,0.000006,1.946552,0.000000
r18=0 ^ r26=0 ^ r27=0 ^ simetria=1,freq ceros=1 ^ freq unos=1 ^ freq dos=1 ^ width=1 ^ actividad=1 ^ entropia=1 ^ transitoriedad=1 ^ time entropy=1,1.947996,0.054034,0.903341,0.000006,1.946552,0.000000
r26=0 ^ r27=0 ^ transitoriedad=1 ^ time entropy=1,freq ceros=1 ^ freq unos=1 ^ freq dos=1 ^ width=1 ^ actividad=1 ^ entropia=1,1.940008,0.037553,0.889021,0.000005,1.938860,0.333333
r18=0 ^ r27=0 ^ simetria=1 ^ transitoriedad=1,freq ceros=1 ^ freq unos=1 ^ freq dos=1 ^ width=1 ^ actividad=1 ^ entropia=1 ^ time entropy=1,1.947996,0.007357,0.903169,0.000006,1.947804,0.166667
r18=0 ^ r26=0 ^ r27=0 ^ simetria=1,freq ceros=1 ^ freq unos=1 ^ freq dos=1 ^ width=1 ^ actividad=1 ^ entropia=1 ^ transitoriedad=1 ^ time entropy=1,1.947996,0.054034,0.903341,0.000006,1.946552,0.000000
r18=0 ^ r26=0 ^ r27=0 ^ transitoriedad=1,freq ceros=1 ^ freq unos=1 ^ freq dos=1 ^ width=1 ^ actividad=1 ^ entropia=1 ^ time entropy=1,1.947326,0.039454,0.902041,0.000006,1.946266,0.166667
r18=0 ^ r26=0 ^ r27=0 ^ simetria=1,freq ceros=1 ^ freq unos=1 ^ freq dos=1 ^ width=1 ^ actividad=1 ^ entropia=1 ^ transitoriedad=1 ^ time entropy=1,1.947996,0.054034,0.903341,0.000006,1.946552,0.000000
r18=0 ^ r26=0 ^ r27=0 ^ simetria=1,freq ceros=1 ^ freq unos=1 ^ freq dos=1 ^ width=1 ^ actividad=1 ^ entropia=1 ^ transitoriedad=1 ^ time entropy=1,1.947996,0.054034,0.903341,0.000006,1.946552,0.000000
r26=0 ^ r27=0 ^ simetria=1 ^ transitoriedad=1,freq ceros=1 ^ freq unos=1 ^ freq dos=1 ^ width=1 ^ actividad=1 ^ entropia=1 ^ time entropy=1,1.947996,0.007357,0.903169,0.000006,1.947804,0.166667
r18=0 ^ r26=0 ^ r27=0 ^ simetria=1,freq ceros=1 ^ freq unos=1 ^ freq dos=1 ^ width=1 ^ actividad=1 ^ entropia=1 ^ transitoriedad=1 ^ time entropy=1,1.947996,0.054034,0.903341,0.000006,1.946552,0.000000
r18=0 ^ r26=0 ^ r27=0 ^ simetria=1,freq ceros=1 ^ freq unos=1 ^ freq dos=1 ^ width=1 ^ actividad=1 ^ entropia=1 ^ transitoriedad=1 ^ time entropy=1,1.947996,0.054034,0.903341,0.000006,1.946552,0.000000
r18=0 ^ r26=0 ^ r27=0 ^ simetria=1,freq ceros=1 ^ freq unos=1 ^ freq dos=1 ^ width=1 ^ actividad=1 ^ entropia=1 ^ transitoriedad=1 ^ time entropy=1,1.947996,0.054034,0.903341,0.000006,1.946552,0.000000
r18=0 ^ r27=0 ^ transitoriedad=1,freq ceros=1 ^ freq unos=1 ^ freq dos=1 ^ width=1 ^ actividad=1 ^ entropia=1 ^ time entropy=1,1.940144,0.082337,0.888872,0.000005,1.937574,0.333333
r18=0 ^ r26=0 ^ freq unos=1 ^ transitoriedad=1,freq ceros=1 ^ freq dos=1 ^ width=1 ^ simetria=1 ^ actividad=1 ^ entropia=1 ^ time entropy=1,1.945442,0.175135,0.897326,0.000004,1.940206,0.166667
r18=0 ^ r26=0 ^ r27=0 ^ simetria=1,freq ceros=1 ^ freq unos=1 ^ freq dos=1 ^ width=1 ^ actividad=1 ^ entropia=1 ^ transitoriedad=1 ^ time entropy=1,1.947996,0.054034,0.903341,0.000006,1.946552,0.000000
r18=0 ^ r26=0 ^ simetria=1 ^ transitoriedad=1,freq ceros=1 ^ freq unos=1 ^ freq dos=1 ^ width=1 ^ actividad=1 ^ entropia=1 ^ time entropy=1,1.945442,0.091644,0.898746,0.000006,1.942822,0.166667
r18=0 ^ r26=0 ^ r27=0 ^ simetria=1,freq ceros=1 ^ freq unos=1 ^ freq dos=1 ^ width=1 ^ actividad=1 ^ entropia=1 ^ transitoriedad=1 ^ time entropy=1,1.947996,0.054034,0.903341,0.000006,1.946552,0.000000
r18=0 ^ r26=0 ^ r27=0 ^ transitoriedad=1,freq ceros=1 ^ freq unos=1 ^ freq dos=1 ^ width=1 ^ simetria=1 ^ actividad=1 ^ entropia=1 ^ time entropy=1,1.947996,0.064391,0.901626,0.000004,1.946266,0.000000
r18=0 ^ r26=0 ^ freq unos=1 ^ transitoriedad=1,freq ceros=1 ^ freq dos=1 ^ width=1 ^ simetria=1 ^ actividad=1 ^ entropia=1 ^ time entropy=1,1.945442,0.175135,0.897326,0.000004,1.940206,0.166667
r18=0 ^ r26=0 ^ r27=0 ^ transitoriedad=1,freq ceros=1 ^ freq unos=1 ^ freq dos=1 ^ width=1 ^ simetria=1 ^ actividad=1 ^ entropia=1 ^ time entropy=1,1.947996,0.064391,0.901626,0.000004,1.946266,0.000000
r18=0 ^ r26=0 ^ r27=0 ^ transitoriedad=1,freq ceros=1 ^ freq unos=1 ^ freq dos=1 ^ width=1 ^ simetria=1 ^ actividad=1 ^ entropia=1 ^ time entropy=1,1.947996,0.064391,0.901626,0.000004,1.946266,0.000000
r18=0 ^ r26=0 ^ r27=0 ^ simetria=1,freq ceros=1 ^ freq unos=1 ^ freq dos=1 ^ width=1 ^ actividad=1 ^ entropia=1 ^ transitoriedad=1 ^ time entropy=1,1.947996,0.054034,0.903341,0.000006,1.946552,0.000000
r18=0 ^ r26=0 ^ transitoriedad=1,freq ceros=1 ^ freq unos=1 ^ freq dos=1 ^ width=1 ^ simetria=1 ^ actividad=1 ^ entropia=1 ^ time entropy=1,1.945442,0.317098,0.897682,0.000005,1.935162,0.166667
r18=0 ^ r26=0 ^ r27=0 ^ simetria=1,freq ceros=1 ^ freq unos=1 ^ freq dos=1 ^ width=1 ^ actividad=1 ^ entropia=1 ^ transitoriedad=1 ^ time entropy=1,1.947996,0.054034,0.903341,0.000006,1.946552,0.000000
r18=0 ^ r26=0 ^ r27=0 ^ transitoriedad=1,freq ceros=1 ^ freq unos=1 ^ freq dos=1 ^ width=1 ^ simetria=1 ^ actividad=1 ^ entropia=1 ^ time entropy=1,1.947996,0.064391,0.901626,0.000004,1.946266,0.000000
r18=0 ^ r26=0 ^ r27=0 ^ simetria=1,freq ceros=1 ^ freq unos=1 ^ freq dos=1 ^ width=1 ^ actividad=1 ^ entropia=1 ^ transitoriedad=1 ^ time entropy=1,1.947996,0.054034,0.903341,0.000006,1.946552,0.000000
r18=0 ^ r26=0 ^ r27=0 ^ simetria=1,freq ceros=1 ^ freq unos=1 ^ freq dos=1 ^ width=1 ^ actividad=1 ^ entropia=1 ^ transitoriedad=1 ^ time entropy=1,1.947996,0.054034,0.903341,0.000006,1.946552,0.000000
r18=0 ^ r26=0 ^ r27=0 ^ transitoriedad=1,freq ceros=1 ^ freq unos=1 ^ freq dos=1 ^ width=1 ^ actividad=1 ^ entropia=1 ^ time entropy=1,1.947326,0.039454,0.902041,0.000006,1.946266,0.166667
r18=0 ^ r27=0 ^ simetria=1 ^ transitoriedad=1,freq ceros=1 ^ freq unos=1 ^ freq dos=1 ^ width=1 ^ actividad=1 ^ entropia=1 ^ time entropy=1,1.947996,0.007357,0.903169,0.000006,1.947804,0.166667
r18=0 ^ r26=0 ^ r27=0 ^ simetria=1,freq ceros=1 ^ freq unos=1 ^ freq dos=1 ^ width=1 ^ actividad=1 ^ entropia=1 ^ transitoriedad=1 ^ time entropy=1,1.947996,0.054034,0.903341,0.000006,1.946552,0.000000
r18=0 ^ r26=0 ^ r27=0 ^ simetria=1,freq ceros=1 ^ freq unos=1 ^ freq dos=1 ^ width=1 ^ actividad=1 ^ entropia=1 ^ transitoriedad=1 ^ time entropy=1,1.947996,0.054034,0.903341,0.000006,1.946552,0.000000
r18=0 ^ r26=0 ^ r27=0 ^ simetria=1,freq ceros=1 ^ freq unos=1 ^ freq dos=1 ^ width=1 ^ actividad=1 ^ entropia=1 ^ transitoriedad=1 ^ time entropy=1,1.947996,0.054034,0.903341,0.000006,1.946552,0.000000
r18=0 ^ r26=0 ^ r27=0 ^ simetria=1,freq ceros=1 ^ freq unos=1 ^ freq dos=1 ^ width=1 ^ actividad=1 ^ entropia=1 ^ transitoriedad=1 ^ time entropy=1,1.947996,0.054034,0.903341,0.000006,1.946552,0.000000
r18=0 ^ r26=0 ^ r27=0 ^ transitoriedad=1,freq ceros=1 ^ freq unos=1 ^ freq dos=1 ^ width=1 ^ actividad=1 ^ entropia=1 ^ time entropy=1,1.947326,0.039454,0.902041,0.000006,1.946266,0.166667
r18=0 ^ r26=0 ^ r27=0 ^ simetria=1,freq ceros=1 ^ freq unos=1 ^ freq dos=1 ^ width=1 ^ actividad=1 ^ entropia=1 ^ transitoriedad=1 ^ time entropy=1,1.947996,0.054034,0.903341,0.000006,1.946552,0.000000
r18=0 ^ r26=0 ^ r27=0 ^ simetria=1,freq ceros=1 ^ freq unos=1 ^ freq dos=1 ^ width=1 ^ actividad=1 ^ entropia=1 ^ transitoriedad=1 ^ time entropy=1,1.947996,0.054034,0.903341,0.000006,1.946552,0.000000
r18=0 ^ r26=0 ^ r27=0 ^ simetria=1,freq ceros=1 ^ freq unos=1 ^ freq dos=1 ^ width=1 ^ actividad=1 ^ entropia=1 ^ transitoriedad=1 ^ time entropy=1,1.947996,0.054034,0.903341,0.000006,1.946552,0.000000
r18=0 ^ r26=0 ^ r27=0 ^ transitoriedad=1,freq ceros=1 ^ freq unos=1 ^ freq dos=1 ^ width=1 ^ simetria=1 ^ actividad=1 ^ entropia=1 ^ time entropy=1,1.947996,0.064391,0.901626,0.000004,1.946266,0.000000
r18=0 ^ r26=0 ^ r27=0 ^ simetria=1,freq ceros=1 ^ freq unos=1 ^ freq dos=1 ^ width=1 ^ actividad=1 ^ entropia=1 ^ transitoriedad=1 ^ time entropy=1,1.947996,0.054034,0.903341,0.000006,1.946552,0.000000
r18=0 ^ r26=0 ^ r27=0 ^ transitoriedad=1,freq ceros=1 ^ freq unos=1 ^ freq dos=1 ^ width=1 ^ simetria=1 ^ actividad=1 ^ entropia=1 ^ time entropy=1,1.947996,0.064391,0.901626,0.000004,1.946266,0.000000
r18=0 ^ r26=0 ^ r27=0 ^ transitoriedad=1,freq ceros=1 ^ freq unos=1 ^ freq dos=1 ^ width=1 ^ simetria=1 ^ actividad=1 ^ entropia=1 ^ time entropy=1,1.947996,0.064391,0.901626,0.000004,1.946266,0.000000
r18=0 ^ r26=0 ^ r27=0 ^ simetria=1,freq ceros=1 ^ freq unos=1 ^ freq dos=1 ^ width=1 ^ actividad=1 ^ entropia=1 ^ transitoriedad=1 ^ time entropy=1,1.947996,0.054034,0.903341,0.000006,1.946552,0.000000
r18=0 ^ r26=0 ^ r27=0 ^ simetria=1,freq ceros=1 ^ freq unos=1 ^ freq dos=1 ^ width=1 ^ actividad=1 ^ entropia=1 ^ transitoriedad=1 ^ time entropy=1,1.947996,0.054034,0.903341,0.000006,1.946552,0.000000
r18=0 ^ r26=0 ^ r27=0 ^ simetria=1,freq ceros=1 ^ freq unos=1 ^ freq dos=1 ^ width=1 ^ actividad=1 ^ entropia=1 ^ transitoriedad=1 ^ time entropy=1,1.947996,0.054034,0.903341,0.000006,1.946552,0.000000
r18=0 ^ r26=0 ^ r27=0 ^ simetria=1,freq ceros=1 ^ freq unos=1 ^ freq dos=1 ^ width=1 ^ actividad=1 ^ entropia=1 ^ transitoriedad=1 ^ time entropy=1,1.947996,0.054034,0.903341,0.000006,1.946552,0.000000
r18=0 ^ r26=0 ^ r27=0 ^ simetria=1,freq ceros=1 ^ freq unos=1 ^ freq dos=1 ^ width=1 ^ actividad=1 ^ entropia=1 ^ transitoriedad=1 ^ time entropy=1,1.947996,0.054034,0.903341,0.000006,1.946552,0.000000
r18=0 ^ r26=0 ^ r27=0 ^ simetria=1,freq ceros=1 ^ freq unos=1 ^ freq dos=1 ^ width=1 ^ actividad=1 ^ entropia=1 ^ transitoriedad=1 ^ time entropy=1,1.947996,0.054034,0.903341,0.000006,1.946552,0.000000
