antecedente,consecuente,support,confidence,leverage,chi_cuadrada,coverage,rule_size
r27=2 ^ transitoriedad=2,pasos=1 ^ simetria=2,1.410510,0.012200,0.904785,0.000058,1.406892,1.333333
r27=2 ^ transitoriedad=2,pasos=1 ^ simetria=2,1.410510,0.012200,0.904785,0.000058,1.406892,1.333333
r27=0 ^ freq ceros=5 ^ simetria=2,pasos=1 ^ transitoriedad=2,1.648702,0.000000,0.923203,0.000076,1.648702,1.166667
r1=2 ^ r27=2 ^ simetria=2 ^ transitoriedad=2,freq dos=5 ^ pasos=1,1.822614,0.154920,0.722140,0.000006,1.807720,1.000000
r2=1 ^ freq ceros=1 ^ entropia=3 ^ sensitividad=5,freq unos=2 ^ freq dos=5 ^ pasos=1 ^ actividad=3 ^ transitoriedad=2 ^ time entropy=3,1.999990,0.000000,0.999980,0.002042,1.999990,0.333333
r10=1 ^ freq ceros=1 ^ entropia=3 ^ sensitividad=5,freq unos=2 ^ freq dos=5 ^ pasos=1 ^ simetria=2 ^ actividad=3 ^ transitoriedad=2 ^ time entropy=3,1.999990,0.000000,0.999980,0.002034,1.999990,0.166667
r27=2 ^ transitoriedad=2,pasos=1 ^ simetria=2,1.410510,0.012200,0.904785,0.000058,1.406892,1.333333
r18=0 ^ transitoriedad=2,pasos=1 ^ simetria=2,1.431578,0.020112,0.912364,0.000067,1.425804,1.333333
r1=2 ^ r27=2 ^ simetria=2 ^ transitoriedad=2,freq dos=5 ^ pasos=1,1.822614,0.154920,0.722140,0.000006,1.807720,1.000000
r22=2 ^ freq ceros=1 ^ entropia=3 ^ sensitividad=5,freq dos=5 ^ width=4 ^ pasos=1 ^ simetria=2 ^ actividad=3 ^ transitoriedad=2,1.999998,0.000000,0.999996,0.047894,1.999998,0.333333
r6=0 ^ freq ceros=1 ^ entropia=3 ^ sensitividad=5,freq unos=2 ^ freq dos=5 ^ width=4 ^ pasos=1 ^ simetria=2 ^ actividad=3 ^ transitoriedad=2,1.999998,0.000000,0.999996,0.013250,1.999998,0.166667
r20=2,pasos=1 ^ simetria=2,1.389296,0.171649,0.999274,0.694975,1.331962,1.500000
r8=2,pasos=1 ^ simetria=2 ^ transitoriedad=2,1.418636,0.255514,0.999156,0.716742,1.333484,1.333333
r3=1 ^ freq ceros=1 ^ entropia=3 ^ sensitividad=5,width=4 ^ pasos=1 ^ simetria=2 ^ transitoriedad=2,1.999998,0.000000,0.999997,0.417754,1.999998,0.666667
r6=0 ^ freq ceros=1 ^ entropia=3 ^ sensitividad=5,freq unos=2 ^ freq dos=5 ^ width=4 ^ pasos=1 ^ simetria=2 ^ actividad=3 ^ transitoriedad=2,1.999998,0.000000,0.999996,0.013250,1.999998,0.166667
r7=2,pasos=1 ^ simetria=2 ^ transitoriedad=2,1.418818,0.257670,1.000594,1.060445,1.332868,1.333333
r5=1 ^ freq ceros=1 ^ entropia=3 ^ sensitividad=5,freq unos=2 ^ freq dos=5 ^ width=4 ^ pasos=1 ^ simetria=2 ^ actividad=3 ^ transitoriedad=2 ^ time entropy=3,1.999994,0.000000,0.999988,0.000793,1.999994,0.000000
r3=1 ^ freq ceros=1 ^ entropia=3 ^ sensitividad=5,freq unos=2 ^ freq dos=5 ^ width=4 ^ pasos=1 ^ simetria=2 ^ actividad=3 ^ transitoriedad=2 ^ time entropy=3,1.999998,0.000000,0.999996,0.002376,1.999998,0.000000
r5=1 ^ freq ceros=1 ^ entropia=3 ^ sensitividad=5,freq unos=2 ^ freq dos=5 ^ width=4 ^ pasos=1 ^ simetria=2 ^ actividad=3 ^ transitoriedad=2 ^ time entropy=3,1.999994,0.000000,0.999988,0.000793,1.999994,0.000000
r5=1 ^ freq ceros=1 ^ entropia=3 ^ sensitividad=5,freq unos=2 ^ freq dos=5 ^ width=4 ^ pasos=1 ^ simetria=2 ^ actividad=3 ^ transitoriedad=2 ^ time entropy=3,1.999994,0.000000,0.999988,0.000793,1.999994,0.000000
r5=1 ^ freq ceros=1 ^ entropia=3 ^ sensitividad=5,freq unos=2 ^ freq dos=5 ^ width=4 ^ pasos=1 ^ simetria=2 ^ actividad=3 ^ transitoriedad=2 ^ time entropy=3,1.999994,0.000000,0.999988,0.000793,1.999994,0.000000
r27=2 ^ simetria=2,pasos=1,1.374408,0.018491,0.971473,0.000262,1.368570,1.500000
r27=0 ^ simetria=2 ^ transitoriedad=2,pasos=1,1.434584,0.000000,0.964000,0.000154,1.434584,1.333333
r27=0 ^ freq ceros=5 ^ simetria=2 ^ transitoriedad=2,pasos=1,1.648702,0.000000,0.977633,0.000285,1.648702,1.166667
r2=1 ^ freq ceros=1 ^ entropia=3 ^ sensitividad=5,freq unos=2 ^ freq dos=5 ^ pasos=1 ^ actividad=3 ^ transitoriedad=2 ^ time entropy=3,1.999990,0.000000,0.999980,0.002042,1.999990,0.333333
r10=1 ^ freq ceros=1 ^ entropia=3 ^ sensitividad=5,freq unos=2 ^ freq dos=5 ^ pasos=1 ^ simetria=2 ^ actividad=3 ^ transitoriedad=2 ^ time entropy=3,1.999990,0.000000,0.999980,0.002034,1.999990,0.166667
r16=2,pasos=1,1.353800,0.062706,0.999357,0.418871,1.332884,1.666667
r27=0 ^ freq ceros=5 ^ simetria=2 ^ transitoriedad=2,pasos=1,1.648702,0.000000,0.977633,0.000285,1.648702,1.166667
r24=0 ^ freq ceros=1 ^ entropia=3 ^ sensitividad=5,freq dos=5 ^ width=4 ^ pasos=1 ^ simetria=2 ^ transitoriedad=2,1.999998,0.000000,0.999996,0.171402,1.999998,0.500000
r6=0 ^ freq ceros=1 ^ entropia=3 ^ sensitividad=5,freq unos=2 ^ freq dos=5 ^ width=4 ^ pasos=1 ^ simetria=2 ^ actividad=3 ^ transitoriedad=2,1.999998,0.000000,0.999996,0.013250,1.999998,0.166667
r8=2,pasos=1 ^ simetria=2 ^ transitoriedad=2,1.418636,0.255514,0.999156,0.716742,1.333484,1.333333
r6=0 ^ r11=2,pasos=1 ^ simetria=2 ^ transitoriedad=2,1.805278,0.254647,0.999524,0.878812,1.776868,1.166667
r6=0 ^ freq ceros=1 ^ entropia=3 ^ sensitividad=5,freq unos=2 ^ freq dos=5 ^ width=4 ^ pasos=1 ^ simetria=2 ^ actividad=3 ^ transitoriedad=2,1.999998,0.000000,0.999996,0.013250,1.999998,0.166667
r20=0,pasos=1 ^ simetria=2 ^ transitoriedad=2,1.418342,0.256651,0.999914,1.963341,1.332712,1.333333
r3=1 ^ freq ceros=1 ^ entropia=3 ^ sensitividad=5,freq unos=2 ^ freq dos=5 ^ width=4 ^ pasos=1 ^ simetria=2 ^ actividad=3 ^ transitoriedad=2 ^ time entropy=3,1.999998,0.000000,0.999996,0.002376,1.999998,0.000000
r5=1 ^ freq ceros=1 ^ entropia=3 ^ sensitividad=5,freq unos=2 ^ freq dos=5 ^ width=4 ^ pasos=1 ^ simetria=2 ^ actividad=3 ^ transitoriedad=2 ^ time entropy=3,1.999994,0.000000,0.999988,0.000793,1.999994,0.000000
r24=2 ^ simetria=2 ^ transitoriedad=2,pasos=1,1.406550,0.000067,0.962254,0.000144,1.406530,1.333333
r27=0 ^ freq ceros=5 ^ simetria=2 ^ transitoriedad=2,pasos=1,1.648702,0.000000,0.977633,0.000285,1.648702,1.166667
r2=1 ^ freq ceros=1 ^ entropia=3 ^ sensitividad=5,freq unos=2 ^ freq dos=5 ^ pasos=1 ^ actividad=3 ^ transitoriedad=2 ^ time entropy=3,1.999990,0.000000,0.999980,0.002042,1.999990,0.333333
r10=1 ^ freq ceros=1 ^ entropia=3 ^ sensitividad=5,freq unos=2 ^ freq dos=5 ^ pasos=1 ^ simetria=2 ^ actividad=3 ^ transitoriedad=2 ^ time entropy=3,1.999990,0.000000,0.999980,0.002034,1.999990,0.166667
r8=1,pasos=1 ^ simetria=2 ^ transitoriedad=2,1.419406,0.254635,0.998573,0.326547,1.334702,1.333333
r24=0 ^ freq ceros=1 ^ entropia=3 ^ sensitividad=5,freq dos=5 ^ width=4 ^ pasos=1 ^ simetria=2 ^ actividad=3 ^ transitoriedad=2,1.999998,0.000000,0.999996,0.047894,1.999998,0.333333
r6=0 ^ freq ceros=1 ^ entropia=3 ^ sensitividad=5,freq unos=2 ^ freq dos=5 ^ width=4 ^ pasos=1 ^ simetria=2 ^ actividad=3 ^ transitoriedad=2,1.999998,0.000000,0.999996,0.013250,1.999998,0.166667
r5=1 ^ freq ceros=1 ^ entropia=3 ^ sensitividad=5,freq unos=2 ^ freq dos=5 ^ width=4 ^ pasos=1 ^ simetria=2 ^ actividad=3 ^ transitoriedad=2 ^ time entropy=3,1.999994,0.000000,0.999988,0.000793,1.999994,0.000000
r6=0 ^ freq ceros=1 ^ entropia=3 ^ sensitividad=5,freq unos=2 ^ freq dos=5 ^ width=4 ^ pasos=1 ^ simetria=2 ^ actividad=3 ^ transitoriedad=2,1.999998,0.000000,0.999996,0.013250,1.999998,0.166667
r5=1 ^ freq ceros=1 ^ entropia=3 ^ sensitividad=5,freq unos=2 ^ freq dos=5 ^ width=4 ^ pasos=1 ^ simetria=2 ^ actividad=3 ^ transitoriedad=2 ^ time entropy=3,1.999994,0.000000,0.999988,0.000793,1.999994,0.000000
r27=0 ^ freq ceros=5 ^ transitoriedad=2,pasos=1 ^ simetria=2,1.648702,0.134351,0.985544,0.001845,1.623404,1.166667
r2=1 ^ freq ceros=1 ^ entropia=3 ^ sensitividad=5,freq unos=2 ^ freq dos=5 ^ pasos=1 ^ simetria=2 ^ actividad=3 ^ transitoriedad=2 ^ time entropy=3,1.999990,0.000000,0.999980,0.002034,1.999990,0.166667
r2=1 ^ freq ceros=1 ^ entropia=3 ^ sensitividad=5,freq unos=2 ^ freq dos=5 ^ pasos=1 ^ simetria=2 ^ actividad=3 ^ transitoriedad=2 ^ time entropy=3,1.999990,0.000000,0.999980,0.002034,1.999990,0.166667
r22=2 ^ freq ceros=1 ^ entropia=3 ^ sensitividad=5,freq unos=2 ^ freq dos=5 ^ width=4 ^ pasos=1 ^ simetria=2 ^ actividad=3 ^ transitoriedad=2 ^ time entropy=3,1.999998,0.000000,0.999996,0.002376,1.999998,0.000000
r6=0 ^ freq ceros=1 ^ entropia=3 ^ sensitividad=5,freq unos=2 ^ freq dos=5 ^ width=4 ^ pasos=1 ^ simetria=2 ^ actividad=3 ^ transitoriedad=2,1.999998,0.000000,0.999996,0.013250,1.999998,0.166667
r22=2 ^ freq ceros=1 ^ entropia=3 ^ sensitividad=5,freq unos=2 ^ freq dos=5 ^ width=4 ^ pasos=1 ^ simetria=2 ^ actividad=3 ^ transitoriedad=2 ^ time entropy=3,1.999998,0.000000,0.999996,0.002376,1.999998,0.000000
r5=1 ^ freq ceros=1 ^ entropia=3 ^ sensitividad=5,freq unos=2 ^ freq dos=5 ^ width=4 ^ pasos=1 ^ simetria=2 ^ actividad=3 ^ transitoriedad=2 ^ time entropy=3,1.999994,0.000000,0.999988,0.000793,1.999994,0.000000
r5=1 ^ freq ceros=1 ^ entropia=3 ^ sensitividad=5,freq unos=2 ^ freq dos=5 ^ width=4 ^ pasos=1 ^ simetria=2 ^ actividad=3 ^ transitoriedad=2 ^ time entropy=3,1.999994,0.000000,0.999988,0.000793,1.999994,0.000000
r22=2 ^ freq ceros=1 ^ entropia=3 ^ sensitividad=5,freq unos=2 ^ freq dos=5 ^ width=4 ^ pasos=1 ^ simetria=2 ^ actividad=3 ^ transitoriedad=2 ^ time entropy=3,1.999998,0.000000,0.999996,0.002376,1.999998,0.000000
r5=1 ^ freq ceros=1 ^ entropia=3 ^ sensitividad=5,freq unos=2 ^ freq dos=5 ^ width=4 ^ pasos=1 ^ simetria=2 ^ actividad=3 ^ transitoriedad=2 ^ time entropy=3,1.999994,0.000000,0.999988,0.000793,1.999994,0.000000
r24=2 ^ simetria=2,pasos=1 ^ transitoriedad=2,1.406550,0.109237,0.931343,0.000142,1.372264,1.333333
r27=0 ^ freq ceros=5,pasos=1 ^ simetria=2 ^ transitoriedad=2,1.648702,0.134351,0.953894,0.000257,1.623404,1.166667
r1=2 ^ r27=2 ^ simetria=2,freq dos=5 ^ pasos=1 ^ transitoriedad=2,1.822614,0.302445,0.728809,0.000007,1.791010,1.000000
r1=2 ^ r27=2 ^ entropia=3 ^ sensitividad=5,freq ceros=3 ^ freq dos=5 ^ pasos=1 ^ simetria=2 ^ transitoriedad=2,1.988690,0.310427,0.978710,0.000022,1.986612,0.500000
r10=1 ^ freq ceros=1 ^ entropia=3 ^ sensitividad=5,freq unos=2 ^ freq dos=5 ^ pasos=1 ^ simetria=2 ^ actividad=3 ^ transitoriedad=2 ^ time entropy=3,1.999990,0.000000,0.999980,0.002034,1.999990,0.166667
r8=1,pasos=1 ^ simetria=2 ^ transitoriedad=2,1.419406,0.254635,0.998573,0.326547,1.334702,1.333333
r1=2 ^ r27=2 ^ simetria=2,freq dos=5 ^ pasos=1 ^ transitoriedad=2,1.822614,0.302445,0.728809,0.000007,1.791010,1.000000
r1=2 ^ r27=2 ^ simetria=2,freq dos=5 ^ pasos=1 ^ transitoriedad=2,1.822614,0.302445,0.728809,0.000007,1.791010,1.000000
r6=0 ^ freq ceros=1 ^ entropia=3 ^ sensitividad=5,freq unos=2 ^ freq dos=5 ^ width=4 ^ pasos=1 ^ simetria=2 ^ actividad=3 ^ transitoriedad=2,1.999998,0.000000,0.999996,0.013250,1.999998,0.166667
r8=2,pasos=1 ^ simetria=2 ^ transitoriedad=2,1.418636,0.255514,0.999156,0.716742,1.333484,1.333333
r9=0 ^ r17=2,pasos=1 ^ simetria=2 ^ transitoriedad=2,1.806098,0.258907,1.000474,0.882167,1.777264,1.166667
r6=0 ^ freq ceros=1 ^ entropia=3 ^ sensitividad=5,freq unos=2 ^ freq dos=5 ^ width=4 ^ pasos=1 ^ simetria=2 ^ actividad=3 ^ transitoriedad=2,1.999998,0.000000,0.999996,0.013250,1.999998,0.166667
r7=2,pasos=1 ^ simetria=2 ^ transitoriedad=2,1.418818,0.257670,1.000594,1.060445,1.332868,1.333333
r5=1 ^ freq ceros=1 ^ entropia=3 ^ sensitividad=5,freq unos=2 ^ freq dos=5 ^ width=4 ^ pasos=1 ^ simetria=2 ^ actividad=3 ^ transitoriedad=2 ^ time entropy=3,1.999994,0.000000,0.999988,0.000793,1.999994,0.000000
r5=1 ^ freq ceros=1 ^ entropia=3 ^ sensitividad=5,freq unos=2 ^ freq dos=5 ^ width=4 ^ pasos=1 ^ simetria=2 ^ actividad=3 ^ transitoriedad=2 ^ time entropy=3,1.999994,0.000000,0.999988,0.000793,1.999994,0.000000
r24=1,pasos=1 ^ simetria=2 ^ transitoriedad=2,1.428706,0.291656,1.023326,0.001464,1.331172,1.333333
r27=0 ^ freq ceros=5 ^ transitoriedad=2,pasos=1 ^ simetria=2,1.648702,0.134351,0.985544,0.001845,1.623404,1.166667
r1=2 ^ freq ceros=3 ^ width=4 ^ sensitividad=5,freq dos=5 ^ pasos=1 ^ simetria=2 ^ transitoriedad=2,1.966980,0.285210,0.949237,0.000037,1.961488,0.666667
r10=1 ^ freq ceros=1 ^ entropia=3 ^ sensitividad=5,freq unos=2 ^ freq dos=5 ^ pasos=1 ^ simetria=2 ^ actividad=3 ^ transitoriedad=2 ^ time entropy=3,1.999990,0.000000,0.999980,0.002034,1.999990,0.166667
r4=2,pasos=1 ^ simetria=2 ^ transitoriedad=2,1.420412,0.258826,1.001362,0.352907,1.334256,1.333333
r8=1 ^ r20=2,pasos=1 ^ simetria=2 ^ transitoriedad=2,1.806350,0.260405,1.000807,0.427640,1.777362,1.166667
r6=0 ^ freq ceros=1 ^ entropia=3 ^ sensitividad=5,freq unos=2 ^ freq dos=5 ^ width=4 ^ pasos=1 ^ simetria=2 ^ actividad=3 ^ transitoriedad=2,1.999998,0.000000,0.999996,0.013250,1.999998,0.166667
r7=2,pasos=1 ^ simetria=2 ^ transitoriedad=2,1.418818,0.257670,1.000594,1.060445,1.332868,1.333333
r20=0 ^ freq ceros=1 ^ entropia=3 ^ sensitividad=5,freq unos=2 ^ freq dos=5 ^ width=4 ^ pasos=1 ^ simetria=2 ^ actividad=3 ^ transitoriedad=2 ^ time entropy=3,1.999998,0.000000,0.999996,0.002376,1.999998,0.000000
r5=1 ^ freq ceros=1 ^ entropia=3 ^ sensitividad=5,freq unos=2 ^ freq dos=5 ^ width=4 ^ pasos=1 ^ simetria=2 ^ actividad=3 ^ transitoriedad=2 ^ time entropy=3,1.999994,0.000000,0.999988,0.000793,1.999994,0.000000
r27=0,pasos=1 ^ simetria=2 ^ transitoriedad=2,1.434584,0.303139,1.030895,0.000833,1.333574,1.333333
r26=1 ^ r27=0 ^ freq ceros=5 ^ transitoriedad=2,pasos=1 ^ simetria=2,1.844748,0.249380,1.013594,0.001104,1.822632,1.000000
r2=1 ^ freq ceros=1 ^ entropia=3 ^ sensitividad=5,freq unos=2 ^ freq dos=5 ^ pasos=1 ^ simetria=2 ^ actividad=3 ^ transitoriedad=2 ^ time entropy=3,1.999990,0.000000,0.999980,0.002034,1.999990,0.166667
r4=2,pasos=1 ^ simetria=2 ^ transitoriedad=2,1.420412,0.258826,1.001362,0.352907,1.334256,1.333333
r6=0 ^ freq ceros=1 ^ entropia=3 ^ sensitividad=5,freq unos=2 ^ freq dos=5 ^ width=4 ^ pasos=1 ^ simetria=2 ^ actividad=3 ^ transitoriedad=2,1.999998,0.000000,0.999996,0.013250,1.999998,0.166667
r13=1 ^ freq ceros=1 ^ entropia=3 ^ sensitividad=5,freq unos=2 ^ freq dos=5 ^ width=4 ^ pasos=1 ^ simetria=2 ^ actividad=3 ^ transitoriedad=2 ^ time entropy=3,1.999998,0.000000,0.999996,0.002376,1.999998,0.000000
r5=1 ^ freq ceros=1 ^ entropia=3 ^ sensitividad=5,freq unos=2 ^ freq dos=5 ^ width=4 ^ pasos=1 ^ simetria=2 ^ actividad=3 ^ transitoriedad=2 ^ time entropy=3,1.999994,0.000000,0.999988,0.000793,1.999994,0.000000
r2=1 ^ freq ceros=1 ^ entropia=3 ^ sensitividad=5,freq unos=2 ^ freq dos=5 ^ pasos=1 ^ simetria=2 ^ actividad=3 ^ transitoriedad=2 ^ time entropy=3,1.999990,0.000000,0.999980,0.002034,1.999990,0.166667
r13=1 ^ freq ceros=1 ^ entropia=3 ^ sensitividad=5,freq unos=2 ^ freq dos=5 ^ width=4 ^ pasos=1 ^ simetria=2 ^ actividad=3 ^ transitoriedad=2 ^ time entropy=3,1.999998,0.000000,0.999996,0.002376,1.999998,0.000000
r5=1 ^ freq ceros=1 ^ entropia=3 ^ sensitividad=5,freq unos=2 ^ freq dos=5 ^ width=4 ^ pasos=1 ^ simetria=2 ^ actividad=3 ^ transitoriedad=2 ^ time entropy=3,1.999994,0.000000,0.999988,0.000793,1.999994,0.000000
r24=1,pasos=1 ^ simetria=2 ^ transitoriedad=2,1.428706,0.291656,1.023326,0.001464,1.331172,1.333333
r1=2 ^ r27=2,freq dos=5 ^ pasos=1 ^ simetria=2 ^ transitoriedad=2,1.822614,0.397452,0.733043,0.000007,1.778620,1.000000
r1=2 ^ r27=2,freq dos=5 ^ pasos=1 ^ simetria=2 ^ transitoriedad=2,1.822614,0.397452,0.733043,0.000007,1.778620,1.000000
r27=2 ^ freq ceros=1 ^ entropia=3 ^ sensitividad=5,freq unos=2 ^ freq dos=5 ^ width=4 ^ pasos=1 ^ actividad=3 ^ transitoriedad=2 ^ time entropy=3,1.999992,0.400000,0.999984,0.000745,1.999990,0.166667
r8=1,pasos=1 ^ simetria=2 ^ transitoriedad=2,1.419406,0.254635,0.998573,0.326547,1.334702,1.333333
r1=2 ^ r27=2,freq dos=5 ^ pasos=1 ^ simetria=2 ^ transitoriedad=2,1.822614,0.397452,0.733043,0.000007,1.778620,1.000000
r27=2 ^ freq ceros=1 ^ entropia=3 ^ sensitividad=5,freq unos=2 ^ freq dos=5 ^ width=4 ^ pasos=1 ^ simetria=2 ^ actividad=3 ^ transitoriedad=2,1.999992,0.400000,0.999984,0.004173,1.999990,0.166667
r5=1 ^ freq ceros=1 ^ entropia=3 ^ sensitividad=5,freq unos=2 ^ freq dos=5 ^ width=4 ^ pasos=1 ^ simetria=2 ^ actividad=3 ^ transitoriedad=2 ^ time entropy=3,1.999994,0.000000,0.999988,0.000793,1.999994,0.000000
r20=0 ^ freq ceros=1 ^ entropia=3 ^ sensitividad=5,freq unos=2 ^ freq dos=5 ^ width=4 ^ pasos=1 ^ simetria=2 ^ actividad=3 ^ transitoriedad=2 ^ time entropy=3,1.999998,0.000000,0.999996,0.002376,1.999998,0.000000
r5=1 ^ freq ceros=1 ^ entropia=3 ^ sensitividad=5,freq unos=2 ^ freq dos=5 ^ width=4 ^ pasos=1 ^ simetria=2 ^ actividad=3 ^ transitoriedad=2 ^ time entropy=3,1.999994,0.000000,0.999988,0.000793,1.999994,0.000000
r27=0,pasos=1 ^ simetria=2 ^ transitoriedad=2,1.434584,0.303139,1.030895,0.000833,1.333574,1.333333
r1=2 ^ r14=2 ^ simetria=2,freq dos=5 ^ pasos=1 ^ transitoriedad=2,1.874010,0.779202,0.830567,0.000017,1.793594,1.000000
r3=0 ^ freq ceros=1 ^ entropia=3 ^ sensitividad=5,freq unos=2 ^ freq dos=5 ^ width=4 ^ pasos=1 ^ actividad=3 ^ transitoriedad=2 ^ time entropy=3,1.999994,0.500000,0.999988,0.001059,1.999992,0.166667
r5=1 ^ freq ceros=1 ^ entropia=3 ^ sensitividad=5,freq unos=2 ^ freq dos=5 ^ width=4 ^ pasos=1 ^ simetria=2 ^ actividad=3 ^ transitoriedad=2 ^ time entropy=3,1.999994,0.000000,0.999988,0.000793,1.999994,0.000000
r27=2 ^ freq ceros=1 ^ entropia=3 ^ sensitividad=5,freq unos=2 ^ freq dos=5 ^ width=4 ^ pasos=1 ^ simetria=2 ^ actividad=3 ^ transitoriedad=2,1.999992,0.400000,0.999984,0.004173,1.999990,0.166667
r5=1 ^ freq ceros=1 ^ entropia=3 ^ sensitividad=5,freq unos=2 ^ freq dos=5 ^ width=4 ^ pasos=1 ^ simetria=2 ^ actividad=3 ^ transitoriedad=2 ^ time entropy=3,1.999994,0.000000,0.999988,0.000793,1.999994,0.000000
r5=1 ^ freq ceros=1 ^ entropia=3 ^ sensitividad=5,freq unos=2 ^ freq dos=5 ^ width=4 ^ pasos=1 ^ simetria=2 ^ actividad=3 ^ transitoriedad=2 ^ time entropy=3,1.999994,0.000000,0.999988,0.000793,1.999994,0.000000
r2=1 ^ freq ceros=1 ^ entropia=3 ^ sensitividad=5,freq unos=2 ^ freq dos=5 ^ width=4 ^ pasos=1 ^ actividad=3 ^ transitoriedad=2 ^ time entropy=3,1.999992,0.400000,0.999984,0.000745,1.999990,0.166667
r5=1 ^ freq ceros=1 ^ entropia=3 ^ sensitividad=5,freq unos=2 ^ freq dos=5 ^ width=4 ^ pasos=1 ^ simetria=2 ^ actividad=3 ^ transitoriedad=2 ^ time entropy=3,1.999994,0.000000,0.999988,0.000793,1.999994,0.000000
r5=1 ^ freq ceros=1 ^ entropia=3 ^ sensitividad=5,freq unos=2 ^ freq dos=5 ^ width=4 ^ pasos=1 ^ simetria=2 ^ actividad=3 ^ transitoriedad=2 ^ time entropy=3,1.999994,0.000000,0.999988,0.000793,1.999994,0.000000
r27=2 ^ simetria=2,freq dos=5 ^ pasos=1 ^ transitoriedad=2,1.719784,1.112440,0.692093,0.000012,1.368570,1.166667
r1=2 ^ r27=2 ^ simetria=2 ^ transitoriedad=2,freq ceros=2 ^ freq dos=5 ^ pasos=1,1.922816,1.197171,0.871474,0.000011,1.807720,0.833333
r1=2 ^ r27=2 ^ entropia=3 ^ sensitividad=5,freq ceros=3 ^ freq dos=5 ^ pasos=1 ^ simetria=2 ^ transitoriedad=2 ^ time entropy=3,1.991640,0.751120,0.983692,0.000012,1.986612,0.333333
r27=2 ^ simetria=2,freq dos=5 ^ pasos=1 ^ transitoriedad=2,1.719784,1.112440,0.692093,0.000012,1.368570,1.166667
r5=1 ^ freq ceros=1 ^ entropia=3 ^ sensitividad=5,freq unos=2 ^ freq dos=5 ^ width=4 ^ pasos=1 ^ simetria=2 ^ actividad=3 ^ transitoriedad=2 ^ time entropy=3,1.999994,0.000000,0.999988,0.000793,1.999994,0.000000
r5=1 ^ freq ceros=1 ^ entropia=3 ^ sensitividad=5,freq unos=2 ^ freq dos=5 ^ width=4 ^ pasos=1 ^ simetria=2 ^ actividad=3 ^ transitoriedad=2 ^ time entropy=3,1.999994,0.000000,0.999988,0.000793,1.999994,0.000000
r14=2,freq dos=5 ^ pasos=1 ^ simetria=2 ^ transitoriedad=2,1.792458,1.377946,0.849607,0.000050,1.332720,1.166667
r1=2 ^ r27=2 ^ entropia=3 ^ sensitividad=5,freq ceros=3 ^ freq dos=5 ^ pasos=1 ^ simetria=2 ^ transitoriedad=2 ^ time entropy=3,1.991640,0.751120,0.983692,0.000012,1.986612,0.333333
r5=1 ^ freq ceros=1 ^ entropia=3 ^ sensitividad=5,freq unos=2 ^ freq dos=5 ^ width=4 ^ pasos=1 ^ simetria=2 ^ actividad=3 ^ transitoriedad=2 ^ time entropy=3,1.999994,0.000000,0.999988,0.000793,1.999994,0.000000
r5=1 ^ freq ceros=1 ^ entropia=3 ^ sensitividad=5,freq unos=2 ^ freq dos=5 ^ width=4 ^ pasos=1 ^ simetria=2 ^ actividad=3 ^ transitoriedad=2 ^ time entropy=3,1.999994,0.000000,0.999988,0.000793,1.999994,0.000000
r27=2,freq dos=5 ^ pasos=1 ^ simetria=2 ^ transitoriedad=2,1.719784,1.158660,0.703798,0.000013,1.333882,1.166667
r5=1 ^ freq ceros=1 ^ entropia=3 ^ sensitividad=5,freq unos=2 ^ freq dos=5 ^ width=4 ^ pasos=1 ^ simetria=2 ^ actividad=3 ^ transitoriedad=2 ^ time entropy=3,1.999994,0.000000,0.999988,0.000793,1.999994,0.000000
r5=1 ^ freq ceros=1 ^ entropia=3 ^ sensitividad=5,freq unos=2 ^ freq dos=5 ^ width=4 ^ pasos=1 ^ simetria=2 ^ actividad=3 ^ transitoriedad=2 ^ time entropy=3,1.999994,0.000000,0.999988,0.000793,1.999994,0.000000
r5=1 ^ freq ceros=1 ^ entropia=3 ^ sensitividad=5,freq unos=2 ^ freq dos=5 ^ width=4 ^ pasos=1 ^ simetria=2 ^ actividad=3 ^ transitoriedad=2 ^ time entropy=3,1.999994,0.000000,0.999988,0.000793,1.999994,0.000000
r5=1 ^ freq ceros=1 ^ entropia=3 ^ sensitividad=5,freq unos=2 ^ freq dos=5 ^ width=4 ^ pasos=1 ^ simetria=2 ^ actividad=3 ^ transitoriedad=2 ^ time entropy=3,1.999994,0.000000,0.999988,0.000793,1.999994,0.000000
r18=0 ^ transitoriedad=2,pasos=1 ^ simetria=2,1.431578,0.020112,0.912364,0.000067,1.425804,1.333333
r27=0 ^ freq ceros=5 ^ simetria=2,pasos=1 ^ transitoriedad=2,1.648702,0.000000,0.923203,0.000076,1.648702,1.166667
r1=2 ^ r27=2 ^ simetria=2 ^ transitoriedad=2,freq dos=5 ^ pasos=1,1.822614,0.154920,0.722140,0.000006,1.807720,1.000000
r1=2 ^ r27=2 ^ freq ceros=3 ^ sensitividad=5,freq dos=5 ^ pasos=1 ^ simetria=2 ^ transitoriedad=2,1.964616,0.011800,0.943351,0.000028,1.964406,0.666667
r2=1 ^ freq ceros=1 ^ entropia=3 ^ sensitividad=5,freq unos=2 ^ freq dos=5 ^ pasos=1 ^ simetria=2 ^ actividad=3 ^ transitoriedad=2 ^ time entropy=3,1.999990,0.000000,0.999980,0.002034,1.999990,0.166667
r18=0 ^ transitoriedad=2,pasos=1 ^ simetria=2,1.431578,0.020112,0.912364,0.000067,1.425804,1.333333
r1=2 ^ r27=2 ^ simetria=2 ^ transitoriedad=2,freq dos=5 ^ pasos=1,1.822614,0.154920,0.722140,0.000006,1.807720,1.000000
r17=1 ^ freq ceros=1 ^ entropia=3 ^ sensitividad=5,freq unos=2 ^ pasos=1 ^ simetria=2 ^ transitoriedad=2,1.999998,0.000000,0.999997,0.351012,1.999998,0.666667
r6=0 ^ freq ceros=1 ^ entropia=3 ^ sensitividad=5,freq unos=2 ^ freq dos=5 ^ width=4 ^ pasos=1 ^ simetria=2 ^ actividad=3 ^ transitoriedad=2,1.999998,0.000000,0.999996,0.013250,1.999998,0.166667
r8=2,pasos=1 ^ simetria=2 ^ transitoriedad=2,1.418636,0.255514,0.999156,0.716742,1.333484,1.333333
r12=2 ^ r16=2 ^ r20=0,pasos=1 ^ simetria=2,1.932422,0.170056,0.999802,1.068077,1.926142,1.166667
r3=1 ^ freq ceros=1 ^ entropia=3 ^ sensitividad=5,width=4 ^ pasos=1 ^ simetria=2 ^ transitoriedad=2,1.999998,0.000000,0.999997,0.417754,1.999998,0.666667
r5=1 ^ freq ceros=1 ^ entropia=3 ^ sensitividad=5,freq unos=2 ^ freq dos=5 ^ width=4 ^ pasos=1 ^ simetria=2 ^ actividad=3 ^ transitoriedad=2 ^ time entropy=3,1.999994,0.000000,0.999988,0.000793,1.999994,0.000000
r25=2 ^ freq ceros=1 ^ entropia=3 ^ sensitividad=5,pasos=1 ^ simetria=2 ^ transitoriedad=2,1.999998,0.000000,0.999999,1.743220,1.999998,0.833333
r5=1 ^ freq ceros=1 ^ entropia=3 ^ sensitividad=5,freq unos=2 ^ freq dos=5 ^ width=4 ^ pasos=1 ^ simetria=2 ^ actividad=3 ^ transitoriedad=2 ^ time entropy=3,1.999994,0.000000,0.999988,0.000793,1.999994,0.000000
r27=0 ^ simetria=2 ^ transitoriedad=2,pasos=1,1.434584,0.000000,0.964000,0.000154,1.434584,1.333333
r27=2 ^ freq dos=5 ^ simetria=2 ^ transitoriedad=2,pasos=1,1.719784,0.000000,0.982159,0.000373,1.719784,1.166667
r1=2 ^ r27=2 ^ freq ceros=3 ^ sensitividad=5,freq dos=5 ^ pasos=1 ^ simetria=2 ^ transitoriedad=2,1.964616,0.011800,0.943351,0.000028,1.964406,0.666667
r2=1 ^ freq ceros=1 ^ entropia=3 ^ sensitividad=5,freq unos=2 ^ freq dos=5 ^ pasos=1 ^ simetria=2 ^ actividad=3 ^ transitoriedad=2 ^ time entropy=3,1.999990,0.000000,0.999980,0.002034,1.999990,0.166667
r4=2,pasos=1 ^ simetria=2 ^ transitoriedad=2,1.420412,0.258826,1.001362,0.352907,1.334256,1.333333
r4=2 ^ r16=2 ^ freq ceros=1 ^ entropia=3,pasos=1 ^ simetria=2,1.999936,0.000000,0.999989,0.496877,1.999936,1.000000
r24=0 ^ freq ceros=1 ^ entropia=3 ^ sensitividad=5,freq dos=5 ^ width=4 ^ pasos=1 ^ simetria=2 ^ transitoriedad=2,1.999998,0.000000,0.999996,0.171402,1.999998,0.500000
r4=2 ^ r16=2,pasos=1 ^ simetria=2 ^ transitoriedad=2,1.805948,0.254740,0.999546,0.924488,1.777624,1.166667
r27=2 ^ freq ceros=1 ^ entropia=3 ^ sensitividad=5,pasos=1 ^ simetria=2 ^ transitoriedad=2,1.999990,0.000000,0.999997,1.151733,1.999990,0.833333
r13=1 ^ freq ceros=1 ^ entropia=3 ^ sensitividad=5,freq unos=2 ^ freq dos=5 ^ width=4 ^ pasos=1 ^ simetria=2 ^ actividad=3 ^ transitoriedad=2 ^ time entropy=3,1.999998,0.000000,0.999996,0.002376,1.999998,0.000000
r27=0 ^ freq ceros=5 ^ transitoriedad=2,pasos=1 ^ simetria=2,1.648702,0.134351,0.985544,0.001845,1.623404,1.166667
r1=2 ^ r27=2 ^ freq ceros=2 ^ freq dos=5,pasos=1 ^ simetria=2 ^ transitoriedad=2,1.922816,0.013793,0.981115,0.000375,1.922280,0.833333
r17=2 ^ freq ceros=1 ^ entropia=3 ^ sensitividad=5,freq unos=2 ^ freq dos=5 ^ width=4 ^ pasos=1 ^ transitoriedad=2 ^ time entropy=3,1.999994,0.000000,0.999988,0.001399,1.999994,0.333333
r20=0 ^ freq ceros=1 ^ entropia=3 ^ sensitividad=5,freq dos=5 ^ width=4 ^ pasos=1 ^ simetria=2 ^ actividad=3 ^ transitoriedad=2,1.999998,0.000000,0.999996,0.047894,1.999998,0.333333
r20=0 ^ freq ceros=1 ^ entropia=3 ^ sensitividad=5,freq dos=5 ^ width=4 ^ pasos=1 ^ simetria=2 ^ actividad=3 ^ transitoriedad=2,1.999998,0.000000,0.999996,0.047894,1.999998,0.333333
r20=0 ^ freq ceros=1 ^ entropia=3 ^ sensitividad=5,freq unos=2 ^ freq dos=5 ^ width=4 ^ pasos=1 ^ simetria=2 ^ actividad=3 ^ transitoriedad=2,1.999998,0.000000,0.999996,0.013250,1.999998,0.166667
r2=1 ^ freq ceros=1 ^ entropia=3 ^ sensitividad=5,freq unos=2 ^ freq dos=5 ^ pasos=1 ^ simetria=2 ^ actividad=3 ^ transitoriedad=2 ^ time entropy=3,1.999990,0.000000,0.999980,0.002034,1.999990,0.166667
r2=1 ^ freq ceros=1 ^ entropia=3 ^ sensitividad=5,freq unos=2 ^ freq dos=5 ^ pasos=1 ^ simetria=2 ^ actividad=3 ^ transitoriedad=2 ^ time entropy=3,1.999990,0.000000,0.999980,0.002034,1.999990,0.166667
r20=0 ^ freq ceros=1 ^ entropia=3 ^ sensitividad=5,freq unos=2 ^ freq dos=5 ^ width=4 ^ pasos=1 ^ simetria=2 ^ actividad=3 ^ transitoriedad=2,1.999998,0.000000,0.999996,0.013250,1.999998,0.166667
r5=1 ^ freq ceros=1 ^ entropia=3 ^ sensitividad=5,freq unos=2 ^ freq dos=5 ^ width=4 ^ pasos=1 ^ simetria=2 ^ actividad=3 ^ transitoriedad=2 ^ time entropy=3,1.999994,0.000000,0.999988,0.000793,1.999994,0.000000
r27=0 ^ freq ceros=5,pasos=1 ^ simetria=2 ^ transitoriedad=2,1.648702,0.134351,0.953894,0.000257,1.623404,1.166667
r1=2 ^ r27=2,freq dos=5 ^ pasos=1 ^ transitoriedad=2,1.820966,0.382564,0.730468,0.000007,1.778620,1.166667
r1=2 ^ r26=0 ^ r27=2,freq dos=5 ^ pasos=1 ^ simetria=2 ^ transitoriedad=2,1.938290,0.331982,0.905931,0.000020,1.926008,0.833333
r27=2 ^ freq ceros=1 ^ entropia=3 ^ sensitividad=5,freq unos=2 ^ freq dos=5 ^ width=4 ^ pasos=1 ^ actividad=3 ^ transitoriedad=2 ^ time entropy=3,1.999992,0.400000,0.999984,0.000745,1.999990,0.166667
r4=2,pasos=1 ^ simetria=2 ^ transitoriedad=2,1.420412,0.258826,1.001362,0.352907,1.334256,1.333333
r1=2 ^ r27=2,freq dos=5 ^ pasos=1 ^ simetria=2 ^ transitoriedad=2,1.822614,0.397452,0.733043,0.000007,1.778620,1.000000
r27=2 ^ freq ceros=1 ^ entropia=3 ^ sensitividad=5,freq dos=5 ^ width=4 ^ pasos=1 ^ simetria=2 ^ actividad=3 ^ transitoriedad=2,1.999992,0.400000,0.999984,0.015404,1.999990,0.333333
r9=0 ^ r17=2,pasos=1 ^ simetria=2 ^ transitoriedad=2,1.806098,0.258907,1.000474,0.882167,1.777264,1.166667
r12=2 ^ r16=2 ^ freq ceros=1 ^ entropia=3,pasos=1 ^ simetria=2 ^ transitoriedad=2,1.999938,0.368421,1.000008,0.971761,1.999924,0.833333
r5=1 ^ freq ceros=1 ^ entropia=3 ^ sensitividad=5,freq unos=2 ^ freq dos=5 ^ width=4 ^ pasos=1 ^ simetria=2 ^ actividad=3 ^ transitoriedad=2 ^ time entropy=3,1.999994,0.000000,0.999988,0.000793,1.999994,0.000000
r27=0,pasos=1 ^ simetria=2 ^ transitoriedad=2,1.434584,0.303139,1.030895,0.000833,1.333574,1.333333
r6=0 ^ r24=0 ^ r27=0,pasos=1 ^ simetria=2 ^ transitoriedad=2,1.943230,0.466670,1.015542,0.000528,1.925952,1.000000
r27=2 ^ freq ceros=1 ^ entropia=3 ^ sensitividad=5,freq unos=2 ^ freq dos=5 ^ width=4 ^ pasos=1 ^ transitoriedad=2 ^ time entropy=3,1.999992,0.400000,0.999984,0.001313,1.999990,0.333333
r8=1 ^ r20=2,pasos=1 ^ simetria=2 ^ transitoriedad=2,1.806350,0.260405,1.000807,0.427640,1.777362,1.166667
r26=0 ^ freq ceros=1 ^ entropia=3 ^ sensitividad=5,width=4 ^ pasos=1 ^ simetria=2 ^ transitoriedad=2,1.999996,0.666667,0.999995,0.416259,1.999994,0.666667
r13=1 ^ freq ceros=1 ^ entropia=3 ^ sensitividad=5,freq unos=2 ^ freq dos=5 ^ width=4 ^ pasos=1 ^ simetria=2 ^ actividad=3 ^ transitoriedad=2 ^ time entropy=3,1.999998,0.000000,0.999996,0.002376,1.999998,0.000000
r26=1 ^ r27=0 ^ freq ceros=5 ^ transitoriedad=2,pasos=1 ^ simetria=2,1.844748,0.249380,1.013594,0.001104,1.822632,1.000000
r27=2 ^ freq ceros=1 ^ entropia=3 ^ sensitividad=5,freq unos=2 ^ freq dos=5 ^ width=4 ^ pasos=1 ^ transitoriedad=2 ^ time entropy=3,1.999992,0.400000,0.999984,0.001313,1.999990,0.333333
r20=0 ^ freq ceros=1 ^ entropia=3 ^ sensitividad=5,freq unos=2 ^ freq dos=5 ^ width=4 ^ pasos=1 ^ simetria=2 ^ actividad=3 ^ transitoriedad=2,1.999998,0.000000,0.999996,0.013250,1.999998,0.166667
r2=1 ^ freq ceros=1 ^ entropia=3 ^ sensitividad=5,freq unos=2 ^ freq dos=5 ^ pasos=1 ^ simetria=2 ^ actividad=3 ^ transitoriedad=2 ^ time entropy=3,1.999990,0.000000,0.999980,0.002034,1.999990,0.166667
r27=2 ^ transitoriedad=2,freq dos=5 ^ pasos=1,1.717232,1.046487,0.671707,0.000010,1.406892,1.333333
r1=2 ^ r14=2,freq dos=5 ^ pasos=1 ^ simetria=2 ^ transitoriedad=2,1.874010,0.868187,0.836333,0.000019,1.777366,1.000000
r1=2 ^ r27=2 ^ width=4 ^ sensitividad=5,freq ceros=3 ^ freq dos=5 ^ pasos=1 ^ simetria=2 ^ transitoriedad=2,1.976892,0.674392,0.957248,0.000014,1.965136,0.500000
r27=2 ^ simetria=2 ^ transitoriedad=2,freq dos=5 ^ pasos=1,1.719784,1.049455,0.675404,0.000010,1.410410,1.166667
r18=0 ^ freq ceros=1 ^ entropia=3 ^ sensitividad=5,freq dos=5 ^ width=4 ^ pasos=1 ^ simetria=2 ^ transitoriedad=2,1.999998,1.000000,0.999997,0.371670,1.999996,0.500000
r20=0 ^ freq ceros=1 ^ entropia=3 ^ sensitividad=5,freq unos=2 ^ freq dos=5 ^ width=4 ^ pasos=1 ^ simetria=2 ^ actividad=3 ^ transitoriedad=2 ^ time entropy=3,1.999998,0.000000,0.999996,0.002376,1.999998,0.000000
r14=2 ^ simetria=2 ^ transitoriedad=2,freq dos=5 ^ pasos=1,1.792458,1.291254,0.819180,0.000032,1.414340,1.166667
r1=2 ^ r3=0 ^ width=4 ^ sensitividad=5,freq ceros=3 ^ freq dos=5 ^ pasos=1 ^ simetria=2 ^ transitoriedad=2,1.982160,0.958248,0.967723,0.000024,1.965750,0.500000
r27=2 ^ freq ceros=1 ^ entropia=3 ^ sensitividad=5,freq unos=2 ^ freq dos=5 ^ width=4 ^ pasos=1 ^ simetria=2 ^ actividad=3 ^ transitoriedad=2,1.999992,0.400000,0.999984,0.004173,1.999990,0.166667
r2=1 ^ freq ceros=1 ^ entropia=3 ^ sensitividad=5,freq unos=2 ^ freq dos=5 ^ width=4 ^ pasos=1 ^ actividad=3 ^ transitoriedad=2 ^ time entropy=3,1.999992,0.400000,0.999984,0.000745,1.999990,0.166667
r27=2 ^ transitoriedad=2,freq dos=5 ^ width=4 ^ pasos=1 ^ simetria=2,1.883922,1.608577,0.869534,0.000031,1.406892,1.000000
r1=2 ^ simetria=2 ^ sensitividad=5,freq ceros=3 ^ freq dos=5 ^ width=4 ^ pasos=1 ^ transitoriedad=2,1.966980,1.546777,0.943509,0.000021,1.854288,0.666667
r19=0,freq ceros=1 ^ freq unos=4 ^ pasos=1 ^ simetria=2 ^ actividad=4 ^ entropia=5 ^ transitoriedad=2,1.999966,1.999898,1.000024,0.598414,1.333564,0.666667
r14=2,freq dos=5 ^ width=4 ^ pasos=1 ^ simetria=2 ^ entropia=5 ^ transitoriedad=2 ^ time entropy=5,1.987886,1.963691,0.990299,0.000814,1.332720,0.666667
r14=2,freq ceros=2 ^ freq dos=5 ^ width=4 ^ pasos=1 ^ simetria=2 ^ entropia=5 ^ transitoriedad=2 ^ time entropy=5,1.994164,1.982508,0.994702,0.001204,1.332720,0.500000
r27=0 ^ freq ceros=5 ^ simetria=2,pasos=1 ^ transitoriedad=2,1.648702,0.000000,0.923203,0.000076,1.648702,1.166667
r1=2 ^ r27=2 ^ simetria=2 ^ transitoriedad=2,freq dos=5 ^ pasos=1,1.822614,0.154920,0.722140,0.000006,1.807720,1.000000
r1=2 ^ r27=2 ^ freq ceros=3 ^ sensitividad=5,freq dos=5 ^ pasos=1 ^ simetria=2 ^ transitoriedad=2,1.964616,0.011800,0.943351,0.000028,1.964406,0.666667
r2=1 ^ freq ceros=1 ^ entropia=3 ^ sensitividad=5,freq unos=2 ^ freq dos=5 ^ pasos=1 ^ simetria=2 ^ actividad=3 ^ transitoriedad=2 ^ time entropy=3,1.999990,0.000000,0.999980,0.002034,1.999990,0.166667
r1=2 ^ r27=2 ^ simetria=2 ^ transitoriedad=2,freq dos=5 ^ pasos=1,1.822614,0.154920,0.722140,0.000006,1.807720,1.000000
r17=1 ^ freq ceros=1 ^ entropia=3 ^ sensitividad=5,freq unos=2 ^ pasos=1 ^ simetria=2 ^ transitoriedad=2,1.999998,0.000000,0.999997,0.351012,1.999998,0.666667
r24=0 ^ freq ceros=1 ^ entropia=3 ^ sensitividad=5,freq dos=5 ^ width=4 ^ pasos=1 ^ simetria=2 ^ transitoriedad=2,1.999998,0.000000,0.999996,0.171402,1.999998,0.500000
r3=1 ^ freq ceros=1 ^ entropia=3 ^ sensitividad=5,width=4 ^ pasos=1 ^ simetria=2 ^ transitoriedad=2,1.999998,0.000000,0.999997,0.417754,1.999998,0.666667
r3=1 ^ freq ceros=1 ^ entropia=3 ^ sensitividad=5,width=4 ^ pasos=1 ^ simetria=2 ^ transitoriedad=2,1.999998,0.000000,0.999997,0.417754,1.999998,0.666667
r3=1 ^ freq ceros=1 ^ entropia=3 ^ sensitividad=5,freq unos=2 ^ freq dos=5 ^ width=4 ^ pasos=1 ^ simetria=2 ^ actividad=3 ^ transitoriedad=2 ^ time entropy=3,1.999998,0.000000,0.999996,0.002376,1.999998,0.000000
r1=2 ^ r27=2 ^ freq dos=5,pasos=1 ^ simetria=2 ^ transitoriedad=2,1.822614,0.018410,0.957324,0.000160,1.820966,1.000000
r1=2 ^ r27=2 ^ freq ceros=3 ^ sensitividad=5,freq dos=5 ^ pasos=1 ^ simetria=2 ^ transitoriedad=2,1.964616,0.011800,0.943351,0.000028,1.964406,0.666667
r17=2 ^ freq ceros=1 ^ entropia=3 ^ sensitividad=5,freq unos=2 ^ freq dos=5 ^ width=4 ^ pasos=1 ^ transitoriedad=2 ^ time entropy=3,1.999994,0.000000,0.999988,0.001399,1.999994,0.333333
r17=1 ^ freq ceros=1 ^ entropia=3 ^ sensitividad=5,freq dos=5 ^ width=4 ^ pasos=1 ^ simetria=2 ^ transitoriedad=2,1.999998,0.000000,0.999996,0.171402,1.999998,0.500000
r17=1 ^ freq ceros=1 ^ entropia=3 ^ sensitividad=5,freq dos=5 ^ width=4 ^ pasos=1 ^ simetria=2 ^ transitoriedad=2,1.999998,0.000000,0.999996,0.171402,1.999998,0.500000
r3=1 ^ freq ceros=1 ^ entropia=3 ^ sensitividad=5,freq unos=2 ^ freq dos=5 ^ width=4 ^ pasos=1 ^ simetria=2 ^ actividad=3 ^ transitoriedad=2,1.999998,0.000000,0.999996,0.013250,1.999998,0.166667
r2=1 ^ freq ceros=1 ^ entropia=3 ^ sensitividad=5,freq unos=2 ^ freq dos=5 ^ pasos=1 ^ actividad=3 ^ transitoriedad=2 ^ time entropy=3,1.999990,0.000000,0.999980,0.002042,1.999990,0.333333
r17=2 ^ freq ceros=1 ^ entropia=3 ^ sensitividad=5,freq unos=2 ^ freq dos=5 ^ width=4 ^ pasos=1 ^ transitoriedad=2 ^ time entropy=3,1.999994,0.000000,0.999988,0.001399,1.999994,0.333333
r20=0 ^ freq ceros=1 ^ entropia=3 ^ sensitividad=5,freq unos=2 ^ freq dos=5 ^ width=4 ^ pasos=1 ^ simetria=2 ^ actividad=3 ^ transitoriedad=2,1.999998,0.000000,0.999996,0.013250,1.999998,0.166667
r2=1 ^ freq ceros=1 ^ entropia=3 ^ sensitividad=5,freq unos=2 ^ freq dos=5 ^ pasos=1 ^ simetria=2 ^ actividad=3 ^ transitoriedad=2 ^ time entropy=3,1.999990,0.000000,0.999980,0.002034,1.999990,0.166667
r1=2 ^ r27=2 ^ simetria=2,freq dos=5 ^ pasos=1 ^ transitoriedad=2,1.822614,0.302445,0.728809,0.000007,1.791010,1.000000
r1=2 ^ r26=0 ^ r27=2,freq dos=5 ^ pasos=1 ^ simetria=2 ^ transitoriedad=2,1.938290,0.331982,0.905931,0.000020,1.926008,0.833333
r27=2 ^ freq ceros=1 ^ entropia=3 ^ sensitividad=5,freq unos=2 ^ freq dos=5 ^ width=4 ^ pasos=1 ^ transitoriedad=2 ^ time entropy=3,1.999992,0.400000,0.999984,0.001313,1.999990,0.333333
r1=2 ^ r27=2 ^ simetria=2,freq dos=5 ^ pasos=1 ^ transitoriedad=2,1.822614,0.302445,0.728809,0.000007,1.791010,1.000000
r27=2 ^ freq ceros=1 ^ entropia=3 ^ sensitividad=5,freq dos=5 ^ width=4 ^ pasos=1 ^ simetria=2 ^ actividad=3 ^ transitoriedad=2,1.999992,0.400000,0.999984,0.015404,1.999990,0.333333
r20=0 ^ freq ceros=1 ^ entropia=3 ^ sensitividad=5,freq unos=2 ^ freq dos=5 ^ width=4 ^ pasos=1 ^ simetria=2 ^ actividad=3 ^ transitoriedad=2,1.999998,0.000000,0.999996,0.013250,1.999998,0.166667
r1=2 ^ freq ceros=3 ^ width=4 ^ sensitividad=5,freq dos=5 ^ pasos=1 ^ simetria=2 ^ transitoriedad=2,1.966980,0.285210,0.949237,0.000037,1.961488,0.666667
r27=2 ^ freq ceros=1 ^ entropia=3 ^ sensitividad=5,freq unos=2 ^ freq dos=5 ^ width=4 ^ pasos=1 ^ transitoriedad=2 ^ time entropy=3,1.999992,0.400000,0.999984,0.001313,1.999990,0.333333
r20=0 ^ freq ceros=1 ^ entropia=3 ^ sensitividad=5,freq unos=2 ^ freq dos=5 ^ width=4 ^ pasos=1 ^ simetria=2 ^ actividad=3 ^ transitoriedad=2,1.999998,0.000000,0.999996,0.013250,1.999998,0.166667
r2=1 ^ freq ceros=1 ^ entropia=3 ^ sensitividad=5,freq unos=2 ^ freq dos=5 ^ pasos=1 ^ simetria=2 ^ actividad=3 ^ transitoriedad=2 ^ time entropy=3,1.999990,0.000000,0.999980,0.002034,1.999990,0.166667
r1=2 ^ r14=2 ^ simetria=2,freq dos=5 ^ pasos=1 ^ transitoriedad=2,1.874010,0.779202,0.830567,0.000017,1.793594,1.000000
r1=2 ^ r27=2 ^ width=4 ^ sensitividad=5,freq ceros=3 ^ freq dos=5 ^ pasos=1 ^ simetria=2 ^ transitoriedad=2,1.976892,0.674392,0.957248,0.000014,1.965136,0.500000
r27=2 ^ freq ceros=1 ^ entropia=3 ^ sensitividad=5,freq unos=2 ^ freq dos=5 ^ width=4 ^ pasos=1 ^ simetria=2 ^ actividad=3 ^ transitoriedad=2,1.999992,0.400000,0.999984,0.004173,1.999990,0.166667
r3=0 ^ freq ceros=1 ^ entropia=3 ^ sensitividad=5,freq unos=2 ^ freq dos=5 ^ width=4 ^ pasos=1 ^ actividad=3 ^ transitoriedad=2 ^ time entropy=3,1.999994,0.500000,0.999988,0.001059,1.999992,0.166667
r1=2 ^ r27=2 ^ entropia=3 ^ sensitividad=5,freq ceros=3 ^ freq dos=5 ^ pasos=1 ^ simetria=2 ^ transitoriedad=2 ^ time entropy=3,1.991640,0.751120,0.983692,0.000012,1.986612,0.333333
r1=2 ^ r27=2 ^ simetria=2 ^ transitoriedad=2,freq dos=5 ^ pasos=1,1.822614,0.154920,0.722140,0.000006,1.807720,1.000000
r1=2 ^ r27=2 ^ freq ceros=3 ^ sensitividad=5,freq dos=5 ^ pasos=1 ^ simetria=2 ^ transitoriedad=2,1.964616,0.011800,0.943351,0.000028,1.964406,0.666667
r2=1 ^ freq ceros=1 ^ entropia=3 ^ sensitividad=5,freq unos=2 ^ freq dos=5 ^ pasos=1 ^ simetria=2 ^ actividad=3 ^ transitoriedad=2 ^ time entropy=3,1.999990,0.000000,0.999980,0.002034,1.999990,0.166667
r24=0 ^ freq ceros=1 ^ entropia=3 ^ sensitividad=5,freq dos=5 ^ width=4 ^ pasos=1 ^ simetria=2 ^ actividad=3 ^ transitoriedad=2,1.999998,0.000000,0.999996,0.047894,1.999998,0.333333
r20=0 ^ freq ceros=1 ^ entropia=3 ^ sensitividad=5,freq unos=2 ^ freq dos=5 ^ width=4 ^ pasos=1 ^ simetria=2 ^ actividad=3 ^ transitoriedad=2,1.999998,0.000000,0.999996,0.013250,1.999998,0.166667
r20=0 ^ freq ceros=1 ^ entropia=3 ^ sensitividad=5,freq unos=2 ^ freq dos=5 ^ width=4 ^ pasos=1 ^ simetria=2 ^ actividad=3 ^ transitoriedad=2,1.999998,0.000000,0.999996,0.013250,1.999998,0.166667
r2=1 ^ freq ceros=1 ^ entropia=3 ^ sensitividad=5,freq unos=2 ^ freq dos=5 ^ pasos=1 ^ actividad=3 ^ transitoriedad=2 ^ time entropy=3,1.999990,0.000000,0.999980,0.002042,1.999990,0.333333
r2=1 ^ freq ceros=1 ^ entropia=3 ^ sensitividad=5,freq unos=2 ^ freq dos=5 ^ pasos=1 ^ simetria=2 ^ actividad=3 ^ transitoriedad=2 ^ time entropy=3,1.999990,0.000000,0.999980,0.002034,1.999990,0.166667
r20=0 ^ freq ceros=1 ^ entropia=3 ^ sensitividad=5,freq unos=2 ^ freq dos=5 ^ width=4 ^ pasos=1 ^ simetria=2 ^ actividad=3 ^ transitoriedad=2,1.999998,0.000000,0.999996,0.013250,1.999998,0.166667
r2=1 ^ freq ceros=1 ^ entropia=3 ^ sensitividad=5,freq unos=2 ^ freq dos=5 ^ pasos=1 ^ simetria=2 ^ actividad=3 ^ transitoriedad=2 ^ time entropy=3,1.999990,0.000000,0.999980,0.002034,1.999990,0.166667
r1=2 ^ r27=2 ^ entropia=3 ^ sensitividad=5,freq ceros=3 ^ freq dos=5 ^ pasos=1 ^ simetria=2 ^ transitoriedad=2,1.988690,0.310427,0.978710,0.000022,1.986612,0.500000
r2=1 ^ freq ceros=1 ^ entropia=3 ^ sensitividad=5,freq unos=2 ^ freq dos=5 ^ width=4 ^ pasos=1 ^ actividad=3 ^ transitoriedad=2 ^ time entropy=3,1.999992,0.400000,0.999984,0.000745,1.999990,0.166667
r20=0 ^ freq ceros=1 ^ entropia=3 ^ sensitividad=5,freq unos=2 ^ freq dos=5 ^ width=4 ^ pasos=1 ^ simetria=2 ^ actividad=3 ^ transitoriedad=2,1.999998,0.000000,0.999996,0.013250,1.999998,0.166667
r2=1 ^ freq ceros=1 ^ entropia=3 ^ sensitividad=5,freq unos=2 ^ freq dos=5 ^ pasos=1 ^ simetria=2 ^ actividad=3 ^ transitoriedad=2 ^ time entropy=3,1.999990,0.000000,0.999980,0.002034,1.999990,0.166667
r2=1 ^ freq ceros=1 ^ entropia=3 ^ sensitividad=5,freq unos=2 ^ freq dos=5 ^ width=4 ^ pasos=1 ^ actividad=3 ^ transitoriedad=2 ^ time entropy=3,1.999992,0.400000,0.999984,0.000745,1.999990,0.166667
r2=1 ^ freq ceros=1 ^ entropia=3 ^ sensitividad=5,freq unos=2 ^ freq dos=5 ^ pasos=1 ^ simetria=2 ^ actividad=3 ^ transitoriedad=2 ^ time entropy=3,1.999990,0.000000,0.999980,0.002034,1.999990,0.166667
r2=1 ^ freq ceros=1 ^ entropia=3 ^ sensitividad=5,freq unos=2 ^ freq dos=5 ^ pasos=1 ^ simetria=2 ^ actividad=3 ^ transitoriedad=2 ^ time entropy=3,1.999990,0.000000,0.999980,0.002034,1.999990,0.166667
r20=0 ^ freq ceros=1 ^ entropia=3 ^ sensitividad=5,freq unos=2 ^ freq dos=5 ^ width=4 ^ pasos=1 ^ simetria=2 ^ actividad=3 ^ transitoriedad=2,1.999998,0.000000,0.999996,0.013250,1.999998,0.166667
r2=1 ^ freq ceros=1 ^ entropia=3 ^ sensitividad=5,freq unos=2 ^ freq dos=5 ^ pasos=1 ^ simetria=2 ^ actividad=3 ^ transitoriedad=2 ^ time entropy=3,1.999990,0.000000,0.999980,0.002034,1.999990,0.166667
r2=1 ^ freq ceros=1 ^ entropia=3 ^ sensitividad=5,freq unos=2 ^ freq dos=5 ^ pasos=1 ^ simetria=2 ^ actividad=3 ^ transitoriedad=2 ^ time entropy=3,1.999990,0.000000,0.999980,0.002034,1.999990,0.166667
r2=1 ^ freq ceros=1 ^ entropia=3 ^ sensitividad=5,freq unos=2 ^ freq dos=5 ^ pasos=1 ^ simetria=2 ^ actividad=3 ^ transitoriedad=2 ^ time entropy=3,1.999990,0.000000,0.999980,0.002034,1.999990,0.166667
