antecedente,consecuente,support,confidence,leverage,chi_cuadrada,coverage,rule_size
r27=2 ^ transitoriedad=2,pasos=1 ^ simetria=2,1.410510,0.012200,0.904785,0.000058,1.406892,1.333333
r27=2 ^ transitoriedad=2,pasos=1 ^ simetria=2,1.410510,0.012200,0.904785,0.000058,1.406892,1.333333
r27=0 ^ width=5 ^ simetria=2,freq ceros=5 ^ pasos=1 ^ transitoriedad=2,1.818964,0.000000,0.707824,0.000005,1.818964,1.000000
r27=0 ^ freq dos=1 ^ width=2 ^ entropia=1,pasos=1 ^ simetria=2 ^ transitoriedad=2 ^ time entropy=1,1.905350,0.059377,0.830223,0.000005,1.902454,0.666667
r27=0 ^ freq ceros=5 ^ width=2 ^ actividad=1,freq dos=1 ^ pasos=1 ^ simetria=2 ^ entropia=1 ^ transitoriedad=2 ^ time entropy=1,1.927946,0.100893,0.866502,0.000004,1.924118,0.333333
r27=0 ^ freq ceros=5 ^ freq unos=1 ^ freq dos=1,width=2 ^ pasos=1 ^ simetria=2 ^ actividad=1 ^ entropia=1 ^ transitoriedad=2 ^ time entropy=1,1.933482,0.086584,0.874211,0.000003,1.930472,0.166667
r27=2 ^ transitoriedad=2,pasos=1 ^ simetria=2,1.410510,0.012200,0.904785,0.000058,1.406892,1.333333
r27=0 ^ width=5 ^ transitoriedad=2,freq ceros=5 ^ pasos=1,1.794556,0.000000,0.668432,0.000004,1.794556,1.166667
r27=0 ^ width=5 ^ simetria=2,freq ceros=5 ^ pasos=1 ^ transitoriedad=2,1.818964,0.000000,0.707824,0.000005,1.818964,1.000000
r27=0 ^ freq ceros=5 ^ width=2 ^ actividad=1,freq dos=1 ^ pasos=1 ^ simetria=2 ^ entropia=1 ^ transitoriedad=2 ^ time entropy=1,1.927946,0.100893,0.866502,0.000004,1.924118,0.333333
r27=0 ^ freq ceros=5 ^ freq unos=1 ^ freq dos=1,width=2 ^ pasos=1 ^ simetria=2 ^ actividad=1 ^ entropia=1 ^ transitoriedad=2 ^ time entropy=1,1.933482,0.086584,0.874211,0.000003,1.930472,0.166667
r22=0,pasos=1 ^ simetria=2 ^ transitoriedad=2,1.418346,0.255350,0.999047,0.609041,1.333214,1.333333
r27=0 ^ freq ceros=5 ^ freq unos=1 ^ freq dos=1,width=2 ^ pasos=1 ^ simetria=2 ^ actividad=1 ^ entropia=1 ^ transitoriedad=2 ^ time entropy=1,1.933482,0.086584,0.874211,0.000003,1.930472,0.166667
r27=0 ^ freq ceros=5 ^ freq unos=1 ^ freq dos=1,width=2 ^ pasos=1 ^ simetria=2 ^ actividad=1 ^ entropia=1 ^ transitoriedad=2 ^ time entropy=1,1.933482,0.086584,0.874211,0.000003,1.930472,0.166667
r27=0 ^ freq ceros=5 ^ freq unos=1 ^ freq dos=1,width=2 ^ pasos=1 ^ simetria=2 ^ actividad=1 ^ entropia=1 ^ transitoriedad=2 ^ time entropy=1,1.933482,0.086584,0.874211,0.000003,1.930472,0.166667
r24=0 ^ r27=0 ^ freq ceros=5 ^ width=2,freq unos=1 ^ freq dos=1 ^ pasos=1 ^ simetria=2 ^ actividad=1 ^ entropia=1 ^ transitoriedad=2 ^ time entropy=1,1.939272,0.135176,0.883140,0.000003,1.934870,0.000000
r27=0 ^ freq ceros=5 ^ freq unos=1 ^ freq dos=1,width=2 ^ pasos=1 ^ simetria=2 ^ actividad=1 ^ entropia=1 ^ transitoriedad=2 ^ time entropy=1,1.933482,0.086584,0.874211,0.000003,1.930472,0.166667
r27=0 ^ freq ceros=5 ^ freq unos=1 ^ freq dos=1,width=2 ^ pasos=1 ^ simetria=2 ^ actividad=1 ^ entropia=1 ^ transitoriedad=2 ^ time entropy=1,1.933482,0.086584,0.874211,0.000003,1.930472,0.166667
r24=0 ^ r27=0 ^ freq ceros=5 ^ width=2,freq unos=1 ^ freq dos=1 ^ pasos=1 ^ simetria=2 ^ actividad=1 ^ entropia=1 ^ transitoriedad=2 ^ time entropy=1,1.939272,0.135176,0.883140,0.000003,1.934870,0.000000
r27=0 ^ freq ceros=5 ^ freq unos=1 ^ freq dos=1,width=2 ^ pasos=1 ^ simetria=2 ^ actividad=1 ^ entropia=1 ^ transitoriedad=2 ^ time entropy=1,1.933482,0.086584,0.874211,0.000003,1.930472,0.166667
r24=0 ^ r27=0 ^ freq ceros=5 ^ width=2,freq unos=1 ^ freq dos=1 ^ pasos=1 ^ simetria=2 ^ actividad=1 ^ entropia=1 ^ transitoriedad=2 ^ time entropy=1,1.939272,0.135176,0.883140,0.000003,1.934870,0.000000
r27=2 ^ transitoriedad=2,pasos=1 ^ simetria=2,1.410510,0.012200,0.904785,0.000058,1.406892,1.333333
r18=0 ^ transitoriedad=2,pasos=1 ^ simetria=2,1.431578,0.020112,0.912364,0.000067,1.425804,1.333333
r27=0 ^ width=5 ^ simetria=2,freq ceros=5 ^ pasos=1 ^ transitoriedad=2,1.818964,0.000000,0.707824,0.000005,1.818964,1.000000
r27=0 ^ freq ceros=5 ^ width=2 ^ actividad=1,freq dos=1 ^ pasos=1 ^ simetria=2 ^ entropia=1 ^ transitoriedad=2 ^ time entropy=1,1.927946,0.100893,0.866502,0.000004,1.924118,0.333333
r27=0 ^ freq ceros=5 ^ freq unos=1 ^ freq dos=1,width=2 ^ pasos=1 ^ simetria=2 ^ actividad=1 ^ entropia=1 ^ transitoriedad=2 ^ time entropy=1,1.933482,0.086584,0.874211,0.000003,1.930472,0.166667
r16=2,pasos=1,1.353800,0.062706,0.999357,0.418871,1.332884,1.666667
r27=0 ^ freq ceros=5 ^ simetria=2,pasos=1 ^ transitoriedad=2,1.648702,0.000000,0.923203,0.000076,1.648702,1.166667
r27=0 ^ freq dos=1 ^ width=2 ^ actividad=1,pasos=1 ^ simetria=2 ^ entropia=1 ^ transitoriedad=2 ^ time entropy=1,1.919034,0.124615,0.852912,0.000005,1.913654,0.500000
r27=0 ^ freq ceros=5 ^ freq unos=1 ^ freq dos=1,width=2 ^ pasos=1 ^ simetria=2 ^ actividad=1 ^ entropia=1 ^ transitoriedad=2 ^ time entropy=1,1.933482,0.086584,0.874211,0.000003,1.930472,0.166667
r8=1,pasos=1 ^ simetria=2,1.391834,0.171749,0.999343,0.787497,1.334702,1.500000
r15=0 ^ r20=0,pasos=1 ^ simetria=2 ^ transitoriedad=2,1.805858,0.254825,0.999565,0.966732,1.777510,1.166667
r27=0 ^ freq ceros=5 ^ freq unos=1 ^ freq dos=1,width=2 ^ pasos=1 ^ simetria=2 ^ actividad=1 ^ entropia=1 ^ transitoriedad=2 ^ time entropy=1,1.933482,0.086584,0.874211,0.000003,1.930472,0.166667
r20=0,pasos=1 ^ simetria=2 ^ transitoriedad=2,1.418342,0.256651,0.999914,1.963341,1.332712,1.333333
r27=0 ^ freq ceros=5 ^ freq unos=1 ^ freq dos=1,width=2 ^ pasos=1 ^ simetria=2 ^ actividad=1 ^ entropia=1 ^ transitoriedad=2 ^ time entropy=1,1.933482,0.086584,0.874211,0.000003,1.930472,0.166667
r24=0 ^ r27=0 ^ freq ceros=5 ^ width=2,freq unos=1 ^ freq dos=1 ^ pasos=1 ^ simetria=2 ^ actividad=1 ^ entropia=1 ^ transitoriedad=2 ^ time entropy=1,1.939272,0.135176,0.883140,0.000003,1.934870,0.000000
r24=2 ^ simetria=2 ^ transitoriedad=2,pasos=1,1.406550,0.000067,0.962254,0.000144,1.406530,1.333333
r27=0 ^ freq ceros=5 ^ simetria=2 ^ transitoriedad=2,pasos=1,1.648702,0.000000,0.977633,0.000285,1.648702,1.166667
r27=0 ^ freq ceros=5 ^ width=2 ^ actividad=1,pasos=1 ^ simetria=2 ^ entropia=1 ^ transitoriedad=2 ^ time entropy=1,1.925808,0.044543,0.864661,0.000005,1.924118,0.500000
r27=0 ^ freq ceros=5 ^ freq unos=1 ^ freq dos=1,width=2 ^ pasos=1 ^ simetria=2 ^ actividad=1 ^ entropia=1 ^ transitoriedad=2 ^ time entropy=1,1.933482,0.086584,0.874211,0.000003,1.930472,0.166667
r16=2,pasos=1 ^ simetria=2 ^ transitoriedad=2,1.417842,0.254702,0.998614,0.343249,1.332884,1.333333
r27=0 ^ freq ceros=5 ^ width=2 ^ actividad=1,freq dos=1 ^ pasos=1 ^ simetria=2 ^ entropia=1 ^ transitoriedad=2 ^ time entropy=1,1.927946,0.100893,0.866502,0.000004,1.924118,0.333333
r27=0 ^ freq ceros=5 ^ freq unos=1 ^ freq dos=1,width=2 ^ pasos=1 ^ simetria=2 ^ actividad=1 ^ entropia=1 ^ transitoriedad=2 ^ time entropy=1,1.933482,0.086584,0.874211,0.000003,1.930472,0.166667
r27=0 ^ freq ceros=5 ^ freq unos=1 ^ freq dos=1,width=2 ^ pasos=1 ^ simetria=2 ^ actividad=1 ^ entropia=1 ^ transitoriedad=2 ^ time entropy=1,1.933482,0.086584,0.874211,0.000003,1.930472,0.166667
r27=0 ^ freq ceros=5 ^ freq unos=1 ^ freq dos=1,width=2 ^ pasos=1 ^ simetria=2 ^ actividad=1 ^ entropia=1 ^ transitoriedad=2 ^ time entropy=1,1.933482,0.086584,0.874211,0.000003,1.930472,0.166667
r27=0 ^ freq ceros=5 ^ freq unos=1 ^ freq dos=1,width=2 ^ pasos=1 ^ simetria=2 ^ actividad=1 ^ entropia=1 ^ transitoriedad=2 ^ time entropy=1,1.933482,0.086584,0.874211,0.000003,1.930472,0.166667
r24=2 ^ simetria=2 ^ transitoriedad=2,pasos=1,1.406550,0.000067,0.962254,0.000144,1.406530,1.333333
r27=0 ^ freq ceros=5 ^ width=2 ^ actividad=1,freq dos=1 ^ pasos=1 ^ simetria=2 ^ entropia=1 ^ transitoriedad=2 ^ time entropy=1,1.927946,0.100893,0.866502,0.000004,1.924118,0.333333
r27=0 ^ freq ceros=5 ^ freq unos=1 ^ freq dos=1,width=2 ^ pasos=1 ^ simetria=2 ^ actividad=1 ^ entropia=1 ^ transitoriedad=2 ^ time entropy=1,1.933482,0.086584,0.874211,0.000003,1.930472,0.166667
r27=0 ^ freq ceros=5 ^ freq unos=1 ^ freq dos=1,width=2 ^ pasos=1 ^ simetria=2 ^ actividad=1 ^ entropia=1 ^ transitoriedad=2 ^ time entropy=1,1.933482,0.086584,0.874211,0.000003,1.930472,0.166667
r27=0 ^ freq ceros=5 ^ freq unos=1 ^ freq dos=1,width=2 ^ pasos=1 ^ simetria=2 ^ actividad=1 ^ entropia=1 ^ transitoriedad=2 ^ time entropy=1,1.933482,0.086584,0.874211,0.000003,1.930472,0.166667
r27=0 ^ freq ceros=5 ^ freq unos=1 ^ freq dos=1,width=2 ^ pasos=1 ^ simetria=2 ^ actividad=1 ^ entropia=1 ^ transitoriedad=2 ^ time entropy=1,1.933482,0.086584,0.874211,0.000003,1.930472,0.166667
r27=0 ^ freq ceros=5 ^ freq unos=1 ^ freq dos=1,width=2 ^ pasos=1 ^ simetria=2 ^ actividad=1 ^ entropia=1 ^ transitoriedad=2 ^ time entropy=1,1.933482,0.086584,0.874211,0.000003,1.930472,0.166667
r27=0 ^ freq ceros=5 ^ freq unos=1 ^ freq dos=1,width=2 ^ pasos=1 ^ simetria=2 ^ actividad=1 ^ entropia=1 ^ transitoriedad=2 ^ time entropy=1,1.933482,0.086584,0.874211,0.000003,1.930472,0.166667
r27=0 ^ freq ceros=5 ^ freq unos=1 ^ freq dos=1,width=2 ^ pasos=1 ^ simetria=2 ^ actividad=1 ^ entropia=1 ^ transitoriedad=2 ^ time entropy=1,1.933482,0.086584,0.874211,0.000003,1.930472,0.166667
r27=0 ^ freq ceros=5 ^ freq unos=1 ^ freq dos=1,width=2 ^ pasos=1 ^ simetria=2 ^ actividad=1 ^ entropia=1 ^ transitoriedad=2 ^ time entropy=1,1.933482,0.086584,0.874211,0.000003,1.930472,0.166667
r1=0 ^ simetria=2,pasos=1 ^ transitoriedad=2,1.412584,0.095149,0.923855,0.000115,1.383242,1.333333
r27=0 ^ width=5,freq ceros=5 ^ pasos=1 ^ simetria=2 ^ transitoriedad=2,1.818964,0.237612,0.711753,0.000005,1.794556,1.000000
r27=0 ^ width=5,freq ceros=5 ^ pasos=1 ^ simetria=2 ^ transitoriedad=2,1.818964,0.237612,0.711753,0.000005,1.794556,1.000000
r27=0 ^ freq ceros=5 ^ width=2 ^ entropia=1,freq dos=1 ^ pasos=1 ^ simetria=2 ^ actividad=1 ^ transitoriedad=2 ^ time entropy=1,1.927946,0.159963,0.863432,0.000003,1.921682,0.333333
r27=0 ^ freq ceros=5 ^ freq unos=1 ^ freq dos=1,width=2 ^ pasos=1 ^ simetria=2 ^ actividad=1 ^ entropia=1 ^ transitoriedad=2 ^ time entropy=1,1.933482,0.086584,0.874211,0.000003,1.930472,0.166667
r8=1,pasos=1 ^ simetria=2 ^ transitoriedad=2,1.419406,0.254635,0.998573,0.326547,1.334702,1.333333
r27=0 ^ width=5,freq ceros=5 ^ pasos=1 ^ simetria=2 ^ transitoriedad=2,1.818964,0.237612,0.711753,0.000005,1.794556,1.000000
r27=0 ^ freq ceros=5 ^ width=2 ^ time entropy=1,freq dos=1 ^ pasos=1 ^ simetria=2 ^ actividad=1 ^ entropia=1 ^ transitoriedad=2,1.927946,0.162638,0.863408,0.000003,1.921568,0.333333
r27=0 ^ freq ceros=5 ^ freq unos=1 ^ freq dos=1,width=2 ^ pasos=1 ^ simetria=2 ^ actividad=1 ^ entropia=1 ^ transitoriedad=2 ^ time entropy=1,1.933482,0.086584,0.874211,0.000003,1.930472,0.166667
r22=0,pasos=1 ^ simetria=2 ^ transitoriedad=2,1.418346,0.255350,0.999047,0.609041,1.333214,1.333333
r27=0 ^ freq ceros=5 ^ freq unos=1 ^ freq dos=1,width=2 ^ pasos=1 ^ simetria=2 ^ actividad=1 ^ entropia=1 ^ transitoriedad=2 ^ time entropy=1,1.933482,0.086584,0.874211,0.000003,1.930472,0.166667
r27=0 ^ freq ceros=5 ^ freq unos=1 ^ freq dos=1,width=2 ^ pasos=1 ^ simetria=2 ^ actividad=1 ^ entropia=1 ^ transitoriedad=2 ^ time entropy=1,1.933482,0.086584,0.874211,0.000003,1.930472,0.166667
r24=0 ^ r27=0 ^ freq ceros=5 ^ width=2,freq unos=1 ^ freq dos=1 ^ pasos=1 ^ simetria=2 ^ actividad=1 ^ entropia=1 ^ transitoriedad=2 ^ time entropy=1,1.939272,0.135176,0.883140,0.000003,1.934870,0.000000
r27=0 ^ freq ceros=5 ^ freq unos=1 ^ freq dos=1,width=2 ^ pasos=1 ^ simetria=2 ^ actividad=1 ^ entropia=1 ^ transitoriedad=2 ^ time entropy=1,1.933482,0.086584,0.874211,0.000003,1.930472,0.166667
r24=0 ^ r27=0 ^ freq ceros=5 ^ width=2,freq unos=1 ^ freq dos=1 ^ pasos=1 ^ simetria=2 ^ actividad=1 ^ entropia=1 ^ transitoriedad=2 ^ time entropy=1,1.939272,0.135176,0.883140,0.000003,1.934870,0.000000
r24=2,pasos=1 ^ simetria=2 ^ transitoriedad=2,1.406550,0.216502,0.973195,0.001106,1.334510,1.333333
r27=0 ^ freq ceros=5,pasos=1 ^ simetria=2 ^ transitoriedad=2,1.648702,0.134351,0.953894,0.000257,1.623404,1.166667
r27=0 ^ width=2 ^ actividad=1 ^ time entropy=1,freq dos=1 ^ pasos=1 ^ simetria=2 ^ entropia=1 ^ transitoriedad=2,1.919034,0.212750,0.853305,0.000005,1.909396,0.500000
r27=0 ^ freq ceros=5 ^ freq unos=1 ^ time entropy=1,freq dos=1 ^ width=2 ^ pasos=1 ^ simetria=2 ^ actividad=1 ^ entropia=1 ^ transitoriedad=2,1.933482,0.228030,0.874095,0.000003,1.924922,0.166667
r6=0,pasos=1 ^ simetria=2 ^ transitoriedad=2,1.417374,0.255005,0.998815,0.441592,1.332232,1.333333
r7=2 ^ r8=0,pasos=1 ^ simetria=2 ^ transitoriedad=2,1.806174,0.260230,1.000769,0.461419,1.777182,1.166667
r27=0 ^ freq ceros=5 ^ freq unos=1 ^ time entropy=1,freq dos=1 ^ width=2 ^ pasos=1 ^ simetria=2 ^ actividad=1 ^ entropia=1 ^ transitoriedad=2,1.933482,0.228030,0.874095,0.000003,1.924922,0.166667
r7=2,pasos=1 ^ simetria=2 ^ transitoriedad=2,1.418818,0.257670,1.000594,1.060445,1.332868,1.333333
r27=0 ^ freq ceros=5 ^ freq unos=1 ^ freq dos=1,width=2 ^ pasos=1 ^ simetria=2 ^ actividad=1 ^ entropia=1 ^ transitoriedad=2 ^ time entropy=1,1.933482,0.086584,0.874211,0.000003,1.930472,0.166667
r27=0 ^ freq ceros=5 ^ freq unos=1 ^ freq dos=1,width=2 ^ pasos=1 ^ simetria=2 ^ actividad=1 ^ entropia=1 ^ transitoriedad=2 ^ time entropy=1,1.933482,0.086584,0.874211,0.000003,1.930472,0.166667
r27=0,pasos=1 ^ simetria=2 ^ transitoriedad=2,1.434584,0.303139,1.030895,0.000833,1.333574,1.333333
r27=0 ^ width=2 ^ actividad=1 ^ time entropy=1,freq dos=1 ^ pasos=1 ^ simetria=2 ^ entropia=1 ^ transitoriedad=2,1.919034,0.212750,0.853305,0.000005,1.909396,0.500000
r27=0 ^ freq ceros=5 ^ freq unos=1 ^ time entropy=1,freq dos=1 ^ width=2 ^ pasos=1 ^ simetria=2 ^ actividad=1 ^ entropia=1 ^ transitoriedad=2,1.933482,0.228030,0.874095,0.000003,1.924922,0.166667
r4=2,pasos=1 ^ simetria=2 ^ transitoriedad=2,1.420412,0.258826,1.001362,0.352907,1.334256,1.333333
r27=0 ^ freq ceros=5 ^ freq unos=1 ^ time entropy=1,freq dos=1 ^ width=2 ^ pasos=1 ^ simetria=2 ^ actividad=1 ^ entropia=1 ^ transitoriedad=2,1.933482,0.228030,0.874095,0.000003,1.924922,0.166667
r27=0 ^ freq ceros=5 ^ freq unos=1 ^ freq dos=1,width=2 ^ pasos=1 ^ simetria=2 ^ actividad=1 ^ entropia=1 ^ transitoriedad=2 ^ time entropy=1,1.933482,0.086584,0.874211,0.000003,1.930472,0.166667
r27=0 ^ freq ceros=5 ^ freq unos=1 ^ freq dos=1,width=2 ^ pasos=1 ^ simetria=2 ^ actividad=1 ^ entropia=1 ^ transitoriedad=2 ^ time entropy=1,1.933482,0.086584,0.874211,0.000003,1.930472,0.166667
r27=0 ^ freq ceros=5 ^ freq unos=1 ^ freq dos=1,width=2 ^ pasos=1 ^ simetria=2 ^ actividad=1 ^ entropia=1 ^ transitoriedad=2 ^ time entropy=1,1.933482,0.086584,0.874211,0.000003,1.930472,0.166667
r27=0 ^ freq ceros=5 ^ freq unos=1 ^ freq dos=1,width=2 ^ pasos=1 ^ simetria=2 ^ actividad=1 ^ entropia=1 ^ transitoriedad=2 ^ time entropy=1,1.933482,0.086584,0.874211,0.000003,1.930472,0.166667
r27=0 ^ freq ceros=5 ^ freq unos=1 ^ freq dos=1,width=2 ^ pasos=1 ^ simetria=2 ^ actividad=1 ^ entropia=1 ^ transitoriedad=2 ^ time entropy=1,1.933482,0.086584,0.874211,0.000003,1.930472,0.166667
r27=0 ^ transitoriedad=2,freq ceros=5 ^ pasos=1,1.623404,0.726615,0.475176,0.000004,1.408512,1.333333
r27=0 ^ simetria=2 ^ transitoriedad=2,freq ceros=5 ^ pasos=1,1.648702,0.757382,0.515705,0.000004,1.434584,1.166667
r27=0 ^ width=2 ^ entropia=1 ^ time entropy=1,freq dos=1 ^ pasos=1 ^ simetria=2 ^ actividad=1 ^ transitoriedad=2,1.919034,0.434956,0.849069,0.000003,1.896532,0.500000
r27=0 ^ freq ceros=5 ^ width=2 ^ entropia=1,freq unos=1 ^ freq dos=1 ^ pasos=1 ^ simetria=2 ^ actividad=1 ^ transitoriedad=2 ^ time entropy=1,1.933482,0.301336,0.872531,0.000003,1.921682,0.166667
r27=0 ^ simetria=2 ^ transitoriedad=2,freq ceros=5 ^ pasos=1,1.648702,0.757382,0.515705,0.000004,1.434584,1.166667
r27=0 ^ simetria=2 ^ transitoriedad=2,freq ceros=5 ^ pasos=1,1.648702,0.757382,0.515705,0.000004,1.434584,1.166667
r27=0 ^ freq ceros=5 ^ width=2 ^ entropia=1,freq unos=1 ^ freq dos=1 ^ pasos=1 ^ simetria=2 ^ actividad=1 ^ transitoriedad=2 ^ time entropy=1,1.933482,0.301336,0.872531,0.000003,1.921682,0.166667
r24=0 ^ r27=0 ^ freq ceros=5 ^ width=2,freq unos=1 ^ freq dos=1 ^ pasos=1 ^ simetria=2 ^ actividad=1 ^ entropia=1 ^ transitoriedad=2 ^ time entropy=1,1.939272,0.135176,0.883140,0.000003,1.934870,0.000000
r27=0 ^ freq ceros=5 ^ freq unos=1 ^ freq dos=1,width=2 ^ pasos=1 ^ simetria=2 ^ actividad=1 ^ entropia=1 ^ transitoriedad=2 ^ time entropy=1,1.933482,0.086584,0.874211,0.000003,1.930472,0.166667
r24=0 ^ r27=0 ^ freq ceros=5 ^ width=2,freq unos=1 ^ freq dos=1 ^ pasos=1 ^ simetria=2 ^ actividad=1 ^ entropia=1 ^ transitoriedad=2 ^ time entropy=1,1.939272,0.135176,0.883140,0.000003,1.934870,0.000000
r27=0 ^ simetria=2 ^ transitoriedad=2,freq ceros=5 ^ pasos=1,1.648702,0.757382,0.515705,0.000004,1.434584,1.166667
r27=0 ^ simetria=2 ^ time entropy=1,freq dos=1 ^ width=2 ^ pasos=1 ^ entropia=1 ^ transitoriedad=2,1.905350,0.673738,0.828975,0.000004,1.857268,0.666667
r27=0 ^ freq dos=1 ^ width=2 ^ entropia=1,freq ceros=5 ^ pasos=1 ^ simetria=2 ^ actividad=1 ^ transitoriedad=2 ^ time entropy=1,1.927946,0.522666,0.863333,0.000003,1.902454,0.333333
r27=0 ^ freq ceros=5 ^ freq unos=1 ^ freq dos=1,width=2 ^ pasos=1 ^ simetria=2 ^ actividad=1 ^ entropia=1 ^ transitoriedad=2 ^ time entropy=1,1.933482,0.086584,0.874211,0.000003,1.930472,0.166667
r27=0 ^ freq dos=1 ^ width=2 ^ entropia=1,freq ceros=5 ^ pasos=1 ^ simetria=2 ^ actividad=1 ^ transitoriedad=2 ^ time entropy=1,1.927946,0.522666,0.863333,0.000003,1.902454,0.333333
r27=0 ^ freq ceros=5 ^ freq unos=1 ^ freq dos=1,width=2 ^ pasos=1 ^ simetria=2 ^ actividad=1 ^ entropia=1 ^ transitoriedad=2 ^ time entropy=1,1.933482,0.086584,0.874211,0.000003,1.930472,0.166667
r27=0 ^ freq ceros=5 ^ freq unos=1 ^ time entropy=1,freq dos=1 ^ width=2 ^ pasos=1 ^ simetria=2 ^ actividad=1 ^ entropia=1 ^ transitoriedad=2,1.933482,0.228030,0.874095,0.000003,1.924922,0.166667
r27=0 ^ freq ceros=5 ^ freq dos=1 ^ actividad=1,freq unos=1 ^ width=2 ^ pasos=1 ^ simetria=2 ^ entropia=1 ^ transitoriedad=2 ^ time entropy=1,1.933482,0.444496,0.874969,0.000004,1.914474,0.166667
r27=0 ^ freq ceros=5 ^ freq unos=1 ^ time entropy=1,freq dos=1 ^ width=2 ^ pasos=1 ^ simetria=2 ^ actividad=1 ^ entropia=1 ^ transitoriedad=2,1.933482,0.228030,0.874095,0.000003,1.924922,0.166667
r27=0 ^ freq ceros=5 ^ freq unos=1 ^ time entropy=1,freq dos=1 ^ width=2 ^ pasos=1 ^ simetria=2 ^ actividad=1 ^ entropia=1 ^ transitoriedad=2,1.933482,0.228030,0.874095,0.000003,1.924922,0.166667
r27=0,freq ceros=5 ^ pasos=1 ^ simetria=2 ^ transitoriedad=2,1.648702,0.945725,0.536879,0.000005,1.333574,1.166667
r27=0 ^ freq ceros=5,width=5 ^ pasos=1 ^ simetria=2 ^ transitoriedad=2,1.818964,1.038567,0.756110,0.000011,1.623404,1.000000
r27=0 ^ freq ceros=5 ^ simetria=2 ^ entropia=1,freq unos=1 ^ freq dos=1 ^ width=2 ^ pasos=1 ^ actividad=1 ^ transitoriedad=2 ^ time entropy=1,1.933482,0.532842,0.873409,0.000003,1.909324,0.166667
r27=0,freq ceros=5 ^ pasos=1 ^ simetria=2 ^ transitoriedad=2,1.648702,0.945725,0.536879,0.000005,1.333574,1.166667
r27=0 ^ freq ceros=5 ^ width=2 ^ entropia=1,freq unos=1 ^ freq dos=1 ^ pasos=1 ^ simetria=2 ^ actividad=1 ^ transitoriedad=2 ^ time entropy=1,1.933482,0.301336,0.872531,0.000003,1.921682,0.166667
r27=0 ^ freq ceros=5 ^ freq unos=1 ^ freq dos=1,width=2 ^ pasos=1 ^ simetria=2 ^ actividad=1 ^ entropia=1 ^ transitoriedad=2 ^ time entropy=1,1.933482,0.086584,0.874211,0.000003,1.930472,0.166667
r27=0,width=2 ^ pasos=1 ^ simetria=2 ^ transitoriedad=2,1.784082,1.352012,0.907176,0.000156,1.333574,1.166667
r27=0 ^ freq unos=1 ^ simetria=2 ^ transitoriedad=2,freq dos=1 ^ width=2 ^ pasos=1 ^ actividad=1 ^ entropia=1 ^ time entropy=1,1.929432,0.951410,0.871162,0.000005,1.865404,0.333333
r27=0 ^ freq ceros=5 ^ freq unos=1 ^ freq dos=1,width=2 ^ pasos=1 ^ simetria=2 ^ actividad=1 ^ entropia=1 ^ transitoriedad=2 ^ time entropy=1,1.933482,0.086584,0.874211,0.000003,1.930472,0.166667
r27=0 ^ freq ceros=5 ^ width=2 ^ entropia=1,freq unos=1 ^ freq dos=1 ^ pasos=1 ^ simetria=2 ^ actividad=1 ^ transitoriedad=2 ^ time entropy=1,1.933482,0.301336,0.872531,0.000003,1.921682,0.166667
r27=0 ^ transitoriedad=2,freq ceros=5 ^ width=5 ^ pasos=1 ^ simetria=2,1.818964,1.387862,0.748563,0.000009,1.408512,1.000000
r27=0 ^ freq ceros=5 ^ width=2 ^ entropia=1,freq unos=1 ^ freq dos=1 ^ pasos=1 ^ simetria=2 ^ actividad=1 ^ transitoriedad=2 ^ time entropy=1,1.933482,0.301336,0.872531,0.000003,1.921682,0.166667
r27=0 ^ freq ceros=5 ^ freq unos=1 ^ freq dos=1,width=2 ^ pasos=1 ^ simetria=2 ^ actividad=1 ^ entropia=1 ^ transitoriedad=2 ^ time entropy=1,1.933482,0.086584,0.874211,0.000003,1.930472,0.166667
r27=0 ^ transitoriedad=2,freq dos=1 ^ width=2 ^ pasos=1 ^ simetria=2 ^ actividad=1 ^ entropia=1 ^ time entropy=1,1.919034,1.726229,0.892112,0.000025,1.408512,0.500000
r27=0 ^ freq ceros=5 ^ freq unos=1 ^ freq dos=1,width=2 ^ pasos=1 ^ simetria=2 ^ actividad=1 ^ entropia=1 ^ transitoriedad=2 ^ time entropy=1,1.933482,0.086584,0.874211,0.000003,1.930472,0.166667
r27=2 ^ transitoriedad=2,pasos=1 ^ simetria=2,1.410510,0.012200,0.904785,0.000058,1.406892,1.333333
r27=0 ^ width=5,freq ceros=5,1.794556,0.000000,0.668432,0.000004,1.794556,1.500000
r27=0 ^ width=5 ^ simetria=2 ^ transitoriedad=2,freq ceros=5 ^ pasos=1,1.818964,0.000000,0.707824,0.000005,1.818964,1.000000
r27=0 ^ freq ceros=5 ^ width=2 ^ actividad=1,pasos=1 ^ simetria=2 ^ entropia=1 ^ transitoriedad=2 ^ time entropy=1,1.925808,0.044543,0.864661,0.000005,1.924118,0.500000
r27=0 ^ freq ceros=5 ^ freq unos=1 ^ freq dos=1,width=2 ^ pasos=1 ^ simetria=2 ^ actividad=1 ^ entropia=1 ^ transitoriedad=2 ^ time entropy=1,1.933482,0.086584,0.874211,0.000003,1.930472,0.166667
r27=0 ^ width=5 ^ transitoriedad=2,freq ceros=5 ^ pasos=1,1.794556,0.000000,0.668432,0.000004,1.794556,1.166667
r27=0 ^ width=5 ^ simetria=2 ^ transitoriedad=2,freq ceros=5 ^ pasos=1,1.818964,0.000000,0.707824,0.000005,1.818964,1.000000
r27=0 ^ freq dos=1 ^ width=2 ^ entropia=1,pasos=1 ^ simetria=2 ^ transitoriedad=2 ^ time entropy=1,1.905350,0.059377,0.830223,0.000005,1.902454,0.666667
r27=0 ^ freq ceros=5 ^ freq unos=1 ^ freq dos=1,width=2 ^ pasos=1 ^ simetria=2 ^ actividad=1 ^ entropia=1 ^ transitoriedad=2 ^ time entropy=1,1.933482,0.086584,0.874211,0.000003,1.930472,0.166667
r27=0 ^ freq ceros=5 ^ freq unos=1 ^ freq dos=1,width=2 ^ pasos=1 ^ simetria=2 ^ actividad=1 ^ entropia=1 ^ transitoriedad=2 ^ time entropy=1,1.933482,0.086584,0.874211,0.000003,1.930472,0.166667
r27=0 ^ freq ceros=5 ^ width=2 ^ actividad=1,freq dos=1 ^ pasos=1 ^ simetria=2 ^ entropia=1 ^ transitoriedad=2 ^ time entropy=1,1.927946,0.100893,0.866502,0.000004,1.924118,0.333333
r27=0 ^ freq ceros=5 ^ freq unos=1 ^ freq dos=1,width=2 ^ pasos=1 ^ simetria=2 ^ actividad=1 ^ entropia=1 ^ transitoriedad=2 ^ time entropy=1,1.933482,0.086584,0.874211,0.000003,1.930472,0.166667
r27=0 ^ freq ceros=5 ^ freq unos=1 ^ freq dos=1,width=2 ^ pasos=1 ^ simetria=2 ^ actividad=1 ^ entropia=1 ^ transitoriedad=2 ^ time entropy=1,1.933482,0.086584,0.874211,0.000003,1.930472,0.166667
r27=0 ^ freq ceros=5 ^ freq unos=1 ^ freq dos=1,width=2 ^ pasos=1 ^ simetria=2 ^ actividad=1 ^ entropia=1 ^ transitoriedad=2 ^ time entropy=1,1.933482,0.086584,0.874211,0.000003,1.930472,0.166667
r27=0 ^ freq ceros=5 ^ freq unos=1 ^ freq dos=1,width=2 ^ pasos=1 ^ simetria=2 ^ actividad=1 ^ entropia=1 ^ transitoriedad=2 ^ time entropy=1,1.933482,0.086584,0.874211,0.000003,1.930472,0.166667
r18=0 ^ transitoriedad=2,pasos=1 ^ simetria=2,1.431578,0.020112,0.912364,0.000067,1.425804,1.333333
r27=0 ^ width=2,pasos=1 ^ transitoriedad=2,1.783532,0.000000,0.952678,0.000134,1.783532,1.333333
r27=0 ^ freq dos=1 ^ width=2 ^ entropia=1,pasos=1 ^ simetria=2 ^ transitoriedad=2 ^ time entropy=1,1.905350,0.059377,0.830223,0.000005,1.902454,0.666667
r27=0 ^ freq ceros=5 ^ freq unos=1 ^ freq dos=1,width=2 ^ pasos=1 ^ simetria=2 ^ actividad=1 ^ entropia=1 ^ transitoriedad=2 ^ time entropy=1,1.933482,0.086584,0.874211,0.000003,1.930472,0.166667
r16=2,pasos=1 ^ simetria=2 ^ transitoriedad=2,1.417842,0.254702,0.998614,0.343249,1.332884,1.333333
r11=2 ^ r16=1 ^ r20=0,pasos=1 ^ simetria=2,1.932100,0.168133,0.999659,0.557966,1.925868,1.166667
r27=0 ^ freq ceros=5 ^ freq unos=1 ^ freq dos=1,width=2 ^ pasos=1 ^ simetria=2 ^ entropia=1 ^ transitoriedad=2 ^ time entropy=1,1.932650,0.062651,0.874921,0.000004,1.930472,0.333333
r15=0 ^ r20=0,pasos=1 ^ simetria=2 ^ transitoriedad=2,1.805858,0.254825,0.999565,0.966732,1.777510,1.166667
r3=0 ^ r4=1 ^ r11=1 ^ r16=2,pasos=1 ^ simetria=2 ^ transitoriedad=2,1.978630,0.261612,1.000119,1.212659,1.975414,0.833333
r27=0 ^ freq ceros=5 ^ freq unos=1 ^ freq dos=1,width=2 ^ pasos=1 ^ simetria=2 ^ actividad=1 ^ entropia=1 ^ transitoriedad=2 ^ time entropy=1,1.933482,0.086584,0.874211,0.000003,1.930472,0.166667
r27=0 ^ freq ceros=5 ^ simetria=2 ^ transitoriedad=2,pasos=1,1.648702,0.000000,0.977633,0.000285,1.648702,1.166667
r27=0 ^ width=2 ^ entropia=1 ^ time entropy=1,pasos=1 ^ simetria=2 ^ transitoriedad=2,1.896866,0.006456,0.974099,0.000262,1.896532,0.833333
r24=0 ^ freq ceros=5 ^ freq unos=1 ^ freq dos=1,width=2 ^ pasos=1 ^ simetria=2 ^ entropia=1 ^ transitoriedad=2 ^ time entropy=1,1.938924,0.021894,0.886393,0.000005,1.938248,0.333333
r27=0 ^ freq ceros=5 ^ width=2 ^ actividad=1,freq dos=1 ^ pasos=1 ^ simetria=2 ^ entropia=1 ^ transitoriedad=2 ^ time entropy=1,1.927946,0.100893,0.866502,0.000004,1.924118,0.333333
r27=0 ^ freq ceros=5 ^ freq unos=1 ^ freq dos=1,width=2 ^ pasos=1 ^ simetria=2 ^ entropia=1 ^ transitoriedad=2 ^ time entropy=1,1.932650,0.062651,0.874921,0.000004,1.930472,0.333333
r27=0 ^ freq ceros=5 ^ freq unos=1 ^ freq dos=1,width=2 ^ pasos=1 ^ simetria=2 ^ actividad=1 ^ entropia=1 ^ transitoriedad=2 ^ time entropy=1,1.933482,0.086584,0.874211,0.000003,1.930472,0.166667
r27=0 ^ freq ceros=5 ^ width=2 ^ actividad=1,freq dos=1 ^ pasos=1 ^ simetria=2 ^ entropia=1 ^ transitoriedad=2 ^ time entropy=1,1.927946,0.100893,0.866502,0.000004,1.924118,0.333333
r27=0 ^ freq ceros=5 ^ freq unos=1 ^ freq dos=1,width=2 ^ pasos=1 ^ simetria=2 ^ actividad=1 ^ entropia=1 ^ transitoriedad=2 ^ time entropy=1,1.933482,0.086584,0.874211,0.000003,1.930472,0.166667
r27=0 ^ freq ceros=5 ^ freq unos=1 ^ freq dos=1,width=2 ^ pasos=1 ^ simetria=2 ^ actividad=1 ^ entropia=1 ^ transitoriedad=2 ^ time entropy=1,1.933482,0.086584,0.874211,0.000003,1.930472,0.166667
r27=0 ^ freq ceros=5 ^ freq unos=1 ^ freq dos=1,width=2 ^ pasos=1 ^ simetria=2 ^ actividad=1 ^ entropia=1 ^ transitoriedad=2 ^ time entropy=1,1.933482,0.086584,0.874211,0.000003,1.930472,0.166667
r27=0 ^ transitoriedad=2,freq ceros=5 ^ pasos=1,1.623404,0.726615,0.475176,0.000004,1.408512,1.333333
r27=0 ^ entropia=1,freq dos=1 ^ time entropy=1,1.807190,0.369085,0.692049,0.000005,1.763556,1.333333
r27=0 ^ width=2 ^ entropia=1,freq dos=1 ^ pasos=1 ^ simetria=2 ^ transitoriedad=2 ^ time entropy=1,1.905350,0.306040,0.827220,0.000004,1.888250,0.666667
r27=0 ^ freq ceros=5 ^ freq unos=1 ^ time entropy=1,freq dos=1 ^ width=2 ^ pasos=1 ^ simetria=2 ^ actividad=1 ^ entropia=1 ^ transitoriedad=2,1.933482,0.228030,0.874095,0.000003,1.924922,0.166667
r27=0 ^ simetria=2 ^ transitoriedad=2,freq ceros=5 ^ pasos=1,1.648702,0.757382,0.515705,0.000004,1.434584,1.166667
r27=0 ^ width=5,freq ceros=5 ^ pasos=1 ^ simetria=2 ^ transitoriedad=2,1.818964,0.237612,0.711753,0.000005,1.794556,1.000000
r27=0 ^ freq ceros=5 ^ simetria=2 ^ time entropy=1,freq dos=1 ^ width=2 ^ pasos=1 ^ actividad=1 ^ entropia=1 ^ transitoriedad=2,1.927946,0.261077,0.863763,0.000003,1.917128,0.333333
r27=0 ^ freq ceros=5 ^ freq unos=1 ^ freq dos=1,width=2 ^ pasos=1 ^ simetria=2 ^ actividad=1 ^ entropia=1 ^ transitoriedad=2 ^ time entropy=1,1.933482,0.086584,0.874211,0.000003,1.930472,0.166667
r27=0 ^ freq ceros=5 ^ freq unos=1 ^ freq dos=1,width=2 ^ pasos=1 ^ simetria=2 ^ actividad=1 ^ entropia=1 ^ transitoriedad=2 ^ time entropy=1,1.933482,0.086584,0.874211,0.000003,1.930472,0.166667
r27=0 ^ freq ceros=5 ^ freq unos=1 ^ freq dos=1,width=2 ^ pasos=1 ^ simetria=2 ^ actividad=1 ^ entropia=1 ^ transitoriedad=2 ^ time entropy=1,1.933482,0.086584,0.874211,0.000003,1.930472,0.166667
r27=0 ^ freq ceros=5,pasos=1 ^ simetria=2 ^ transitoriedad=2,1.648702,0.134351,0.953894,0.000257,1.623404,1.166667
r6=2 ^ sensitividad=1,pasos=1 ^ simetria=2 ^ transitoriedad=2,1.909590,0.624671,1.048368,0.000094,1.868526,1.166667
r27=0 ^ freq dos=1 ^ width=2 ^ actividad=1,freq ceros=5 ^ pasos=1 ^ simetria=2 ^ entropia=1 ^ transitoriedad=2 ^ time entropy=1,1.927946,0.331040,0.862793,0.000003,1.913654,0.333333
r7=2 ^ r8=0,pasos=1 ^ simetria=2 ^ transitoriedad=2,1.806174,0.260230,1.000769,0.461419,1.777182,1.166667
r27=0 ^ width=2 ^ actividad=1 ^ entropia=1,freq ceros=5 ^ freq dos=1 ^ pasos=1 ^ simetria=2 ^ transitoriedad=2 ^ time entropy=1,1.927946,0.355870,0.862678,0.000003,1.912350,0.333333
r27=0 ^ freq ceros=5 ^ freq unos=1 ^ freq dos=1,width=2 ^ pasos=1 ^ simetria=2 ^ actividad=1 ^ entropia=1 ^ transitoriedad=2 ^ time entropy=1,1.933482,0.086584,0.874211,0.000003,1.930472,0.166667
r27=0 ^ freq ceros=5 ^ width=5 ^ transitoriedad=2,pasos=1 ^ simetria=2,1.818964,0.237612,1.013328,0.001309,1.794556,1.000000
r27=0 ^ freq ceros=5 ^ freq dos=1 ^ actividad=1,width=2 ^ pasos=1 ^ simetria=2 ^ entropia=1 ^ transitoriedad=2 ^ time entropy=1,1.927946,0.315039,0.867727,0.000005,1.914474,0.333333
r27=0 ^ freq ceros=5 ^ freq unos=1 ^ time entropy=1,freq dos=1 ^ width=2 ^ pasos=1 ^ simetria=2 ^ actividad=1 ^ entropia=1 ^ transitoriedad=2,1.933482,0.228030,0.874095,0.000003,1.924922,0.166667
r27=0 ^ freq ceros=5 ^ freq unos=1 ^ freq dos=1,width=2 ^ pasos=1 ^ simetria=2 ^ actividad=1 ^ entropia=1 ^ transitoriedad=2 ^ time entropy=1,1.933482,0.086584,0.874211,0.000003,1.930472,0.166667
r27=0 ^ transitoriedad=2,freq ceros=5 ^ pasos=1 ^ simetria=2,1.648702,0.812155,0.509950,0.000004,1.408512,1.166667
r27=0 ^ freq ceros=5 ^ simetria=2,width=5 ^ pasos=1 ^ transitoriedad=2,1.818964,0.969331,0.758867,0.000011,1.648702,1.000000
r27=0 ^ width=2 ^ actividad=1,freq ceros=5 ^ freq dos=1 ^ pasos=1 ^ simetria=2 ^ entropia=1 ^ transitoriedad=2 ^ time entropy=1,1.927946,0.572170,0.863501,0.000003,1.899072,0.333333
r27=0 ^ transitoriedad=2,freq ceros=5 ^ pasos=1 ^ simetria=2,1.648702,0.812155,0.509950,0.000004,1.408512,1.166667
r27=0 ^ width=2 ^ entropia=1 ^ time entropy=1,freq ceros=5 ^ freq dos=1 ^ pasos=1 ^ simetria=2 ^ actividad=1 ^ transitoriedad=2,1.927946,0.607222,0.863772,0.000003,1.896532,0.333333
r27=0 ^ freq ceros=5 ^ freq unos=1 ^ freq dos=1,width=2 ^ pasos=1 ^ simetria=2 ^ actividad=1 ^ entropia=1 ^ transitoriedad=2 ^ time entropy=1,1.933482,0.086584,0.874211,0.000003,1.930472,0.166667
r27=0 ^ simetria=2 ^ transitoriedad=2,width=2 ^ pasos=1,1.784082,1.236251,0.856511,0.000060,1.434584,1.166667
r27=0 ^ freq unos=1 ^ actividad=1 ^ time entropy=1,width=2 ^ pasos=1 ^ simetria=2 ^ entropia=1 ^ transitoriedad=2,1.925406,1.001539,0.879960,0.000014,1.850582,0.500000
r27=0 ^ freq dos=1 ^ width=2 ^ entropia=1,freq ceros=5 ^ pasos=1 ^ simetria=2 ^ actividad=1 ^ transitoriedad=2 ^ time entropy=1,1.927946,0.522666,0.863333,0.000003,1.902454,0.333333
r27=0 ^ freq ceros=5 ^ freq dos=1 ^ actividad=1,freq unos=1 ^ width=2 ^ pasos=1 ^ simetria=2 ^ entropia=1 ^ transitoriedad=2 ^ time entropy=1,1.933482,0.444496,0.874969,0.000004,1.914474,0.166667
r27=0 ^ transitoriedad=2,freq ceros=5 ^ width=5 ^ pasos=1 ^ simetria=2,1.818964,1.387862,0.748563,0.000009,1.408512,1.000000
r27=0 ^ width=2,freq dos=1 ^ pasos=1 ^ simetria=2 ^ actividad=1 ^ entropia=1 ^ transitoriedad=2 ^ time entropy=1,1.919034,1.251936,0.858003,0.000007,1.783532,0.500000
r27=0 ^ freq ceros=5 ^ width=2 ^ entropia=1,freq unos=1 ^ freq dos=1 ^ pasos=1 ^ simetria=2 ^ actividad=1 ^ transitoriedad=2 ^ time entropy=1,1.933482,0.301336,0.872531,0.000003,1.921682,0.166667
r24=2,freq dos=1 ^ width=2 ^ pasos=1 ^ simetria=2 ^ actividad=1 ^ entropia=1 ^ transitoriedad=2,1.992476,1.977388,1.048162,0.000139,1.334510,0.666667
r27=0 ^ transitoriedad=2,freq dos=1 ^ width=2 ^ pasos=1 ^ simetria=2 ^ actividad=1 ^ entropia=1 ^ time entropy=1,1.919034,1.726229,0.892112,0.000025,1.408512,0.500000
r27=0 ^ width=5 ^ simetria=2 ^ transitoriedad=2,freq ceros=5 ^ pasos=1,1.818964,0.000000,0.707824,0.000005,1.818964,1.000000
r27=0 ^ width=5 ^ simetria=2 ^ transitoriedad=2,freq ceros=5 ^ pasos=1,1.818964,0.000000,0.707824,0.000005,1.818964,1.000000
r27=0 ^ freq dos=1 ^ width=2 ^ entropia=1,pasos=1 ^ simetria=2 ^ transitoriedad=2 ^ time entropy=1,1.905350,0.059377,0.830223,0.000005,1.902454,0.666667
r27=0 ^ freq ceros=5 ^ freq unos=1 ^ freq dos=1,width=2 ^ pasos=1 ^ simetria=2 ^ actividad=1 ^ entropia=1 ^ transitoriedad=2 ^ time entropy=1,1.933482,0.086584,0.874211,0.000003,1.930472,0.166667
r27=0 ^ width=5 ^ simetria=2 ^ transitoriedad=2,freq ceros=5 ^ pasos=1,1.818964,0.000000,0.707824,0.000005,1.818964,1.000000
r27=0 ^ freq dos=1 ^ width=2 ^ entropia=1,pasos=1 ^ simetria=2 ^ transitoriedad=2 ^ time entropy=1,1.905350,0.059377,0.830223,0.000005,1.902454,0.666667
r27=0 ^ freq ceros=5 ^ freq unos=1 ^ freq dos=1,width=2 ^ pasos=1 ^ simetria=2 ^ actividad=1 ^ entropia=1 ^ transitoriedad=2 ^ time entropy=1,1.933482,0.086584,0.874211,0.000003,1.930472,0.166667
r27=0 ^ freq ceros=5 ^ freq unos=1 ^ freq dos=1,width=2 ^ pasos=1 ^ simetria=2 ^ actividad=1 ^ entropia=1 ^ transitoriedad=2 ^ time entropy=1,1.933482,0.086584,0.874211,0.000003,1.930472,0.166667
r27=0 ^ freq ceros=5 ^ freq unos=1 ^ freq dos=1,width=2 ^ pasos=1 ^ simetria=2 ^ actividad=1 ^ entropia=1 ^ transitoriedad=2 ^ time entropy=1,1.933482,0.086584,0.874211,0.000003,1.930472,0.166667
r27=0 ^ freq ceros=5 ^ freq unos=1 ^ freq dos=1,width=2 ^ pasos=1 ^ simetria=2 ^ actividad=1 ^ entropia=1 ^ transitoriedad=2 ^ time entropy=1,1.933482,0.086584,0.874211,0.000003,1.930472,0.166667
r27=0 ^ width=5 ^ simetria=2 ^ transitoriedad=2,freq ceros=5 ^ pasos=1,1.818964,0.000000,0.707824,0.000005,1.818964,1.000000
r27=0 ^ freq dos=1 ^ width=2 ^ entropia=1,pasos=1 ^ simetria=2 ^ transitoriedad=2 ^ time entropy=1,1.905350,0.059377,0.830223,0.000005,1.902454,0.666667
r24=0 ^ freq ceros=5 ^ freq unos=1 ^ freq dos=1,width=2 ^ pasos=1 ^ simetria=2 ^ actividad=1 ^ entropia=1 ^ transitoriedad=2,1.939026,0.025198,0.885376,0.000004,1.938248,0.333333
r27=0 ^ freq dos=1 ^ width=2 ^ actividad=1,pasos=1 ^ simetria=2 ^ entropia=1 ^ transitoriedad=2 ^ time entropy=1,1.919034,0.124615,0.852912,0.000005,1.913654,0.500000
r27=0 ^ freq ceros=5 ^ freq unos=1 ^ freq dos=1,width=2 ^ pasos=1 ^ simetria=2 ^ entropia=1 ^ transitoriedad=2 ^ time entropy=1,1.932650,0.062651,0.874921,0.000004,1.930472,0.333333
r27=0 ^ freq ceros=5 ^ freq unos=1 ^ freq dos=1,width=2 ^ pasos=1 ^ simetria=2 ^ actividad=1 ^ entropia=1 ^ transitoriedad=2 ^ time entropy=1,1.933482,0.086584,0.874211,0.000003,1.930472,0.166667
r27=0 ^ freq dos=1 ^ width=2 ^ actividad=1,pasos=1 ^ simetria=2 ^ entropia=1 ^ transitoriedad=2 ^ time entropy=1,1.919034,0.124615,0.852912,0.000005,1.913654,0.500000
r24=0 ^ freq ceros=5 ^ freq unos=1 ^ freq dos=1,width=2 ^ pasos=1 ^ simetria=2 ^ entropia=1 ^ transitoriedad=2 ^ time entropy=1,1.938924,0.021894,0.886393,0.000005,1.938248,0.333333
r27=0 ^ freq ceros=5 ^ freq unos=1 ^ freq dos=1,width=2 ^ pasos=1 ^ simetria=2 ^ actividad=1 ^ entropia=1 ^ transitoriedad=2 ^ time entropy=1,1.933482,0.086584,0.874211,0.000003,1.930472,0.166667
r27=0 ^ freq ceros=5 ^ freq unos=1 ^ freq dos=1,width=2 ^ pasos=1 ^ simetria=2 ^ actividad=1 ^ entropia=1 ^ transitoriedad=2 ^ time entropy=1,1.933482,0.086584,0.874211,0.000003,1.930472,0.166667
r27=0 ^ width=5,freq ceros=5 ^ pasos=1 ^ simetria=2 ^ transitoriedad=2,1.818964,0.237612,0.711753,0.000005,1.794556,1.000000
r27=0 ^ width=2 ^ entropia=1,freq dos=1 ^ pasos=1 ^ simetria=2 ^ transitoriedad=2 ^ time entropy=1,1.905350,0.306040,0.827220,0.000004,1.888250,0.666667
r27=0 ^ freq ceros=5 ^ simetria=2 ^ time entropy=1,freq dos=1 ^ width=2 ^ pasos=1 ^ actividad=1 ^ entropia=1 ^ transitoriedad=2,1.927946,0.261077,0.863763,0.000003,1.917128,0.333333
r27=0 ^ freq ceros=5 ^ width=2 ^ time entropy=1,freq dos=1 ^ pasos=1 ^ simetria=2 ^ actividad=1 ^ entropia=1 ^ transitoriedad=2,1.927946,0.162638,0.863408,0.000003,1.921568,0.333333
r27=0 ^ freq ceros=5 ^ simetria=2 ^ time entropy=1,freq dos=1 ^ width=2 ^ pasos=1 ^ actividad=1 ^ entropia=1 ^ transitoriedad=2,1.927946,0.261077,0.863763,0.000003,1.917128,0.333333
r27=0 ^ freq ceros=5 ^ freq unos=1 ^ freq dos=1,width=2 ^ pasos=1 ^ simetria=2 ^ actividad=1 ^ entropia=1 ^ transitoriedad=2 ^ time entropy=1,1.933482,0.086584,0.874211,0.000003,1.930472,0.166667
r27=0 ^ width=2 ^ entropia=1,freq dos=1 ^ pasos=1 ^ simetria=2 ^ transitoriedad=2 ^ time entropy=1,1.905350,0.306040,0.827220,0.000004,1.888250,0.666667
r27=0 ^ width=2 ^ actividad=1 ^ entropia=1,freq ceros=5 ^ freq dos=1 ^ pasos=1 ^ simetria=2 ^ transitoriedad=2 ^ time entropy=1,1.927946,0.355870,0.862678,0.000003,1.912350,0.333333
r27=0 ^ freq ceros=5 ^ freq unos=1 ^ time entropy=1,freq dos=1 ^ width=2 ^ pasos=1 ^ simetria=2 ^ actividad=1 ^ entropia=1 ^ transitoriedad=2,1.933482,0.228030,0.874095,0.000003,1.924922,0.166667
r27=0 ^ freq ceros=5 ^ freq unos=1 ^ time entropy=1,freq dos=1 ^ width=2 ^ pasos=1 ^ simetria=2 ^ actividad=1 ^ entropia=1 ^ transitoriedad=2,1.933482,0.228030,0.874095,0.000003,1.924922,0.166667
r27=0 ^ simetria=2 ^ entropia=1 ^ time entropy=1,freq dos=1 ^ width=2 ^ pasos=1 ^ transitoriedad=2,1.905350,0.561157,0.830669,0.000005,1.868436,0.666667
r27=0 ^ width=2 ^ entropia=1 ^ time entropy=1,freq ceros=5 ^ freq dos=1 ^ pasos=1 ^ simetria=2 ^ actividad=1 ^ transitoriedad=2,1.927946,0.607222,0.863772,0.000003,1.896532,0.333333
r27=0 ^ freq ceros=5 ^ width=2 ^ time entropy=1,freq unos=1 ^ freq dos=1 ^ pasos=1 ^ simetria=2 ^ actividad=1 ^ entropia=1 ^ transitoriedad=2,1.933482,0.303805,0.872563,0.000003,1.921568,0.166667
r27=0 ^ width=2 ^ actividad=1,freq ceros=5 ^ freq dos=1 ^ pasos=1 ^ simetria=2 ^ entropia=1 ^ transitoriedad=2 ^ time entropy=1,1.927946,0.572170,0.863501,0.000003,1.899072,0.333333
r27=0 ^ width=2 ^ entropia=1,freq ceros=5 ^ freq dos=1 ^ pasos=1 ^ simetria=2 ^ actividad=1 ^ transitoriedad=2 ^ time entropy=1,1.927946,0.710443,0.863997,0.000003,1.888250,0.333333
r27=0 ^ freq dos=1 ^ width=2 ^ entropia=1,pasos=1 ^ simetria=2 ^ transitoriedad=2 ^ time entropy=1,1.905350,0.059377,0.830223,0.000005,1.902454,0.666667
r27=0 ^ freq dos=1 ^ width=2 ^ actividad=1,pasos=1 ^ simetria=2 ^ entropia=1 ^ transitoriedad=2 ^ time entropy=1,1.919034,0.124615,0.852912,0.000005,1.913654,0.500000
r27=0 ^ freq ceros=5 ^ freq unos=1 ^ freq dos=1,width=2 ^ pasos=1 ^ simetria=2 ^ actividad=1 ^ entropia=1 ^ transitoriedad=2 ^ time entropy=1,1.933482,0.086584,0.874211,0.000003,1.930472,0.166667
r27=0 ^ freq ceros=5 ^ width=2 ^ actividad=1,freq dos=1 ^ pasos=1 ^ simetria=2 ^ entropia=1 ^ transitoriedad=2 ^ time entropy=1,1.927946,0.100893,0.866502,0.000004,1.924118,0.333333
r27=0 ^ freq ceros=5 ^ freq unos=1 ^ freq dos=1,width=2 ^ pasos=1 ^ simetria=2 ^ actividad=1 ^ entropia=1 ^ transitoriedad=2 ^ time entropy=1,1.933482,0.086584,0.874211,0.000003,1.930472,0.166667
r27=0 ^ freq ceros=5 ^ freq unos=1 ^ freq dos=1,width=2 ^ pasos=1 ^ simetria=2 ^ actividad=1 ^ entropia=1 ^ transitoriedad=2 ^ time entropy=1,1.933482,0.086584,0.874211,0.000003,1.930472,0.166667
r27=0 ^ freq ceros=5 ^ width=2 ^ actividad=1,freq dos=1 ^ pasos=1 ^ simetria=2 ^ entropia=1 ^ transitoriedad=2 ^ time entropy=1,1.927946,0.100893,0.866502,0.000004,1.924118,0.333333
r27=0 ^ freq ceros=5 ^ freq unos=1 ^ freq dos=1,width=2 ^ pasos=1 ^ simetria=2 ^ actividad=1 ^ entropia=1 ^ transitoriedad=2 ^ time entropy=1,1.933482,0.086584,0.874211,0.000003,1.930472,0.166667
r27=0 ^ freq ceros=5 ^ freq unos=1 ^ freq dos=1,width=2 ^ pasos=1 ^ simetria=2 ^ actividad=1 ^ entropia=1 ^ transitoriedad=2 ^ time entropy=1,1.933482,0.086584,0.874211,0.000003,1.930472,0.166667
r27=0 ^ freq ceros=5 ^ freq unos=1 ^ freq dos=1,width=2 ^ pasos=1 ^ simetria=2 ^ actividad=1 ^ entropia=1 ^ transitoriedad=2 ^ time entropy=1,1.933482,0.086584,0.874211,0.000003,1.930472,0.166667
r27=0 ^ freq ceros=5 ^ width=2 ^ time entropy=1,freq dos=1 ^ pasos=1 ^ simetria=2 ^ actividad=1 ^ entropia=1 ^ transitoriedad=2,1.927946,0.162638,0.863408,0.000003,1.921568,0.333333
r27=0 ^ freq ceros=5 ^ freq unos=1 ^ time entropy=1,freq dos=1 ^ width=2 ^ pasos=1 ^ simetria=2 ^ actividad=1 ^ entropia=1 ^ transitoriedad=2,1.933482,0.228030,0.874095,0.000003,1.924922,0.166667
r27=0 ^ freq ceros=5 ^ freq unos=1 ^ freq dos=1,width=2 ^ pasos=1 ^ simetria=2 ^ actividad=1 ^ entropia=1 ^ transitoriedad=2 ^ time entropy=1,1.933482,0.086584,0.874211,0.000003,1.930472,0.166667
r27=0 ^ freq ceros=5 ^ freq unos=1 ^ time entropy=1,freq dos=1 ^ width=2 ^ pasos=1 ^ simetria=2 ^ actividad=1 ^ entropia=1 ^ transitoriedad=2,1.933482,0.228030,0.874095,0.000003,1.924922,0.166667
r27=0 ^ freq ceros=5 ^ width=2 ^ time entropy=1,freq unos=1 ^ freq dos=1 ^ pasos=1 ^ simetria=2 ^ actividad=1 ^ entropia=1 ^ transitoriedad=2,1.933482,0.303805,0.872563,0.000003,1.921568,0.166667
r27=0 ^ freq ceros=5 ^ width=2 ^ actividad=1,freq dos=1 ^ pasos=1 ^ simetria=2 ^ entropia=1 ^ transitoriedad=2 ^ time entropy=1,1.927946,0.100893,0.866502,0.000004,1.924118,0.333333
r27=0 ^ freq ceros=5 ^ freq unos=1 ^ freq dos=1,width=2 ^ pasos=1 ^ simetria=2 ^ actividad=1 ^ entropia=1 ^ transitoriedad=2 ^ time entropy=1,1.933482,0.086584,0.874211,0.000003,1.930472,0.166667
r27=0 ^ freq ceros=5 ^ freq unos=1 ^ freq dos=1,width=2 ^ pasos=1 ^ simetria=2 ^ actividad=1 ^ entropia=1 ^ transitoriedad=2 ^ time entropy=1,1.933482,0.086584,0.874211,0.000003,1.930472,0.166667
r27=0 ^ freq ceros=5 ^ freq unos=1 ^ freq dos=1,width=2 ^ pasos=1 ^ simetria=2 ^ actividad=1 ^ entropia=1 ^ transitoriedad=2 ^ time entropy=1,1.933482,0.086584,0.874211,0.000003,1.930472,0.166667
r27=0 ^ freq ceros=5 ^ freq unos=1 ^ freq dos=1,width=2 ^ pasos=1 ^ simetria=2 ^ actividad=1 ^ entropia=1 ^ transitoriedad=2 ^ time entropy=1,1.933482,0.086584,0.874211,0.000003,1.930472,0.166667
r27=0 ^ freq ceros=5 ^ freq unos=1 ^ freq dos=1,width=2 ^ pasos=1 ^ simetria=2 ^ actividad=1 ^ entropia=1 ^ transitoriedad=2 ^ time entropy=1,1.933482,0.086584,0.874211,0.000003,1.930472,0.166667
