antecedente,consecuente,support,confidence,leverage,chi_cuadrada,coverage,rule_size
r27=2 ^ transitoriedad=2,pasos=1 ^ simetria=2,1.410510,0.012200,0.904785,0.000058,1.406892,1.333333
r27=2 ^ transitoriedad=2,pasos=1 ^ simetria=2,1.410510,0.012200,0.904785,0.000058,1.406892,1.333333
r27=0 ^ width=5 ^ simetria=2,freq ceros=5 ^ pasos=1 ^ transitoriedad=2,1.818964,0.000000,0.707824,0.000005,1.818964,1.000000
r27=0 ^ width=5 ^ simetria=2,freq ceros=5 ^ pasos=1 ^ transitoriedad=2,1.818964,0.000000,0.707824,0.000005,1.818964,1.000000
r9=2 ^ r18=2 ^ r26=1 ^ r27=0,freq ceros=5 ^ width=5 ^ pasos=1 ^ simetria=2 ^ transitoriedad=2,1.974994,0.000000,0.954665,0.000016,1.974994,0.500000
r9=2 ^ r18=2 ^ r26=1 ^ r27=0,freq ceros=5 ^ width=5 ^ pasos=1 ^ simetria=2 ^ transitoriedad=2,1.974994,0.000000,0.954665,0.000016,1.974994,0.500000
r27=2 ^ transitoriedad=2,pasos=1 ^ simetria=2,1.410510,0.012200,0.904785,0.000058,1.406892,1.333333
r27=0 ^ width=5,freq ceros=5 ^ pasos=1 ^ transitoriedad=2,1.794556,0.000000,0.668432,0.000004,1.794556,1.166667
r27=0 ^ width=5 ^ simetria=2,freq ceros=5 ^ pasos=1 ^ transitoriedad=2,1.818964,0.000000,0.707824,0.000005,1.818964,1.000000
r18=1 ^ r26=1 ^ r27=0 ^ simetria=2,freq ceros=5 ^ width=5 ^ pasos=1 ^ transitoriedad=2,1.948102,0.000000,0.907251,0.000009,1.948102,0.666667
r9=2 ^ r18=2 ^ r26=1 ^ r27=0,freq ceros=5 ^ width=5 ^ pasos=1 ^ simetria=2 ^ transitoriedad=2,1.974994,0.000000,0.954665,0.000016,1.974994,0.500000
r8=2,pasos=1 ^ simetria=2 ^ transitoriedad=2,1.418636,0.255514,0.999156,0.716742,1.333484,1.333333
r27=0 ^ width=5 ^ simetria=2,freq ceros=5 ^ pasos=1 ^ transitoriedad=2,1.818964,0.000000,0.707824,0.000005,1.818964,1.000000
r27=0 ^ width=5 ^ simetria=2,freq ceros=5 ^ pasos=1 ^ transitoriedad=2,1.818964,0.000000,0.707824,0.000005,1.818964,1.000000
r9=2 ^ r18=2 ^ r26=1 ^ r27=0,freq ceros=5 ^ width=5 ^ pasos=1 ^ simetria=2 ^ transitoriedad=2,1.974994,0.000000,0.954665,0.000016,1.974994,0.500000
r7=2,pasos=1 ^ simetria=2 ^ transitoriedad=2,1.418818,0.257670,1.000594,1.060445,1.332868,1.333333
r9=2 ^ r18=2 ^ r26=1 ^ r27=0,freq ceros=5 ^ width=5 ^ pasos=1 ^ simetria=2 ^ transitoriedad=2,1.974994,0.000000,0.954665,0.000016,1.974994,0.500000
r9=2 ^ r18=2 ^ r26=1 ^ r27=0,freq ceros=5 ^ width=5 ^ pasos=1 ^ simetria=2 ^ transitoriedad=2,1.974994,0.000000,0.954665,0.000016,1.974994,0.500000
r9=2 ^ r18=2 ^ r26=1 ^ r27=0,freq ceros=5 ^ width=5 ^ pasos=1 ^ simetria=2 ^ transitoriedad=2,1.974994,0.000000,0.954665,0.000016,1.974994,0.500000
r9=2 ^ r18=2 ^ r26=1 ^ r27=0,freq ceros=5 ^ width=5 ^ pasos=1 ^ simetria=2 ^ transitoriedad=2,1.974994,0.000000,0.954665,0.000016,1.974994,0.500000
r9=2 ^ r18=2 ^ r26=1 ^ r27=0,freq ceros=5 ^ width=5 ^ pasos=1 ^ simetria=2 ^ transitoriedad=2,1.974994,0.000000,0.954665,0.000016,1.974994,0.500000
r27=2 ^ transitoriedad=2,pasos=1 ^ simetria=2,1.410510,0.012200,0.904785,0.000058,1.406892,1.333333
r18=0 ^ transitoriedad=2,pasos=1 ^ simetria=2,1.431578,0.020112,0.912364,0.000067,1.425804,1.333333
r27=0 ^ width=5 ^ simetria=2,freq ceros=5 ^ pasos=1 ^ transitoriedad=2,1.818964,0.000000,0.707824,0.000005,1.818964,1.000000
r18=1 ^ r26=1 ^ r27=0 ^ simetria=2,freq ceros=5 ^ width=5 ^ pasos=1 ^ transitoriedad=2,1.948102,0.000000,0.907251,0.000009,1.948102,0.666667
r9=2 ^ r18=2 ^ r26=1 ^ r27=0,freq ceros=5 ^ width=5 ^ pasos=1 ^ simetria=2 ^ transitoriedad=2,1.974994,0.000000,0.954665,0.000016,1.974994,0.500000
r16=2,pasos=1,1.353800,0.062706,0.999357,0.418871,1.332884,1.666667
r18=0 ^ transitoriedad=2,pasos=1 ^ simetria=2,1.431578,0.020112,0.912364,0.000067,1.425804,1.333333
r26=1 ^ r27=0 ^ width=5 ^ simetria=2,freq ceros=5 ^ pasos=1 ^ transitoriedad=2,1.898506,0.000000,0.836198,0.000009,1.898506,0.833333
r9=2 ^ r18=2 ^ r26=1 ^ r27=0,freq ceros=5 ^ width=5 ^ pasos=1 ^ simetria=2 ^ transitoriedad=2,1.974994,0.000000,0.954665,0.000016,1.974994,0.500000
r8=2,pasos=1,1.354536,0.063170,0.999667,0.993820,1.333484,1.666667
r7=0 ^ r13=0,pasos=1 ^ simetria=2 ^ transitoriedad=2,1.806240,0.254792,0.999559,0.951049,1.777952,1.166667
r9=2 ^ r18=2 ^ r26=1 ^ r27=0,freq ceros=5 ^ width=5 ^ pasos=1 ^ simetria=2 ^ transitoriedad=2,1.974994,0.000000,0.954665,0.000016,1.974994,0.500000
r8=2,pasos=1 ^ simetria=2,1.390908,0.172311,0.999717,1.555076,1.333484,1.500000
r9=2 ^ r18=2 ^ r26=1 ^ r27=0,freq ceros=5 ^ width=5 ^ pasos=1 ^ simetria=2 ^ transitoriedad=2,1.974994,0.000000,0.954665,0.000016,1.974994,0.500000
r9=2 ^ r18=2 ^ r26=1 ^ r27=0,freq ceros=5 ^ width=5 ^ pasos=1 ^ simetria=2 ^ transitoriedad=2,1.974994,0.000000,0.954665,0.000016,1.974994,0.500000
r24=2 ^ simetria=2 ^ transitoriedad=2,pasos=1,1.406550,0.000067,0.962254,0.000144,1.406530,1.333333
r27=1 ^ freq unos=5 ^ simetria=2 ^ transitoriedad=2,pasos=1,1.721992,0.000000,0.982299,0.000377,1.721992,1.166667
r18=1 ^ r26=1 ^ r27=0 ^ simetria=2,freq ceros=5 ^ width=5 ^ pasos=1 ^ transitoriedad=2,1.948102,0.000000,0.907251,0.000009,1.948102,0.666667
r9=2 ^ r18=2 ^ r26=1 ^ r27=0,freq ceros=5 ^ width=5 ^ pasos=1 ^ simetria=2 ^ transitoriedad=2,1.974994,0.000000,0.954665,0.000016,1.974994,0.500000
r16=2,pasos=1 ^ simetria=2 ^ transitoriedad=2,1.417842,0.254702,0.998614,0.343249,1.332884,1.333333
r18=1 ^ r26=1 ^ r27=0 ^ simetria=2,freq ceros=5 ^ width=5 ^ pasos=1 ^ transitoriedad=2,1.948102,0.000000,0.907251,0.000009,1.948102,0.666667
r9=2 ^ r18=2 ^ r26=1 ^ r27=0,freq ceros=5 ^ width=5 ^ pasos=1 ^ simetria=2 ^ transitoriedad=2,1.974994,0.000000,0.954665,0.000016,1.974994,0.500000
r8=2,pasos=1 ^ simetria=2 ^ transitoriedad=2,1.418636,0.255514,0.999156,0.716742,1.333484,1.333333
r9=2 ^ r18=2 ^ r26=1 ^ r27=0,freq ceros=5 ^ width=5 ^ pasos=1 ^ simetria=2 ^ transitoriedad=2,1.974994,0.000000,0.954665,0.000016,1.974994,0.500000
r9=2 ^ r18=2 ^ r26=1 ^ r27=0,freq ceros=5 ^ width=5 ^ pasos=1 ^ simetria=2 ^ transitoriedad=2,1.974994,0.000000,0.954665,0.000016,1.974994,0.500000
r24=2 ^ simetria=2 ^ transitoriedad=2,pasos=1,1.406550,0.000067,0.962254,0.000144,1.406530,1.333333
r9=2 ^ r18=2 ^ r26=1 ^ r27=0,freq ceros=5 ^ width=5 ^ pasos=1 ^ simetria=2 ^ transitoriedad=2,1.974994,0.000000,0.954665,0.000016,1.974994,0.500000
r9=2 ^ r18=2 ^ r26=1 ^ r27=0,freq ceros=5 ^ width=5 ^ pasos=1 ^ simetria=2 ^ transitoriedad=2,1.974994,0.000000,0.954665,0.000016,1.974994,0.500000
r9=2 ^ r18=2 ^ r26=1 ^ r27=0,freq ceros=5 ^ width=5 ^ pasos=1 ^ simetria=2 ^ transitoriedad=2,1.974994,0.000000,0.954665,0.000016,1.974994,0.500000
r9=2 ^ r18=2 ^ r26=1 ^ r27=0,freq ceros=5 ^ width=5 ^ pasos=1 ^ simetria=2 ^ transitoriedad=2,1.974994,0.000000,0.954665,0.000016,1.974994,0.500000
r9=2 ^ r18=2 ^ r26=1 ^ r27=0,freq ceros=5 ^ width=5 ^ pasos=1 ^ simetria=2 ^ transitoriedad=2,1.974994,0.000000,0.954665,0.000016,1.974994,0.500000
r9=2 ^ r18=2 ^ r26=1 ^ r27=0,freq ceros=5 ^ width=5 ^ pasos=1 ^ simetria=2 ^ transitoriedad=2,1.974994,0.000000,0.954665,0.000016,1.974994,0.500000
r9=2 ^ r18=2 ^ r26=1 ^ r27=0,freq ceros=5 ^ width=5 ^ pasos=1 ^ simetria=2 ^ transitoriedad=2,1.974994,0.000000,0.954665,0.000016,1.974994,0.500000
r9=2 ^ r18=2 ^ r26=1 ^ r27=0,freq ceros=5 ^ width=5 ^ pasos=1 ^ simetria=2 ^ transitoriedad=2,1.974994,0.000000,0.954665,0.000016,1.974994,0.500000
r9=2 ^ r18=2 ^ r26=1 ^ r27=0,freq ceros=5 ^ width=5 ^ pasos=1 ^ simetria=2 ^ transitoriedad=2,1.974994,0.000000,0.954665,0.000016,1.974994,0.500000
r1=0 ^ simetria=2,pasos=1 ^ transitoriedad=2,1.412584,0.095149,0.923855,0.000115,1.383242,1.333333
r27=0 ^ width=5 ^ transitoriedad=2,freq ceros=5 ^ pasos=1 ^ simetria=2,1.818964,0.237612,0.711753,0.000005,1.794556,1.000000
r27=0 ^ width=5 ^ transitoriedad=2,freq ceros=5 ^ pasos=1 ^ simetria=2,1.818964,0.237612,0.711753,0.000005,1.794556,1.000000
r26=1 ^ r27=0 ^ width=5 ^ sensitividad=5,freq ceros=5 ^ pasos=1 ^ simetria=2 ^ transitoriedad=2,1.947242,0.203861,0.915594,0.000019,1.941254,0.666667
r18=2 ^ r26=1 ^ r27=0 ^ sensitividad=5,freq ceros=5 ^ width=5 ^ pasos=1 ^ simetria=2 ^ transitoriedad=2,1.974516,0.115646,0.954091,0.000017,1.972952,0.500000
r8=1,pasos=1 ^ simetria=2 ^ transitoriedad=2,1.419406,0.254635,0.998573,0.326547,1.334702,1.333333
r27=0 ^ width=5 ^ transitoriedad=2,freq ceros=5 ^ pasos=1 ^ simetria=2,1.818964,0.237612,0.711753,0.000005,1.794556,1.000000
r27=0 ^ width=5,freq ceros=5 ^ pasos=1 ^ simetria=2 ^ transitoriedad=2,1.818964,0.237612,0.711753,0.000005,1.794556,1.000000
r18=2 ^ r26=1 ^ r27=0 ^ sensitividad=5,freq ceros=5 ^ width=5 ^ pasos=1 ^ simetria=2 ^ transitoriedad=2,1.974516,0.115646,0.954091,0.000017,1.972952,0.500000
r8=2,pasos=1 ^ simetria=2 ^ transitoriedad=2,1.418636,0.255514,0.999156,0.716742,1.333484,1.333333
r8=0 ^ r11=0,pasos=1 ^ simetria=2 ^ transitoriedad=2,1.805124,0.254628,0.999519,0.869516,1.776694,1.166667
r18=2 ^ r26=1 ^ r27=0 ^ sensitividad=5,freq ceros=5 ^ width=5 ^ pasos=1 ^ simetria=2 ^ transitoriedad=2,1.974516,0.115646,0.954091,0.000017,1.972952,0.500000
r7=2,pasos=1 ^ simetria=2 ^ transitoriedad=2,1.418818,0.257670,1.000594,1.060445,1.332868,1.333333
r9=2 ^ r18=2 ^ r26=1 ^ r27=0,freq ceros=5 ^ width=5 ^ pasos=1 ^ simetria=2 ^ transitoriedad=2,1.974994,0.000000,0.954665,0.000016,1.974994,0.500000
r9=2 ^ r18=2 ^ r26=1 ^ r27=0,freq ceros=5 ^ width=5 ^ pasos=1 ^ simetria=2 ^ transitoriedad=2,1.974994,0.000000,0.954665,0.000016,1.974994,0.500000
r24=2,pasos=1 ^ simetria=2 ^ transitoriedad=2,1.406550,0.216502,0.973195,0.001106,1.334510,1.333333
r1=2 ^ r27=2 ^ simetria=2,freq dos=5 ^ pasos=1 ^ transitoriedad=2,1.822614,0.302445,0.728809,0.000007,1.791010,1.000000
r26=1 ^ r27=0 ^ width=5,freq ceros=5 ^ pasos=1 ^ simetria=2 ^ transitoriedad=2,1.898506,0.357835,0.841430,0.000011,1.876390,0.833333
r18=1 ^ r26=2 ^ r27=0 ^ sensitividad=5,freq ceros=5 ^ width=5 ^ pasos=1 ^ simetria=2 ^ transitoriedad=2,1.974674,0.120101,0.954388,0.000017,1.973056,0.500000
r6=0,pasos=1 ^ simetria=2 ^ transitoriedad=2,1.417374,0.255005,0.998815,0.441592,1.332232,1.333333
r7=2 ^ r8=0,pasos=1 ^ simetria=2 ^ transitoriedad=2,1.806174,0.260230,1.000769,0.461419,1.777182,1.166667
r18=1 ^ r26=1 ^ r27=0 ^ sensitividad=5,freq ceros=5 ^ width=5 ^ pasos=1 ^ simetria=2 ^ transitoriedad=2,1.972726,0.360051,0.951674,0.000019,1.966738,0.500000
r7=2,pasos=1 ^ simetria=2 ^ transitoriedad=2,1.418818,0.257670,1.000594,1.060445,1.332868,1.333333
r7=0 ^ r8=1 ^ r16=1 ^ r22=0,pasos=1 ^ simetria=2 ^ transitoriedad=2,1.978684,0.263462,1.000164,0.892965,1.975450,0.833333
r9=2 ^ r18=2 ^ r26=1 ^ r27=0,freq ceros=5 ^ width=5 ^ pasos=1 ^ simetria=2 ^ transitoriedad=2,1.974994,0.000000,0.954665,0.000016,1.974994,0.500000
r27=0,pasos=1 ^ simetria=2 ^ transitoriedad=2,1.434584,0.303139,1.030895,0.000833,1.333574,1.333333
r26=1 ^ r27=0 ^ width=5,freq ceros=5 ^ pasos=1 ^ simetria=2 ^ transitoriedad=2,1.898506,0.357835,0.841430,0.000011,1.876390,0.833333
r18=1 ^ r24=1 ^ r26=1 ^ r27=0,freq ceros=5 ^ width=5 ^ pasos=1 ^ simetria=2 ^ transitoriedad=2,1.978412,0.250851,0.961441,0.000022,1.975316,0.500000
r6=0,pasos=1 ^ simetria=2 ^ transitoriedad=2,1.417374,0.255005,0.998815,0.441592,1.332232,1.333333
r18=1 ^ r26=1 ^ r27=0 ^ sensitividad=5,freq ceros=5 ^ width=5 ^ pasos=1 ^ simetria=2 ^ transitoriedad=2,1.972726,0.360051,0.951674,0.000019,1.966738,0.500000
r18=2 ^ r26=1 ^ r27=0 ^ sensitividad=5,freq ceros=5 ^ width=5 ^ pasos=1 ^ simetria=2 ^ transitoriedad=2,1.974516,0.115646,0.954091,0.000017,1.972952,0.500000
r18=2 ^ r26=1 ^ r27=0 ^ sensitividad=5,freq ceros=5 ^ width=5 ^ pasos=1 ^ simetria=2 ^ transitoriedad=2,1.974516,0.115646,0.954091,0.000017,1.972952,0.500000
r18=1 ^ r26=2 ^ r27=0 ^ sensitividad=5,freq ceros=5 ^ width=5 ^ pasos=1 ^ simetria=2 ^ transitoriedad=2,1.974674,0.120101,0.954388,0.000017,1.973056,0.500000
r18=2 ^ r26=1 ^ r27=0 ^ sensitividad=5,freq ceros=5 ^ width=5 ^ pasos=1 ^ simetria=2 ^ transitoriedad=2,1.974516,0.115646,0.954091,0.000017,1.972952,0.500000
r18=2 ^ r26=1 ^ r27=0 ^ sensitividad=5,freq ceros=5 ^ width=5 ^ pasos=1 ^ simetria=2 ^ transitoriedad=2,1.974516,0.115646,0.954091,0.000017,1.972952,0.500000
r27=0 ^ transitoriedad=2,freq ceros=5 ^ pasos=1,1.623404,0.726615,0.475176,0.000004,1.408512,1.333333
r27=0 ^ simetria=2 ^ transitoriedad=2,freq ceros=5 ^ pasos=1,1.648702,0.757382,0.515705,0.000004,1.434584,1.166667
r1=2 ^ r27=2,freq dos=5 ^ pasos=1 ^ simetria=2 ^ transitoriedad=2,1.822614,0.397452,0.733043,0.000007,1.778620,1.000000
r18=1 ^ r26=1 ^ r27=0 ^ sensitividad=5,freq ceros=5 ^ width=5 ^ pasos=1 ^ simetria=2 ^ transitoriedad=2,1.972726,0.360051,0.951674,0.000019,1.966738,0.500000
r27=0 ^ simetria=2 ^ transitoriedad=2,freq ceros=5 ^ pasos=1,1.648702,0.757382,0.515705,0.000004,1.434584,1.166667
r27=0 ^ simetria=2 ^ transitoriedad=2,freq ceros=5 ^ pasos=1,1.648702,0.757382,0.515705,0.000004,1.434584,1.166667
r18=1 ^ r26=1 ^ r27=0 ^ sensitividad=5,freq ceros=5 ^ width=5 ^ pasos=1 ^ simetria=2 ^ transitoriedad=2,1.972726,0.360051,0.951674,0.000019,1.966738,0.500000
r27=0 ^ simetria=2 ^ transitoriedad=2,freq ceros=5 ^ pasos=1,1.648702,0.757382,0.515705,0.000004,1.434584,1.166667
r18=2 ^ r26=1 ^ r27=0 ^ sensitividad=5,freq ceros=5 ^ width=5 ^ pasos=1 ^ simetria=2 ^ transitoriedad=2,1.974516,0.115646,0.954091,0.000017,1.972952,0.500000
r9=2 ^ r18=2 ^ r26=1 ^ r27=0,freq ceros=5 ^ width=5 ^ pasos=1 ^ simetria=2 ^ transitoriedad=2,1.974994,0.000000,0.954665,0.000016,1.974994,0.500000
r27=0 ^ simetria=2 ^ transitoriedad=2,freq ceros=5 ^ pasos=1,1.648702,0.757382,0.515705,0.000004,1.434584,1.166667
r9=2 ^ r27=0,freq ceros=5 ^ pasos=1 ^ simetria=2 ^ transitoriedad=2,1.853132,0.682184,0.786360,0.000010,1.777104,1.000000
r18=1 ^ r26=1 ^ r27=0 ^ entropia=3,freq ceros=5 ^ width=5 ^ pasos=1 ^ simetria=2 ^ transitoriedad=2 ^ sensitividad=5,1.993926,0.552776,0.988669,0.000048,1.991606,0.333333
r27=0 ^ simetria=2,freq ceros=5 ^ pasos=1 ^ transitoriedad=2,1.648702,0.800834,0.523616,0.000005,1.414096,1.166667
r1=2 ^ r27=2 ^ width=4 ^ sensitividad=5,freq ceros=3 ^ freq dos=5 ^ pasos=1 ^ simetria=2 ^ transitoriedad=2,1.976892,0.674392,0.957248,0.000014,1.965136,0.500000
r18=2 ^ r26=1 ^ r27=0 ^ sensitividad=5,freq ceros=5 ^ width=5 ^ pasos=1 ^ simetria=2 ^ transitoriedad=2,1.974516,0.115646,0.954091,0.000017,1.972952,0.500000
r27=0,pasos=1 ^ simetria=2 ^ transitoriedad=2,1.434584,0.303139,1.030895,0.000833,1.333574,1.333333
r18=1 ^ r26=1 ^ r27=0 ^ entropia=3,freq ceros=5 ^ width=5 ^ pasos=1 ^ simetria=2 ^ transitoriedad=2 ^ sensitividad=5,1.993926,0.552776,0.988669,0.000048,1.991606,0.333333
r18=1 ^ r26=1 ^ r27=0 ^ sensitividad=5,freq ceros=5 ^ width=5 ^ pasos=1 ^ simetria=2 ^ transitoriedad=2,1.972726,0.360051,0.951674,0.000019,1.966738,0.500000
r18=1 ^ r26=1 ^ r27=0 ^ sensitividad=5,freq ceros=5 ^ width=5 ^ pasos=1 ^ simetria=2 ^ transitoriedad=2,1.972726,0.360051,0.951674,0.000019,1.966738,0.500000
r27=0,freq ceros=5 ^ pasos=1 ^ simetria=2 ^ transitoriedad=2,1.648702,0.945725,0.536879,0.000005,1.333574,1.166667
r27=0 ^ transitoriedad=2,freq ceros=5 ^ pasos=1 ^ simetria=2,1.648702,0.812155,0.509950,0.000004,1.408512,1.166667
r18=1 ^ r26=1 ^ r27=0 ^ actividad=4,freq ceros=5 ^ width=5 ^ pasos=1 ^ simetria=2 ^ transitoriedad=2 ^ sensitividad=5,1.988988,0.723098,0.979654,0.000031,1.982752,0.333333
r27=0,freq ceros=5 ^ pasos=1 ^ simetria=2 ^ transitoriedad=2,1.648702,0.945725,0.536879,0.000005,1.333574,1.166667
r18=1 ^ r26=1 ^ r27=0 ^ sensitividad=5,freq ceros=5 ^ width=5 ^ pasos=1 ^ simetria=2 ^ transitoriedad=2,1.972726,0.360051,0.951674,0.000019,1.966738,0.500000
r9=2 ^ r18=2 ^ r26=1 ^ r27=0,freq ceros=5 ^ width=5 ^ pasos=1 ^ simetria=2 ^ transitoriedad=2,1.974994,0.000000,0.954665,0.000016,1.974994,0.500000
r27=0,width=2 ^ pasos=1 ^ simetria=2 ^ transitoriedad=2,1.784082,1.352012,0.907176,0.000156,1.333574,1.166667
r18=1 ^ r26=1 ^ r27=0,freq ceros=5 ^ width=5 ^ pasos=1 ^ simetria=2 ^ transitoriedad=2 ^ sensitividad=5,1.972726,1.263004,0.952652,0.000024,1.925986,0.500000
r19=2 ^ simetria=2,freq ceros=3 ^ freq unos=2 ^ freq dos=4 ^ width=2 ^ pasos=1 ^ transitoriedad=2,1.992700,1.976254,0.999717,0.657316,1.385166,0.666667
r18=1 ^ r26=1 ^ r27=0 ^ entropia=3,freq ceros=5 ^ width=5 ^ pasos=1 ^ simetria=2 ^ transitoriedad=2 ^ sensitividad=5,1.993926,0.552776,0.988669,0.000048,1.991606,0.333333
r27=0 ^ transitoriedad=2,freq ceros=5 ^ width=5 ^ pasos=1 ^ simetria=2,1.818964,1.387862,0.748563,0.000009,1.408512,1.000000
r18=1 ^ r26=1 ^ r27=0 ^ actividad=4,freq ceros=5 ^ width=5 ^ pasos=1 ^ simetria=2 ^ transitoriedad=2 ^ sensitividad=5,1.988988,0.723098,0.979654,0.000031,1.982752,0.333333
r9=2 ^ r18=2 ^ r26=1 ^ r27=0,freq ceros=5 ^ width=5 ^ pasos=1 ^ simetria=2 ^ transitoriedad=2,1.974994,0.000000,0.954665,0.000016,1.974994,0.500000
r1=2,freq ceros=3 ^ freq dos=5 ^ width=4 ^ pasos=1 ^ simetria=2 ^ transitoriedad=2 ^ sensitividad=5 ^ time entropy=3,1.988164,1.964455,0.986571,0.000301,1.334020,0.500000
r9=2 ^ r18=2 ^ r26=1 ^ r27=0,freq ceros=5 ^ width=5 ^ pasos=1 ^ simetria=2 ^ transitoriedad=2,1.974994,0.000000,0.954665,0.000016,1.974994,0.500000
r27=2 ^ transitoriedad=2,pasos=1 ^ simetria=2,1.410510,0.012200,0.904785,0.000058,1.406892,1.333333
r27=0 ^ width=5,freq ceros=5 ^ pasos=1,1.794556,0.000000,0.668432,0.000004,1.794556,1.333333
r27=0 ^ width=5 ^ simetria=2,freq ceros=5 ^ pasos=1 ^ transitoriedad=2,1.818964,0.000000,0.707824,0.000005,1.818964,1.000000
r18=1 ^ r26=1 ^ r27=0 ^ simetria=2,freq ceros=5 ^ width=5 ^ pasos=1 ^ transitoriedad=2,1.948102,0.000000,0.907251,0.000009,1.948102,0.666667
r9=2 ^ r18=2 ^ r26=1 ^ r27=0,freq ceros=5 ^ width=5 ^ pasos=1 ^ simetria=2 ^ transitoriedad=2,1.974994,0.000000,0.954665,0.000016,1.974994,0.500000
r27=0 ^ width=5,freq ceros=5 ^ pasos=1 ^ transitoriedad=2,1.794556,0.000000,0.668432,0.000004,1.794556,1.166667
r27=0 ^ width=5 ^ simetria=2,freq ceros=5 ^ pasos=1 ^ transitoriedad=2,1.818964,0.000000,0.707824,0.000005,1.818964,1.000000
r26=1 ^ r27=0 ^ width=5 ^ simetria=2,freq ceros=5 ^ pasos=1 ^ transitoriedad=2,1.898506,0.000000,0.836198,0.000009,1.898506,0.833333
r9=2 ^ r18=2 ^ r26=1 ^ r27=0,freq ceros=5 ^ width=5 ^ pasos=1 ^ simetria=2 ^ transitoriedad=2,1.974994,0.000000,0.954665,0.000016,1.974994,0.500000
r8=2,pasos=1 ^ simetria=2 ^ transitoriedad=2,1.418636,0.255514,0.999156,0.716742,1.333484,1.333333
r7=0 ^ r8=1 ^ r16=2 ^ r22=2,pasos=1,1.976334,0.060800,0.999930,1.095537,1.975592,1.166667
r9=2 ^ r18=2 ^ r26=1 ^ r27=0,freq ceros=5 ^ width=5 ^ pasos=1 ^ simetria=2 ^ transitoriedad=2,1.974994,0.000000,0.954665,0.000016,1.974994,0.500000
r4=0 ^ r24=0,pasos=1 ^ simetria=2 ^ transitoriedad=2,1.805826,0.255337,0.999679,1.263851,1.777408,1.166667
r7=0 ^ r8=2 ^ r20=1 ^ r22=1,pasos=1 ^ simetria=2 ^ transitoriedad=2,1.978576,0.254237,0.999938,1.695696,1.975456,0.833333
r9=2 ^ r18=2 ^ r26=1 ^ r27=0,freq ceros=5 ^ width=5 ^ pasos=1 ^ simetria=2 ^ transitoriedad=2,1.974994,0.000000,0.954665,0.000016,1.974994,0.500000
r18=0 ^ transitoriedad=2,pasos=1 ^ simetria=2,1.431578,0.020112,0.912364,0.000067,1.425804,1.333333
r26=1 ^ r27=0,pasos=1 ^ transitoriedad=2,1.777220,0.000000,0.951298,0.000130,1.777220,1.333333
r26=1 ^ r27=0 ^ width=5 ^ simetria=2,freq ceros=5 ^ pasos=1 ^ transitoriedad=2,1.898506,0.000000,0.836198,0.000009,1.898506,0.833333
r9=2 ^ r18=2 ^ r26=1 ^ r27=0,freq ceros=5 ^ width=5 ^ pasos=1 ^ simetria=2 ^ transitoriedad=2,1.974994,0.000000,0.954665,0.000016,1.974994,0.500000
r16=2,pasos=1 ^ simetria=2 ^ transitoriedad=2,1.417842,0.254702,0.998614,0.343249,1.332884,1.333333
r8=0 ^ r16=2 ^ r20=1 ^ r22=1,pasos=1,1.975840,0.058814,0.999879,0.586433,1.975108,1.166667
r9=2 ^ r18=2 ^ r26=1 ^ r27=0,freq ceros=5 ^ width=5 ^ pasos=1 ^ simetria=2 ^ transitoriedad=2,1.974994,0.000000,0.954665,0.000016,1.974994,0.500000
r7=0 ^ r13=0,pasos=1 ^ simetria=2 ^ transitoriedad=2,1.806240,0.254792,0.999559,0.951049,1.777952,1.166667
r7=0 ^ r8=2 ^ r22=1 ^ r26=1,pasos=1 ^ simetria=2 ^ transitoriedad=2,1.978798,0.251958,0.999883,1.221194,1.975742,0.833333
r9=2 ^ r18=2 ^ r26=1 ^ r27=0,freq ceros=5 ^ width=5 ^ pasos=1 ^ simetria=2 ^ transitoriedad=2,1.974994,0.000000,0.954665,0.000016,1.974994,0.500000
r27=1 ^ freq unos=5 ^ simetria=2 ^ transitoriedad=2,pasos=1,1.721992,0.000000,0.982299,0.000377,1.721992,1.166667
r26=1 ^ r27=0 ^ width=5 ^ entropia=5,pasos=1 ^ simetria=2 ^ transitoriedad=2,1.949014,0.039302,0.988689,0.000709,1.947992,0.833333
r9=2 ^ r18=2 ^ r26=1 ^ r27=0,freq ceros=5 ^ width=5 ^ pasos=1 ^ simetria=2 ^ transitoriedad=2,1.974994,0.000000,0.954665,0.000016,1.974994,0.500000
r18=1 ^ r26=1 ^ r27=0 ^ simetria=2,freq ceros=5 ^ width=5 ^ pasos=1 ^ transitoriedad=2,1.948102,0.000000,0.907251,0.000009,1.948102,0.666667
r9=2 ^ r18=2 ^ r26=1 ^ r27=0,freq ceros=5 ^ width=5 ^ pasos=1 ^ simetria=2 ^ transitoriedad=2,1.974994,0.000000,0.954665,0.000016,1.974994,0.500000
r9=2 ^ r18=2 ^ r26=1 ^ r27=0,freq ceros=5 ^ width=5 ^ pasos=1 ^ simetria=2 ^ transitoriedad=2,1.974994,0.000000,0.954665,0.000016,1.974994,0.500000
r9=2 ^ r18=2 ^ r26=1 ^ r27=0,freq ceros=5 ^ width=5 ^ pasos=1 ^ simetria=2 ^ transitoriedad=2,1.974994,0.000000,0.954665,0.000016,1.974994,0.500000
r9=2 ^ r18=2 ^ r26=1 ^ r27=0,freq ceros=5 ^ width=5 ^ pasos=1 ^ simetria=2 ^ transitoriedad=2,1.974994,0.000000,0.954665,0.000016,1.974994,0.500000
r9=2 ^ r18=2 ^ r26=1 ^ r27=0,freq ceros=5 ^ width=5 ^ pasos=1 ^ simetria=2 ^ transitoriedad=2,1.974994,0.000000,0.954665,0.000016,1.974994,0.500000
r9=2 ^ r18=2 ^ r26=1 ^ r27=0,freq ceros=5 ^ width=5 ^ pasos=1 ^ simetria=2 ^ transitoriedad=2,1.974994,0.000000,0.954665,0.000016,1.974994,0.500000
r27=0 ^ transitoriedad=2,freq ceros=5 ^ pasos=1,1.623404,0.726615,0.475176,0.000004,1.408512,1.333333
r1=2 ^ r27=2,freq dos=5 ^ pasos=1 ^ transitoriedad=2,1.820966,0.382564,0.730468,0.000007,1.778620,1.166667
r26=1 ^ r27=0 ^ width=5,freq ceros=5 ^ pasos=1 ^ simetria=2 ^ transitoriedad=2,1.898506,0.357835,0.841430,0.000011,1.876390,0.833333
r18=1 ^ r24=1 ^ r26=1 ^ r27=0,freq ceros=5 ^ width=5 ^ pasos=1 ^ simetria=2 ^ transitoriedad=2,1.978412,0.250851,0.961441,0.000022,1.975316,0.500000
r27=0 ^ simetria=2 ^ transitoriedad=2,freq ceros=5 ^ pasos=1,1.648702,0.757382,0.515705,0.000004,1.434584,1.166667
r1=2 ^ r27=2,freq dos=5 ^ pasos=1 ^ simetria=2 ^ transitoriedad=2,1.822614,0.397452,0.733043,0.000007,1.778620,1.000000
r18=1 ^ r26=1 ^ r27=0 ^ sensitividad=5,freq ceros=5 ^ width=5 ^ pasos=1 ^ simetria=2 ^ transitoriedad=2,1.972726,0.360051,0.951674,0.000019,1.966738,0.500000
r8=0 ^ r11=0,pasos=1 ^ simetria=2 ^ transitoriedad=2,1.805124,0.254628,0.999519,0.869516,1.776694,1.166667
r7=2 ^ r8=0 ^ r16=2 ^ r20=1,pasos=1 ^ simetria=2 ^ transitoriedad=2,1.978520,0.262839,1.000150,0.986833,1.975270,0.833333
r9=2 ^ r18=2 ^ r26=1 ^ r27=0,freq ceros=5 ^ width=5 ^ pasos=1 ^ simetria=2 ^ transitoriedad=2,1.974994,0.000000,0.954665,0.000016,1.974994,0.500000
r27=0,pasos=1 ^ simetria=2 ^ transitoriedad=2,1.434584,0.303139,1.030895,0.000833,1.333574,1.333333
r9=2 ^ sensitividad=1,pasos=1 ^ simetria=2 ^ transitoriedad=2,1.918528,0.572245,1.036003,0.000149,1.885874,1.166667
r18=1 ^ r26=1 ^ r27=0 ^ sensitividad=5,freq ceros=5 ^ width=5 ^ pasos=1 ^ simetria=2 ^ transitoriedad=2,1.972726,0.360051,0.951674,0.000019,1.966738,0.500000
r7=2 ^ r8=0,pasos=1 ^ simetria=2 ^ transitoriedad=2,1.806174,0.260230,1.000769,0.461419,1.777182,1.166667
r7=0 ^ r8=0 ^ r16=2 ^ r22=0,pasos=1 ^ simetria=2 ^ transitoriedad=2,1.978374,0.266314,1.000238,0.561009,1.975052,0.833333
r7=0 ^ r8=1 ^ r16=1 ^ r22=0,pasos=1 ^ simetria=2 ^ transitoriedad=2,1.978684,0.263462,1.000164,0.892965,1.975450,0.833333
r26=1 ^ r27=0 ^ width=5,freq ceros=5 ^ pasos=1 ^ simetria=2 ^ transitoriedad=2,1.898506,0.357835,0.841430,0.000011,1.876390,0.833333
r18=1 ^ r26=1 ^ r27=0 ^ sensitividad=5,freq ceros=5 ^ width=5 ^ pasos=1 ^ simetria=2 ^ transitoriedad=2,1.972726,0.360051,0.951674,0.000019,1.966738,0.500000
r18=1 ^ r26=1 ^ r27=0 ^ sensitividad=5,freq ceros=5 ^ width=5 ^ pasos=1 ^ simetria=2 ^ transitoriedad=2,1.972726,0.360051,0.951674,0.000019,1.966738,0.500000
r18=1 ^ r26=2 ^ r27=0 ^ sensitividad=5,freq ceros=5 ^ width=5 ^ pasos=1 ^ simetria=2 ^ transitoriedad=2,1.974674,0.120101,0.954388,0.000017,1.973056,0.500000
r27=0 ^ transitoriedad=2,freq ceros=5 ^ pasos=1 ^ simetria=2,1.648702,0.812155,0.509950,0.000004,1.408512,1.166667
r26=1 ^ r27=0 ^ transitoriedad=2,freq ceros=5 ^ width=5 ^ pasos=1,1.876390,0.890295,0.800201,0.000008,1.777220,1.000000
r1=2 ^ r27=2 ^ width=4 ^ sensitividad=5,freq ceros=3 ^ freq dos=5 ^ pasos=1 ^ simetria=2 ^ transitoriedad=2,1.976892,0.674392,0.957248,0.000014,1.965136,0.500000
r27=0 ^ transitoriedad=2,freq ceros=5 ^ pasos=1 ^ simetria=2,1.648702,0.812155,0.509950,0.000004,1.408512,1.166667
r1=2 ^ r27=2 ^ width=4 ^ sensitividad=5,freq ceros=3 ^ freq dos=5 ^ pasos=1 ^ simetria=2 ^ transitoriedad=2,1.976892,0.674392,0.957248,0.000014,1.965136,0.500000
r18=2 ^ r26=1 ^ r27=0 ^ sensitividad=5,freq ceros=5 ^ width=5 ^ pasos=1 ^ simetria=2 ^ transitoriedad=2,1.974516,0.115646,0.954091,0.000017,1.972952,0.500000
r27=0 ^ simetria=2 ^ transitoriedad=2,width=2 ^ pasos=1,1.784082,1.236251,0.856511,0.000060,1.434584,1.166667
r18=1 ^ r27=0 ^ actividad=4,freq ceros=5 ^ width=5 ^ pasos=1 ^ simetria=2 ^ transitoriedad=2 ^ sensitividad=5,1.978804,1.062580,0.962007,0.000023,1.954778,0.500000
r24=0 ^ simetria=2,freq ceros=3 ^ width=2 ^ pasos=1 ^ transitoriedad=2,1.966144,1.889087,1.000458,0.920064,1.389506,1.000000
r18=1 ^ r26=1 ^ r27=0 ^ entropia=3,freq ceros=5 ^ width=5 ^ pasos=1 ^ simetria=2 ^ transitoriedad=2 ^ sensitividad=5,1.993926,0.552776,0.988669,0.000048,1.991606,0.333333
r27=0 ^ transitoriedad=2,freq ceros=5 ^ width=5 ^ pasos=1 ^ simetria=2,1.818964,1.387862,0.748563,0.000009,1.408512,1.000000
r26=1 ^ r27=0 ^ simetria=2,freq ceros=5 ^ width=5 ^ pasos=1 ^ transitoriedad=2 ^ sensitividad=5,1.947242,1.474166,0.915309,0.000020,1.799336,0.666667
r19=2 ^ simetria=2,freq ceros=3 ^ freq unos=2 ^ freq dos=4 ^ width=2 ^ pasos=1 ^ transitoriedad=2,1.992700,1.976254,0.999717,0.657316,1.385166,0.666667
r1=0,freq ceros=3 ^ freq dos=5 ^ width=4 ^ pasos=1 ^ simetria=2 ^ transitoriedad=2 ^ sensitividad=5,1.999706,1.999121,1.027701,0.000192,1.331392,0.666667
r1=2,freq ceros=3 ^ freq dos=5 ^ width=4 ^ pasos=1 ^ simetria=2 ^ transitoriedad=2 ^ sensitividad=5 ^ time entropy=3,1.988164,1.964455,0.986571,0.000301,1.334020,0.500000
r27=0 ^ width=5 ^ simetria=2,freq ceros=5 ^ pasos=1 ^ transitoriedad=2,1.818964,0.000000,0.707824,0.000005,1.818964,1.000000
r27=0 ^ width=5 ^ simetria=2,freq ceros=5 ^ pasos=1 ^ transitoriedad=2,1.818964,0.000000,0.707824,0.000005,1.818964,1.000000
r26=1 ^ r27=0 ^ width=5 ^ simetria=2,freq ceros=5 ^ pasos=1 ^ transitoriedad=2,1.898506,0.000000,0.836198,0.000009,1.898506,0.833333
r9=2 ^ r18=2 ^ r26=1 ^ r27=0,freq ceros=5 ^ width=5 ^ pasos=1 ^ simetria=2 ^ transitoriedad=2,1.974994,0.000000,0.954665,0.000016,1.974994,0.500000
r27=0 ^ width=5 ^ simetria=2,freq ceros=5 ^ pasos=1 ^ transitoriedad=2,1.818964,0.000000,0.707824,0.000005,1.818964,1.000000
r26=1 ^ r27=0 ^ width=5 ^ simetria=2,freq ceros=5 ^ pasos=1 ^ transitoriedad=2,1.898506,0.000000,0.836198,0.000009,1.898506,0.833333
r9=2 ^ r18=2 ^ r26=1 ^ r27=0,freq ceros=5 ^ width=5 ^ pasos=1 ^ simetria=2 ^ transitoriedad=2,1.974994,0.000000,0.954665,0.000016,1.974994,0.500000
r9=2 ^ r18=2 ^ r26=1 ^ r27=0,freq ceros=5 ^ width=5 ^ pasos=1 ^ simetria=2 ^ transitoriedad=2,1.974994,0.000000,0.954665,0.000016,1.974994,0.500000
r9=2 ^ r18=2 ^ r26=1 ^ r27=0,freq ceros=5 ^ width=5 ^ pasos=1 ^ simetria=2 ^ transitoriedad=2,1.974994,0.000000,0.954665,0.000016,1.974994,0.500000
r9=2 ^ r18=2 ^ r26=1 ^ r27=0,freq ceros=5 ^ width=5 ^ pasos=1 ^ simetria=2 ^ transitoriedad=2,1.974994,0.000000,0.954665,0.000016,1.974994,0.500000
r27=0 ^ width=5 ^ simetria=2,freq ceros=5 ^ pasos=1 ^ transitoriedad=2,1.818964,0.000000,0.707824,0.000005,1.818964,1.000000
r26=1 ^ r27=0 ^ width=5 ^ simetria=2,freq ceros=5 ^ pasos=1 ^ transitoriedad=2,1.898506,0.000000,0.836198,0.000009,1.898506,0.833333
r9=2 ^ r18=2 ^ r26=1 ^ r27=0,freq ceros=5 ^ width=5 ^ pasos=1 ^ simetria=2 ^ transitoriedad=2,1.974994,0.000000,0.954665,0.000016,1.974994,0.500000
r26=1 ^ r27=0 ^ width=5 ^ simetria=2,freq ceros=5 ^ pasos=1 ^ transitoriedad=2,1.898506,0.000000,0.836198,0.000009,1.898506,0.833333
r9=2 ^ r18=2 ^ r26=1 ^ r27=0,freq ceros=5 ^ width=5 ^ pasos=1 ^ simetria=2 ^ transitoriedad=2,1.974994,0.000000,0.954665,0.000016,1.974994,0.500000
r9=2 ^ r18=2 ^ r26=1 ^ r27=0,freq ceros=5 ^ width=5 ^ pasos=1 ^ simetria=2 ^ transitoriedad=2,1.974994,0.000000,0.954665,0.000016,1.974994,0.500000
r18=1 ^ r26=1 ^ r27=0 ^ simetria=2,freq ceros=5 ^ width=5 ^ pasos=1 ^ transitoriedad=2,1.948102,0.000000,0.907251,0.000009,1.948102,0.666667
r9=2 ^ r18=2 ^ r26=1 ^ r27=0,freq ceros=5 ^ width=5 ^ pasos=1 ^ simetria=2 ^ transitoriedad=2,1.974994,0.000000,0.954665,0.000016,1.974994,0.500000
r9=2 ^ r18=2 ^ r26=1 ^ r27=0,freq ceros=5 ^ width=5 ^ pasos=1 ^ simetria=2 ^ transitoriedad=2,1.974994,0.000000,0.954665,0.000016,1.974994,0.500000
r9=2 ^ r18=2 ^ r26=1 ^ r27=0,freq ceros=5 ^ width=5 ^ pasos=1 ^ simetria=2 ^ transitoriedad=2,1.974994,0.000000,0.954665,0.000016,1.974994,0.500000
r27=0 ^ width=5,freq ceros=5 ^ pasos=1 ^ simetria=2 ^ transitoriedad=2,1.818964,0.237612,0.711753,0.000005,1.794556,1.000000
r26=1 ^ r27=0 ^ width=5,freq ceros=5 ^ pasos=1 ^ simetria=2 ^ transitoriedad=2,1.898506,0.357835,0.841430,0.000011,1.876390,0.833333
r18=1 ^ r26=1 ^ r27=0 ^ sensitividad=5,freq ceros=5 ^ width=5 ^ pasos=1 ^ simetria=2 ^ transitoriedad=2,1.972726,0.360051,0.951674,0.000019,1.966738,0.500000
r27=0 ^ width=5,freq ceros=5 ^ pasos=1 ^ simetria=2 ^ transitoriedad=2,1.818964,0.237612,0.711753,0.000005,1.794556,1.000000
r18=1 ^ r26=1 ^ r27=0 ^ sensitividad=5,freq ceros=5 ^ width=5 ^ pasos=1 ^ simetria=2 ^ transitoriedad=2,1.972726,0.360051,0.951674,0.000019,1.966738,0.500000
r18=2 ^ r26=1 ^ r27=0 ^ sensitividad=5,freq ceros=5 ^ width=5 ^ pasos=1 ^ simetria=2 ^ transitoriedad=2,1.974516,0.115646,0.954091,0.000017,1.972952,0.500000
r26=1 ^ r27=0 ^ width=5,freq ceros=5 ^ pasos=1 ^ simetria=2 ^ transitoriedad=2,1.898506,0.357835,0.841430,0.000011,1.876390,0.833333
r18=1 ^ r26=1 ^ r27=0 ^ sensitividad=5,freq ceros=5 ^ width=5 ^ pasos=1 ^ simetria=2 ^ transitoriedad=2,1.972726,0.360051,0.951674,0.000019,1.966738,0.500000
r18=1 ^ r26=1 ^ r27=0 ^ sensitividad=5,freq ceros=5 ^ width=5 ^ pasos=1 ^ simetria=2 ^ transitoriedad=2,1.972726,0.360051,0.951674,0.000019,1.966738,0.500000
r18=1 ^ r26=1 ^ r27=0 ^ sensitividad=5,freq ceros=5 ^ width=5 ^ pasos=1 ^ simetria=2 ^ transitoriedad=2,1.972726,0.360051,0.951674,0.000019,1.966738,0.500000
r27=0 ^ simetria=2 ^ transitoriedad=2,freq ceros=5 ^ pasos=1,1.648702,0.757382,0.515705,0.000004,1.434584,1.166667
r1=2 ^ r27=2 ^ width=4 ^ sensitividad=5,freq ceros=3 ^ freq dos=5 ^ pasos=1 ^ simetria=2 ^ transitoriedad=2,1.976892,0.674392,0.957248,0.000014,1.965136,0.500000
r18=1 ^ r26=1 ^ r27=0 ^ sensitividad=5,freq ceros=5 ^ width=5 ^ pasos=1 ^ simetria=2 ^ transitoriedad=2,1.972726,0.360051,0.951674,0.000019,1.966738,0.500000
r1=2 ^ r27=2 ^ width=4 ^ sensitividad=5,freq ceros=3 ^ freq dos=5 ^ pasos=1 ^ simetria=2 ^ transitoriedad=2,1.976892,0.674392,0.957248,0.000014,1.965136,0.500000
r18=1 ^ r26=1 ^ r27=0 ^ actividad=4,freq ceros=5 ^ width=5 ^ pasos=1 ^ simetria=2 ^ transitoriedad=2 ^ sensitividad=5,1.988988,0.723098,0.979654,0.000031,1.982752,0.333333
r27=0 ^ width=5 ^ simetria=2,freq ceros=5 ^ pasos=1 ^ transitoriedad=2,1.818964,0.000000,0.707824,0.000005,1.818964,1.000000
r18=1 ^ r26=1 ^ r27=0 ^ simetria=2,freq ceros=5 ^ width=5 ^ pasos=1 ^ transitoriedad=2,1.948102,0.000000,0.907251,0.000009,1.948102,0.666667
r9=2 ^ r18=2 ^ r26=1 ^ r27=0,freq ceros=5 ^ width=5 ^ pasos=1 ^ simetria=2 ^ transitoriedad=2,1.974994,0.000000,0.954665,0.000016,1.974994,0.500000
r18=1 ^ r26=1 ^ r27=0 ^ simetria=2,freq ceros=5 ^ width=5 ^ pasos=1 ^ transitoriedad=2,1.948102,0.000000,0.907251,0.000009,1.948102,0.666667
r9=2 ^ r18=2 ^ r26=1 ^ r27=0,freq ceros=5 ^ width=5 ^ pasos=1 ^ simetria=2 ^ transitoriedad=2,1.974994,0.000000,0.954665,0.000016,1.974994,0.500000
r9=2 ^ r18=2 ^ r26=1 ^ r27=0,freq ceros=5 ^ width=5 ^ pasos=1 ^ simetria=2 ^ transitoriedad=2,1.974994,0.000000,0.954665,0.000016,1.974994,0.500000
r18=1 ^ r26=1 ^ r27=0 ^ simetria=2,freq ceros=5 ^ width=5 ^ pasos=1 ^ transitoriedad=2,1.948102,0.000000,0.907251,0.000009,1.948102,0.666667
r9=2 ^ r18=2 ^ r26=1 ^ r27=0,freq ceros=5 ^ width=5 ^ pasos=1 ^ simetria=2 ^ transitoriedad=2,1.974994,0.000000,0.954665,0.000016,1.974994,0.500000
r9=2 ^ r18=2 ^ r26=1 ^ r27=0,freq ceros=5 ^ width=5 ^ pasos=1 ^ simetria=2 ^ transitoriedad=2,1.974994,0.000000,0.954665,0.000016,1.974994,0.500000
r9=2 ^ r18=2 ^ r26=1 ^ r27=0,freq ceros=5 ^ width=5 ^ pasos=1 ^ simetria=2 ^ transitoriedad=2,1.974994,0.000000,0.954665,0.000016,1.974994,0.500000
r26=1 ^ r27=0 ^ width=5 ^ sensitividad=5,freq ceros=5 ^ pasos=1 ^ simetria=2 ^ transitoriedad=2,1.947242,0.203861,0.915594,0.000019,1.941254,0.666667
r18=1 ^ r26=1 ^ r27=0 ^ sensitividad=5,freq ceros=5 ^ width=5 ^ pasos=1 ^ simetria=2 ^ transitoriedad=2,1.972726,0.360051,0.951674,0.000019,1.966738,0.500000
r18=2 ^ r26=1 ^ r27=0 ^ sensitividad=5,freq ceros=5 ^ width=5 ^ pasos=1 ^ simetria=2 ^ transitoriedad=2,1.974516,0.115646,0.954091,0.000017,1.972952,0.500000
r18=1 ^ r24=1 ^ r26=1 ^ r27=0,freq ceros=5 ^ width=5 ^ pasos=1 ^ simetria=2 ^ transitoriedad=2,1.978412,0.250851,0.961441,0.000022,1.975316,0.500000
r18=1 ^ r26=1 ^ r27=0 ^ sensitividad=5,freq ceros=5 ^ width=5 ^ pasos=1 ^ simetria=2 ^ transitoriedad=2,1.972726,0.360051,0.951674,0.000019,1.966738,0.500000
r9=2 ^ r18=2 ^ r26=1 ^ r27=0,freq ceros=5 ^ width=5 ^ pasos=1 ^ simetria=2 ^ transitoriedad=2,1.974994,0.000000,0.954665,0.000016,1.974994,0.500000
r9=2 ^ r18=2 ^ r26=1 ^ r27=0,freq ceros=5 ^ width=5 ^ pasos=1 ^ simetria=2 ^ transitoriedad=2,1.974994,0.000000,0.954665,0.000016,1.974994,0.500000
r9=2 ^ r18=2 ^ r26=1 ^ r27=0,freq ceros=5 ^ width=5 ^ pasos=1 ^ simetria=2 ^ transitoriedad=2,1.974994,0.000000,0.954665,0.000016,1.974994,0.500000
r9=2 ^ r18=2 ^ r26=1 ^ r27=0,freq ceros=5 ^ width=5 ^ pasos=1 ^ simetria=2 ^ transitoriedad=2,1.974994,0.000000,0.954665,0.000016,1.974994,0.500000
r18=2 ^ r26=1 ^ r27=0 ^ sensitividad=5,freq ceros=5 ^ width=5 ^ pasos=1 ^ simetria=2 ^ transitoriedad=2,1.974516,0.115646,0.954091,0.000017,1.972952,0.500000
r9=2 ^ r18=2 ^ r26=1 ^ r27=0,freq ceros=5 ^ width=5 ^ pasos=1 ^ simetria=2 ^ transitoriedad=2,1.974994,0.000000,0.954665,0.000016,1.974994,0.500000
