antecedente,consecuente,support,confidence,leverage,chi_cuadrada,coverage,rule_size
r27=2 ^ transitoriedad=2,pasos=1 ^ simetria=2,1.410510,0.012200,0.904785,0.000058,1.406892,1.333333
r27=2 ^ transitoriedad=2,pasos=1 ^ simetria=2,1.410510,0.012200,0.904785,0.000058,1.406892,1.333333
r27=0 ^ width=5 ^ simetria=2,freq ceros=5 ^ pasos=1 ^ transitoriedad=2,1.818964,0.000000,0.707824,0.000005,1.818964,1.000000
r27=0 ^ width=5 ^ simetria=2,freq ceros=5 ^ pasos=1 ^ transitoriedad=2,1.818964,0.000000,0.707824,0.000005,1.818964,1.000000
r27=0 ^ freq ceros=5 ^ width=2 ^ actividad=1,freq dos=1 ^ pasos=1 ^ simetria=2 ^ entropia=1 ^ transitoriedad=2 ^ time entropy=1,1.927946,0.100893,0.866502,0.000004,1.924118,0.333333
r27=0 ^ freq ceros=5 ^ freq unos=1 ^ freq dos=1,width=2 ^ pasos=1 ^ simetria=2 ^ actividad=1 ^ entropia=1 ^ transitoriedad=2 ^ time entropy=1,1.933482,0.086584,0.874211,0.000003,1.930472,0.166667
r27=2 ^ transitoriedad=2,pasos=1 ^ simetria=2,1.410510,0.012200,0.904785,0.000058,1.406892,1.333333
r27=0 ^ width=5 ^ transitoriedad=2,freq ceros=5 ^ pasos=1,1.794556,0.000000,0.668432,0.000004,1.794556,1.166667
r27=0 ^ width=5 ^ simetria=2,freq ceros=5 ^ pasos=1 ^ transitoriedad=2,1.818964,0.000000,0.707824,0.000005,1.818964,1.000000
r27=0 ^ freq ceros=5 ^ width=2 ^ actividad=1,freq dos=1 ^ pasos=1 ^ simetria=2 ^ entropia=1 ^ transitoriedad=2 ^ time entropy=1,1.927946,0.100893,0.866502,0.000004,1.924118,0.333333
r27=0 ^ freq ceros=5 ^ freq unos=1 ^ freq dos=1,width=2 ^ pasos=1 ^ simetria=2 ^ actividad=1 ^ entropia=1 ^ transitoriedad=2 ^ time entropy=1,1.933482,0.086584,0.874211,0.000003,1.930472,0.166667
r22=0,pasos=1 ^ simetria=2 ^ transitoriedad=2,1.418346,0.255350,0.999047,0.609041,1.333214,1.333333
r27=0 ^ freq ceros=5 ^ freq unos=1 ^ freq dos=1,width=2 ^ pasos=1 ^ simetria=2 ^ actividad=1 ^ entropia=1 ^ transitoriedad=2 ^ time entropy=1,1.933482,0.086584,0.874211,0.000003,1.930472,0.166667
r27=0 ^ freq ceros=5 ^ freq unos=1 ^ freq dos=1,width=2 ^ pasos=1 ^ simetria=2 ^ actividad=1 ^ entropia=1 ^ transitoriedad=2 ^ time entropy=1,1.933482,0.086584,0.874211,0.000003,1.930472,0.166667
r27=0 ^ freq ceros=5 ^ freq unos=1 ^ freq dos=1,width=2 ^ pasos=1 ^ simetria=2 ^ actividad=1 ^ entropia=1 ^ transitoriedad=2 ^ time entropy=1,1.933482,0.086584,0.874211,0.000003,1.930472,0.166667
r24=0 ^ r27=0 ^ freq ceros=5 ^ width=2,freq unos=1 ^ freq dos=1 ^ pasos=1 ^ simetria=2 ^ actividad=1 ^ entropia=1 ^ transitoriedad=2 ^ time entropy=1,1.939272,0.135176,0.883140,0.000003,1.934870,0.000000
r27=0 ^ freq ceros=5 ^ freq unos=1 ^ freq dos=1,width=2 ^ pasos=1 ^ simetria=2 ^ actividad=1 ^ entropia=1 ^ transitoriedad=2 ^ time entropy=1,1.933482,0.086584,0.874211,0.000003,1.930472,0.166667
r27=0 ^ freq ceros=5 ^ freq unos=1 ^ freq dos=1,width=2 ^ pasos=1 ^ simetria=2 ^ actividad=1 ^ entropia=1 ^ transitoriedad=2 ^ time entropy=1,1.933482,0.086584,0.874211,0.000003,1.930472,0.166667
r24=0 ^ r27=0 ^ freq ceros=5 ^ width=2,freq unos=1 ^ freq dos=1 ^ pasos=1 ^ simetria=2 ^ actividad=1 ^ entropia=1 ^ transitoriedad=2 ^ time entropy=1,1.939272,0.135176,0.883140,0.000003,1.934870,0.000000
r27=0 ^ freq ceros=5 ^ freq unos=1 ^ freq dos=1,width=2 ^ pasos=1 ^ simetria=2 ^ actividad=1 ^ entropia=1 ^ transitoriedad=2 ^ time entropy=1,1.933482,0.086584,0.874211,0.000003,1.930472,0.166667
r24=0 ^ r27=0 ^ freq ceros=5 ^ width=2,freq unos=1 ^ freq dos=1 ^ pasos=1 ^ simetria=2 ^ actividad=1 ^ entropia=1 ^ transitoriedad=2 ^ time entropy=1,1.939272,0.135176,0.883140,0.000003,1.934870,0.000000
r27=2 ^ transitoriedad=2,pasos=1 ^ simetria=2,1.410510,0.012200,0.904785,0.000058,1.406892,1.333333
r18=0 ^ transitoriedad=2,pasos=1 ^ simetria=2,1.431578,0.020112,0.912364,0.000067,1.425804,1.333333
r27=0 ^ width=5 ^ simetria=2,freq ceros=5 ^ pasos=1 ^ transitoriedad=2,1.818964,0.000000,0.707824,0.000005,1.818964,1.000000
r27=0 ^ freq ceros=5 ^ width=2 ^ actividad=1,freq dos=1 ^ pasos=1 ^ simetria=2 ^ entropia=1 ^ transitoriedad=2 ^ time entropy=1,1.927946,0.100893,0.866502,0.000004,1.924118,0.333333
r27=0 ^ freq ceros=5 ^ freq unos=1 ^ freq dos=1,width=2 ^ pasos=1 ^ simetria=2 ^ actividad=1 ^ entropia=1 ^ transitoriedad=2 ^ time entropy=1,1.933482,0.086584,0.874211,0.000003,1.930472,0.166667
r16=2,pasos=1,1.353800,0.062706,0.999357,0.418871,1.332884,1.666667
r27=0 ^ freq ceros=5 ^ simetria=2,pasos=1 ^ transitoriedad=2,1.648702,0.000000,0.923203,0.000076,1.648702,1.166667
r27=0 ^ freq dos=1 ^ width=2 ^ actividad=1,pasos=1 ^ simetria=2 ^ entropia=1 ^ transitoriedad=2 ^ time entropy=1,1.919034,0.124615,0.852912,0.000005,1.913654,0.500000
r27=0 ^ freq ceros=5 ^ freq unos=1 ^ freq dos=1,width=2 ^ pasos=1 ^ simetria=2 ^ actividad=1 ^ entropia=1 ^ transitoriedad=2 ^ time entropy=1,1.933482,0.086584,0.874211,0.000003,1.930472,0.166667
r27=2,pasos=1 ^ transitoriedad=2,1.407002,0.219541,1.000620,0.947541,1.333882,1.500000
r6=2 ^ r16=2,pasos=1 ^ simetria=2 ^ transitoriedad=2,1.806360,0.254945,0.999593,1.031643,1.778070,1.166667
r27=0 ^ freq ceros=5 ^ freq unos=1 ^ freq dos=1,width=2 ^ pasos=1 ^ simetria=2 ^ actividad=1 ^ entropia=1 ^ transitoriedad=2 ^ time entropy=1,1.933482,0.086584,0.874211,0.000003,1.930472,0.166667
r7=2,pasos=1 ^ simetria=2 ^ transitoriedad=2,1.418818,0.257670,1.000594,1.060445,1.332868,1.333333
r27=0 ^ freq ceros=5 ^ freq unos=1 ^ freq dos=1,width=2 ^ pasos=1 ^ simetria=2 ^ actividad=1 ^ entropia=1 ^ transitoriedad=2 ^ time entropy=1,1.933482,0.086584,0.874211,0.000003,1.930472,0.166667
r24=0 ^ r27=0 ^ freq ceros=5 ^ width=2,freq unos=1 ^ freq dos=1 ^ pasos=1 ^ simetria=2 ^ actividad=1 ^ entropia=1 ^ transitoriedad=2 ^ time entropy=1,1.939272,0.135176,0.883140,0.000003,1.934870,0.000000
r24=2 ^ simetria=2 ^ transitoriedad=2,pasos=1,1.406550,0.000067,0.962254,0.000144,1.406530,1.333333
r27=0 ^ freq ceros=5 ^ simetria=2 ^ transitoriedad=2,pasos=1,1.648702,0.000000,0.977633,0.000285,1.648702,1.166667
r27=0 ^ freq ceros=5 ^ width=2 ^ actividad=1,pasos=1 ^ simetria=2 ^ entropia=1 ^ transitoriedad=2 ^ time entropy=1,1.925808,0.044543,0.864661,0.000005,1.924118,0.500000
r27=0 ^ freq ceros=5 ^ freq unos=1 ^ freq dos=1,width=2 ^ pasos=1 ^ simetria=2 ^ actividad=1 ^ entropia=1 ^ transitoriedad=2 ^ time entropy=1,1.933482,0.086584,0.874211,0.000003,1.930472,0.166667
r16=2,pasos=1 ^ simetria=2 ^ transitoriedad=2,1.417842,0.254702,0.998614,0.343249,1.332884,1.333333
r27=0 ^ freq ceros=5 ^ width=2 ^ actividad=1,freq dos=1 ^ pasos=1 ^ simetria=2 ^ entropia=1 ^ transitoriedad=2 ^ time entropy=1,1.927946,0.100893,0.866502,0.000004,1.924118,0.333333
r27=0 ^ freq ceros=5 ^ freq unos=1 ^ freq dos=1,width=2 ^ pasos=1 ^ simetria=2 ^ actividad=1 ^ entropia=1 ^ transitoriedad=2 ^ time entropy=1,1.933482,0.086584,0.874211,0.000003,1.930472,0.166667
r27=0 ^ freq ceros=5 ^ freq unos=1 ^ freq dos=1,width=2 ^ pasos=1 ^ simetria=2 ^ actividad=1 ^ entropia=1 ^ transitoriedad=2 ^ time entropy=1,1.933482,0.086584,0.874211,0.000003,1.930472,0.166667
r27=0 ^ freq ceros=5 ^ freq unos=1 ^ freq dos=1,width=2 ^ pasos=1 ^ simetria=2 ^ actividad=1 ^ entropia=1 ^ transitoriedad=2 ^ time entropy=1,1.933482,0.086584,0.874211,0.000003,1.930472,0.166667
r27=0 ^ freq ceros=5 ^ freq unos=1 ^ freq dos=1,width=2 ^ pasos=1 ^ simetria=2 ^ actividad=1 ^ entropia=1 ^ transitoriedad=2 ^ time entropy=1,1.933482,0.086584,0.874211,0.000003,1.930472,0.166667
r24=2 ^ simetria=2 ^ transitoriedad=2,pasos=1,1.406550,0.000067,0.962254,0.000144,1.406530,1.333333
r27=0 ^ freq ceros=5 ^ width=2 ^ actividad=1,freq dos=1 ^ pasos=1 ^ simetria=2 ^ entropia=1 ^ transitoriedad=2 ^ time entropy=1,1.927946,0.100893,0.866502,0.000004,1.924118,0.333333
r27=0 ^ freq ceros=5 ^ freq unos=1 ^ freq dos=1,width=2 ^ pasos=1 ^ simetria=2 ^ actividad=1 ^ entropia=1 ^ transitoriedad=2 ^ time entropy=1,1.933482,0.086584,0.874211,0.000003,1.930472,0.166667
r27=0 ^ freq ceros=5 ^ freq unos=1 ^ freq dos=1,width=2 ^ pasos=1 ^ simetria=2 ^ actividad=1 ^ entropia=1 ^ transitoriedad=2 ^ time entropy=1,1.933482,0.086584,0.874211,0.000003,1.930472,0.166667
r27=0 ^ freq ceros=5 ^ freq unos=1 ^ freq dos=1,width=2 ^ pasos=1 ^ simetria=2 ^ actividad=1 ^ entropia=1 ^ transitoriedad=2 ^ time entropy=1,1.933482,0.086584,0.874211,0.000003,1.930472,0.166667
r27=0 ^ freq ceros=5 ^ freq unos=1 ^ freq dos=1,width=2 ^ pasos=1 ^ simetria=2 ^ actividad=1 ^ entropia=1 ^ transitoriedad=2 ^ time entropy=1,1.933482,0.086584,0.874211,0.000003,1.930472,0.166667
r27=0 ^ freq ceros=5 ^ freq unos=1 ^ freq dos=1,width=2 ^ pasos=1 ^ simetria=2 ^ actividad=1 ^ entropia=1 ^ transitoriedad=2 ^ time entropy=1,1.933482,0.086584,0.874211,0.000003,1.930472,0.166667
r27=0 ^ freq ceros=5 ^ freq unos=1 ^ freq dos=1,width=2 ^ pasos=1 ^ simetria=2 ^ actividad=1 ^ entropia=1 ^ transitoriedad=2 ^ time entropy=1,1.933482,0.086584,0.874211,0.000003,1.930472,0.166667
r27=0 ^ freq ceros=5 ^ freq unos=1 ^ freq dos=1,width=2 ^ pasos=1 ^ simetria=2 ^ actividad=1 ^ entropia=1 ^ transitoriedad=2 ^ time entropy=1,1.933482,0.086584,0.874211,0.000003,1.930472,0.166667
r27=0 ^ freq ceros=5 ^ freq unos=1 ^ freq dos=1,width=2 ^ pasos=1 ^ simetria=2 ^ actividad=1 ^ entropia=1 ^ transitoriedad=2 ^ time entropy=1,1.933482,0.086584,0.874211,0.000003,1.930472,0.166667
r10=1 ^ simetria=2,pasos=1 ^ transitoriedad=2,1.412762,0.094243,0.923355,0.000113,1.383722,1.333333
r27=0 ^ width=5 ^ transitoriedad=2,freq ceros=5 ^ pasos=1 ^ simetria=2,1.818964,0.237612,0.711753,0.000005,1.794556,1.000000
r27=0 ^ width=5,freq ceros=5 ^ pasos=1 ^ simetria=2 ^ transitoriedad=2,1.818964,0.237612,0.711753,0.000005,1.794556,1.000000
r27=0 ^ freq ceros=5 ^ width=2 ^ time entropy=1,freq dos=1 ^ pasos=1 ^ simetria=2 ^ actividad=1 ^ entropia=1 ^ transitoriedad=2,1.927946,0.162638,0.863408,0.000003,1.921568,0.333333
r27=0 ^ freq ceros=5 ^ freq unos=1 ^ freq dos=1,width=2 ^ pasos=1 ^ simetria=2 ^ actividad=1 ^ entropia=1 ^ transitoriedad=2 ^ time entropy=1,1.933482,0.086584,0.874211,0.000003,1.930472,0.166667
r16=1,pasos=1 ^ simetria=2 ^ transitoriedad=2,1.417794,0.254380,0.998399,0.268931,1.332952,1.333333
r27=0 ^ width=5 ^ transitoriedad=2,freq ceros=5 ^ pasos=1 ^ simetria=2,1.818964,0.237612,0.711753,0.000005,1.794556,1.000000
r27=0 ^ freq ceros=5 ^ width=2 ^ time entropy=1,freq dos=1 ^ pasos=1 ^ simetria=2 ^ actividad=1 ^ entropia=1 ^ transitoriedad=2,1.927946,0.162638,0.863408,0.000003,1.921568,0.333333
r27=0 ^ freq ceros=5 ^ freq unos=1 ^ freq dos=1,width=2 ^ pasos=1 ^ simetria=2 ^ actividad=1 ^ entropia=1 ^ transitoriedad=2 ^ time entropy=1,1.933482,0.086584,0.874211,0.000003,1.930472,0.166667
r22=0,pasos=1 ^ simetria=2 ^ transitoriedad=2,1.418346,0.255350,0.999047,0.609041,1.333214,1.333333
r27=0 ^ freq ceros=5 ^ freq unos=1 ^ freq dos=1,width=2 ^ pasos=1 ^ simetria=2 ^ actividad=1 ^ entropia=1 ^ transitoriedad=2 ^ time entropy=1,1.933482,0.086584,0.874211,0.000003,1.930472,0.166667
r27=0 ^ freq ceros=5 ^ freq unos=1 ^ freq dos=1,width=2 ^ pasos=1 ^ simetria=2 ^ actividad=1 ^ entropia=1 ^ transitoriedad=2 ^ time entropy=1,1.933482,0.086584,0.874211,0.000003,1.930472,0.166667
r24=0 ^ r27=0 ^ freq ceros=5 ^ width=2,freq unos=1 ^ freq dos=1 ^ pasos=1 ^ simetria=2 ^ actividad=1 ^ entropia=1 ^ transitoriedad=2 ^ time entropy=1,1.939272,0.135176,0.883140,0.000003,1.934870,0.000000
r27=0 ^ freq ceros=5 ^ freq unos=1 ^ freq dos=1,width=2 ^ pasos=1 ^ simetria=2 ^ actividad=1 ^ entropia=1 ^ transitoriedad=2 ^ time entropy=1,1.933482,0.086584,0.874211,0.000003,1.930472,0.166667
r24=0 ^ r27=0 ^ freq ceros=5 ^ width=2,freq unos=1 ^ freq dos=1 ^ pasos=1 ^ simetria=2 ^ actividad=1 ^ entropia=1 ^ transitoriedad=2 ^ time entropy=1,1.939272,0.135176,0.883140,0.000003,1.934870,0.000000
r24=2,pasos=1 ^ simetria=2 ^ transitoriedad=2,1.406550,0.216502,0.973195,0.001106,1.334510,1.333333
r27=0 ^ freq ceros=5,pasos=1 ^ simetria=2 ^ transitoriedad=2,1.648702,0.134351,0.953894,0.000257,1.623404,1.166667
r27=0 ^ width=2 ^ actividad=1 ^ time entropy=1,freq dos=1 ^ pasos=1 ^ simetria=2 ^ entropia=1 ^ transitoriedad=2,1.919034,0.212750,0.853305,0.000005,1.909396,0.500000
r27=0 ^ freq ceros=5 ^ freq unos=1 ^ time entropy=1,freq dos=1 ^ width=2 ^ pasos=1 ^ simetria=2 ^ actividad=1 ^ entropia=1 ^ transitoriedad=2,1.933482,0.228030,0.874095,0.000003,1.924922,0.166667
r6=0,pasos=1 ^ simetria=2 ^ transitoriedad=2,1.417374,0.255005,0.998815,0.441592,1.332232,1.333333
r7=2 ^ r8=0,pasos=1 ^ simetria=2 ^ transitoriedad=2,1.806174,0.260230,1.000769,0.461419,1.777182,1.166667
r27=0 ^ freq ceros=5 ^ freq unos=1 ^ time entropy=1,freq dos=1 ^ width=2 ^ pasos=1 ^ simetria=2 ^ actividad=1 ^ entropia=1 ^ transitoriedad=2,1.933482,0.228030,0.874095,0.000003,1.924922,0.166667
r7=2,pasos=1 ^ simetria=2 ^ transitoriedad=2,1.418818,0.257670,1.000594,1.060445,1.332868,1.333333
r27=0 ^ freq ceros=5 ^ freq unos=1 ^ freq dos=1,width=2 ^ pasos=1 ^ simetria=2 ^ actividad=1 ^ entropia=1 ^ transitoriedad=2 ^ time entropy=1,1.933482,0.086584,0.874211,0.000003,1.930472,0.166667
r27=0 ^ freq ceros=5 ^ freq unos=1 ^ freq dos=1,width=2 ^ pasos=1 ^ simetria=2 ^ actividad=1 ^ entropia=1 ^ transitoriedad=2 ^ time entropy=1,1.933482,0.086584,0.874211,0.000003,1.930472,0.166667
r27=0,pasos=1 ^ simetria=2 ^ transitoriedad=2,1.434584,0.303139,1.030895,0.000833,1.333574,1.333333
r27=0 ^ width=2 ^ actividad=1 ^ time entropy=1,freq dos=1 ^ pasos=1 ^ simetria=2 ^ entropia=1 ^ transitoriedad=2,1.919034,0.212750,0.853305,0.000005,1.909396,0.500000
r27=0 ^ freq ceros=5 ^ freq unos=1 ^ time entropy=1,freq dos=1 ^ width=2 ^ pasos=1 ^ simetria=2 ^ actividad=1 ^ entropia=1 ^ transitoriedad=2,1.933482,0.228030,0.874095,0.000003,1.924922,0.166667
r6=0,pasos=1 ^ simetria=2 ^ transitoriedad=2,1.417374,0.255005,0.998815,0.441592,1.332232,1.333333
r27=0 ^ freq ceros=5 ^ freq unos=1 ^ time entropy=1,freq dos=1 ^ width=2 ^ pasos=1 ^ simetria=2 ^ actividad=1 ^ entropia=1 ^ transitoriedad=2,1.933482,0.228030,0.874095,0.000003,1.924922,0.166667
r27=0 ^ freq ceros=5 ^ freq unos=1 ^ freq dos=1,width=2 ^ pasos=1 ^ simetria=2 ^ actividad=1 ^ entropia=1 ^ transitoriedad=2 ^ time entropy=1,1.933482,0.086584,0.874211,0.000003,1.930472,0.166667
r27=0 ^ freq ceros=5 ^ freq unos=1 ^ freq dos=1,width=2 ^ pasos=1 ^ simetria=2 ^ actividad=1 ^ entropia=1 ^ transitoriedad=2 ^ time entropy=1,1.933482,0.086584,0.874211,0.000003,1.930472,0.166667
r27=0 ^ freq ceros=5 ^ freq unos=1 ^ freq dos=1,width=2 ^ pasos=1 ^ simetria=2 ^ actividad=1 ^ entropia=1 ^ transitoriedad=2 ^ time entropy=1,1.933482,0.086584,0.874211,0.000003,1.930472,0.166667
r27=0 ^ freq ceros=5 ^ freq unos=1 ^ freq dos=1,width=2 ^ pasos=1 ^ simetria=2 ^ actividad=1 ^ entropia=1 ^ transitoriedad=2 ^ time entropy=1,1.933482,0.086584,0.874211,0.000003,1.930472,0.166667
r27=0 ^ freq ceros=5 ^ freq unos=1 ^ freq dos=1,width=2 ^ pasos=1 ^ simetria=2 ^ actividad=1 ^ entropia=1 ^ transitoriedad=2 ^ time entropy=1,1.933482,0.086584,0.874211,0.000003,1.930472,0.166667
r27=0 ^ transitoriedad=2,freq ceros=5 ^ pasos=1,1.623404,0.726615,0.475176,0.000004,1.408512,1.333333
r27=0 ^ simetria=2 ^ transitoriedad=2,freq ceros=5 ^ pasos=1,1.648702,0.757382,0.515705,0.000004,1.434584,1.166667
r27=0 ^ freq dos=1 ^ width=2 ^ time entropy=1,pasos=1 ^ simetria=2 ^ actividad=1 ^ entropia=1 ^ transitoriedad=2,1.919034,0.383783,0.850568,0.000004,1.899808,0.500000
r27=0 ^ freq ceros=5 ^ width=2 ^ time entropy=1,freq unos=1 ^ freq dos=1 ^ pasos=1 ^ simetria=2 ^ actividad=1 ^ entropia=1 ^ transitoriedad=2,1.933482,0.303805,0.872563,0.000003,1.921568,0.166667
r27=0 ^ simetria=2 ^ transitoriedad=2,freq ceros=5 ^ pasos=1,1.648702,0.757382,0.515705,0.000004,1.434584,1.166667
r27=0 ^ simetria=2 ^ transitoriedad=2,freq ceros=5 ^ pasos=1,1.648702,0.757382,0.515705,0.000004,1.434584,1.166667
r27=0 ^ freq ceros=5 ^ width=2 ^ time entropy=1,freq unos=1 ^ freq dos=1 ^ pasos=1 ^ simetria=2 ^ actividad=1 ^ entropia=1 ^ transitoriedad=2,1.933482,0.303805,0.872563,0.000003,1.921568,0.166667
r24=0 ^ r27=0 ^ freq ceros=5 ^ width=2,freq unos=1 ^ freq dos=1 ^ pasos=1 ^ simetria=2 ^ actividad=1 ^ entropia=1 ^ transitoriedad=2 ^ time entropy=1,1.939272,0.135176,0.883140,0.000003,1.934870,0.000000
r27=0 ^ freq ceros=5 ^ freq unos=1 ^ freq dos=1,width=2 ^ pasos=1 ^ simetria=2 ^ actividad=1 ^ entropia=1 ^ transitoriedad=2 ^ time entropy=1,1.933482,0.086584,0.874211,0.000003,1.930472,0.166667
r24=0 ^ r27=0 ^ freq ceros=5 ^ width=2,freq unos=1 ^ freq dos=1 ^ pasos=1 ^ simetria=2 ^ actividad=1 ^ entropia=1 ^ transitoriedad=2 ^ time entropy=1,1.939272,0.135176,0.883140,0.000003,1.934870,0.000000
r27=0 ^ simetria=2 ^ transitoriedad=2,freq ceros=5 ^ pasos=1,1.648702,0.757382,0.515705,0.000004,1.434584,1.166667
r27=0 ^ simetria=2 ^ time entropy=1,freq dos=1 ^ width=2 ^ pasos=1 ^ entropia=1 ^ transitoriedad=2,1.905350,0.673738,0.828975,0.000004,1.857268,0.666667
r27=0 ^ freq ceros=5 ^ freq dos=1 ^ time entropy=1,width=2 ^ pasos=1 ^ simetria=2 ^ actividad=1 ^ entropia=1 ^ transitoriedad=2,1.927946,0.512172,0.867380,0.000005,1.903142,0.333333
r27=0 ^ freq ceros=5 ^ freq unos=1 ^ freq dos=1,width=2 ^ pasos=1 ^ simetria=2 ^ actividad=1 ^ entropia=1 ^ transitoriedad=2 ^ time entropy=1,1.933482,0.086584,0.874211,0.000003,1.930472,0.166667
r27=0 ^ freq ceros=5 ^ freq dos=1 ^ time entropy=1,width=2 ^ pasos=1 ^ simetria=2 ^ actividad=1 ^ entropia=1 ^ transitoriedad=2,1.927946,0.512172,0.867380,0.000005,1.903142,0.333333
r27=0 ^ freq ceros=5 ^ freq unos=1 ^ freq dos=1,width=2 ^ pasos=1 ^ simetria=2 ^ actividad=1 ^ entropia=1 ^ transitoriedad=2 ^ time entropy=1,1.933482,0.086584,0.874211,0.000003,1.930472,0.166667
r27=0 ^ freq ceros=5 ^ freq unos=1 ^ time entropy=1,freq dos=1 ^ width=2 ^ pasos=1 ^ simetria=2 ^ actividad=1 ^ entropia=1 ^ transitoriedad=2,1.933482,0.228030,0.874095,0.000003,1.924922,0.166667
r27=0 ^ freq ceros=5 ^ simetria=2 ^ time entropy=1,freq unos=1 ^ freq dos=1 ^ width=2 ^ pasos=1 ^ actividad=1 ^ entropia=1 ^ transitoriedad=2,1.933482,0.394681,0.872880,0.000003,1.917128,0.166667
r27=0 ^ freq ceros=5 ^ freq unos=1 ^ time entropy=1,freq dos=1 ^ width=2 ^ pasos=1 ^ simetria=2 ^ actividad=1 ^ entropia=1 ^ transitoriedad=2,1.933482,0.228030,0.874095,0.000003,1.924922,0.166667
r27=0 ^ freq ceros=5 ^ freq unos=1 ^ time entropy=1,freq dos=1 ^ width=2 ^ pasos=1 ^ simetria=2 ^ actividad=1 ^ entropia=1 ^ transitoriedad=2,1.933482,0.228030,0.874095,0.000003,1.924922,0.166667
r27=0,freq ceros=5 ^ pasos=1 ^ simetria=2 ^ transitoriedad=2,1.648702,0.945725,0.536879,0.000005,1.333574,1.166667
r27=0 ^ freq ceros=5,width=5 ^ pasos=1 ^ simetria=2 ^ transitoriedad=2,1.818964,1.038567,0.756110,0.000011,1.623404,1.000000
r27=0 ^ freq ceros=5 ^ width=2,freq unos=1 ^ freq dos=1 ^ pasos=1 ^ simetria=2 ^ actividad=1 ^ entropia=1 ^ transitoriedad=2 ^ time entropy=1,1.933482,0.459590,0.873059,0.000003,1.913636,0.166667
r27=0,freq ceros=5 ^ pasos=1 ^ simetria=2 ^ transitoriedad=2,1.648702,0.945725,0.536879,0.000005,1.333574,1.166667
r27=0 ^ freq ceros=5 ^ width=2 ^ actividad=1,freq unos=1 ^ freq dos=1 ^ pasos=1 ^ simetria=2 ^ entropia=1 ^ transitoriedad=2 ^ time entropy=1,1.933482,0.246804,0.873438,0.000003,1.924118,0.166667
r27=0 ^ freq ceros=5 ^ freq unos=1 ^ freq dos=1,width=2 ^ pasos=1 ^ simetria=2 ^ actividad=1 ^ entropia=1 ^ transitoriedad=2 ^ time entropy=1,1.933482,0.086584,0.874211,0.000003,1.930472,0.166667
r27=0,width=2 ^ pasos=1 ^ simetria=2 ^ transitoriedad=2,1.784082,1.352012,0.907176,0.000156,1.333574,1.166667
r27=0 ^ simetria=2 ^ actividad=1,freq ceros=5 ^ freq dos=1 ^ width=2 ^ pasos=1 ^ entropia=1 ^ transitoriedad=2 ^ time entropy=1,1.927946,0.966731,0.866064,0.000004,1.860532,0.333333
r27=0 ^ freq ceros=5 ^ freq unos=1 ^ freq dos=1,width=2 ^ pasos=1 ^ simetria=2 ^ actividad=1 ^ entropia=1 ^ transitoriedad=2 ^ time entropy=1,1.933482,0.086584,0.874211,0.000003,1.930472,0.166667
r27=0 ^ freq ceros=5 ^ width=2 ^ time entropy=1,freq unos=1 ^ freq dos=1 ^ pasos=1 ^ simetria=2 ^ actividad=1 ^ entropia=1 ^ transitoriedad=2,1.933482,0.303805,0.872563,0.000003,1.921568,0.166667
r27=0 ^ transitoriedad=2,freq ceros=5 ^ width=5 ^ pasos=1 ^ simetria=2,1.818964,1.387862,0.748563,0.000009,1.408512,1.000000
r27=0 ^ freq ceros=5 ^ width=2 ^ time entropy=1,freq unos=1 ^ freq dos=1 ^ pasos=1 ^ simetria=2 ^ actividad=1 ^ entropia=1 ^ transitoriedad=2,1.933482,0.303805,0.872563,0.000003,1.921568,0.166667
r27=0 ^ freq ceros=5 ^ freq unos=1 ^ freq dos=1,width=2 ^ pasos=1 ^ simetria=2 ^ actividad=1 ^ entropia=1 ^ transitoriedad=2 ^ time entropy=1,1.933482,0.086584,0.874211,0.000003,1.930472,0.166667
r27=0 ^ transitoriedad=2,freq dos=1 ^ width=2 ^ pasos=1 ^ simetria=2 ^ actividad=1 ^ entropia=1 ^ time entropy=1,1.919034,1.726229,0.892112,0.000025,1.408512,0.500000
r27=0 ^ freq ceros=5 ^ freq unos=1 ^ freq dos=1,width=2 ^ pasos=1 ^ simetria=2 ^ actividad=1 ^ entropia=1 ^ transitoriedad=2 ^ time entropy=1,1.933482,0.086584,0.874211,0.000003,1.930472,0.166667
r27=2 ^ transitoriedad=2,pasos=1 ^ simetria=2,1.410510,0.012200,0.904785,0.000058,1.406892,1.333333
r27=0 ^ width=5,freq ceros=5 ^ pasos=1,1.794556,0.000000,0.668432,0.000004,1.794556,1.333333
r27=0 ^ width=5 ^ simetria=2,freq ceros=5 ^ pasos=1 ^ transitoriedad=2,1.818964,0.000000,0.707824,0.000005,1.818964,1.000000
r27=0 ^ freq ceros=5 ^ width=2 ^ actividad=1,pasos=1 ^ simetria=2 ^ entropia=1 ^ transitoriedad=2 ^ time entropy=1,1.925808,0.044543,0.864661,0.000005,1.924118,0.500000
r27=0 ^ freq ceros=5 ^ freq unos=1 ^ freq dos=1,width=2 ^ pasos=1 ^ simetria=2 ^ actividad=1 ^ entropia=1 ^ transitoriedad=2 ^ time entropy=1,1.933482,0.086584,0.874211,0.000003,1.930472,0.166667
r27=0 ^ width=5,freq ceros=5 ^ pasos=1 ^ transitoriedad=2,1.794556,0.000000,0.668432,0.000004,1.794556,1.166667
r27=0 ^ width=5 ^ simetria=2,freq ceros=5 ^ pasos=1 ^ transitoriedad=2,1.818964,0.000000,0.707824,0.000005,1.818964,1.000000
r27=0 ^ freq dos=1 ^ width=2 ^ actividad=1,pasos=1 ^ simetria=2 ^ entropia=1 ^ transitoriedad=2 ^ time entropy=1,1.919034,0.124615,0.852912,0.000005,1.913654,0.500000
r27=0 ^ freq ceros=5 ^ freq unos=1 ^ freq dos=1,width=2 ^ pasos=1 ^ simetria=2 ^ actividad=1 ^ entropia=1 ^ transitoriedad=2 ^ time entropy=1,1.933482,0.086584,0.874211,0.000003,1.930472,0.166667
r27=0 ^ freq ceros=5 ^ freq unos=1 ^ freq dos=1,width=2 ^ pasos=1 ^ simetria=2 ^ actividad=1 ^ entropia=1 ^ transitoriedad=2 ^ time entropy=1,1.933482,0.086584,0.874211,0.000003,1.930472,0.166667
r27=0 ^ freq ceros=5 ^ width=2 ^ actividad=1,freq dos=1 ^ pasos=1 ^ simetria=2 ^ entropia=1 ^ transitoriedad=2 ^ time entropy=1,1.927946,0.100893,0.866502,0.000004,1.924118,0.333333
r27=0 ^ freq ceros=5 ^ freq unos=1 ^ freq dos=1,width=2 ^ pasos=1 ^ simetria=2 ^ actividad=1 ^ entropia=1 ^ transitoriedad=2 ^ time entropy=1,1.933482,0.086584,0.874211,0.000003,1.930472,0.166667
r27=0 ^ freq ceros=5 ^ freq unos=1 ^ freq dos=1,width=2 ^ pasos=1 ^ simetria=2 ^ actividad=1 ^ entropia=1 ^ transitoriedad=2 ^ time entropy=1,1.933482,0.086584,0.874211,0.000003,1.930472,0.166667
r27=0 ^ freq ceros=5 ^ freq unos=1 ^ freq dos=1,width=2 ^ pasos=1 ^ simetria=2 ^ actividad=1 ^ entropia=1 ^ transitoriedad=2 ^ time entropy=1,1.933482,0.086584,0.874211,0.000003,1.930472,0.166667
r27=0 ^ freq ceros=5 ^ freq unos=1 ^ freq dos=1,width=2 ^ pasos=1 ^ simetria=2 ^ actividad=1 ^ entropia=1 ^ transitoriedad=2 ^ time entropy=1,1.933482,0.086584,0.874211,0.000003,1.930472,0.166667
r18=0 ^ transitoriedad=2,pasos=1 ^ simetria=2,1.431578,0.020112,0.912364,0.000067,1.425804,1.333333
r18=1 ^ r27=0,pasos=1 ^ transitoriedad=2,1.778532,0.000000,0.951585,0.000131,1.778532,1.333333
r27=0 ^ freq dos=1 ^ width=2 ^ actividad=1,pasos=1 ^ simetria=2 ^ transitoriedad=2 ^ time entropy=1,1.915922,0.052533,0.849126,0.000005,1.913654,0.666667
r27=0 ^ freq ceros=5 ^ freq unos=1 ^ freq dos=1,width=2 ^ pasos=1 ^ simetria=2 ^ actividad=1 ^ entropia=1 ^ transitoriedad=2 ^ time entropy=1,1.933482,0.086584,0.874211,0.000003,1.930472,0.166667
r16=2,pasos=1 ^ simetria=2 ^ transitoriedad=2,1.417842,0.254702,0.998614,0.343249,1.332884,1.333333
r16=0 ^ width=5 ^ transitoriedad=2,pasos=1 ^ simetria=2,1.895300,0.176403,1.000421,0.556338,1.885172,1.166667
r27=0 ^ freq ceros=5 ^ freq unos=1 ^ freq dos=1,width=2 ^ pasos=1 ^ simetria=2 ^ entropia=1 ^ transitoriedad=2 ^ time entropy=1,1.932650,0.062651,0.874921,0.000004,1.930472,0.333333
r6=2 ^ r16=2,pasos=1 ^ simetria=2 ^ transitoriedad=2,1.806360,0.254945,0.999593,1.031643,1.778070,1.166667
r2=0 ^ r3=2 ^ r7=0 ^ r17=2,pasos=1 ^ simetria=2 ^ transitoriedad=2,1.978642,0.261740,1.000122,1.187851,1.975426,0.833333
r27=0 ^ freq ceros=5 ^ freq unos=1 ^ freq dos=1,width=2 ^ pasos=1 ^ simetria=2 ^ actividad=1 ^ entropia=1 ^ transitoriedad=2 ^ time entropy=1,1.933482,0.086584,0.874211,0.000003,1.930472,0.166667
r27=0 ^ freq ceros=5 ^ simetria=2 ^ transitoriedad=2,pasos=1,1.648702,0.000000,0.977633,0.000285,1.648702,1.166667
r27=0 ^ freq dos=1 ^ width=2 ^ time entropy=1,pasos=1 ^ simetria=2 ^ transitoriedad=2,1.899808,0.000000,0.974273,0.000257,1.899808,0.833333
r24=0 ^ freq ceros=5 ^ freq unos=1 ^ freq dos=1,width=2 ^ pasos=1 ^ simetria=2 ^ entropia=1 ^ transitoriedad=2 ^ time entropy=1,1.938924,0.021894,0.886393,0.000005,1.938248,0.333333
r27=0 ^ freq ceros=5 ^ width=2 ^ actividad=1,freq dos=1 ^ pasos=1 ^ simetria=2 ^ entropia=1 ^ transitoriedad=2 ^ time entropy=1,1.927946,0.100893,0.866502,0.000004,1.924118,0.333333
r27=0 ^ freq ceros=5 ^ freq unos=1 ^ freq dos=1,width=2 ^ pasos=1 ^ simetria=2 ^ entropia=1 ^ transitoriedad=2 ^ time entropy=1,1.932650,0.062651,0.874921,0.000004,1.930472,0.333333
r27=0 ^ freq ceros=5 ^ freq unos=1 ^ freq dos=1,width=2 ^ pasos=1 ^ simetria=2 ^ actividad=1 ^ entropia=1 ^ transitoriedad=2 ^ time entropy=1,1.933482,0.086584,0.874211,0.000003,1.930472,0.166667
r27=0 ^ freq ceros=5 ^ width=2 ^ actividad=1,freq dos=1 ^ pasos=1 ^ simetria=2 ^ entropia=1 ^ transitoriedad=2 ^ time entropy=1,1.927946,0.100893,0.866502,0.000004,1.924118,0.333333
r27=0 ^ freq ceros=5 ^ freq unos=1 ^ freq dos=1,width=2 ^ pasos=1 ^ simetria=2 ^ actividad=1 ^ entropia=1 ^ transitoriedad=2 ^ time entropy=1,1.933482,0.086584,0.874211,0.000003,1.930472,0.166667
r27=0 ^ freq ceros=5 ^ freq unos=1 ^ freq dos=1,width=2 ^ pasos=1 ^ simetria=2 ^ actividad=1 ^ entropia=1 ^ transitoriedad=2 ^ time entropy=1,1.933482,0.086584,0.874211,0.000003,1.930472,0.166667
r27=0 ^ freq ceros=5 ^ freq unos=1 ^ freq dos=1,width=2 ^ pasos=1 ^ simetria=2 ^ actividad=1 ^ entropia=1 ^ transitoriedad=2 ^ time entropy=1,1.933482,0.086584,0.874211,0.000003,1.930472,0.166667
r27=0 ^ transitoriedad=2,freq ceros=5 ^ pasos=1,1.623404,0.726615,0.475176,0.000004,1.408512,1.333333
r18=1 ^ r27=0 ^ transitoriedad=2,freq ceros=5 ^ pasos=1,1.823622,0.407192,0.732751,0.000007,1.778532,1.166667
r27=0 ^ freq dos=1 ^ width=2,pasos=1 ^ simetria=2 ^ entropia=1 ^ transitoriedad=2 ^ time entropy=1,1.905350,0.318977,0.830059,0.000005,1.887390,0.666667
r27=0 ^ freq ceros=5 ^ freq unos=1 ^ time entropy=1,freq dos=1 ^ width=2 ^ pasos=1 ^ simetria=2 ^ actividad=1 ^ entropia=1 ^ transitoriedad=2,1.933482,0.228030,0.874095,0.000003,1.924922,0.166667
r27=0 ^ simetria=2 ^ transitoriedad=2,freq ceros=5 ^ pasos=1,1.648702,0.757382,0.515705,0.000004,1.434584,1.166667
r27=0 ^ width=5,freq ceros=5 ^ pasos=1 ^ simetria=2 ^ transitoriedad=2,1.818964,0.237612,0.711753,0.000005,1.794556,1.000000
r27=0 ^ freq ceros=5 ^ simetria=2 ^ time entropy=1,freq dos=1 ^ width=2 ^ pasos=1 ^ actividad=1 ^ entropia=1 ^ transitoriedad=2,1.927946,0.261077,0.863763,0.000003,1.917128,0.333333
r27=0 ^ freq ceros=5 ^ freq unos=1 ^ freq dos=1,width=2 ^ pasos=1 ^ simetria=2 ^ actividad=1 ^ entropia=1 ^ transitoriedad=2 ^ time entropy=1,1.933482,0.086584,0.874211,0.000003,1.930472,0.166667
r27=0 ^ freq ceros=5 ^ freq unos=1 ^ freq dos=1,width=2 ^ pasos=1 ^ simetria=2 ^ actividad=1 ^ entropia=1 ^ transitoriedad=2 ^ time entropy=1,1.933482,0.086584,0.874211,0.000003,1.930472,0.166667
r27=0 ^ freq ceros=5 ^ freq unos=1 ^ freq dos=1,width=2 ^ pasos=1 ^ simetria=2 ^ actividad=1 ^ entropia=1 ^ transitoriedad=2 ^ time entropy=1,1.933482,0.086584,0.874211,0.000003,1.930472,0.166667
r27=0 ^ freq ceros=5,pasos=1 ^ simetria=2 ^ transitoriedad=2,1.648702,0.134351,0.953894,0.000257,1.623404,1.166667
r24=0 ^ r27=0 ^ freq unos=1,pasos=1 ^ transitoriedad=2,1.919508,0.572837,1.039957,0.000104,1.887200,1.166667
r27=0 ^ freq dos=1 ^ width=2 ^ actividad=1,freq ceros=5 ^ pasos=1 ^ simetria=2 ^ entropia=1 ^ transitoriedad=2 ^ time entropy=1,1.927946,0.331040,0.862793,0.000003,1.913654,0.333333
r7=2 ^ r8=0,pasos=1 ^ simetria=2 ^ transitoriedad=2,1.806174,0.260230,1.000769,0.461419,1.777182,1.166667
r27=0 ^ freq dos=1 ^ width=2 ^ actividad=1,freq ceros=5 ^ pasos=1 ^ simetria=2 ^ entropia=1 ^ transitoriedad=2 ^ time entropy=1,1.927946,0.331040,0.862793,0.000003,1.913654,0.333333
r27=0 ^ freq ceros=5 ^ freq unos=1 ^ freq dos=1,width=2 ^ pasos=1 ^ simetria=2 ^ actividad=1 ^ entropia=1 ^ transitoriedad=2 ^ time entropy=1,1.933482,0.086584,0.874211,0.000003,1.930472,0.166667
r27=0 ^ freq ceros=5 ^ width=5 ^ transitoriedad=2,pasos=1 ^ simetria=2,1.818964,0.237612,1.013328,0.001309,1.794556,1.000000
r27=0 ^ freq ceros=5 ^ freq dos=1 ^ actividad=1,width=2 ^ pasos=1 ^ simetria=2 ^ entropia=1 ^ transitoriedad=2 ^ time entropy=1,1.927946,0.315039,0.867727,0.000005,1.914474,0.333333
r27=0 ^ freq ceros=5 ^ freq unos=1 ^ time entropy=1,freq dos=1 ^ width=2 ^ pasos=1 ^ simetria=2 ^ actividad=1 ^ entropia=1 ^ transitoriedad=2,1.933482,0.228030,0.874095,0.000003,1.924922,0.166667
r27=0 ^ freq ceros=5 ^ freq unos=1 ^ freq dos=1,width=2 ^ pasos=1 ^ simetria=2 ^ actividad=1 ^ entropia=1 ^ transitoriedad=2 ^ time entropy=1,1.933482,0.086584,0.874211,0.000003,1.930472,0.166667
r27=0 ^ transitoriedad=2,freq ceros=5 ^ pasos=1 ^ simetria=2,1.648702,0.812155,0.509950,0.000004,1.408512,1.166667
r27=0 ^ freq ceros=5 ^ simetria=2,width=5 ^ pasos=1 ^ transitoriedad=2,1.818964,0.969331,0.758867,0.000011,1.648702,1.000000
r27=0 ^ width=2 ^ actividad=1,freq ceros=5 ^ freq dos=1 ^ pasos=1 ^ simetria=2 ^ entropia=1 ^ transitoriedad=2 ^ time entropy=1,1.927946,0.572170,0.863501,0.000003,1.899072,0.333333
r27=0 ^ transitoriedad=2,freq ceros=5 ^ pasos=1 ^ simetria=2,1.648702,0.812155,0.509950,0.000004,1.408512,1.166667
r27=0 ^ width=2 ^ actividad=1,freq ceros=5 ^ freq dos=1 ^ pasos=1 ^ simetria=2 ^ entropia=1 ^ transitoriedad=2 ^ time entropy=1,1.927946,0.572170,0.863501,0.000003,1.899072,0.333333
r27=0 ^ freq ceros=5 ^ freq unos=1 ^ freq dos=1,width=2 ^ pasos=1 ^ simetria=2 ^ actividad=1 ^ entropia=1 ^ transitoriedad=2 ^ time entropy=1,1.933482,0.086584,0.874211,0.000003,1.930472,0.166667
r27=0 ^ simetria=2 ^ transitoriedad=2,width=2 ^ pasos=1,1.784082,1.236251,0.856511,0.000060,1.434584,1.166667
r27=0 ^ freq unos=1 ^ freq dos=1 ^ time entropy=1,width=2 ^ pasos=1 ^ simetria=2 ^ entropia=1 ^ transitoriedad=2,1.924132,1.011144,0.878198,0.000013,1.846554,0.500000
r27=0 ^ freq dos=1 ^ actividad=1 ^ transitoriedad=2,freq ceros=5 ^ width=2 ^ pasos=1 ^ simetria=2 ^ entropia=1 ^ time entropy=1,1.927946,0.547416,0.863435,0.000003,1.900792,0.333333
r27=0 ^ freq ceros=5 ^ simetria=2 ^ time entropy=1,freq unos=1 ^ freq dos=1 ^ width=2 ^ pasos=1 ^ actividad=1 ^ entropia=1 ^ transitoriedad=2,1.933482,0.394681,0.872880,0.000003,1.917128,0.166667
r27=0 ^ transitoriedad=2,freq ceros=5 ^ width=5 ^ pasos=1 ^ simetria=2,1.818964,1.387862,0.748563,0.000009,1.408512,1.000000
r27=0 ^ width=2,freq dos=1 ^ pasos=1 ^ simetria=2 ^ actividad=1 ^ entropia=1 ^ transitoriedad=2 ^ time entropy=1,1.919034,1.251936,0.858003,0.000007,1.783532,0.500000
r27=0 ^ freq ceros=5 ^ width=2 ^ time entropy=1,freq unos=1 ^ freq dos=1 ^ pasos=1 ^ simetria=2 ^ actividad=1 ^ entropia=1 ^ transitoriedad=2,1.933482,0.303805,0.872563,0.000003,1.921568,0.166667
r27=0,freq dos=1 ^ width=2 ^ pasos=1 ^ simetria=2 ^ actividad=1 ^ entropia=1 ^ transitoriedad=2 ^ time entropy=1,1.919034,1.757014,0.898959,0.000030,1.333574,0.500000
r27=0 ^ transitoriedad=2,freq dos=1 ^ width=2 ^ pasos=1 ^ simetria=2 ^ actividad=1 ^ entropia=1 ^ time entropy=1,1.919034,1.726229,0.892112,0.000025,1.408512,0.500000
r27=0 ^ width=5 ^ simetria=2,freq ceros=5 ^ pasos=1 ^ transitoriedad=2,1.818964,0.000000,0.707824,0.000005,1.818964,1.000000
r27=0 ^ width=5 ^ simetria=2,freq ceros=5 ^ pasos=1 ^ transitoriedad=2,1.818964,0.000000,0.707824,0.000005,1.818964,1.000000
r27=0 ^ freq ceros=5 ^ width=2 ^ actividad=1,pasos=1 ^ simetria=2 ^ entropia=1 ^ transitoriedad=2 ^ time entropy=1,1.925808,0.044543,0.864661,0.000005,1.924118,0.500000
r27=0 ^ freq ceros=5 ^ freq unos=1 ^ freq dos=1,width=2 ^ pasos=1 ^ simetria=2 ^ actividad=1 ^ entropia=1 ^ transitoriedad=2 ^ time entropy=1,1.933482,0.086584,0.874211,0.000003,1.930472,0.166667
r27=0 ^ width=5 ^ simetria=2,freq ceros=5 ^ pasos=1 ^ transitoriedad=2,1.818964,0.000000,0.707824,0.000005,1.818964,1.000000
r27=0 ^ freq dos=1 ^ width=2 ^ actividad=1,pasos=1 ^ simetria=2 ^ entropia=1 ^ transitoriedad=2 ^ time entropy=1,1.919034,0.124615,0.852912,0.000005,1.913654,0.500000
r27=0 ^ freq ceros=5 ^ freq unos=1 ^ freq dos=1,width=2 ^ pasos=1 ^ simetria=2 ^ actividad=1 ^ entropia=1 ^ transitoriedad=2 ^ time entropy=1,1.933482,0.086584,0.874211,0.000003,1.930472,0.166667
r27=0 ^ freq ceros=5 ^ freq unos=1 ^ freq dos=1,width=2 ^ pasos=1 ^ simetria=2 ^ actividad=1 ^ entropia=1 ^ transitoriedad=2 ^ time entropy=1,1.933482,0.086584,0.874211,0.000003,1.930472,0.166667
r27=0 ^ freq ceros=5 ^ freq unos=1 ^ freq dos=1,width=2 ^ pasos=1 ^ simetria=2 ^ actividad=1 ^ entropia=1 ^ transitoriedad=2 ^ time entropy=1,1.933482,0.086584,0.874211,0.000003,1.930472,0.166667
r27=0 ^ freq ceros=5 ^ freq unos=1 ^ freq dos=1,width=2 ^ pasos=1 ^ simetria=2 ^ actividad=1 ^ entropia=1 ^ transitoriedad=2 ^ time entropy=1,1.933482,0.086584,0.874211,0.000003,1.930472,0.166667
r27=0 ^ width=5 ^ simetria=2,freq ceros=5 ^ pasos=1 ^ transitoriedad=2,1.818964,0.000000,0.707824,0.000005,1.818964,1.000000
r27=0 ^ freq dos=1 ^ width=2 ^ actividad=1,pasos=1 ^ simetria=2 ^ transitoriedad=2 ^ time entropy=1,1.915922,0.052533,0.849126,0.000005,1.913654,0.666667
r24=0 ^ freq ceros=5 ^ width=2 ^ actividad=1,freq unos=1 ^ pasos=1 ^ simetria=2 ^ entropia=1 ^ transitoriedad=2 ^ time entropy=1,1.938118,0.029549,0.883051,0.000004,1.937190,0.333333
r27=0 ^ freq dos=1 ^ width=2 ^ actividad=1,pasos=1 ^ simetria=2 ^ entropia=1 ^ transitoriedad=2 ^ time entropy=1,1.919034,0.124615,0.852912,0.000005,1.913654,0.500000
r27=0 ^ freq ceros=5 ^ freq unos=1 ^ freq dos=1,width=2 ^ pasos=1 ^ simetria=2 ^ entropia=1 ^ transitoriedad=2 ^ time entropy=1,1.932650,0.062651,0.874921,0.000004,1.930472,0.333333
r27=0 ^ freq ceros=5 ^ freq unos=1 ^ freq dos=1,width=2 ^ pasos=1 ^ simetria=2 ^ actividad=1 ^ entropia=1 ^ transitoriedad=2 ^ time entropy=1,1.933482,0.086584,0.874211,0.000003,1.930472,0.166667
r27=0 ^ freq dos=1 ^ width=2 ^ actividad=1,pasos=1 ^ simetria=2 ^ entropia=1 ^ transitoriedad=2 ^ time entropy=1,1.919034,0.124615,0.852912,0.000005,1.913654,0.500000
r24=0 ^ freq ceros=5 ^ freq unos=1 ^ freq dos=1,width=2 ^ pasos=1 ^ simetria=2 ^ entropia=1 ^ transitoriedad=2 ^ time entropy=1,1.938924,0.021894,0.886393,0.000005,1.938248,0.333333
r27=0 ^ freq ceros=5 ^ freq unos=1 ^ freq dos=1,width=2 ^ pasos=1 ^ simetria=2 ^ actividad=1 ^ entropia=1 ^ transitoriedad=2 ^ time entropy=1,1.933482,0.086584,0.874211,0.000003,1.930472,0.166667
r27=0 ^ freq ceros=5 ^ freq unos=1 ^ freq dos=1,width=2 ^ pasos=1 ^ simetria=2 ^ actividad=1 ^ entropia=1 ^ transitoriedad=2 ^ time entropy=1,1.933482,0.086584,0.874211,0.000003,1.930472,0.166667
r27=0 ^ width=5 ^ transitoriedad=2,freq ceros=5 ^ pasos=1 ^ simetria=2,1.818964,0.237612,0.711753,0.000005,1.794556,1.000000
r27=0 ^ width=2 ^ time entropy=1,freq dos=1 ^ pasos=1 ^ simetria=2 ^ entropia=1 ^ transitoriedad=2,1.905350,0.328860,0.829750,0.000005,1.886724,0.666667
r27=0 ^ freq ceros=5 ^ simetria=2 ^ time entropy=1,freq dos=1 ^ width=2 ^ pasos=1 ^ actividad=1 ^ entropia=1 ^ transitoriedad=2,1.927946,0.261077,0.863763,0.000003,1.917128,0.333333
r27=0 ^ freq ceros=5 ^ width=2 ^ time entropy=1,freq dos=1 ^ pasos=1 ^ simetria=2 ^ actividad=1 ^ entropia=1 ^ transitoriedad=2,1.927946,0.162638,0.863408,0.000003,1.921568,0.333333
r27=0 ^ freq ceros=5 ^ simetria=2 ^ time entropy=1,freq dos=1 ^ width=2 ^ pasos=1 ^ actividad=1 ^ entropia=1 ^ transitoriedad=2,1.927946,0.261077,0.863763,0.000003,1.917128,0.333333
r27=0 ^ freq ceros=5 ^ freq unos=1 ^ freq dos=1,width=2 ^ pasos=1 ^ simetria=2 ^ actividad=1 ^ entropia=1 ^ transitoriedad=2 ^ time entropy=1,1.933482,0.086584,0.874211,0.000003,1.930472,0.166667
r27=0 ^ freq dos=1 ^ width=2,pasos=1 ^ simetria=2 ^ entropia=1 ^ transitoriedad=2 ^ time entropy=1,1.905350,0.318977,0.830059,0.000005,1.887390,0.666667
r27=0 ^ freq dos=1 ^ width=2 ^ actividad=1,freq ceros=5 ^ pasos=1 ^ simetria=2 ^ entropia=1 ^ transitoriedad=2 ^ time entropy=1,1.927946,0.331040,0.862793,0.000003,1.913654,0.333333
r27=0 ^ freq ceros=5 ^ freq unos=1 ^ time entropy=1,freq dos=1 ^ width=2 ^ pasos=1 ^ simetria=2 ^ actividad=1 ^ entropia=1 ^ transitoriedad=2,1.933482,0.228030,0.874095,0.000003,1.924922,0.166667
r27=0 ^ freq ceros=5 ^ freq unos=1 ^ time entropy=1,freq dos=1 ^ width=2 ^ pasos=1 ^ simetria=2 ^ actividad=1 ^ entropia=1 ^ transitoriedad=2,1.933482,0.228030,0.874095,0.000003,1.924922,0.166667
r27=0 ^ simetria=2 ^ transitoriedad=2 ^ time entropy=1,freq dos=1 ^ width=2 ^ pasos=1 ^ entropia=1,1.905350,0.487947,0.826730,0.000004,1.874806,0.666667
r27=0 ^ freq dos=1 ^ simetria=2 ^ actividad=1,freq ceros=5 ^ width=2 ^ pasos=1 ^ entropia=1 ^ transitoriedad=2 ^ time entropy=1,1.927946,0.660632,0.864072,0.000003,1.892406,0.333333
r27=0 ^ freq unos=1 ^ width=2 ^ actividad=1,freq ceros=5 ^ freq dos=1 ^ pasos=1 ^ simetria=2 ^ entropia=1 ^ transitoriedad=2 ^ time entropy=1,1.933482,0.343304,0.873018,0.000003,1.919698,0.166667
r27=0 ^ width=2 ^ actividad=1,freq ceros=5 ^ freq dos=1 ^ pasos=1 ^ simetria=2 ^ entropia=1 ^ transitoriedad=2 ^ time entropy=1,1.927946,0.572170,0.863501,0.000003,1.899072,0.333333
r27=0 ^ width=2 ^ time entropy=1,freq ceros=5 ^ freq dos=1 ^ pasos=1 ^ simetria=2 ^ actividad=1 ^ entropia=1 ^ transitoriedad=2,1.927946,0.727815,0.864093,0.000003,1.886724,0.333333
r27=0 ^ freq dos=1 ^ width=2 ^ actividad=1,pasos=1 ^ simetria=2 ^ entropia=1 ^ transitoriedad=2 ^ time entropy=1,1.919034,0.124615,0.852912,0.000005,1.913654,0.500000
r27=0 ^ freq dos=1 ^ width=2 ^ actividad=1,pasos=1 ^ simetria=2 ^ entropia=1 ^ transitoriedad=2 ^ time entropy=1,1.919034,0.124615,0.852912,0.000005,1.913654,0.500000
r27=0 ^ freq ceros=5 ^ freq unos=1 ^ freq dos=1,width=2 ^ pasos=1 ^ simetria=2 ^ actividad=1 ^ entropia=1 ^ transitoriedad=2 ^ time entropy=1,1.933482,0.086584,0.874211,0.000003,1.930472,0.166667
r27=0 ^ freq ceros=5 ^ width=2 ^ actividad=1,freq dos=1 ^ pasos=1 ^ simetria=2 ^ entropia=1 ^ transitoriedad=2 ^ time entropy=1,1.927946,0.100893,0.866502,0.000004,1.924118,0.333333
r27=0 ^ freq ceros=5 ^ freq unos=1 ^ freq dos=1,width=2 ^ pasos=1 ^ simetria=2 ^ actividad=1 ^ entropia=1 ^ transitoriedad=2 ^ time entropy=1,1.933482,0.086584,0.874211,0.000003,1.930472,0.166667
r27=0 ^ freq ceros=5 ^ freq unos=1 ^ freq dos=1,width=2 ^ pasos=1 ^ simetria=2 ^ actividad=1 ^ entropia=1 ^ transitoriedad=2 ^ time entropy=1,1.933482,0.086584,0.874211,0.000003,1.930472,0.166667
r27=0 ^ freq ceros=5 ^ width=2 ^ actividad=1,freq dos=1 ^ pasos=1 ^ simetria=2 ^ entropia=1 ^ transitoriedad=2 ^ time entropy=1,1.927946,0.100893,0.866502,0.000004,1.924118,0.333333
r27=0 ^ freq ceros=5 ^ freq unos=1 ^ freq dos=1,width=2 ^ pasos=1 ^ simetria=2 ^ actividad=1 ^ entropia=1 ^ transitoriedad=2 ^ time entropy=1,1.933482,0.086584,0.874211,0.000003,1.930472,0.166667
r27=0 ^ freq ceros=5 ^ freq unos=1 ^ freq dos=1,width=2 ^ pasos=1 ^ simetria=2 ^ actividad=1 ^ entropia=1 ^ transitoriedad=2 ^ time entropy=1,1.933482,0.086584,0.874211,0.000003,1.930472,0.166667
r27=0 ^ freq ceros=5 ^ freq unos=1 ^ freq dos=1,width=2 ^ pasos=1 ^ simetria=2 ^ actividad=1 ^ entropia=1 ^ transitoriedad=2 ^ time entropy=1,1.933482,0.086584,0.874211,0.000003,1.930472,0.166667
r27=0 ^ freq ceros=5 ^ width=2 ^ time entropy=1,freq dos=1 ^ pasos=1 ^ simetria=2 ^ actividad=1 ^ entropia=1 ^ transitoriedad=2,1.927946,0.162638,0.863408,0.000003,1.921568,0.333333
r27=0 ^ freq ceros=5 ^ freq unos=1 ^ time entropy=1,freq dos=1 ^ width=2 ^ pasos=1 ^ simetria=2 ^ actividad=1 ^ entropia=1 ^ transitoriedad=2,1.933482,0.228030,0.874095,0.000003,1.924922,0.166667
r27=0 ^ freq ceros=5 ^ freq unos=1 ^ freq dos=1,width=2 ^ pasos=1 ^ simetria=2 ^ actividad=1 ^ entropia=1 ^ transitoriedad=2 ^ time entropy=1,1.933482,0.086584,0.874211,0.000003,1.930472,0.166667
r27=0 ^ freq ceros=5 ^ freq unos=1 ^ time entropy=1,freq dos=1 ^ width=2 ^ pasos=1 ^ simetria=2 ^ actividad=1 ^ entropia=1 ^ transitoriedad=2,1.933482,0.228030,0.874095,0.000003,1.924922,0.166667
r27=0 ^ freq ceros=5 ^ width=2 ^ time entropy=1,freq unos=1 ^ freq dos=1 ^ pasos=1 ^ simetria=2 ^ actividad=1 ^ entropia=1 ^ transitoriedad=2,1.933482,0.303805,0.872563,0.000003,1.921568,0.166667
r27=0 ^ freq ceros=5 ^ width=2 ^ actividad=1,freq dos=1 ^ pasos=1 ^ simetria=2 ^ entropia=1 ^ transitoriedad=2 ^ time entropy=1,1.927946,0.100893,0.866502,0.000004,1.924118,0.333333
r27=0 ^ freq ceros=5 ^ freq unos=1 ^ freq dos=1,width=2 ^ pasos=1 ^ simetria=2 ^ actividad=1 ^ entropia=1 ^ transitoriedad=2 ^ time entropy=1,1.933482,0.086584,0.874211,0.000003,1.930472,0.166667
r27=0 ^ freq ceros=5 ^ freq unos=1 ^ freq dos=1,width=2 ^ pasos=1 ^ simetria=2 ^ actividad=1 ^ entropia=1 ^ transitoriedad=2 ^ time entropy=1,1.933482,0.086584,0.874211,0.000003,1.930472,0.166667
r27=0 ^ freq ceros=5 ^ freq unos=1 ^ freq dos=1,width=2 ^ pasos=1 ^ simetria=2 ^ actividad=1 ^ entropia=1 ^ transitoriedad=2 ^ time entropy=1,1.933482,0.086584,0.874211,0.000003,1.930472,0.166667
r27=0 ^ freq ceros=5 ^ freq unos=1 ^ freq dos=1,width=2 ^ pasos=1 ^ simetria=2 ^ actividad=1 ^ entropia=1 ^ transitoriedad=2 ^ time entropy=1,1.933482,0.086584,0.874211,0.000003,1.930472,0.166667
r27=0 ^ freq ceros=5 ^ freq unos=1 ^ freq dos=1,width=2 ^ pasos=1 ^ simetria=2 ^ actividad=1 ^ entropia=1 ^ transitoriedad=2 ^ time entropy=1,1.933482,0.086584,0.874211,0.000003,1.930472,0.166667
