antecedente,consecuente,support,confidence,leverage,chi_cuadrada,coverage,rule_size
r27=2 ^ transitoriedad=2,pasos=1 ^ simetria=2,1.410510,0.012200,0.904785,0.000058,1.406892,1.333333
r27=2 ^ transitoriedad=2,pasos=1 ^ simetria=2,1.410510,0.012200,0.904785,0.000058,1.406892,1.333333
r27=0 ^ width=5 ^ simetria=2 ^ transitoriedad=2,freq ceros=5 ^ pasos=1,1.818964,0.000000,0.707824,0.000005,1.818964,1.000000
r27=0 ^ width=5 ^ simetria=2 ^ transitoriedad=2,freq ceros=5 ^ pasos=1,1.818964,0.000000,0.707824,0.000005,1.818964,1.000000
r27=0 ^ freq ceros=5 ^ width=2 ^ actividad=1,freq dos=1 ^ pasos=1 ^ simetria=2 ^ entropia=1 ^ transitoriedad=2 ^ time entropy=1,1.927946,0.100893,0.866502,0.000004,1.924118,0.333333
r24=0 ^ freq ceros=5 ^ width=2 ^ actividad=1,freq unos=1 ^ freq dos=1 ^ pasos=1 ^ simetria=2 ^ entropia=1 ^ transitoriedad=2 ^ time entropy=1,1.939272,0.066295,0.883903,0.000003,1.937190,0.166667
r27=2 ^ transitoriedad=2,pasos=1 ^ simetria=2,1.410510,0.012200,0.904785,0.000058,1.406892,1.333333
r27=0 ^ width=5 ^ transitoriedad=2,freq ceros=5 ^ pasos=1,1.794556,0.000000,0.668432,0.000004,1.794556,1.166667
r27=0 ^ width=5 ^ simetria=2 ^ transitoriedad=2,freq ceros=5 ^ pasos=1,1.818964,0.000000,0.707824,0.000005,1.818964,1.000000
r27=0 ^ freq ceros=5 ^ width=2 ^ actividad=1,freq dos=1 ^ pasos=1 ^ simetria=2 ^ entropia=1 ^ transitoriedad=2 ^ time entropy=1,1.927946,0.100893,0.866502,0.000004,1.924118,0.333333
r24=0 ^ freq ceros=5 ^ width=2 ^ actividad=1,freq unos=1 ^ freq dos=1 ^ pasos=1 ^ simetria=2 ^ entropia=1 ^ transitoriedad=2 ^ time entropy=1,1.939272,0.066295,0.883903,0.000003,1.937190,0.166667
r20=2,pasos=1 ^ simetria=2,1.389296,0.171649,0.999274,0.694975,1.331962,1.500000
r27=0 ^ freq ceros=5 ^ width=2 ^ actividad=1,freq dos=1 ^ pasos=1 ^ simetria=2 ^ entropia=1 ^ transitoriedad=2 ^ time entropy=1,1.927946,0.100893,0.866502,0.000004,1.924118,0.333333
r27=0 ^ freq ceros=5 ^ width=2 ^ actividad=1,freq dos=1 ^ pasos=1 ^ simetria=2 ^ entropia=1 ^ transitoriedad=2 ^ time entropy=1,1.927946,0.100893,0.866502,0.000004,1.924118,0.333333
r24=0 ^ freq ceros=5 ^ width=2 ^ actividad=1,freq unos=1 ^ freq dos=1 ^ pasos=1 ^ simetria=2 ^ entropia=1 ^ transitoriedad=2 ^ time entropy=1,1.939272,0.066295,0.883903,0.000003,1.937190,0.166667
r24=0 ^ freq ceros=5 ^ width=2 ^ actividad=1,freq unos=1 ^ freq dos=1 ^ pasos=1 ^ simetria=2 ^ entropia=1 ^ transitoriedad=2 ^ time entropy=1,1.939272,0.066295,0.883903,0.000003,1.937190,0.166667
r24=0 ^ freq ceros=5 ^ width=2 ^ actividad=1,freq unos=1 ^ freq dos=1 ^ pasos=1 ^ simetria=2 ^ entropia=1 ^ transitoriedad=2 ^ time entropy=1,1.939272,0.066295,0.883903,0.000003,1.937190,0.166667
r24=0 ^ freq ceros=5 ^ width=2 ^ actividad=1,freq unos=1 ^ freq dos=1 ^ pasos=1 ^ simetria=2 ^ entropia=1 ^ transitoriedad=2 ^ time entropy=1,1.939272,0.066295,0.883903,0.000003,1.937190,0.166667
r24=0 ^ freq ceros=5 ^ width=2 ^ actividad=1,freq unos=1 ^ freq dos=1 ^ pasos=1 ^ simetria=2 ^ entropia=1 ^ transitoriedad=2 ^ time entropy=1,1.939272,0.066295,0.883903,0.000003,1.937190,0.166667
r24=0 ^ freq ceros=5 ^ width=2 ^ actividad=1,freq unos=1 ^ freq dos=1 ^ pasos=1 ^ simetria=2 ^ entropia=1 ^ transitoriedad=2 ^ time entropy=1,1.939272,0.066295,0.883903,0.000003,1.937190,0.166667
r24=0 ^ freq ceros=5 ^ width=2 ^ actividad=1,freq unos=1 ^ freq dos=1 ^ pasos=1 ^ simetria=2 ^ entropia=1 ^ transitoriedad=2 ^ time entropy=1,1.939272,0.066295,0.883903,0.000003,1.937190,0.166667
r27=2 ^ transitoriedad=2,pasos=1 ^ simetria=2,1.410510,0.012200,0.904785,0.000058,1.406892,1.333333
r18=0 ^ transitoriedad=2,pasos=1 ^ simetria=2,1.431578,0.020112,0.912364,0.000067,1.425804,1.333333
r27=0 ^ width=5 ^ simetria=2 ^ transitoriedad=2,freq ceros=5 ^ pasos=1,1.818964,0.000000,0.707824,0.000005,1.818964,1.000000
r27=0 ^ freq ceros=5 ^ width=2 ^ actividad=1,freq dos=1 ^ pasos=1 ^ simetria=2 ^ entropia=1 ^ transitoriedad=2 ^ time entropy=1,1.927946,0.100893,0.866502,0.000004,1.924118,0.333333
r24=0 ^ freq ceros=5 ^ width=2 ^ actividad=1,freq unos=1 ^ freq dos=1 ^ pasos=1 ^ simetria=2 ^ entropia=1 ^ transitoriedad=2 ^ time entropy=1,1.939272,0.066295,0.883903,0.000003,1.937190,0.166667
r4=2,pasos=1,1.355098,0.062613,0.999296,0.362013,1.334256,1.666667
r27=0 ^ freq ceros=5 ^ simetria=2,pasos=1 ^ transitoriedad=2,1.648702,0.000000,0.923203,0.000076,1.648702,1.166667
r27=0 ^ freq ceros=5 ^ width=2 ^ actividad=1,freq dos=1 ^ pasos=1 ^ simetria=2 ^ entropia=1 ^ transitoriedad=2 ^ time entropy=1,1.927946,0.100893,0.866502,0.000004,1.924118,0.333333
r24=0 ^ freq ceros=5 ^ width=2 ^ actividad=1,freq unos=1 ^ freq dos=1 ^ pasos=1 ^ simetria=2 ^ entropia=1 ^ transitoriedad=2 ^ time entropy=1,1.939272,0.066295,0.883903,0.000003,1.937190,0.166667
r8=2,pasos=1,1.354536,0.063170,0.999667,0.993820,1.333484,1.666667
r6=2 ^ r12=2,pasos=1 ^ simetria=2 ^ transitoriedad=2,1.805208,0.254693,0.999534,0.899781,1.776782,1.166667
r24=0 ^ freq ceros=5 ^ width=2 ^ actividad=1,freq unos=1 ^ freq dos=1 ^ pasos=1 ^ simetria=2 ^ entropia=1 ^ transitoriedad=2 ^ time entropy=1,1.939272,0.066295,0.883903,0.000003,1.937190,0.166667
r4=2,pasos=1 ^ simetria=2,1.391858,0.173045,1.000206,1.736981,1.334256,1.500000
r24=0 ^ freq ceros=5 ^ width=2 ^ actividad=1,freq unos=1 ^ freq dos=1 ^ pasos=1 ^ simetria=2 ^ entropia=1 ^ transitoriedad=2 ^ time entropy=1,1.939272,0.066295,0.883903,0.000003,1.937190,0.166667
r24=0 ^ freq ceros=5 ^ width=2 ^ actividad=1,freq unos=1 ^ freq dos=1 ^ pasos=1 ^ simetria=2 ^ entropia=1 ^ transitoriedad=2 ^ time entropy=1,1.939272,0.066295,0.883903,0.000003,1.937190,0.166667
r24=2 ^ simetria=2 ^ transitoriedad=2,pasos=1,1.406550,0.000067,0.962254,0.000144,1.406530,1.333333
r27=0 ^ freq ceros=5 ^ simetria=2 ^ transitoriedad=2,pasos=1,1.648702,0.000000,0.977633,0.000285,1.648702,1.166667
r27=0 ^ freq ceros=5 ^ width=2 ^ actividad=1,freq dos=1 ^ pasos=1 ^ simetria=2 ^ entropia=1 ^ transitoriedad=2 ^ time entropy=1,1.927946,0.100893,0.866502,0.000004,1.924118,0.333333
r24=0 ^ freq ceros=5 ^ width=2 ^ actividad=1,freq unos=1 ^ freq dos=1 ^ pasos=1 ^ simetria=2 ^ entropia=1 ^ transitoriedad=2 ^ time entropy=1,1.939272,0.066295,0.883903,0.000003,1.937190,0.166667
r4=2,pasos=1 ^ simetria=2 ^ transitoriedad=2,1.420412,0.258826,1.001362,0.352907,1.334256,1.333333
r27=0 ^ freq ceros=5 ^ width=2 ^ actividad=1,freq dos=1 ^ pasos=1 ^ simetria=2 ^ entropia=1 ^ transitoriedad=2 ^ time entropy=1,1.927946,0.100893,0.866502,0.000004,1.924118,0.333333
r24=0 ^ freq ceros=5 ^ width=2 ^ actividad=1,freq unos=1 ^ freq dos=1 ^ pasos=1 ^ simetria=2 ^ entropia=1 ^ transitoriedad=2 ^ time entropy=1,1.939272,0.066295,0.883903,0.000003,1.937190,0.166667
r8=2,pasos=1 ^ simetria=2 ^ transitoriedad=2,1.418636,0.255514,0.999156,0.716742,1.333484,1.333333
r24=0 ^ freq ceros=5 ^ width=2 ^ actividad=1,freq unos=1 ^ freq dos=1 ^ pasos=1 ^ simetria=2 ^ entropia=1 ^ transitoriedad=2 ^ time entropy=1,1.939272,0.066295,0.883903,0.000003,1.937190,0.166667
r24=0 ^ freq ceros=5 ^ width=2 ^ actividad=1,freq unos=1 ^ freq dos=1 ^ pasos=1 ^ simetria=2 ^ entropia=1 ^ transitoriedad=2 ^ time entropy=1,1.939272,0.066295,0.883903,0.000003,1.937190,0.166667
r24=2 ^ simetria=2 ^ transitoriedad=2,pasos=1,1.406550,0.000067,0.962254,0.000144,1.406530,1.333333
r27=0 ^ freq ceros=5 ^ width=2 ^ actividad=1,freq dos=1 ^ pasos=1 ^ simetria=2 ^ entropia=1 ^ transitoriedad=2 ^ time entropy=1,1.927946,0.100893,0.866502,0.000004,1.924118,0.333333
r24=0 ^ freq ceros=5 ^ width=2 ^ actividad=1,freq unos=1 ^ freq dos=1 ^ pasos=1 ^ simetria=2 ^ entropia=1 ^ transitoriedad=2 ^ time entropy=1,1.939272,0.066295,0.883903,0.000003,1.937190,0.166667
r24=0 ^ freq ceros=5 ^ width=2 ^ actividad=1,freq unos=1 ^ freq dos=1 ^ pasos=1 ^ simetria=2 ^ entropia=1 ^ transitoriedad=2 ^ time entropy=1,1.939272,0.066295,0.883903,0.000003,1.937190,0.166667
r24=0 ^ freq ceros=5 ^ width=2 ^ actividad=1,freq unos=1 ^ freq dos=1 ^ pasos=1 ^ simetria=2 ^ entropia=1 ^ transitoriedad=2 ^ time entropy=1,1.939272,0.066295,0.883903,0.000003,1.937190,0.166667
r24=0 ^ freq ceros=5 ^ width=2 ^ actividad=1,freq unos=1 ^ freq dos=1 ^ pasos=1 ^ simetria=2 ^ entropia=1 ^ transitoriedad=2 ^ time entropy=1,1.939272,0.066295,0.883903,0.000003,1.937190,0.166667
r24=0 ^ freq ceros=5 ^ width=2 ^ actividad=1,freq unos=1 ^ freq dos=1 ^ pasos=1 ^ simetria=2 ^ entropia=1 ^ transitoriedad=2 ^ time entropy=1,1.939272,0.066295,0.883903,0.000003,1.937190,0.166667
r24=0 ^ freq ceros=5 ^ width=2 ^ actividad=1,freq unos=1 ^ freq dos=1 ^ pasos=1 ^ simetria=2 ^ entropia=1 ^ transitoriedad=2 ^ time entropy=1,1.939272,0.066295,0.883903,0.000003,1.937190,0.166667
r24=0 ^ freq ceros=5 ^ width=2 ^ actividad=1,freq unos=1 ^ freq dos=1 ^ pasos=1 ^ simetria=2 ^ entropia=1 ^ transitoriedad=2 ^ time entropy=1,1.939272,0.066295,0.883903,0.000003,1.937190,0.166667
r24=0 ^ freq ceros=5 ^ width=2 ^ actividad=1,freq unos=1 ^ freq dos=1 ^ pasos=1 ^ simetria=2 ^ entropia=1 ^ transitoriedad=2 ^ time entropy=1,1.939272,0.066295,0.883903,0.000003,1.937190,0.166667
r18=1 ^ simetria=2,pasos=1 ^ transitoriedad=2,1.416456,0.090310,0.921591,0.000108,1.388860,1.333333
r27=0 ^ width=5 ^ transitoriedad=2,freq ceros=5 ^ pasos=1 ^ simetria=2,1.818964,0.237612,0.711753,0.000005,1.794556,1.000000
r27=0 ^ width=5 ^ transitoriedad=2,freq ceros=5 ^ pasos=1 ^ simetria=2,1.818964,0.237612,0.711753,0.000005,1.794556,1.000000
r27=0 ^ freq ceros=5 ^ width=2 ^ actividad=1,freq dos=1 ^ pasos=1 ^ simetria=2 ^ entropia=1 ^ transitoriedad=2 ^ time entropy=1,1.927946,0.100893,0.866502,0.000004,1.924118,0.333333
r27=0 ^ freq ceros=5 ^ width=2 ^ actividad=1,freq unos=1 ^ freq dos=1 ^ pasos=1 ^ simetria=2 ^ entropia=1 ^ transitoriedad=2 ^ time entropy=1,1.933482,0.246804,0.873438,0.000003,1.924118,0.166667
r8=1,pasos=1 ^ simetria=2 ^ transitoriedad=2,1.419406,0.254635,0.998573,0.326547,1.334702,1.333333
r27=0 ^ width=5 ^ transitoriedad=2,freq ceros=5 ^ pasos=1 ^ simetria=2,1.818964,0.237612,0.711753,0.000005,1.794556,1.000000
r27=0 ^ width=2 ^ actividad=1 ^ entropia=1,freq dos=1 ^ pasos=1 ^ simetria=2 ^ transitoriedad=2 ^ time entropy=1,1.919034,0.152516,0.851025,0.000004,1.912350,0.500000
r27=0 ^ freq ceros=5 ^ width=2 ^ actividad=1,freq unos=1 ^ freq dos=1 ^ pasos=1 ^ simetria=2 ^ entropia=1 ^ transitoriedad=2 ^ time entropy=1,1.933482,0.246804,0.873438,0.000003,1.924118,0.166667
r8=2,pasos=1 ^ simetria=2 ^ transitoriedad=2,1.418636,0.255514,0.999156,0.716742,1.333484,1.333333
r24=0 ^ freq ceros=5 ^ width=2 ^ actividad=1,freq unos=1 ^ freq dos=1 ^ pasos=1 ^ simetria=2 ^ entropia=1 ^ transitoriedad=2 ^ time entropy=1,1.939272,0.066295,0.883903,0.000003,1.937190,0.166667
r27=0 ^ freq ceros=5 ^ width=2 ^ actividad=1,freq unos=1 ^ freq dos=1 ^ pasos=1 ^ simetria=2 ^ entropia=1 ^ transitoriedad=2 ^ time entropy=1,1.933482,0.246804,0.873438,0.000003,1.924118,0.166667
r24=0 ^ freq ceros=5 ^ width=2 ^ actividad=1,freq unos=1 ^ freq dos=1 ^ pasos=1 ^ simetria=2 ^ entropia=1 ^ transitoriedad=2 ^ time entropy=1,1.939272,0.066295,0.883903,0.000003,1.937190,0.166667
r24=0 ^ freq ceros=5 ^ width=2 ^ actividad=1,freq unos=1 ^ freq dos=1 ^ pasos=1 ^ simetria=2 ^ entropia=1 ^ transitoriedad=2 ^ time entropy=1,1.939272,0.066295,0.883903,0.000003,1.937190,0.166667
r24=0 ^ freq ceros=5 ^ width=2 ^ actividad=1,freq unos=1 ^ freq dos=1 ^ pasos=1 ^ simetria=2 ^ entropia=1 ^ transitoriedad=2 ^ time entropy=1,1.939272,0.066295,0.883903,0.000003,1.937190,0.166667
r24=2,pasos=1 ^ simetria=2 ^ transitoriedad=2,1.406550,0.216502,0.973195,0.001106,1.334510,1.333333
r27=0 ^ freq ceros=5,pasos=1 ^ simetria=2 ^ transitoriedad=2,1.648702,0.134351,0.953894,0.000257,1.623404,1.166667
r27=0 ^ width=2 ^ entropia=1,freq dos=1 ^ pasos=1 ^ simetria=2 ^ transitoriedad=2 ^ time entropy=1,1.905350,0.306040,0.827220,0.000004,1.888250,0.666667
r27=0 ^ freq ceros=5 ^ width=2 ^ actividad=1,freq unos=1 ^ freq dos=1 ^ pasos=1 ^ simetria=2 ^ entropia=1 ^ transitoriedad=2 ^ time entropy=1,1.933482,0.246804,0.873438,0.000003,1.924118,0.166667
r6=0,pasos=1 ^ simetria=2 ^ transitoriedad=2,1.417374,0.255005,0.998815,0.441592,1.332232,1.333333
r4=2 ^ r12=2,pasos=1 ^ simetria=2 ^ transitoriedad=2,1.806308,0.260199,1.000761,0.468126,1.777340,1.166667
r27=0 ^ freq ceros=5 ^ width=2 ^ actividad=1,freq unos=1 ^ freq dos=1 ^ pasos=1 ^ simetria=2 ^ entropia=1 ^ transitoriedad=2 ^ time entropy=1,1.933482,0.246804,0.873438,0.000003,1.924118,0.166667
r8=2,pasos=1 ^ simetria=2 ^ transitoriedad=2,1.418636,0.255514,0.999156,0.716742,1.333484,1.333333
r27=0 ^ freq ceros=5 ^ width=2 ^ actividad=1,freq unos=1 ^ freq dos=1 ^ pasos=1 ^ simetria=2 ^ entropia=1 ^ transitoriedad=2 ^ time entropy=1,1.933482,0.246804,0.873438,0.000003,1.924118,0.166667
r24=0 ^ freq ceros=5 ^ width=2 ^ actividad=1,freq unos=1 ^ freq dos=1 ^ pasos=1 ^ simetria=2 ^ entropia=1 ^ transitoriedad=2 ^ time entropy=1,1.939272,0.066295,0.883903,0.000003,1.937190,0.166667
r27=0,pasos=1 ^ simetria=2 ^ transitoriedad=2,1.434584,0.303139,1.030895,0.000833,1.333574,1.333333
r27=0 ^ freq ceros=5 ^ width=5 ^ transitoriedad=2,pasos=1 ^ simetria=2,1.818964,0.237612,1.013328,0.001309,1.794556,1.000000
r27=0 ^ freq ceros=5 ^ freq unos=1 ^ actividad=1,freq dos=1 ^ width=2 ^ pasos=1 ^ simetria=2 ^ entropia=1 ^ transitoriedad=2 ^ time entropy=1,1.933482,0.242450,0.875727,0.000004,1.924306,0.166667
r4=2,pasos=1 ^ simetria=2 ^ transitoriedad=2,1.420412,0.258826,1.001362,0.352907,1.334256,1.333333
r27=0 ^ freq ceros=5 ^ freq unos=1 ^ actividad=1,freq dos=1 ^ width=2 ^ pasos=1 ^ simetria=2 ^ entropia=1 ^ transitoriedad=2 ^ time entropy=1,1.933482,0.242450,0.875727,0.000004,1.924306,0.166667
r24=0 ^ freq ceros=5 ^ width=2 ^ actividad=1,freq unos=1 ^ freq dos=1 ^ pasos=1 ^ simetria=2 ^ entropia=1 ^ transitoriedad=2 ^ time entropy=1,1.939272,0.066295,0.883903,0.000003,1.937190,0.166667
r27=0 ^ freq ceros=5 ^ width=2 ^ actividad=1,freq dos=1 ^ pasos=1 ^ simetria=2 ^ entropia=1 ^ transitoriedad=2 ^ time entropy=1,1.927946,0.100893,0.866502,0.000004,1.924118,0.333333
r27=0 ^ freq ceros=5 ^ freq unos=1 ^ actividad=1,freq dos=1 ^ width=2 ^ pasos=1 ^ simetria=2 ^ entropia=1 ^ transitoriedad=2 ^ time entropy=1,1.933482,0.242450,0.875727,0.000004,1.924306,0.166667
r24=0 ^ freq ceros=5 ^ width=2 ^ actividad=1,freq unos=1 ^ freq dos=1 ^ pasos=1 ^ simetria=2 ^ entropia=1 ^ transitoriedad=2 ^ time entropy=1,1.939272,0.066295,0.883903,0.000003,1.937190,0.166667
r24=0 ^ freq ceros=5 ^ width=2 ^ actividad=1,freq unos=1 ^ freq dos=1 ^ pasos=1 ^ simetria=2 ^ entropia=1 ^ transitoriedad=2 ^ time entropy=1,1.939272,0.066295,0.883903,0.000003,1.937190,0.166667
r27=0 ^ transitoriedad=2,freq ceros=5 ^ pasos=1,1.623404,0.726615,0.475176,0.000004,1.408512,1.333333
r27=0 ^ simetria=2 ^ transitoriedad=2,freq ceros=5 ^ pasos=1,1.648702,0.757382,0.515705,0.000004,1.434584,1.166667
r27=0 ^ actividad=1 ^ entropia=1 ^ transitoriedad=2,freq dos=1 ^ width=2 ^ pasos=1 ^ simetria=2 ^ time entropy=1,1.919034,0.381166,0.850347,0.000004,1.899970,0.500000
r27=0 ^ freq ceros=5 ^ width=2 ^ actividad=1,freq unos=1 ^ freq dos=1 ^ pasos=1 ^ simetria=2 ^ entropia=1 ^ transitoriedad=2 ^ time entropy=1,1.933482,0.246804,0.873438,0.000003,1.924118,0.166667
r27=0 ^ simetria=2 ^ transitoriedad=2,freq ceros=5 ^ pasos=1,1.648702,0.757382,0.515705,0.000004,1.434584,1.166667
r27=0 ^ simetria=2 ^ transitoriedad=2,freq ceros=5 ^ pasos=1,1.648702,0.757382,0.515705,0.000004,1.434584,1.166667
r27=0 ^ freq unos=1 ^ width=2 ^ actividad=1,freq ceros=5 ^ freq dos=1 ^ pasos=1 ^ simetria=2 ^ entropia=1 ^ transitoriedad=2 ^ time entropy=1,1.933482,0.343304,0.873018,0.000003,1.919698,0.166667
r24=0 ^ freq ceros=5 ^ width=2 ^ actividad=1,freq unos=1 ^ freq dos=1 ^ pasos=1 ^ simetria=2 ^ entropia=1 ^ transitoriedad=2 ^ time entropy=1,1.939272,0.066295,0.883903,0.000003,1.937190,0.166667
r27=0 ^ freq ceros=5 ^ width=2 ^ actividad=1,freq unos=1 ^ freq dos=1 ^ pasos=1 ^ simetria=2 ^ entropia=1 ^ transitoriedad=2 ^ time entropy=1,1.933482,0.246804,0.873438,0.000003,1.924118,0.166667
r24=0 ^ freq ceros=5 ^ width=2 ^ actividad=1,freq unos=1 ^ freq dos=1 ^ pasos=1 ^ simetria=2 ^ entropia=1 ^ transitoriedad=2 ^ time entropy=1,1.939272,0.066295,0.883903,0.000003,1.937190,0.166667
r27=0 ^ simetria=2 ^ transitoriedad=2,freq ceros=5 ^ pasos=1,1.648702,0.757382,0.515705,0.000004,1.434584,1.166667
r27=0 ^ entropia=1 ^ transitoriedad=2,freq dos=1 ^ pasos=1 ^ simetria=2 ^ time entropy=1,1.896154,0.714618,0.822060,0.000006,1.838420,0.833333
r27=0 ^ actividad=1 ^ entropia=1 ^ transitoriedad=2,freq ceros=5 ^ freq dos=1 ^ width=2 ^ pasos=1 ^ simetria=2 ^ time entropy=1,1.927946,0.559352,0.863384,0.000003,1.899970,0.333333
r27=0 ^ freq ceros=5 ^ width=2 ^ actividad=1,freq unos=1 ^ freq dos=1 ^ pasos=1 ^ simetria=2 ^ entropia=1 ^ transitoriedad=2 ^ time entropy=1,1.933482,0.246804,0.873438,0.000003,1.924118,0.166667
r27=0 ^ actividad=1 ^ entropia=1 ^ transitoriedad=2,freq ceros=5 ^ freq dos=1 ^ width=2 ^ pasos=1 ^ simetria=2 ^ time entropy=1,1.927946,0.559352,0.863384,0.000003,1.899970,0.333333
r24=0 ^ freq ceros=5 ^ width=2 ^ actividad=1,freq unos=1 ^ freq dos=1 ^ pasos=1 ^ simetria=2 ^ entropia=1 ^ transitoriedad=2 ^ time entropy=1,1.939272,0.066295,0.883903,0.000003,1.937190,0.166667
r27=0 ^ freq ceros=5 ^ width=2 ^ actividad=1,freq unos=1 ^ freq dos=1 ^ pasos=1 ^ simetria=2 ^ entropia=1 ^ transitoriedad=2 ^ time entropy=1,1.933482,0.246804,0.873438,0.000003,1.924118,0.166667
r27=0 ^ freq unos=1 ^ actividad=1 ^ transitoriedad=2,freq ceros=5 ^ freq dos=1 ^ width=2 ^ pasos=1 ^ simetria=2 ^ entropia=1 ^ time entropy=1,1.933482,0.460659,0.873267,0.000003,1.913576,0.166667
r27=0 ^ freq ceros=5 ^ width=2 ^ actividad=1,freq unos=1 ^ freq dos=1 ^ pasos=1 ^ simetria=2 ^ entropia=1 ^ transitoriedad=2 ^ time entropy=1,1.933482,0.246804,0.873438,0.000003,1.924118,0.166667
r27=0 ^ freq ceros=5 ^ width=2 ^ actividad=1,freq unos=1 ^ freq dos=1 ^ pasos=1 ^ simetria=2 ^ entropia=1 ^ transitoriedad=2 ^ time entropy=1,1.933482,0.246804,0.873438,0.000003,1.924118,0.166667
r27=0,freq ceros=5 ^ pasos=1 ^ simetria=2 ^ transitoriedad=2,1.648702,0.945725,0.536879,0.000005,1.333574,1.166667
r27=0 ^ transitoriedad=2,freq ceros=5 ^ pasos=1 ^ simetria=2,1.648702,0.812155,0.509950,0.000004,1.408512,1.166667
r27=0 ^ freq unos=1 ^ actividad=1 ^ transitoriedad=2,freq ceros=5 ^ freq dos=1 ^ width=2 ^ pasos=1 ^ simetria=2 ^ entropia=1 ^ time entropy=1,1.933482,0.460659,0.873267,0.000003,1.913576,0.166667
r27=0,freq ceros=5 ^ pasos=1 ^ simetria=2 ^ transitoriedad=2,1.648702,0.945725,0.536879,0.000005,1.333574,1.166667
r27=0 ^ freq ceros=5 ^ width=2 ^ actividad=1,freq unos=1 ^ freq dos=1 ^ pasos=1 ^ simetria=2 ^ entropia=1 ^ transitoriedad=2 ^ time entropy=1,1.933482,0.246804,0.873438,0.000003,1.924118,0.166667
r24=0 ^ freq ceros=5 ^ width=2 ^ actividad=1,freq unos=1 ^ freq dos=1 ^ pasos=1 ^ simetria=2 ^ entropia=1 ^ transitoriedad=2 ^ time entropy=1,1.939272,0.066295,0.883903,0.000003,1.937190,0.166667
r27=0,width=2 ^ pasos=1 ^ simetria=2 ^ transitoriedad=2,1.784082,1.352012,0.907176,0.000156,1.333574,1.166667
r27=0 ^ actividad=1 ^ transitoriedad=2,freq ceros=5 ^ freq dos=1 ^ width=2 ^ pasos=1 ^ simetria=2 ^ entropia=1 ^ time entropy=1,1.927946,0.901917,0.865463,0.000004,1.868764,0.333333
r27=0 ^ freq ceros=5 ^ width=2 ^ actividad=1,freq unos=1 ^ freq dos=1 ^ pasos=1 ^ simetria=2 ^ entropia=1 ^ transitoriedad=2 ^ time entropy=1,1.933482,0.246804,0.873438,0.000003,1.924118,0.166667
r27=0 ^ freq ceros=5 ^ width=2 ^ actividad=1,freq unos=1 ^ freq dos=1 ^ pasos=1 ^ simetria=2 ^ entropia=1 ^ transitoriedad=2 ^ time entropy=1,1.933482,0.246804,0.873438,0.000003,1.924118,0.166667
r27=0,freq ceros=5 ^ pasos=1 ^ simetria=2 ^ transitoriedad=2,1.648702,0.945725,0.536879,0.000005,1.333574,1.166667
r27=0 ^ freq ceros=5 ^ width=2 ^ actividad=1,freq unos=1 ^ freq dos=1 ^ pasos=1 ^ simetria=2 ^ entropia=1 ^ transitoriedad=2 ^ time entropy=1,1.933482,0.246804,0.873438,0.000003,1.924118,0.166667
r24=0 ^ freq ceros=5 ^ width=2 ^ actividad=1,freq unos=1 ^ freq dos=1 ^ pasos=1 ^ simetria=2 ^ entropia=1 ^ transitoriedad=2 ^ time entropy=1,1.939272,0.066295,0.883903,0.000003,1.937190,0.166667
r27=0,freq ceros=5 ^ width=2 ^ pasos=1 ^ simetria=2 ^ actividad=1 ^ entropia=1 ^ transitoriedad=2 ^ time entropy=1,1.925808,1.777344,0.901059,0.000026,1.333574,0.500000
r24=0 ^ freq ceros=5 ^ width=2 ^ actividad=1,freq unos=1 ^ freq dos=1 ^ pasos=1 ^ simetria=2 ^ entropia=1 ^ transitoriedad=2 ^ time entropy=1,1.939272,0.066295,0.883903,0.000003,1.937190,0.166667
r27=2 ^ transitoriedad=2,pasos=1 ^ simetria=2,1.410510,0.012200,0.904785,0.000058,1.406892,1.333333
r27=0 ^ width=5,freq ceros=5 ^ pasos=1,1.794556,0.000000,0.668432,0.000004,1.794556,1.333333
r27=0 ^ width=5 ^ simetria=2 ^ transitoriedad=2,freq ceros=5 ^ pasos=1,1.818964,0.000000,0.707824,0.000005,1.818964,1.000000
r27=0 ^ freq ceros=5 ^ width=2 ^ actividad=1,freq dos=1 ^ pasos=1 ^ simetria=2 ^ entropia=1 ^ transitoriedad=2 ^ time entropy=1,1.927946,0.100893,0.866502,0.000004,1.924118,0.333333
r24=0 ^ freq ceros=5 ^ width=2 ^ actividad=1,freq unos=1 ^ freq dos=1 ^ pasos=1 ^ simetria=2 ^ entropia=1 ^ transitoriedad=2 ^ time entropy=1,1.939272,0.066295,0.883903,0.000003,1.937190,0.166667
r27=0 ^ width=5 ^ transitoriedad=2,freq ceros=5 ^ pasos=1,1.794556,0.000000,0.668432,0.000004,1.794556,1.166667
r27=0 ^ width=5 ^ simetria=2 ^ transitoriedad=2,freq ceros=5 ^ pasos=1,1.818964,0.000000,0.707824,0.000005,1.818964,1.000000
r27=0 ^ width=2 ^ actividad=1 ^ entropia=1,freq dos=1 ^ pasos=1 ^ simetria=2 ^ transitoriedad=2 ^ time entropy=1,1.919034,0.152516,0.851025,0.000004,1.912350,0.500000
r24=0 ^ freq ceros=5 ^ width=2 ^ actividad=1,freq unos=1 ^ freq dos=1 ^ pasos=1 ^ simetria=2 ^ entropia=1 ^ transitoriedad=2 ^ time entropy=1,1.939272,0.066295,0.883903,0.000003,1.937190,0.166667
r27=0 ^ freq ceros=5 ^ width=2 ^ actividad=1,freq dos=1 ^ pasos=1 ^ simetria=2 ^ entropia=1 ^ transitoriedad=2 ^ time entropy=1,1.927946,0.100893,0.866502,0.000004,1.924118,0.333333
r3=2 ^ freq ceros=1 ^ entropia=3 ^ sensitividad=3,pasos=1 ^ simetria=2,1.999978,0.000000,0.999996,0.980455,1.999978,1.000000
r24=0 ^ freq ceros=5 ^ width=2 ^ actividad=1,freq unos=1 ^ freq dos=1 ^ pasos=1 ^ simetria=2 ^ entropia=1 ^ transitoriedad=2 ^ time entropy=1,1.939272,0.066295,0.883903,0.000003,1.937190,0.166667
r24=0 ^ freq ceros=5 ^ width=2 ^ actividad=1,freq unos=1 ^ freq dos=1 ^ pasos=1 ^ simetria=2 ^ entropia=1 ^ transitoriedad=2 ^ time entropy=1,1.939272,0.066295,0.883903,0.000003,1.937190,0.166667
r24=0 ^ freq ceros=5 ^ width=2 ^ actividad=1,freq unos=1 ^ freq dos=1 ^ pasos=1 ^ simetria=2 ^ entropia=1 ^ transitoriedad=2 ^ time entropy=1,1.939272,0.066295,0.883903,0.000003,1.937190,0.166667
r24=0 ^ freq ceros=5 ^ width=2 ^ actividad=1,freq unos=1 ^ freq dos=1 ^ pasos=1 ^ simetria=2 ^ entropia=1 ^ transitoriedad=2 ^ time entropy=1,1.939272,0.066295,0.883903,0.000003,1.937190,0.166667
r18=0 ^ transitoriedad=2,pasos=1 ^ simetria=2,1.431578,0.020112,0.912364,0.000067,1.425804,1.333333
r27=2 ^ freq dos=5,pasos=1 ^ simetria=2 ^ transitoriedad=2,1.719784,0.018302,0.932558,0.000096,1.717196,1.166667
r27=0 ^ freq ceros=5 ^ width=2 ^ actividad=1,freq dos=1 ^ pasos=1 ^ simetria=2 ^ transitoriedad=2,1.926792,0.070478,0.869274,0.000006,1.924118,0.666667
r24=0 ^ freq ceros=5 ^ width=2 ^ actividad=1,freq unos=1 ^ freq dos=1 ^ pasos=1 ^ simetria=2 ^ entropia=1 ^ transitoriedad=2 ^ time entropy=1,1.939272,0.066295,0.883903,0.000003,1.937190,0.166667
r4=2,pasos=1 ^ simetria=2 ^ transitoriedad=2,1.420412,0.258826,1.001362,0.352907,1.334256,1.333333
r1=2 ^ r18=1 ^ freq ceros=1 ^ entropia=3,pasos=1 ^ simetria=2,1.999944,0.000000,0.999990,0.548398,1.999944,1.000000
r27=0 ^ freq ceros=5 ^ width=2 ^ actividad=1,freq dos=1 ^ pasos=1 ^ simetria=2 ^ entropia=1 ^ transitoriedad=2 ^ time entropy=1,1.927946,0.100893,0.866502,0.000004,1.924118,0.333333
r8=2 ^ r20=2,pasos=1 ^ simetria=2 ^ transitoriedad=2,1.806286,0.258798,1.000449,0.935326,1.777494,1.166667
r3=0 ^ freq ceros=1 ^ entropia=3 ^ sensitividad=5,pasos=1 ^ simetria=2 ^ transitoriedad=2,1.999992,0.000000,0.999998,1.258486,1.999992,0.833333
r24=0 ^ freq ceros=5 ^ width=2 ^ actividad=1,freq unos=1 ^ freq dos=1 ^ pasos=1 ^ simetria=2 ^ entropia=1 ^ transitoriedad=2 ^ time entropy=1,1.939272,0.066295,0.883903,0.000003,1.937190,0.166667
r27=0 ^ freq ceros=5 ^ simetria=2 ^ transitoriedad=2,pasos=1,1.648702,0.000000,0.977633,0.000285,1.648702,1.166667
r1=2 ^ r27=2 ^ freq dos=5 ^ transitoriedad=2,pasos=1 ^ simetria=2,1.822614,0.018410,0.972370,0.000270,1.820966,1.000000
r24=0 ^ freq ceros=5 ^ width=2 ^ actividad=1,freq dos=1 ^ pasos=1 ^ simetria=2 ^ entropia=1 ^ transitoriedad=2 ^ time entropy=1,1.939080,0.060181,0.886942,0.000005,1.937190,0.333333
r27=0 ^ freq ceros=5 ^ width=2 ^ actividad=1,freq dos=1 ^ pasos=1 ^ simetria=2 ^ entropia=1 ^ transitoriedad=2 ^ time entropy=1,1.927946,0.100893,0.866502,0.000004,1.924118,0.333333
r27=0 ^ freq ceros=5 ^ width=2 ^ actividad=1,freq dos=1 ^ pasos=1 ^ simetria=2 ^ entropia=1 ^ transitoriedad=2 ^ time entropy=1,1.927946,0.100893,0.866502,0.000004,1.924118,0.333333
r24=0 ^ freq ceros=5 ^ width=2 ^ actividad=1,freq unos=1 ^ freq dos=1 ^ pasos=1 ^ simetria=2 ^ entropia=1 ^ transitoriedad=2 ^ time entropy=1,1.939272,0.066295,0.883903,0.000003,1.937190,0.166667
r27=0 ^ freq ceros=5 ^ width=2 ^ actividad=1,freq dos=1 ^ pasos=1 ^ simetria=2 ^ entropia=1 ^ transitoriedad=2 ^ time entropy=1,1.927946,0.100893,0.866502,0.000004,1.924118,0.333333
r24=0 ^ freq ceros=5 ^ width=2 ^ actividad=1,freq unos=1 ^ freq dos=1 ^ pasos=1 ^ simetria=2 ^ entropia=1 ^ transitoriedad=2 ^ time entropy=1,1.939272,0.066295,0.883903,0.000003,1.937190,0.166667
r24=0 ^ freq ceros=5 ^ width=2 ^ actividad=1,freq unos=1 ^ freq dos=1 ^ pasos=1 ^ simetria=2 ^ entropia=1 ^ transitoriedad=2 ^ time entropy=1,1.939272,0.066295,0.883903,0.000003,1.937190,0.166667
r24=0 ^ freq ceros=5 ^ width=2 ^ actividad=1,freq unos=1 ^ freq dos=1 ^ pasos=1 ^ simetria=2 ^ entropia=1 ^ transitoriedad=2 ^ time entropy=1,1.939272,0.066295,0.883903,0.000003,1.937190,0.166667
r27=0 ^ transitoriedad=2,freq ceros=5 ^ pasos=1,1.623404,0.726615,0.475176,0.000004,1.408512,1.333333
r1=2 ^ r27=2,freq dos=5 ^ pasos=1 ^ simetria=2,1.822614,0.397452,0.733058,0.000007,1.778620,1.166667
r27=0 ^ width=2 ^ entropia=1,freq dos=1 ^ pasos=1 ^ simetria=2 ^ transitoriedad=2 ^ time entropy=1,1.905350,0.306040,0.827220,0.000004,1.888250,0.666667
r27=0 ^ freq ceros=5 ^ width=2 ^ actividad=1,freq unos=1 ^ freq dos=1 ^ pasos=1 ^ simetria=2 ^ entropia=1 ^ transitoriedad=2 ^ time entropy=1,1.933482,0.246804,0.873438,0.000003,1.924118,0.166667
r27=0 ^ simetria=2 ^ transitoriedad=2,freq ceros=5 ^ pasos=1,1.648702,0.757382,0.515705,0.000004,1.434584,1.166667
r1=2 ^ r27=2,freq dos=5 ^ pasos=1 ^ simetria=2 ^ transitoriedad=2,1.822614,0.397452,0.733043,0.000007,1.778620,1.000000
r27=0 ^ freq unos=1 ^ width=2 ^ actividad=1,freq dos=1 ^ pasos=1 ^ simetria=2 ^ entropia=1 ^ transitoriedad=2 ^ time entropy=1,1.929432,0.242435,0.870092,0.000005,1.919698,0.333333
r24=0 ^ freq ceros=5 ^ width=2 ^ actividad=1,freq unos=1 ^ freq dos=1 ^ pasos=1 ^ simetria=2 ^ entropia=1 ^ transitoriedad=2 ^ time entropy=1,1.939272,0.066295,0.883903,0.000003,1.937190,0.166667
r27=0 ^ freq ceros=5 ^ width=2 ^ actividad=1,freq unos=1 ^ freq dos=1 ^ pasos=1 ^ simetria=2 ^ entropia=1 ^ transitoriedad=2 ^ time entropy=1,1.933482,0.246804,0.873438,0.000003,1.924118,0.166667
r24=0 ^ freq ceros=5 ^ width=2 ^ actividad=1,freq unos=1 ^ freq dos=1 ^ pasos=1 ^ simetria=2 ^ entropia=1 ^ transitoriedad=2 ^ time entropy=1,1.939272,0.066295,0.883903,0.000003,1.937190,0.166667
r27=0 ^ freq ceros=5,pasos=1 ^ simetria=2 ^ transitoriedad=2,1.648702,0.134351,0.953894,0.000257,1.623404,1.166667
r27=0 ^ freq unos=1 ^ transitoriedad=2,width=2 ^ pasos=1 ^ simetria=2,1.895742,0.474087,0.861010,0.000020,1.863350,1.000000
r27=0 ^ freq ceros=5 ^ actividad=1 ^ entropia=1,freq dos=1 ^ width=2 ^ pasos=1 ^ simetria=2 ^ transitoriedad=2 ^ time entropy=1,1.927946,0.343967,0.866574,0.000004,1.912980,0.333333
r4=2 ^ r12=2,pasos=1 ^ simetria=2 ^ transitoriedad=2,1.806308,0.260199,1.000761,0.468126,1.777340,1.166667
r12=1 ^ freq ceros=1 ^ entropia=3 ^ sensitividad=5,width=4 ^ pasos=1 ^ simetria=2 ^ transitoriedad=2,1.999996,0.666667,0.999995,0.416259,1.999994,0.666667
r27=0 ^ freq ceros=5 ^ width=2 ^ actividad=1,freq unos=1 ^ freq dos=1 ^ pasos=1 ^ simetria=2 ^ entropia=1 ^ transitoriedad=2 ^ time entropy=1,1.933482,0.246804,0.873438,0.000003,1.924118,0.166667
r27=0 ^ freq ceros=5 ^ width=5 ^ transitoriedad=2,pasos=1 ^ simetria=2,1.818964,0.237612,1.013328,0.001309,1.794556,1.000000
r27=0 ^ freq ceros=5 ^ actividad=1 ^ entropia=1,freq dos=1 ^ width=2 ^ pasos=1 ^ simetria=2 ^ transitoriedad=2 ^ time entropy=1,1.927946,0.343967,0.866574,0.000004,1.912980,0.333333
r27=0 ^ freq ceros=5 ^ freq unos=1 ^ actividad=1,freq dos=1 ^ width=2 ^ pasos=1 ^ simetria=2 ^ entropia=1 ^ transitoriedad=2 ^ time entropy=1,1.933482,0.242450,0.875727,0.000004,1.924306,0.166667
r27=0 ^ freq ceros=5 ^ freq unos=1 ^ actividad=1,freq dos=1 ^ width=2 ^ pasos=1 ^ simetria=2 ^ entropia=1 ^ transitoriedad=2 ^ time entropy=1,1.933482,0.242450,0.875727,0.000004,1.924306,0.166667
r27=0 ^ transitoriedad=2,freq ceros=5 ^ pasos=1 ^ simetria=2,1.648702,0.812155,0.509950,0.000004,1.408512,1.166667
r27=0 ^ entropia=1,freq dos=1 ^ pasos=1 ^ transitoriedad=2 ^ time entropy=1,1.876612,0.956303,0.794337,0.000006,1.763556,1.000000
r27=0 ^ width=2 ^ actividad=1 ^ transitoriedad=2,freq ceros=5 ^ freq dos=1 ^ pasos=1 ^ simetria=2 ^ entropia=1 ^ time entropy=1,1.927946,0.572170,0.863501,0.000003,1.899072,0.333333
r27=0 ^ transitoriedad=2,freq ceros=5 ^ pasos=1 ^ simetria=2,1.648702,0.812155,0.509950,0.000004,1.408512,1.166667
r27=0 ^ width=2 ^ actividad=1 ^ transitoriedad=2,freq ceros=5 ^ freq dos=1 ^ pasos=1 ^ simetria=2 ^ entropia=1 ^ time entropy=1,1.927946,0.572170,0.863501,0.000003,1.899072,0.333333
r27=0 ^ freq ceros=5 ^ width=2 ^ actividad=1,freq unos=1 ^ freq dos=1 ^ pasos=1 ^ simetria=2 ^ entropia=1 ^ transitoriedad=2 ^ time entropy=1,1.933482,0.246804,0.873438,0.000003,1.924118,0.166667
r27=0 ^ simetria=2 ^ transitoriedad=2,width=2 ^ pasos=1,1.784082,1.236251,0.856511,0.000060,1.434584,1.166667
r27=0 ^ actividad=1 ^ transitoriedad=2,freq ceros=5 ^ freq unos=1 ^ freq dos=1 ^ width=2 ^ pasos=1 ^ simetria=2,1.932536,0.971867,0.874196,0.000004,1.868764,0.500000
r27=0 ^ actividad=1 ^ entropia=1 ^ transitoriedad=2,freq ceros=5 ^ freq dos=1 ^ width=2 ^ pasos=1 ^ simetria=2 ^ time entropy=1,1.927946,0.559352,0.863384,0.000003,1.899970,0.333333
r27=0 ^ freq unos=1 ^ actividad=1 ^ transitoriedad=2,freq ceros=5 ^ freq dos=1 ^ width=2 ^ pasos=1 ^ simetria=2 ^ entropia=1 ^ time entropy=1,1.933482,0.460659,0.873267,0.000003,1.913576,0.166667
r27=2,freq dos=5 ^ pasos=1 ^ simetria=2 ^ transitoriedad=2,1.719784,1.158660,0.703798,0.000013,1.333882,1.166667
r27=0 ^ actividad=1,freq dos=1 ^ width=2 ^ pasos=1 ^ simetria=2 ^ entropia=1 ^ transitoriedad=2 ^ time entropy=1,1.919034,1.212898,0.861885,0.000008,1.794268,0.500000
r27=0 ^ freq ceros=5 ^ width=2 ^ actividad=1,freq unos=1 ^ freq dos=1 ^ pasos=1 ^ simetria=2 ^ entropia=1 ^ transitoriedad=2 ^ time entropy=1,1.933482,0.246804,0.873438,0.000003,1.924118,0.166667
r24=2,freq dos=1 ^ width=2 ^ pasos=1 ^ simetria=2 ^ entropia=1 ^ transitoriedad=2 ^ time entropy=1,1.989460,1.968324,1.055962,0.000124,1.334510,0.666667
r27=0 ^ transitoriedad=2,freq ceros=5 ^ width=2 ^ pasos=1 ^ simetria=2 ^ actividad=1 ^ entropia=1 ^ time entropy=1,1.925808,1.749134,0.895500,0.000022,1.408512,0.500000
r27=0 ^ width=5 ^ simetria=2 ^ transitoriedad=2,freq ceros=5 ^ pasos=1,1.818964,0.000000,0.707824,0.000005,1.818964,1.000000
r27=0 ^ width=5 ^ simetria=2 ^ transitoriedad=2,freq ceros=5 ^ pasos=1,1.818964,0.000000,0.707824,0.000005,1.818964,1.000000
r27=0 ^ freq ceros=5 ^ width=2 ^ actividad=1,freq dos=1 ^ pasos=1 ^ simetria=2 ^ transitoriedad=2 ^ time entropy=1,1.927538,0.090140,0.866293,0.000004,1.924118,0.500000
r24=0 ^ freq ceros=5 ^ width=2 ^ actividad=1,freq unos=1 ^ freq dos=1 ^ pasos=1 ^ simetria=2 ^ entropia=1 ^ transitoriedad=2 ^ time entropy=1,1.939272,0.066295,0.883903,0.000003,1.937190,0.166667
r27=0 ^ width=5 ^ simetria=2 ^ transitoriedad=2,freq ceros=5 ^ pasos=1,1.818964,0.000000,0.707824,0.000005,1.818964,1.000000
r27=0 ^ width=2 ^ actividad=1 ^ entropia=1,freq dos=1 ^ pasos=1 ^ simetria=2 ^ transitoriedad=2 ^ time entropy=1,1.919034,0.152516,0.851025,0.000004,1.912350,0.500000
r27=0 ^ freq ceros=5 ^ width=2 ^ actividad=1,freq dos=1 ^ pasos=1 ^ simetria=2 ^ entropia=1 ^ transitoriedad=2 ^ time entropy=1,1.927946,0.100893,0.866502,0.000004,1.924118,0.333333
r27=0 ^ freq ceros=5 ^ width=2 ^ actividad=1,freq dos=1 ^ pasos=1 ^ simetria=2 ^ entropia=1 ^ transitoriedad=2 ^ time entropy=1,1.927946,0.100893,0.866502,0.000004,1.924118,0.333333
r24=0 ^ freq ceros=5 ^ width=2 ^ actividad=1,freq unos=1 ^ freq dos=1 ^ pasos=1 ^ simetria=2 ^ entropia=1 ^ transitoriedad=2 ^ time entropy=1,1.939272,0.066295,0.883903,0.000003,1.937190,0.166667
r24=0 ^ freq ceros=5 ^ width=2 ^ actividad=1,freq unos=1 ^ freq dos=1 ^ pasos=1 ^ simetria=2 ^ entropia=1 ^ transitoriedad=2 ^ time entropy=1,1.939272,0.066295,0.883903,0.000003,1.937190,0.166667
r27=0 ^ width=5 ^ simetria=2 ^ transitoriedad=2,freq ceros=5 ^ pasos=1,1.818964,0.000000,0.707824,0.000005,1.818964,1.000000
r27=0 ^ freq ceros=5 ^ width=2 ^ entropia=1,pasos=1 ^ simetria=2 ^ transitoriedad=2 ^ time entropy=1,1.923972,0.058480,0.863619,0.000006,1.921682,0.666667
r24=0 ^ freq ceros=5 ^ width=2 ^ actividad=1,freq dos=1 ^ pasos=1 ^ simetria=2 ^ entropia=1 ^ transitoriedad=2 ^ time entropy=1,1.939080,0.060181,0.886942,0.000005,1.937190,0.333333
r27=0 ^ freq ceros=5 ^ width=2 ^ actividad=1,pasos=1 ^ simetria=2 ^ entropia=1 ^ transitoriedad=2 ^ time entropy=1,1.925808,0.044543,0.864661,0.000005,1.924118,0.500000
r27=0 ^ freq ceros=5 ^ width=2 ^ actividad=1,freq dos=1 ^ pasos=1 ^ simetria=2 ^ entropia=1 ^ transitoriedad=2 ^ time entropy=1,1.927946,0.100893,0.866502,0.000004,1.924118,0.333333
r24=0 ^ freq ceros=5 ^ width=2 ^ actividad=1,freq unos=1 ^ freq dos=1 ^ pasos=1 ^ simetria=2 ^ entropia=1 ^ transitoriedad=2 ^ time entropy=1,1.939272,0.066295,0.883903,0.000003,1.937190,0.166667
r27=0 ^ freq ceros=5 ^ width=2 ^ actividad=1,pasos=1 ^ simetria=2 ^ entropia=1 ^ transitoriedad=2 ^ time entropy=1,1.925808,0.044543,0.864661,0.000005,1.924118,0.500000
r24=0 ^ freq ceros=5 ^ width=2 ^ actividad=1,freq dos=1 ^ pasos=1 ^ simetria=2 ^ entropia=1 ^ transitoriedad=2 ^ time entropy=1,1.939080,0.060181,0.886942,0.000005,1.937190,0.333333
r24=0 ^ freq ceros=5 ^ width=2 ^ actividad=1,freq unos=1 ^ freq dos=1 ^ pasos=1 ^ simetria=2 ^ entropia=1 ^ transitoriedad=2 ^ time entropy=1,1.939272,0.066295,0.883903,0.000003,1.937190,0.166667
r24=0 ^ freq ceros=5 ^ width=2 ^ actividad=1,freq unos=1 ^ freq dos=1 ^ pasos=1 ^ simetria=2 ^ entropia=1 ^ transitoriedad=2 ^ time entropy=1,1.939272,0.066295,0.883903,0.000003,1.937190,0.166667
r27=0 ^ width=5 ^ transitoriedad=2,freq ceros=5 ^ pasos=1 ^ simetria=2,1.818964,0.237612,0.711753,0.000005,1.794556,1.000000
r27=0 ^ width=2 ^ entropia=1,freq dos=1 ^ pasos=1 ^ simetria=2 ^ transitoriedad=2 ^ time entropy=1,1.905350,0.306040,0.827220,0.000004,1.888250,0.666667
r27=0 ^ width=2 ^ actividad=1 ^ entropia=1,freq ceros=5 ^ freq dos=1 ^ pasos=1 ^ simetria=2 ^ transitoriedad=2 ^ time entropy=1,1.927946,0.355870,0.862678,0.000003,1.912350,0.333333
r27=0 ^ width=2 ^ actividad=1 ^ entropia=1,freq dos=1 ^ pasos=1 ^ simetria=2 ^ transitoriedad=2 ^ time entropy=1,1.919034,0.152516,0.851025,0.000004,1.912350,0.500000
r27=0 ^ width=2 ^ actividad=1 ^ entropia=1,freq ceros=5 ^ freq dos=1 ^ pasos=1 ^ simetria=2 ^ transitoriedad=2 ^ time entropy=1,1.927946,0.355870,0.862678,0.000003,1.912350,0.333333
r27=0 ^ freq ceros=5 ^ width=2 ^ actividad=1,freq unos=1 ^ freq dos=1 ^ pasos=1 ^ simetria=2 ^ entropia=1 ^ transitoriedad=2 ^ time entropy=1,1.933482,0.246804,0.873438,0.000003,1.924118,0.166667
r27=0 ^ width=2 ^ entropia=1,freq dos=1 ^ pasos=1 ^ simetria=2 ^ transitoriedad=2 ^ time entropy=1,1.905350,0.306040,0.827220,0.000004,1.888250,0.666667
r27=0 ^ width=2 ^ actividad=1 ^ entropia=1,freq ceros=5 ^ freq dos=1 ^ pasos=1 ^ simetria=2 ^ transitoriedad=2 ^ time entropy=1,1.927946,0.355870,0.862678,0.000003,1.912350,0.333333
r27=0 ^ freq ceros=5 ^ width=2 ^ actividad=1,freq unos=1 ^ freq dos=1 ^ pasos=1 ^ simetria=2 ^ entropia=1 ^ transitoriedad=2 ^ time entropy=1,1.933482,0.246804,0.873438,0.000003,1.924118,0.166667
r27=0 ^ freq ceros=5 ^ freq unos=1 ^ actividad=1,freq dos=1 ^ width=2 ^ pasos=1 ^ simetria=2 ^ entropia=1 ^ transitoriedad=2 ^ time entropy=1,1.933482,0.242450,0.875727,0.000004,1.924306,0.166667
r27=0 ^ width=2 ^ actividad=1,freq dos=1 ^ pasos=1 ^ simetria=2 ^ entropia=1 ^ transitoriedad=2 ^ time entropy=1,1.919034,0.395569,0.852180,0.000005,1.899072,0.500000
r27=0 ^ width=2 ^ actividad=1 ^ transitoriedad=2,freq ceros=5 ^ freq dos=1 ^ pasos=1 ^ simetria=2 ^ entropia=1 ^ time entropy=1,1.927946,0.572170,0.863501,0.000003,1.899072,0.333333
r27=0 ^ freq unos=1 ^ width=2 ^ actividad=1,freq ceros=5 ^ freq dos=1 ^ pasos=1 ^ simetria=2 ^ entropia=1 ^ transitoriedad=2 ^ time entropy=1,1.933482,0.343304,0.873018,0.000003,1.919698,0.166667
r27=0 ^ width=2 ^ actividad=1 ^ transitoriedad=2,freq ceros=5 ^ freq dos=1 ^ pasos=1 ^ simetria=2 ^ entropia=1 ^ time entropy=1,1.927946,0.572170,0.863501,0.000003,1.899072,0.333333
r27=0 ^ actividad=1 ^ entropia=1 ^ transitoriedad=2,freq ceros=5 ^ freq unos=1 ^ freq dos=1 ^ width=2 ^ pasos=1 ^ simetria=2 ^ time entropy=1,1.933482,0.670039,0.873827,0.000003,1.899970,0.166667
r27=0 ^ width=2 ^ actividad=1 ^ entropia=1,freq dos=1 ^ pasos=1 ^ simetria=2 ^ transitoriedad=2 ^ time entropy=1,1.919034,0.152516,0.851025,0.000004,1.912350,0.500000
r27=0 ^ freq ceros=5 ^ width=2 ^ actividad=1,pasos=1 ^ simetria=2 ^ entropia=1 ^ transitoriedad=2 ^ time entropy=1,1.925808,0.044543,0.864661,0.000005,1.924118,0.500000
r24=0 ^ freq ceros=5 ^ width=2 ^ actividad=1,freq unos=1 ^ freq dos=1 ^ pasos=1 ^ simetria=2 ^ entropia=1 ^ transitoriedad=2 ^ time entropy=1,1.939272,0.066295,0.883903,0.000003,1.937190,0.166667
r27=0 ^ freq ceros=5 ^ width=2 ^ actividad=1,freq dos=1 ^ pasos=1 ^ simetria=2 ^ entropia=1 ^ transitoriedad=2 ^ time entropy=1,1.927946,0.100893,0.866502,0.000004,1.924118,0.333333
r24=0 ^ freq ceros=5 ^ width=2 ^ actividad=1,freq unos=1 ^ freq dos=1 ^ pasos=1 ^ simetria=2 ^ entropia=1 ^ transitoriedad=2 ^ time entropy=1,1.939272,0.066295,0.883903,0.000003,1.937190,0.166667
r24=0 ^ freq ceros=5 ^ width=2 ^ actividad=1,freq unos=1 ^ freq dos=1 ^ pasos=1 ^ simetria=2 ^ entropia=1 ^ transitoriedad=2 ^ time entropy=1,1.939272,0.066295,0.883903,0.000003,1.937190,0.166667
r27=0 ^ freq ceros=5 ^ width=2 ^ actividad=1,freq dos=1 ^ pasos=1 ^ simetria=2 ^ entropia=1 ^ transitoriedad=2 ^ time entropy=1,1.927946,0.100893,0.866502,0.000004,1.924118,0.333333
r24=0 ^ freq ceros=5 ^ width=2 ^ actividad=1,freq unos=1 ^ freq dos=1 ^ pasos=1 ^ simetria=2 ^ entropia=1 ^ transitoriedad=2 ^ time entropy=1,1.939272,0.066295,0.883903,0.000003,1.937190,0.166667
r24=0 ^ freq ceros=5 ^ width=2 ^ actividad=1,freq unos=1 ^ freq dos=1 ^ pasos=1 ^ simetria=2 ^ entropia=1 ^ transitoriedad=2 ^ time entropy=1,1.939272,0.066295,0.883903,0.000003,1.937190,0.166667
r24=0 ^ freq ceros=5 ^ width=2 ^ actividad=1,freq unos=1 ^ freq dos=1 ^ pasos=1 ^ simetria=2 ^ entropia=1 ^ transitoriedad=2 ^ time entropy=1,1.939272,0.066295,0.883903,0.000003,1.937190,0.166667
r27=0 ^ freq ceros=5 ^ width=2 ^ actividad=1,freq dos=1 ^ pasos=1 ^ simetria=2 ^ entropia=1 ^ transitoriedad=2 ^ time entropy=1,1.927946,0.100893,0.866502,0.000004,1.924118,0.333333
r27=0 ^ freq ceros=5 ^ width=2 ^ actividad=1,freq unos=1 ^ freq dos=1 ^ pasos=1 ^ simetria=2 ^ entropia=1 ^ transitoriedad=2 ^ time entropy=1,1.933482,0.246804,0.873438,0.000003,1.924118,0.166667
r27=0 ^ freq ceros=5 ^ width=2 ^ actividad=1,freq unos=1 ^ freq dos=1 ^ pasos=1 ^ simetria=2 ^ entropia=1 ^ transitoriedad=2 ^ time entropy=1,1.933482,0.246804,0.873438,0.000003,1.924118,0.166667
r27=0 ^ freq ceros=5 ^ width=2 ^ actividad=1,freq unos=1 ^ freq dos=1 ^ pasos=1 ^ simetria=2 ^ entropia=1 ^ transitoriedad=2 ^ time entropy=1,1.933482,0.246804,0.873438,0.000003,1.924118,0.166667
r27=0 ^ freq unos=1 ^ width=2 ^ actividad=1,freq ceros=5 ^ freq dos=1 ^ pasos=1 ^ simetria=2 ^ entropia=1 ^ transitoriedad=2 ^ time entropy=1,1.933482,0.343304,0.873018,0.000003,1.919698,0.166667
r27=0 ^ freq ceros=5 ^ width=2 ^ actividad=1,freq dos=1 ^ pasos=1 ^ simetria=2 ^ entropia=1 ^ transitoriedad=2 ^ time entropy=1,1.927946,0.100893,0.866502,0.000004,1.924118,0.333333
r24=0 ^ freq ceros=5 ^ width=2 ^ actividad=1,freq unos=1 ^ freq dos=1 ^ pasos=1 ^ simetria=2 ^ entropia=1 ^ transitoriedad=2 ^ time entropy=1,1.939272,0.066295,0.883903,0.000003,1.937190,0.166667
r24=0 ^ freq ceros=5 ^ width=2 ^ actividad=1,freq unos=1 ^ freq dos=1 ^ pasos=1 ^ simetria=2 ^ entropia=1 ^ transitoriedad=2 ^ time entropy=1,1.939272,0.066295,0.883903,0.000003,1.937190,0.166667
r24=0 ^ freq ceros=5 ^ width=2 ^ actividad=1,freq unos=1 ^ freq dos=1 ^ pasos=1 ^ simetria=2 ^ entropia=1 ^ transitoriedad=2 ^ time entropy=1,1.939272,0.066295,0.883903,0.000003,1.937190,0.166667
r27=0 ^ freq ceros=5 ^ width=2 ^ actividad=1,freq unos=1 ^ freq dos=1 ^ pasos=1 ^ simetria=2 ^ entropia=1 ^ transitoriedad=2 ^ time entropy=1,1.933482,0.246804,0.873438,0.000003,1.924118,0.166667
r24=0 ^ freq ceros=5 ^ width=2 ^ actividad=1,freq unos=1 ^ freq dos=1 ^ pasos=1 ^ simetria=2 ^ entropia=1 ^ transitoriedad=2 ^ time entropy=1,1.939272,0.066295,0.883903,0.000003,1.937190,0.166667
