antecedente,consecuente,support,confidence,leverage,chi_cuadrada,coverage,rule_size
r27=2 ^ transitoriedad=2,pasos=1 ^ simetria=2,1.410510,0.012200,0.904785,0.000058,1.406892,1.333333
r27=0 ^ pasos=1 ^ simetria=2,transitoriedad=2,1.434584,0.046700,0.900581,0.000065,1.421066,1.333333
r27=0 ^ width=5 ^ simetria=2,freq ceros=5 ^ pasos=1 ^ transitoriedad=2,1.818964,0.000000,0.707824,0.000005,1.818964,1.000000
r27=0 ^ width=5 ^ simetria=2,freq ceros=5 ^ pasos=1 ^ transitoriedad=2,1.818964,0.000000,0.707824,0.000005,1.818964,1.000000
r26=1 ^ r27=0 ^ width=5 ^ entropia=5,freq ceros=5 ^ pasos=1 ^ simetria=2 ^ transitoriedad=2,1.949014,0.039302,0.916717,0.000017,1.947992,0.666667
r14=2 ^ r27=1 ^ freq ceros=5 ^ time entropy=3,freq unos=4 ^ freq dos=4 ^ width=5 ^ pasos=1 ^ actividad=5 ^ transitoriedad=2 ^ sensitividad=2,1.999998,0.000000,0.999996,0.000252,1.999998,0.166667
r27=2 ^ transitoriedad=2,pasos=1 ^ simetria=2,1.410510,0.012200,0.904785,0.000058,1.406892,1.333333
r27=0 ^ width=5 ^ transitoriedad=2,freq ceros=5 ^ pasos=1,1.794556,0.000000,0.668432,0.000004,1.794556,1.166667
r27=0 ^ width=5 ^ simetria=2,freq ceros=5 ^ pasos=1 ^ transitoriedad=2,1.818964,0.000000,0.707824,0.000005,1.818964,1.000000
r26=1 ^ r27=0 ^ width=5 ^ simetria=2,freq ceros=5 ^ pasos=1 ^ transitoriedad=2,1.898506,0.000000,0.836198,0.000009,1.898506,0.833333
r14=2 ^ r27=1 ^ freq ceros=5 ^ time entropy=3,freq unos=4 ^ width=5 ^ pasos=1 ^ simetria=2 ^ actividad=5 ^ entropia=5 ^ transitoriedad=2,1.999998,0.000000,0.999996,0.012732,1.999998,0.166667
r22=0,pasos=1 ^ simetria=2 ^ transitoriedad=2,1.418346,0.255350,0.999047,0.609041,1.333214,1.333333
r27=0 ^ width=5 ^ simetria=2,freq ceros=5 ^ pasos=1 ^ transitoriedad=2,1.818964,0.000000,0.707824,0.000005,1.818964,1.000000
r27=0 ^ width=5 ^ simetria=2,freq ceros=5 ^ pasos=1 ^ transitoriedad=2,1.818964,0.000000,0.707824,0.000005,1.818964,1.000000
r14=2 ^ r27=1 ^ freq ceros=5 ^ time entropy=3,freq unos=4 ^ width=5 ^ pasos=1 ^ simetria=2 ^ actividad=5 ^ entropia=5 ^ transitoriedad=2,1.999998,0.000000,0.999996,0.012732,1.999998,0.166667
r8=2,pasos=1 ^ simetria=2,1.390908,0.172311,0.999717,1.555076,1.333484,1.500000
r14=2 ^ r27=1 ^ freq ceros=5 ^ time entropy=3,freq unos=4 ^ freq dos=4 ^ width=5 ^ pasos=1 ^ simetria=2 ^ actividad=5 ^ entropia=5 ^ transitoriedad=2 ^ sensitividad=2,1.999998,0.000000,0.999996,0.000124,1.999998,0.000000
r14=2 ^ r27=1 ^ freq ceros=5 ^ time entropy=3,freq unos=4 ^ freq dos=4 ^ width=5 ^ pasos=1 ^ simetria=2 ^ actividad=5 ^ entropia=5 ^ transitoriedad=2,1.999998,0.000000,0.999996,0.002056,1.999998,0.000000
r14=2 ^ r27=1 ^ freq ceros=5 ^ time entropy=3,freq unos=4 ^ freq dos=4 ^ width=5 ^ pasos=1 ^ simetria=2 ^ actividad=5 ^ entropia=5 ^ transitoriedad=2 ^ sensitividad=2,1.999998,0.000000,0.999996,0.000124,1.999998,0.000000
r14=2 ^ r27=1 ^ freq ceros=5 ^ time entropy=3,freq unos=4 ^ freq dos=4 ^ width=5 ^ pasos=1 ^ simetria=2 ^ actividad=5 ^ entropia=5 ^ transitoriedad=2 ^ sensitividad=2,1.999998,0.000000,0.999996,0.000124,1.999998,0.000000
r14=2 ^ r27=1 ^ freq ceros=5 ^ time entropy=3,freq unos=4 ^ freq dos=4 ^ width=5 ^ pasos=1 ^ simetria=2 ^ actividad=5 ^ entropia=5 ^ transitoriedad=2 ^ sensitividad=2,1.999998,0.000000,0.999996,0.000124,1.999998,0.000000
r27=2 ^ transitoriedad=2,pasos=1 ^ simetria=2,1.410510,0.012200,0.904785,0.000058,1.406892,1.333333
r26=0 ^ transitoriedad=2,pasos=1 ^ simetria=2,1.431204,0.020119,0.912310,0.000067,1.425424,1.333333
r27=0 ^ width=5 ^ simetria=2,freq ceros=5 ^ pasos=1 ^ transitoriedad=2,1.818964,0.000000,0.707824,0.000005,1.818964,1.000000
r26=1 ^ r27=0 ^ width=5 ^ entropia=5,freq ceros=5 ^ pasos=1 ^ simetria=2 ^ transitoriedad=2,1.949014,0.039302,0.916717,0.000017,1.947992,0.666667
r14=2 ^ r27=1 ^ freq ceros=5 ^ time entropy=3,freq unos=4 ^ freq dos=4 ^ width=5 ^ pasos=1 ^ actividad=5 ^ transitoriedad=2 ^ sensitividad=2,1.999998,0.000000,0.999996,0.000252,1.999998,0.166667
r4=2,pasos=1,1.355098,0.062613,0.999296,0.362013,1.334256,1.666667
r27=0 ^ freq ceros=5 ^ simetria=2,pasos=1 ^ transitoriedad=2,1.648702,0.000000,0.923203,0.000076,1.648702,1.166667
r26=1 ^ r27=0 ^ width=5 ^ simetria=2,freq ceros=5 ^ pasos=1 ^ transitoriedad=2,1.898506,0.000000,0.836198,0.000009,1.898506,0.833333
r14=2 ^ r27=1 ^ freq ceros=5 ^ time entropy=3,freq unos=4 ^ width=5 ^ pasos=1 ^ simetria=2 ^ actividad=5 ^ entropia=5 ^ transitoriedad=2,1.999998,0.000000,0.999996,0.012732,1.999998,0.166667
r8=2,pasos=1,1.354536,0.063170,0.999667,0.993820,1.333484,1.666667
r5=1 ^ r9=1,pasos=1 ^ simetria=2 ^ transitoriedad=2,1.806392,0.258749,1.000438,0.960116,1.777622,1.166667
r14=2 ^ r27=1 ^ freq ceros=5 ^ time entropy=3,freq unos=4 ^ width=5 ^ pasos=1 ^ simetria=2 ^ actividad=5 ^ entropia=5 ^ transitoriedad=2,1.999998,0.000000,0.999996,0.012732,1.999998,0.166667
r4=2,pasos=1 ^ simetria=2,1.391858,0.173045,1.000206,1.736981,1.334256,1.500000
r14=2 ^ r27=1 ^ freq ceros=5 ^ time entropy=3,freq unos=4 ^ freq dos=4 ^ width=5 ^ pasos=1 ^ simetria=2 ^ actividad=5 ^ entropia=5 ^ transitoriedad=2,1.999998,0.000000,0.999996,0.002056,1.999998,0.000000
r14=2 ^ r27=1 ^ freq ceros=5 ^ time entropy=3,freq unos=4 ^ freq dos=4 ^ width=5 ^ pasos=1 ^ simetria=2 ^ actividad=5 ^ entropia=5 ^ transitoriedad=2 ^ sensitividad=2,1.999998,0.000000,0.999996,0.000124,1.999998,0.000000
r24=2 ^ simetria=2 ^ transitoriedad=2,pasos=1,1.406550,0.000067,0.962254,0.000144,1.406530,1.333333
r27=0 ^ freq ceros=5 ^ simetria=2 ^ transitoriedad=2,pasos=1,1.648702,0.000000,0.977633,0.000285,1.648702,1.166667
r26=1 ^ r27=0 ^ width=5 ^ entropia=5,freq ceros=5 ^ pasos=1 ^ simetria=2 ^ transitoriedad=2,1.949014,0.039302,0.916717,0.000017,1.947992,0.666667
r14=2 ^ r27=1 ^ freq ceros=5 ^ time entropy=3,freq unos=4 ^ freq dos=4 ^ width=5 ^ pasos=1 ^ actividad=5 ^ transitoriedad=2 ^ sensitividad=2,1.999998,0.000000,0.999996,0.000252,1.999998,0.166667
r4=2,pasos=1 ^ simetria=2 ^ transitoriedad=2,1.420412,0.258826,1.001362,0.352907,1.334256,1.333333
r27=0 ^ freq ceros=5 ^ simetria=2 ^ transitoriedad=2,pasos=1,1.648702,0.000000,0.977633,0.000285,1.648702,1.166667
r14=2 ^ r27=1 ^ freq ceros=5 ^ time entropy=3,freq unos=4 ^ freq dos=4 ^ pasos=1 ^ simetria=2 ^ actividad=5 ^ transitoriedad=2,1.999998,0.000000,0.999996,0.054636,1.999998,0.333333
r8=2,pasos=1 ^ simetria=2 ^ transitoriedad=2,1.418636,0.255514,0.999156,0.716742,1.333484,1.333333
r14=2 ^ r27=1 ^ freq ceros=5 ^ time entropy=3,freq unos=4 ^ width=5 ^ pasos=1 ^ simetria=2 ^ actividad=5 ^ entropia=5 ^ transitoriedad=2,1.999998,0.000000,0.999996,0.012732,1.999998,0.166667
r14=2 ^ r27=1 ^ freq ceros=5 ^ time entropy=3,freq unos=4 ^ freq dos=4 ^ width=5 ^ pasos=1 ^ simetria=2 ^ actividad=5 ^ entropia=5 ^ transitoriedad=2,1.999998,0.000000,0.999996,0.002056,1.999998,0.000000
r24=2 ^ simetria=2 ^ transitoriedad=2,pasos=1,1.406550,0.000067,0.962254,0.000144,1.406530,1.333333
r26=1 ^ r27=0 ^ width=5 ^ entropia=5,freq ceros=5 ^ pasos=1 ^ simetria=2 ^ transitoriedad=2,1.949014,0.039302,0.916717,0.000017,1.947992,0.666667
r14=2 ^ r27=1 ^ freq ceros=5 ^ time entropy=3,freq unos=4 ^ freq dos=4 ^ width=5 ^ pasos=1 ^ actividad=5 ^ transitoriedad=2 ^ sensitividad=2,1.999998,0.000000,0.999996,0.000252,1.999998,0.166667
r14=2 ^ r27=1 ^ freq ceros=5 ^ time entropy=3,freq unos=4 ^ width=5 ^ pasos=1 ^ simetria=2 ^ actividad=5 ^ entropia=5 ^ transitoriedad=2,1.999998,0.000000,0.999996,0.012732,1.999998,0.166667
r14=2 ^ r27=1 ^ freq ceros=5 ^ time entropy=3,freq unos=4 ^ width=5 ^ pasos=1 ^ simetria=2 ^ actividad=5 ^ entropia=5 ^ transitoriedad=2,1.999998,0.000000,0.999996,0.012732,1.999998,0.166667
r14=2 ^ r27=1 ^ freq ceros=5 ^ time entropy=3,freq unos=4 ^ freq dos=4 ^ width=5 ^ pasos=1 ^ simetria=2 ^ actividad=5 ^ entropia=5 ^ transitoriedad=2,1.999998,0.000000,0.999996,0.002056,1.999998,0.000000
r14=2 ^ r27=1 ^ freq ceros=5 ^ time entropy=3,freq unos=4 ^ freq dos=4 ^ width=5 ^ pasos=1 ^ actividad=5 ^ transitoriedad=2 ^ sensitividad=2,1.999998,0.000000,0.999996,0.000252,1.999998,0.166667
r14=2 ^ r27=1 ^ freq ceros=5 ^ time entropy=3,freq unos=4 ^ freq dos=4 ^ width=5 ^ pasos=1 ^ actividad=5 ^ transitoriedad=2 ^ sensitividad=2,1.999998,0.000000,0.999996,0.000252,1.999998,0.166667
r14=2 ^ r27=1 ^ freq ceros=5 ^ time entropy=3,freq unos=4 ^ freq dos=4 ^ width=5 ^ pasos=1 ^ simetria=2 ^ actividad=5 ^ entropia=5 ^ transitoriedad=2,1.999998,0.000000,0.999996,0.002056,1.999998,0.000000
r14=2 ^ r27=1 ^ freq ceros=5 ^ time entropy=3,freq unos=4 ^ freq dos=4 ^ width=5 ^ pasos=1 ^ simetria=2 ^ actividad=5 ^ entropia=5 ^ transitoriedad=2 ^ sensitividad=2,1.999998,0.000000,0.999996,0.000124,1.999998,0.000000
r1=0 ^ pasos=1,simetria=2 ^ transitoriedad=2,1.412584,0.158103,0.937168,0.000197,1.362162,1.333333
r27=0 ^ width=5 ^ transitoriedad=2,freq ceros=5 ^ pasos=1 ^ simetria=2,1.818964,0.237612,0.711753,0.000005,1.794556,1.000000
r27=0 ^ width=5,freq ceros=5 ^ pasos=1 ^ simetria=2 ^ transitoriedad=2,1.818964,0.237612,0.711753,0.000005,1.794556,1.000000
r26=1 ^ r27=0 ^ width=5,freq ceros=5 ^ pasos=1 ^ simetria=2 ^ transitoriedad=2,1.898506,0.357835,0.841430,0.000011,1.876390,0.833333
r14=2 ^ r27=1 ^ freq ceros=5 ^ time entropy=3,freq unos=4 ^ freq dos=4 ^ width=5 ^ pasos=1 ^ actividad=5 ^ transitoriedad=2 ^ sensitividad=2,1.999998,0.000000,0.999996,0.000252,1.999998,0.166667
r8=1,pasos=1 ^ simetria=2 ^ transitoriedad=2,1.419406,0.254635,0.998573,0.326547,1.334702,1.333333
r27=0 ^ width=5,freq ceros=5 ^ pasos=1 ^ simetria=2 ^ transitoriedad=2,1.818964,0.237612,0.711753,0.000005,1.794556,1.000000
r27=0 ^ width=5,freq ceros=5 ^ pasos=1 ^ simetria=2 ^ transitoriedad=2,1.818964,0.237612,0.711753,0.000005,1.794556,1.000000
r14=2 ^ r27=1 ^ freq ceros=5 ^ time entropy=3,freq unos=4 ^ width=5 ^ pasos=1 ^ simetria=2 ^ actividad=5 ^ entropia=5 ^ transitoriedad=2,1.999998,0.000000,0.999996,0.012732,1.999998,0.166667
r8=2,pasos=1 ^ simetria=2 ^ transitoriedad=2,1.418636,0.255514,0.999156,0.716742,1.333484,1.333333
r12=2 ^ r22=0,pasos=1 ^ simetria=2 ^ transitoriedad=2,1.804808,0.254581,0.999508,0.847195,1.776338,1.166667
r14=2 ^ r27=1 ^ freq ceros=5 ^ time entropy=3,freq unos=4 ^ width=5 ^ pasos=1 ^ simetria=2 ^ actividad=5 ^ entropia=5 ^ transitoriedad=2,1.999998,0.000000,0.999996,0.012732,1.999998,0.166667
r14=2 ^ r27=1 ^ freq ceros=5 ^ time entropy=3,freq unos=4 ^ freq dos=4 ^ width=5 ^ pasos=1 ^ simetria=2 ^ actividad=5 ^ entropia=5 ^ transitoriedad=2 ^ sensitividad=2,1.999998,0.000000,0.999996,0.000124,1.999998,0.000000
r14=2 ^ r27=1 ^ freq ceros=5 ^ time entropy=3,freq unos=4 ^ freq dos=4 ^ width=5 ^ pasos=1 ^ simetria=2 ^ actividad=5 ^ entropia=5 ^ transitoriedad=2 ^ sensitividad=2,1.999998,0.000000,0.999996,0.000124,1.999998,0.000000
r14=2 ^ r27=1 ^ freq ceros=5 ^ time entropy=3,freq unos=4 ^ freq dos=4 ^ width=5 ^ pasos=1 ^ simetria=2 ^ actividad=5 ^ entropia=5 ^ transitoriedad=2 ^ sensitividad=2,1.999998,0.000000,0.999996,0.000124,1.999998,0.000000
r24=2,pasos=1 ^ simetria=2 ^ transitoriedad=2,1.406550,0.216502,0.973195,0.001106,1.334510,1.333333
r27=0 ^ freq ceros=5,pasos=1 ^ simetria=2 ^ transitoriedad=2,1.648702,0.134351,0.953894,0.000257,1.623404,1.166667
r26=1 ^ r27=0 ^ width=5,freq ceros=5 ^ pasos=1 ^ simetria=2 ^ transitoriedad=2,1.898506,0.357835,0.841430,0.000011,1.876390,0.833333
r14=2 ^ r27=1 ^ freq ceros=5 ^ time entropy=3,freq unos=4 ^ freq dos=4 ^ width=5 ^ pasos=1 ^ actividad=5 ^ transitoriedad=2 ^ sensitividad=2,1.999998,0.000000,0.999996,0.000252,1.999998,0.166667
r6=0,pasos=1 ^ simetria=2 ^ transitoriedad=2,1.417374,0.255005,0.998815,0.441592,1.332232,1.333333
r4=2 ^ r12=2,pasos=1 ^ simetria=2 ^ transitoriedad=2,1.806308,0.260199,1.000761,0.468126,1.777340,1.166667
r1=0 ^ r14=2 ^ r27=1 ^ entropia=3,pasos=1 ^ simetria=2 ^ actividad=5 ^ transitoriedad=2 ^ time entropy=3,1.976122,0.386513,0.956334,0.000016,1.970402,0.500000
r8=2,pasos=1 ^ simetria=2 ^ transitoriedad=2,1.418636,0.255514,0.999156,0.716742,1.333484,1.333333
r6=0 ^ r7=1 ^ r19=1 ^ r22=0,pasos=1 ^ simetria=2 ^ transitoriedad=2,1.977998,0.263320,1.000166,0.898450,1.974662,0.833333
r14=2 ^ r27=1 ^ freq ceros=5 ^ time entropy=3,freq unos=4 ^ freq dos=4 ^ width=5 ^ pasos=1 ^ simetria=2 ^ actividad=5 ^ entropia=5 ^ transitoriedad=2 ^ sensitividad=2,1.999998,0.000000,0.999996,0.000124,1.999998,0.000000
r27=0,pasos=1 ^ simetria=2 ^ transitoriedad=2,1.434584,0.303139,1.030895,0.000833,1.333574,1.333333
r27=0 ^ freq ceros=5 ^ width=5 ^ transitoriedad=2,pasos=1 ^ simetria=2,1.818964,0.237612,1.013328,0.001309,1.794556,1.000000
r14=2 ^ r27=1 ^ freq ceros=5 ^ freq dos=4,freq unos=4 ^ width=5 ^ pasos=1 ^ simetria=2 ^ actividad=5 ^ transitoriedad=2,1.999992,0.400000,0.999984,0.008180,1.999990,0.333333
r4=2,pasos=1 ^ simetria=2 ^ transitoriedad=2,1.420412,0.258826,1.001362,0.352907,1.334256,1.333333
r14=2 ^ r27=1 ^ freq ceros=5 ^ time entropy=3,freq unos=4 ^ width=5 ^ pasos=1 ^ simetria=2 ^ actividad=5 ^ entropia=5 ^ transitoriedad=2,1.999998,0.000000,0.999996,0.012732,1.999998,0.166667
r14=2 ^ r27=1 ^ freq ceros=5 ^ time entropy=3,freq unos=4 ^ freq dos=4 ^ width=5 ^ pasos=1 ^ simetria=2 ^ actividad=5 ^ entropia=5 ^ transitoriedad=2,1.999998,0.000000,0.999996,0.002056,1.999998,0.000000
r27=0 ^ freq ceros=5 ^ pasos=1 ^ transitoriedad=2,simetria=2,1.648702,0.134351,0.992355,0.005953,1.623404,1.166667
r14=2 ^ r27=1 ^ freq ceros=5 ^ time entropy=3,freq unos=4 ^ freq dos=4 ^ width=5 ^ pasos=1 ^ actividad=5 ^ transitoriedad=2 ^ sensitividad=2,1.999998,0.000000,0.999996,0.000252,1.999998,0.166667
r14=2 ^ r27=1 ^ freq ceros=5 ^ time entropy=3,freq unos=4 ^ width=5 ^ pasos=1 ^ simetria=2 ^ actividad=5 ^ entropia=5 ^ transitoriedad=2,1.999998,0.000000,0.999996,0.012732,1.999998,0.166667
r14=2 ^ r27=1 ^ freq ceros=5 ^ time entropy=3,freq unos=4 ^ freq dos=4 ^ width=5 ^ pasos=1 ^ simetria=2 ^ actividad=5 ^ entropia=5 ^ transitoriedad=2 ^ sensitividad=2,1.999998,0.000000,0.999996,0.000124,1.999998,0.000000
r27=0 ^ pasos=1 ^ transitoriedad=2,freq ceros=5,1.623404,0.726615,0.475176,0.000004,1.408512,1.333333
r27=0 ^ simetria=2 ^ transitoriedad=2,freq ceros=5 ^ pasos=1,1.648702,0.757382,0.515705,0.000004,1.434584,1.166667
r1=2 ^ r27=2,freq dos=5 ^ pasos=1 ^ simetria=2 ^ transitoriedad=2,1.822614,0.397452,0.733043,0.000007,1.778620,1.000000
r14=2 ^ r27=1 ^ freq ceros=5 ^ freq dos=4,freq unos=4 ^ width=5 ^ pasos=1 ^ simetria=2 ^ actividad=5 ^ entropia=5 ^ transitoriedad=2,1.999992,0.400000,0.999984,0.004009,1.999990,0.166667
r27=0 ^ simetria=2 ^ transitoriedad=2,freq ceros=5 ^ pasos=1,1.648702,0.757382,0.515705,0.000004,1.434584,1.166667
r27=0 ^ simetria=2 ^ transitoriedad=2,freq ceros=5 ^ pasos=1,1.648702,0.757382,0.515705,0.000004,1.434584,1.166667
r14=2 ^ r27=1 ^ freq ceros=5 ^ freq dos=4,freq unos=4 ^ width=5 ^ pasos=1 ^ simetria=2 ^ actividad=5 ^ entropia=5 ^ transitoriedad=2,1.999992,0.400000,0.999984,0.004009,1.999990,0.166667
r14=2 ^ r27=1 ^ freq ceros=5 ^ time entropy=3,freq unos=4 ^ freq dos=4 ^ width=5 ^ pasos=1 ^ simetria=2 ^ actividad=5 ^ entropia=5 ^ transitoriedad=2 ^ sensitividad=2,1.999998,0.000000,0.999996,0.000124,1.999998,0.000000
r14=2 ^ r27=1 ^ freq ceros=5 ^ time entropy=3,freq unos=4 ^ freq dos=4 ^ width=5 ^ pasos=1 ^ simetria=2 ^ actividad=5 ^ entropia=5 ^ transitoriedad=2,1.999998,0.000000,0.999996,0.002056,1.999998,0.000000
r14=2 ^ r27=1 ^ freq ceros=5 ^ time entropy=3,freq unos=4 ^ freq dos=4 ^ width=5 ^ pasos=1 ^ simetria=2 ^ actividad=5 ^ entropia=5 ^ transitoriedad=2 ^ sensitividad=2,1.999998,0.000000,0.999996,0.000124,1.999998,0.000000
r27=0 ^ pasos=1 ^ simetria=2,freq ceros=5 ^ transitoriedad=2,1.648702,0.786397,0.520925,0.000004,1.421066,1.166667
r27=0 ^ freq ceros=5 ^ simetria=2 ^ transitoriedad=2,width=5 ^ pasos=1,1.818964,0.969331,0.758872,0.000011,1.648702,1.000000
r1=0 ^ r14=2 ^ r27=1 ^ freq dos=4,pasos=1 ^ simetria=2 ^ actividad=5 ^ transitoriedad=2 ^ time entropy=3,1.979300,0.630681,0.962778,0.000022,1.969766,0.500000
r27=0 ^ simetria=2,freq ceros=5 ^ pasos=1 ^ transitoriedad=2,1.648702,0.800834,0.523616,0.000005,1.414096,1.166667
r1=0 ^ r14=2 ^ r27=1 ^ freq dos=4,pasos=1 ^ simetria=2 ^ actividad=5 ^ transitoriedad=2 ^ time entropy=3,1.979300,0.630681,0.962778,0.000022,1.969766,0.500000
r14=2 ^ r27=1 ^ freq ceros=5 ^ time entropy=3,freq unos=4 ^ freq dos=4 ^ width=5 ^ pasos=1 ^ simetria=2 ^ actividad=5 ^ entropia=5 ^ transitoriedad=2 ^ sensitividad=2,1.999998,0.000000,0.999996,0.000124,1.999998,0.000000
r27=0,pasos=1 ^ simetria=2 ^ transitoriedad=2,1.434584,0.303139,1.030895,0.000833,1.333574,1.333333
r14=2 ^ r27=1 ^ freq ceros=5 ^ time entropy=5,freq unos=3 ^ width=5 ^ pasos=1 ^ simetria=2 ^ actividad=5 ^ transitoriedad=2,1.999994,0.500000,0.999988,0.011731,1.999992,0.333333
r14=2 ^ r27=1 ^ freq ceros=5 ^ time entropy=3,freq unos=4 ^ freq dos=4 ^ width=5 ^ pasos=1 ^ simetria=2 ^ actividad=5 ^ entropia=5 ^ transitoriedad=2,1.999998,0.000000,0.999996,0.002056,1.999998,0.000000
r14=2 ^ r27=1 ^ freq ceros=5 ^ time entropy=3,freq unos=4 ^ freq dos=4 ^ width=5 ^ pasos=1 ^ simetria=2 ^ actividad=5 ^ entropia=5 ^ transitoriedad=2 ^ sensitividad=2,1.999998,0.000000,0.999996,0.000124,1.999998,0.000000
r27=0,freq ceros=5 ^ pasos=1 ^ simetria=2 ^ transitoriedad=2,1.648702,0.945725,0.536879,0.000005,1.333574,1.166667
r27=0 ^ freq ceros=5,width=5 ^ pasos=1 ^ simetria=2 ^ transitoriedad=2,1.818964,1.038567,0.756110,0.000011,1.623404,1.000000
r1=0 ^ r14=2 ^ r27=1 ^ sensitividad=4,freq dos=4 ^ pasos=1 ^ simetria=2 ^ actividad=5 ^ transitoriedad=2 ^ time entropy=3,1.986430,0.795812,0.974136,0.000015,1.977462,0.333333
r27=0,freq ceros=5 ^ pasos=1 ^ simetria=2 ^ transitoriedad=2,1.648702,0.945725,0.536879,0.000005,1.333574,1.166667
r14=2 ^ r27=1 ^ freq ceros=5 ^ time entropy=3,freq unos=4 ^ freq dos=4 ^ width=5 ^ pasos=1 ^ simetria=2 ^ actividad=5 ^ entropia=5 ^ transitoriedad=2 ^ sensitividad=2,1.999998,0.000000,0.999996,0.000124,1.999998,0.000000
r14=2 ^ r27=1 ^ freq ceros=5 ^ time entropy=3,freq unos=4 ^ freq dos=4 ^ width=5 ^ pasos=1 ^ simetria=2 ^ actividad=5 ^ entropia=5 ^ transitoriedad=2 ^ sensitividad=2,1.999998,0.000000,0.999996,0.000124,1.999998,0.000000
r1=2,freq dos=5 ^ pasos=1 ^ simetria=2 ^ transitoriedad=2,1.739014,1.216235,0.742204,0.000017,1.334020,1.166667
r1=0 ^ r14=2 ^ r27=1,pasos=1 ^ simetria=2 ^ actividad=5 ^ entropia=3 ^ transitoriedad=2 ^ time entropy=3,1.976122,1.356232,0.958608,0.000027,1.925818,0.500000
r14=2 ^ r27=1 ^ freq ceros=5 ^ time entropy=3,freq unos=4 ^ freq dos=4 ^ width=5 ^ pasos=1 ^ simetria=2 ^ actividad=5 ^ entropia=5 ^ transitoriedad=2 ^ sensitividad=2,1.999998,0.000000,0.999996,0.000124,1.999998,0.000000
r14=2 ^ r27=1 ^ freq ceros=5 ^ freq dos=4,freq unos=4 ^ width=5 ^ pasos=1 ^ simetria=2 ^ actividad=5 ^ entropia=5 ^ transitoriedad=2,1.999992,0.400000,0.999984,0.004009,1.999990,0.166667
r27=0 ^ pasos=1,freq ceros=5 ^ width=5 ^ simetria=2 ^ transitoriedad=2,1.818964,1.428042,0.756336,0.000010,1.366960,1.000000
r14=2 ^ r27=1 ^ freq ceros=5 ^ time entropy=3,freq unos=4 ^ freq dos=4 ^ width=5 ^ pasos=1 ^ simetria=2 ^ actividad=5 ^ entropia=5 ^ transitoriedad=2 ^ sensitividad=2,1.999998,0.000000,0.999996,0.000124,1.999998,0.000000
r14=2 ^ r27=1 ^ freq ceros=5 ^ time entropy=3,freq unos=4 ^ freq dos=4 ^ width=5 ^ pasos=1 ^ simetria=2 ^ actividad=5 ^ entropia=5 ^ transitoriedad=2 ^ sensitividad=2,1.999998,0.000000,0.999996,0.000124,1.999998,0.000000
r27=2,freq dos=4 ^ pasos=1 ^ simetria=2 ^ actividad=5 ^ entropia=3 ^ transitoriedad=2 ^ sensitividad=4 ^ time entropy=3,1.989494,1.968456,0.992685,0.001351,1.333882,0.500000
r14=2 ^ r27=1 ^ freq ceros=5 ^ time entropy=3,freq unos=4 ^ freq dos=4 ^ width=5 ^ pasos=1 ^ simetria=2 ^ actividad=5 ^ entropia=5 ^ transitoriedad=2 ^ sensitividad=2,1.999998,0.000000,0.999996,0.000124,1.999998,0.000000
r27=0 ^ pasos=1 ^ simetria=2,transitoriedad=2,1.434584,0.046700,0.900581,0.000065,1.421066,1.333333
r27=0 ^ width=5,freq ceros=5 ^ pasos=1,1.794556,0.000000,0.668432,0.000004,1.794556,1.333333
r27=0 ^ width=5 ^ simetria=2,freq ceros=5 ^ pasos=1 ^ transitoriedad=2,1.818964,0.000000,0.707824,0.000005,1.818964,1.000000
r26=1 ^ r27=0 ^ width=5 ^ entropia=5,freq ceros=5 ^ pasos=1 ^ simetria=2 ^ transitoriedad=2,1.949014,0.039302,0.916717,0.000017,1.947992,0.666667
r14=2 ^ r27=1 ^ freq ceros=5 ^ time entropy=3,freq unos=4 ^ freq dos=4 ^ width=5 ^ pasos=1 ^ actividad=5 ^ transitoriedad=2 ^ sensitividad=2,1.999998,0.000000,0.999996,0.000252,1.999998,0.166667
r27=0 ^ width=5,freq ceros=5 ^ pasos=1 ^ transitoriedad=2,1.794556,0.000000,0.668432,0.000004,1.794556,1.166667
r27=0 ^ width=5 ^ simetria=2,freq ceros=5 ^ pasos=1 ^ transitoriedad=2,1.818964,0.000000,0.707824,0.000005,1.818964,1.000000
r26=1 ^ r27=0 ^ width=5 ^ simetria=2,freq ceros=5 ^ pasos=1 ^ transitoriedad=2,1.898506,0.000000,0.836198,0.000009,1.898506,0.833333
r14=2 ^ r27=1 ^ freq ceros=5 ^ time entropy=3,freq unos=4 ^ width=5 ^ pasos=1 ^ simetria=2 ^ actividad=5 ^ entropia=5 ^ transitoriedad=2,1.999998,0.000000,0.999996,0.012732,1.999998,0.166667
r8=2,pasos=1 ^ simetria=2 ^ transitoriedad=2,1.418636,0.255514,0.999156,0.716742,1.333484,1.333333
r8=2 ^ r14=2 ^ r27=1 ^ freq ceros=5,pasos=1 ^ transitoriedad=2,1.999984,0.000000,0.999997,1.009205,1.999984,1.000000
r14=2 ^ r27=1 ^ freq ceros=5 ^ time entropy=4,freq unos=3 ^ pasos=1 ^ simetria=2 ^ transitoriedad=2,1.999998,0.000000,0.999997,0.398694,1.999998,0.666667
r14=2 ^ r27=1 ^ freq ceros=5 ^ time entropy=3,freq unos=4 ^ freq dos=4 ^ width=5 ^ pasos=1 ^ simetria=2 ^ actividad=5 ^ entropia=5 ^ transitoriedad=2 ^ sensitividad=2,1.999998,0.000000,0.999996,0.000124,1.999998,0.000000
r14=2 ^ r27=1 ^ freq ceros=5 ^ time entropy=3,pasos=1 ^ simetria=2 ^ transitoriedad=2,1.999998,0.000000,0.999999,1.743220,1.999998,0.833333
r14=2 ^ r27=1 ^ freq ceros=5 ^ time entropy=3,freq unos=4 ^ freq dos=4 ^ width=5 ^ pasos=1 ^ simetria=2 ^ actividad=5 ^ entropia=5 ^ transitoriedad=2 ^ sensitividad=2,1.999998,0.000000,0.999996,0.000124,1.999998,0.000000
r27=0 ^ pasos=1 ^ simetria=2,transitoriedad=2,1.434584,0.046700,0.900581,0.000065,1.421066,1.333333
r27=2 ^ freq dos=5,pasos=1 ^ simetria=2 ^ transitoriedad=2,1.719784,0.018302,0.932558,0.000096,1.717196,1.166667
r26=1 ^ r27=0 ^ width=5 ^ simetria=2,freq ceros=5 ^ pasos=1 ^ transitoriedad=2,1.898506,0.000000,0.836198,0.000009,1.898506,0.833333
r14=2 ^ r27=1 ^ freq ceros=5 ^ freq dos=4,freq unos=4 ^ width=5 ^ pasos=1 ^ actividad=5 ^ entropia=5 ^ transitoriedad=2,1.999990,0.000000,0.999980,0.002560,1.999990,0.333333
r4=2,pasos=1 ^ simetria=2 ^ transitoriedad=2,1.420412,0.258826,1.001362,0.352907,1.334256,1.333333
r14=2 ^ r22=0 ^ r27=1 ^ freq ceros=5,pasos=1 ^ transitoriedad=2,1.999954,0.000000,0.999990,0.523205,1.999954,1.000000
r14=2 ^ r27=1 ^ freq ceros=5 ^ time entropy=3,width=5 ^ pasos=1 ^ simetria=2 ^ entropia=5 ^ transitoriedad=2,1.999998,0.000000,0.999996,0.147318,1.999998,0.500000
r5=1 ^ r9=1,pasos=1 ^ simetria=2 ^ transitoriedad=2,1.806392,0.258749,1.000438,0.960116,1.777622,1.166667
r14=2 ^ r27=1 ^ freq ceros=5 ^ time entropy=5,pasos=1 ^ simetria=2 ^ transitoriedad=2,1.999992,0.000000,0.999998,1.258486,1.999992,0.833333
r14=2 ^ r27=1 ^ freq ceros=5 ^ time entropy=3,freq unos=4 ^ freq dos=4 ^ width=5 ^ pasos=1 ^ simetria=2 ^ actividad=5 ^ entropia=5 ^ transitoriedad=2,1.999998,0.000000,0.999996,0.002056,1.999998,0.000000
r27=0 ^ freq ceros=5 ^ pasos=1 ^ transitoriedad=2,simetria=2,1.648702,0.134351,0.992355,0.005953,1.623404,1.166667
r27=0 ^ freq ceros=5 ^ width=5 ^ entropia=5,pasos=1 ^ simetria=2 ^ transitoriedad=2,1.910822,0.026511,0.979189,0.000357,1.909624,0.833333
r14=2 ^ r27=1 ^ freq ceros=5 ^ time entropy=3,freq dos=4 ^ width=5 ^ pasos=1 ^ actividad=5 ^ transitoriedad=2 ^ sensitividad=2,1.999998,0.000000,0.999996,0.000894,1.999998,0.333333
r27=0 ^ freq ceros=5 ^ pasos=1 ^ transitoriedad=2,simetria=2,1.648702,0.134351,0.992355,0.005953,1.623404,1.166667
r14=2 ^ r27=1 ^ freq ceros=5 ^ time entropy=3,width=5 ^ pasos=1 ^ simetria=2 ^ entropia=5 ^ transitoriedad=2,1.999998,0.000000,0.999996,0.147318,1.999998,0.500000
r14=2 ^ r27=1 ^ freq ceros=5 ^ time entropy=3,freq unos=4 ^ width=5 ^ pasos=1 ^ simetria=2 ^ actividad=5 ^ entropia=5 ^ transitoriedad=2,1.999998,0.000000,0.999996,0.012732,1.999998,0.166667
r26=1 ^ r27=0 ^ width=5 ^ entropia=5,freq ceros=5 ^ pasos=1 ^ simetria=2 ^ transitoriedad=2,1.949014,0.039302,0.916717,0.000017,1.947992,0.666667
r14=2 ^ r27=1 ^ freq ceros=5 ^ time entropy=3,freq unos=4 ^ freq dos=4 ^ width=5 ^ pasos=1 ^ actividad=5 ^ transitoriedad=2 ^ sensitividad=2,1.999998,0.000000,0.999996,0.000252,1.999998,0.166667
r14=2 ^ r27=1 ^ freq ceros=5 ^ time entropy=3,freq unos=4 ^ width=5 ^ pasos=1 ^ simetria=2 ^ actividad=5 ^ entropia=5 ^ transitoriedad=2,1.999998,0.000000,0.999996,0.012732,1.999998,0.166667
r14=2 ^ r27=1 ^ freq ceros=5 ^ time entropy=3,freq unos=4 ^ freq dos=4 ^ width=5 ^ pasos=1 ^ actividad=5 ^ transitoriedad=2 ^ sensitividad=2,1.999998,0.000000,0.999996,0.000252,1.999998,0.166667
r27=0 ^ pasos=1 ^ transitoriedad=2,freq ceros=5,1.623404,0.726615,0.475176,0.000004,1.408512,1.333333
r1=2 ^ r27=2 ^ pasos=1,freq dos=5 ^ transitoriedad=2,1.820966,0.377610,0.730197,0.000007,1.779296,1.166667
r26=1 ^ r27=0 ^ width=5,freq ceros=5 ^ pasos=1 ^ simetria=2 ^ transitoriedad=2,1.898506,0.357835,0.841430,0.000011,1.876390,0.833333
r1=0 ^ r14=2 ^ r27=1 ^ entropia=3,pasos=1 ^ simetria=2 ^ actividad=5 ^ transitoriedad=2 ^ time entropy=3,1.976122,0.386513,0.956334,0.000016,1.970402,0.500000
r27=0 ^ simetria=2 ^ transitoriedad=2,freq ceros=5 ^ pasos=1,1.648702,0.757382,0.515705,0.000004,1.434584,1.166667
r1=2 ^ r27=2 ^ pasos=1,freq dos=5 ^ simetria=2 ^ transitoriedad=2,1.822614,0.392544,0.732775,0.000007,1.779296,1.000000
r1=0 ^ r14=2 ^ r27=1 ^ entropia=3,pasos=1 ^ simetria=2 ^ actividad=5 ^ transitoriedad=2 ^ time entropy=3,1.976122,0.386513,0.956334,0.000016,1.970402,0.500000
r12=2 ^ r22=0,pasos=1 ^ simetria=2 ^ transitoriedad=2,1.804808,0.254581,0.999508,0.847195,1.776338,1.166667
r7=1 ^ r12=2 ^ r14=2 ^ r19=1,pasos=1 ^ simetria=2 ^ transitoriedad=2,1.978382,0.262917,1.000153,0.970755,1.975110,0.833333
r14=2 ^ r27=1 ^ freq ceros=5 ^ time entropy=3,freq unos=4 ^ freq dos=4 ^ width=5 ^ pasos=1 ^ simetria=2 ^ actividad=5 ^ entropia=5 ^ transitoriedad=2 ^ sensitividad=2,1.999998,0.000000,0.999996,0.000124,1.999998,0.000000
r27=0 ^ freq ceros=5,pasos=1 ^ simetria=2 ^ transitoriedad=2,1.648702,0.134351,0.953894,0.000257,1.623404,1.166667
r5=1 ^ r13=1 ^ r27=1,pasos=1 ^ simetria=2 ^ transitoriedad=2,1.941484,0.431291,1.013019,0.000758,1.925396,1.000000
r1=0 ^ r14=2 ^ r27=1 ^ entropia=3,pasos=1 ^ simetria=2 ^ actividad=5 ^ transitoriedad=2 ^ time entropy=3,1.976122,0.386513,0.956334,0.000016,1.970402,0.500000
r4=2 ^ r12=2,pasos=1 ^ simetria=2 ^ transitoriedad=2,1.806308,0.260199,1.000761,0.468126,1.777340,1.166667
r14=2 ^ r27=1 ^ freq ceros=5 ^ time entropy=5,freq unos=3 ^ pasos=1 ^ simetria=2 ^ transitoriedad=2,1.999994,0.500000,0.999991,0.232582,1.999992,0.666667
r6=0 ^ r7=1 ^ r19=1 ^ r22=0,pasos=1 ^ simetria=2 ^ transitoriedad=2,1.977998,0.263320,1.000166,0.898450,1.974662,0.833333
r27=0 ^ freq ceros=5 ^ width=5 ^ transitoriedad=2,pasos=1 ^ simetria=2,1.818964,0.237612,1.013328,0.001309,1.794556,1.000000
r14=2 ^ r27=1 ^ freq ceros=5 ^ freq dos=4,freq unos=4 ^ width=5 ^ pasos=1 ^ simetria=2 ^ actividad=5 ^ transitoriedad=2,1.999992,0.400000,0.999984,0.008180,1.999990,0.333333
r14=2 ^ r27=1 ^ freq ceros=5 ^ time entropy=3,freq unos=4 ^ width=5 ^ pasos=1 ^ simetria=2 ^ actividad=5 ^ entropia=5 ^ transitoriedad=2,1.999998,0.000000,0.999996,0.012732,1.999998,0.166667
r14=2 ^ r27=1 ^ freq ceros=5 ^ time entropy=3,freq unos=4 ^ freq dos=4 ^ width=5 ^ pasos=1 ^ actividad=5 ^ transitoriedad=2 ^ sensitividad=2,1.999998,0.000000,0.999996,0.000252,1.999998,0.166667
r27=0 ^ transitoriedad=2,freq ceros=5 ^ pasos=1 ^ simetria=2,1.648702,0.812155,0.509950,0.000004,1.408512,1.166667
r27=0 ^ freq ceros=5 ^ simetria=2,width=5 ^ pasos=1 ^ transitoriedad=2,1.818964,0.969331,0.758867,0.000011,1.648702,1.000000
r1=0 ^ r14=2 ^ r27=1 ^ freq dos=4,pasos=1 ^ simetria=2 ^ actividad=5 ^ transitoriedad=2 ^ time entropy=3,1.979300,0.630681,0.962778,0.000022,1.969766,0.500000
r27=0 ^ transitoriedad=2,freq ceros=5 ^ pasos=1 ^ simetria=2,1.648702,0.812155,0.509950,0.000004,1.408512,1.166667
r14=2 ^ r27=1 ^ freq ceros=5 ^ transitoriedad=2,freq unos=3 ^ pasos=1 ^ simetria=2,1.999970,1.433962,0.999982,0.602617,1.999894,0.833333
r14=2 ^ r27=1 ^ freq ceros=5 ^ time entropy=3,freq unos=4 ^ freq dos=4 ^ width=5 ^ pasos=1 ^ simetria=2 ^ actividad=5 ^ entropia=5 ^ transitoriedad=2 ^ sensitividad=2,1.999998,0.000000,0.999996,0.000124,1.999998,0.000000
r27=0 ^ pasos=1 ^ simetria=2 ^ transitoriedad=2,width=2,1.784082,1.236251,0.856518,0.000060,1.434584,1.166667
r1=0 ^ r14=2 ^ r24=2 ^ r27=1,freq dos=4 ^ pasos=1 ^ simetria=2 ^ actividad=5 ^ transitoriedad=2,1.988902,1.105505,0.980850,0.000062,1.975186,0.500000
r27=1,width=5 ^ pasos=1 ^ simetria=2 ^ actividad=5 ^ transitoriedad=2 ^ sensitividad=4 ^ time entropy=3,1.998756,1.996272,1.000091,0.905613,1.332544,0.666667
r14=2 ^ r27=1 ^ freq ceros=5 ^ freq dos=4,freq unos=4 ^ width=5 ^ pasos=1 ^ simetria=2 ^ actividad=5 ^ entropia=5 ^ transitoriedad=2,1.999992,0.400000,0.999984,0.004009,1.999990,0.166667
r27=0 ^ pasos=1 ^ transitoriedad=2,freq ceros=5 ^ width=5 ^ simetria=2,1.818964,1.387862,0.748563,0.000009,1.408512,1.000000
r1=0 ^ r14=2 ^ r27=1,pasos=1 ^ simetria=2 ^ actividad=5 ^ entropia=3 ^ transitoriedad=2 ^ time entropy=3,1.976122,1.356232,0.958608,0.000027,1.925818,0.500000
r27=1,width=5 ^ pasos=1 ^ simetria=2 ^ actividad=5 ^ transitoriedad=2 ^ sensitividad=2 ^ time entropy=3,1.999932,1.999796,1.000031,0.636472,1.332544,0.666667
r27=0,pasos=1 ^ simetria=2 ^ actividad=5 ^ entropia=3 ^ transitoriedad=2 ^ sensitividad=4 ^ time entropy=3,1.996432,1.989292,1.014995,0.000516,1.333574,0.666667
r27=2,freq dos=4 ^ pasos=1 ^ simetria=2 ^ actividad=5 ^ entropia=3 ^ transitoriedad=2 ^ sensitividad=4 ^ time entropy=3,1.989494,1.968456,0.992685,0.001351,1.333882,0.500000
r27=0 ^ width=5 ^ simetria=2,freq ceros=5 ^ pasos=1 ^ transitoriedad=2,1.818964,0.000000,0.707824,0.000005,1.818964,1.000000
r27=0 ^ width=5 ^ simetria=2,freq ceros=5 ^ pasos=1 ^ transitoriedad=2,1.818964,0.000000,0.707824,0.000005,1.818964,1.000000
r26=1 ^ r27=0 ^ width=5 ^ simetria=2,freq ceros=5 ^ pasos=1 ^ transitoriedad=2,1.898506,0.000000,0.836198,0.000009,1.898506,0.833333
r14=2 ^ r27=1 ^ freq ceros=5 ^ time entropy=3,freq unos=4 ^ freq dos=4 ^ width=5 ^ pasos=1 ^ actividad=5 ^ transitoriedad=2 ^ sensitividad=2,1.999998,0.000000,0.999996,0.000252,1.999998,0.166667
r27=0 ^ width=5 ^ simetria=2,freq ceros=5 ^ pasos=1 ^ transitoriedad=2,1.818964,0.000000,0.707824,0.000005,1.818964,1.000000
r26=1 ^ r27=0 ^ width=5 ^ simetria=2,freq ceros=5 ^ pasos=1 ^ transitoriedad=2,1.898506,0.000000,0.836198,0.000009,1.898506,0.833333
r14=2 ^ r27=1 ^ freq ceros=5 ^ time entropy=3,freq unos=4 ^ freq dos=4 ^ pasos=1 ^ simetria=2 ^ actividad=5 ^ transitoriedad=2,1.999998,0.000000,0.999996,0.054636,1.999998,0.333333
r27=0 ^ width=5 ^ simetria=2,freq ceros=5 ^ pasos=1 ^ transitoriedad=2,1.818964,0.000000,0.707824,0.000005,1.818964,1.000000
r14=2 ^ r27=1 ^ freq ceros=5 ^ time entropy=4,freq unos=3 ^ pasos=1 ^ simetria=2 ^ transitoriedad=2,1.999998,0.000000,0.999997,0.398694,1.999998,0.666667
r14=2 ^ r27=1 ^ freq ceros=5 ^ time entropy=3,freq unos=4 ^ freq dos=4 ^ width=5 ^ pasos=1 ^ simetria=2 ^ actividad=5 ^ entropia=5 ^ transitoriedad=2,1.999998,0.000000,0.999996,0.002056,1.999998,0.000000
r27=0 ^ width=5 ^ simetria=2,freq ceros=5 ^ pasos=1 ^ transitoriedad=2,1.818964,0.000000,0.707824,0.000005,1.818964,1.000000
r26=1 ^ r27=0 ^ width=5 ^ simetria=2,freq ceros=5 ^ pasos=1 ^ transitoriedad=2,1.898506,0.000000,0.836198,0.000009,1.898506,0.833333
r14=2 ^ r27=1 ^ freq ceros=5 ^ time entropy=3,freq dos=4 ^ width=5 ^ pasos=1 ^ actividad=5 ^ transitoriedad=2 ^ sensitividad=2,1.999998,0.000000,0.999996,0.000894,1.999998,0.333333
r26=1 ^ r27=0 ^ width=5 ^ simetria=2,freq ceros=5 ^ pasos=1 ^ transitoriedad=2,1.898506,0.000000,0.836198,0.000009,1.898506,0.833333
r14=2 ^ r27=1 ^ freq ceros=5 ^ time entropy=3,width=5 ^ pasos=1 ^ simetria=2 ^ entropia=5 ^ transitoriedad=2,1.999998,0.000000,0.999996,0.147318,1.999998,0.500000
r14=2 ^ r27=1 ^ freq ceros=5 ^ time entropy=3,freq unos=4 ^ width=5 ^ pasos=1 ^ simetria=2 ^ actividad=5 ^ entropia=5 ^ transitoriedad=2,1.999998,0.000000,0.999996,0.012732,1.999998,0.166667
r26=1 ^ r27=0 ^ width=5 ^ entropia=5,freq ceros=5 ^ pasos=1 ^ simetria=2 ^ transitoriedad=2,1.949014,0.039302,0.916717,0.000017,1.947992,0.666667
r14=2 ^ r27=1 ^ freq ceros=5 ^ time entropy=3,freq dos=4 ^ width=5 ^ pasos=1 ^ actividad=5 ^ transitoriedad=2 ^ sensitividad=2,1.999998,0.000000,0.999996,0.000894,1.999998,0.333333
r14=2 ^ r27=1 ^ freq ceros=5 ^ time entropy=3,freq unos=4 ^ freq dos=4 ^ pasos=1 ^ simetria=2 ^ actividad=5 ^ transitoriedad=2,1.999998,0.000000,0.999996,0.054636,1.999998,0.333333
r14=2 ^ r27=1 ^ freq ceros=5 ^ time entropy=3,freq unos=4 ^ freq dos=4 ^ width=5 ^ pasos=1 ^ actividad=5 ^ transitoriedad=2 ^ sensitividad=2,1.999998,0.000000,0.999996,0.000252,1.999998,0.166667
r27=0 ^ width=5,freq ceros=5 ^ pasos=1 ^ simetria=2 ^ transitoriedad=2,1.818964,0.237612,0.711753,0.000005,1.794556,1.000000
r26=1 ^ r27=0 ^ width=5,freq ceros=5 ^ pasos=1 ^ simetria=2 ^ transitoriedad=2,1.898506,0.357835,0.841430,0.000011,1.876390,0.833333
r1=0 ^ r14=2 ^ r27=1 ^ entropia=3,pasos=1 ^ simetria=2 ^ actividad=5 ^ transitoriedad=2 ^ time entropy=3,1.976122,0.386513,0.956334,0.000016,1.970402,0.500000
r27=0 ^ width=5,freq ceros=5 ^ pasos=1 ^ simetria=2 ^ transitoriedad=2,1.818964,0.237612,0.711753,0.000005,1.794556,1.000000
r1=0 ^ r14=2 ^ r27=1 ^ entropia=3,pasos=1 ^ simetria=2 ^ actividad=5 ^ transitoriedad=2 ^ time entropy=3,1.976122,0.386513,0.956334,0.000016,1.970402,0.500000
r14=2 ^ r27=1 ^ freq ceros=5 ^ time entropy=3,freq unos=4 ^ width=5 ^ pasos=1 ^ simetria=2 ^ actividad=5 ^ entropia=5 ^ transitoriedad=2,1.999998,0.000000,0.999996,0.012732,1.999998,0.166667
r26=1 ^ r27=0 ^ width=5,freq ceros=5 ^ pasos=1 ^ simetria=2 ^ transitoriedad=2,1.898506,0.357835,0.841430,0.000011,1.876390,0.833333
r1=0 ^ r14=2 ^ r27=1 ^ entropia=3,pasos=1 ^ simetria=2 ^ actividad=5 ^ transitoriedad=2 ^ time entropy=3,1.976122,0.386513,0.956334,0.000016,1.970402,0.500000
r1=0 ^ r14=2 ^ r27=1 ^ entropia=3,pasos=1 ^ simetria=2 ^ actividad=5 ^ transitoriedad=2 ^ time entropy=3,1.976122,0.386513,0.956334,0.000016,1.970402,0.500000
r14=2 ^ r27=1 ^ freq ceros=5 ^ freq dos=4,freq unos=4 ^ width=5 ^ pasos=1 ^ simetria=2 ^ actividad=5 ^ transitoriedad=2,1.999992,0.400000,0.999984,0.008180,1.999990,0.333333
r27=0 ^ simetria=2 ^ transitoriedad=2,freq ceros=5 ^ pasos=1,1.648702,0.757382,0.515705,0.000004,1.434584,1.166667
r1=0 ^ r14=2 ^ r27=1 ^ freq dos=4,pasos=1 ^ simetria=2 ^ actividad=5 ^ transitoriedad=2 ^ time entropy=3,1.979300,0.630681,0.962778,0.000022,1.969766,0.500000
r14=2 ^ r27=1 ^ freq ceros=5 ^ freq dos=4,freq unos=4 ^ width=5 ^ pasos=1 ^ simetria=2 ^ actividad=5 ^ entropia=5 ^ transitoriedad=2,1.999992,0.400000,0.999984,0.004009,1.999990,0.166667
r1=0 ^ r14=2 ^ r27=1 ^ freq dos=4,pasos=1 ^ simetria=2 ^ actividad=5 ^ transitoriedad=2 ^ time entropy=3,1.979300,0.630681,0.962778,0.000022,1.969766,0.500000
r1=0 ^ r14=2 ^ r27=1 ^ sensitividad=4,freq dos=4 ^ pasos=1 ^ simetria=2 ^ actividad=5 ^ transitoriedad=2 ^ time entropy=3,1.986430,0.795812,0.974136,0.000015,1.977462,0.333333
r27=0 ^ width=5 ^ simetria=2,freq ceros=5 ^ pasos=1 ^ transitoriedad=2,1.818964,0.000000,0.707824,0.000005,1.818964,1.000000
r26=1 ^ r27=0 ^ width=5 ^ entropia=5,freq ceros=5 ^ pasos=1 ^ simetria=2 ^ transitoriedad=2,1.949014,0.039302,0.916717,0.000017,1.947992,0.666667
r14=2 ^ r27=1 ^ freq ceros=5 ^ time entropy=3,freq unos=4 ^ freq dos=4 ^ width=5 ^ pasos=1 ^ actividad=5 ^ transitoriedad=2 ^ sensitividad=2,1.999998,0.000000,0.999996,0.000252,1.999998,0.166667
r26=1 ^ r27=0 ^ width=5 ^ simetria=2,freq ceros=5 ^ pasos=1 ^ transitoriedad=2,1.898506,0.000000,0.836198,0.000009,1.898506,0.833333
r14=2 ^ r27=1 ^ freq ceros=5 ^ time entropy=3,freq unos=4 ^ width=5 ^ pasos=1 ^ simetria=2 ^ actividad=5 ^ entropia=5 ^ transitoriedad=2,1.999998,0.000000,0.999996,0.012732,1.999998,0.166667
r14=2 ^ r27=1 ^ freq ceros=5 ^ time entropy=3,freq unos=4 ^ width=5 ^ pasos=1 ^ simetria=2 ^ actividad=5 ^ entropia=5 ^ transitoriedad=2,1.999998,0.000000,0.999996,0.012732,1.999998,0.166667
r26=1 ^ r27=0 ^ width=5 ^ entropia=5,freq ceros=5 ^ pasos=1 ^ simetria=2 ^ transitoriedad=2,1.949014,0.039302,0.916717,0.000017,1.947992,0.666667
r14=2 ^ r27=1 ^ freq ceros=5 ^ freq dos=4,freq unos=4 ^ width=5 ^ pasos=1 ^ actividad=5 ^ entropia=5 ^ transitoriedad=2,1.999990,0.000000,0.999980,0.002560,1.999990,0.333333
r14=2 ^ r27=1 ^ freq ceros=5 ^ time entropy=3,freq unos=4 ^ width=5 ^ pasos=1 ^ simetria=2 ^ actividad=5 ^ entropia=5 ^ transitoriedad=2,1.999998,0.000000,0.999996,0.012732,1.999998,0.166667
r14=2 ^ r27=1 ^ freq ceros=5 ^ time entropy=3,freq unos=4 ^ freq dos=4 ^ width=5 ^ pasos=1 ^ actividad=5 ^ transitoriedad=2 ^ sensitividad=2,1.999998,0.000000,0.999996,0.000252,1.999998,0.166667
r26=1 ^ r27=0 ^ width=5,freq ceros=5 ^ pasos=1 ^ simetria=2 ^ transitoriedad=2,1.898506,0.357835,0.841430,0.000011,1.876390,0.833333
r1=0 ^ r14=2 ^ r27=1 ^ entropia=3,pasos=1 ^ simetria=2 ^ actividad=5 ^ transitoriedad=2 ^ time entropy=3,1.976122,0.386513,0.956334,0.000016,1.970402,0.500000
r14=2 ^ r27=1 ^ freq ceros=5 ^ time entropy=3,freq unos=4 ^ width=5 ^ pasos=1 ^ simetria=2 ^ actividad=5 ^ entropia=5 ^ transitoriedad=2,1.999998,0.000000,0.999996,0.012732,1.999998,0.166667
r14=2 ^ r27=1 ^ freq ceros=5 ^ time entropy=3,freq unos=4 ^ freq dos=4 ^ width=5 ^ pasos=1 ^ actividad=5 ^ transitoriedad=2 ^ sensitividad=2,1.999998,0.000000,0.999996,0.000252,1.999998,0.166667
r14=2 ^ r27=1 ^ freq ceros=5 ^ freq dos=4,freq unos=4 ^ width=5 ^ pasos=1 ^ simetria=2 ^ actividad=5 ^ entropia=5 ^ transitoriedad=2,1.999992,0.400000,0.999984,0.004009,1.999990,0.166667
r14=2 ^ r27=1 ^ freq ceros=5 ^ time entropy=3,freq unos=4 ^ freq dos=4 ^ width=5 ^ pasos=1 ^ actividad=5 ^ transitoriedad=2 ^ sensitividad=2,1.999998,0.000000,0.999996,0.000252,1.999998,0.166667
r14=2 ^ r27=1 ^ freq ceros=5 ^ time entropy=3,freq unos=4 ^ freq dos=4 ^ width=5 ^ pasos=1 ^ actividad=5 ^ transitoriedad=2 ^ sensitividad=2,1.999998,0.000000,0.999996,0.000252,1.999998,0.166667
r14=2 ^ r27=1 ^ freq ceros=5 ^ time entropy=3,freq unos=4 ^ width=5 ^ pasos=1 ^ simetria=2 ^ actividad=5 ^ entropia=5 ^ transitoriedad=2,1.999998,0.000000,0.999996,0.012732,1.999998,0.166667
r14=2 ^ r27=1 ^ freq ceros=5 ^ time entropy=3,freq unos=4 ^ freq dos=4 ^ width=5 ^ pasos=1 ^ actividad=5 ^ transitoriedad=2 ^ sensitividad=2,1.999998,0.000000,0.999996,0.000252,1.999998,0.166667
r14=2 ^ r27=1 ^ freq ceros=5 ^ time entropy=3,freq unos=4 ^ freq dos=4 ^ width=5 ^ pasos=1 ^ actividad=5 ^ transitoriedad=2 ^ sensitividad=2,1.999998,0.000000,0.999996,0.000252,1.999998,0.166667
r14=2 ^ r27=1 ^ freq ceros=5 ^ time entropy=3,freq unos=4 ^ freq dos=4 ^ width=5 ^ pasos=1 ^ actividad=5 ^ transitoriedad=2 ^ sensitividad=2,1.999998,0.000000,0.999996,0.000252,1.999998,0.166667
