antecedente,consecuente,support,confidence,leverage,chi_cuadrada,coverage,rule_size
r27=2 ^ transitoriedad=2,pasos=1 ^ simetria=2,1.410510,0.012200,0.904785,0.000058,1.406892,1.333333
r27=0 ^ pasos=1 ^ simetria=2,transitoriedad=2,1.434584,0.046700,0.900581,0.000065,1.421066,1.333333
r27=0 ^ width=5 ^ simetria=2,freq ceros=5 ^ pasos=1 ^ transitoriedad=2,1.818964,0.000000,0.707824,0.000005,1.818964,1.000000
r27=0 ^ width=5 ^ simetria=2,freq ceros=5 ^ pasos=1 ^ transitoriedad=2,1.818964,0.000000,0.707824,0.000005,1.818964,1.000000
r27=0 ^ freq ceros=5 ^ width=2 ^ actividad=1,freq dos=1 ^ pasos=1 ^ simetria=2 ^ entropia=1 ^ transitoriedad=2 ^ time entropy=1,1.927946,0.100893,0.866502,0.000004,1.924118,0.333333
r24=0 ^ freq ceros=5 ^ freq dos=1 ^ width=2,freq unos=1 ^ pasos=1 ^ simetria=2 ^ actividad=1 ^ entropia=1 ^ transitoriedad=2 ^ time entropy=1,1.939272,0.052216,0.883810,0.000003,1.937644,0.166667
r27=2 ^ transitoriedad=2,pasos=1 ^ simetria=2,1.410510,0.012200,0.904785,0.000058,1.406892,1.333333
r27=0 ^ width=5,freq ceros=5 ^ pasos=1 ^ transitoriedad=2,1.794556,0.000000,0.668432,0.000004,1.794556,1.166667
r27=0 ^ width=5 ^ simetria=2,freq ceros=5 ^ pasos=1 ^ transitoriedad=2,1.818964,0.000000,0.707824,0.000005,1.818964,1.000000
r27=0 ^ freq ceros=5 ^ width=2 ^ actividad=1,freq dos=1 ^ pasos=1 ^ simetria=2 ^ entropia=1 ^ transitoriedad=2 ^ time entropy=1,1.927946,0.100893,0.866502,0.000004,1.924118,0.333333
r24=0 ^ freq ceros=5 ^ freq dos=1 ^ width=2,freq unos=1 ^ pasos=1 ^ simetria=2 ^ actividad=1 ^ entropia=1 ^ transitoriedad=2 ^ time entropy=1,1.939272,0.052216,0.883810,0.000003,1.937644,0.166667
r22=0,pasos=1 ^ simetria=2 ^ transitoriedad=2,1.418346,0.255350,0.999047,0.609041,1.333214,1.333333
r24=0 ^ r27=0 ^ freq ceros=5 ^ width=2,freq unos=1 ^ freq dos=1 ^ pasos=1 ^ simetria=2 ^ actividad=1 ^ entropia=1 ^ transitoriedad=2 ^ time entropy=1,1.939272,0.135176,0.883140,0.000003,1.934870,0.000000
r27=0 ^ freq ceros=5 ^ width=2 ^ actividad=1,freq dos=1 ^ pasos=1 ^ simetria=2 ^ entropia=1 ^ transitoriedad=2 ^ time entropy=1,1.927946,0.100893,0.866502,0.000004,1.924118,0.333333
r24=0 ^ freq ceros=5 ^ freq dos=1 ^ width=2,freq unos=1 ^ pasos=1 ^ simetria=2 ^ actividad=1 ^ entropia=1 ^ transitoriedad=2 ^ time entropy=1,1.939272,0.052216,0.883810,0.000003,1.937644,0.166667
r24=0 ^ r27=0 ^ freq ceros=5 ^ width=2,freq unos=1 ^ freq dos=1 ^ pasos=1 ^ simetria=2 ^ actividad=1 ^ entropia=1 ^ transitoriedad=2 ^ time entropy=1,1.939272,0.135176,0.883140,0.000003,1.934870,0.000000
r24=0 ^ r27=0 ^ freq ceros=5 ^ width=2,freq unos=1 ^ freq dos=1 ^ pasos=1 ^ simetria=2 ^ actividad=1 ^ entropia=1 ^ transitoriedad=2 ^ time entropy=1,1.939272,0.135176,0.883140,0.000003,1.934870,0.000000
r24=0 ^ r27=0 ^ freq ceros=5 ^ width=2,freq unos=1 ^ freq dos=1 ^ pasos=1 ^ simetria=2 ^ actividad=1 ^ entropia=1 ^ transitoriedad=2 ^ time entropy=1,1.939272,0.135176,0.883140,0.000003,1.934870,0.000000
r24=0 ^ r27=0 ^ freq ceros=5 ^ width=2,freq unos=1 ^ freq dos=1 ^ pasos=1 ^ simetria=2 ^ actividad=1 ^ entropia=1 ^ transitoriedad=2 ^ time entropy=1,1.939272,0.135176,0.883140,0.000003,1.934870,0.000000
r24=0 ^ r27=0 ^ freq ceros=5 ^ width=2,freq unos=1 ^ freq dos=1 ^ pasos=1 ^ simetria=2 ^ actividad=1 ^ entropia=1 ^ transitoriedad=2 ^ time entropy=1,1.939272,0.135176,0.883140,0.000003,1.934870,0.000000
r24=0 ^ r27=0 ^ freq ceros=5 ^ width=2,freq unos=1 ^ freq dos=1 ^ pasos=1 ^ simetria=2 ^ actividad=1 ^ entropia=1 ^ transitoriedad=2 ^ time entropy=1,1.939272,0.135176,0.883140,0.000003,1.934870,0.000000
r27=2 ^ transitoriedad=2,pasos=1 ^ simetria=2,1.410510,0.012200,0.904785,0.000058,1.406892,1.333333
r27=0 ^ pasos=1 ^ simetria=2,transitoriedad=2,1.434584,0.046700,0.900581,0.000065,1.421066,1.333333
r27=0 ^ width=5 ^ simetria=2,freq ceros=5 ^ pasos=1 ^ transitoriedad=2,1.818964,0.000000,0.707824,0.000005,1.818964,1.000000
r27=0 ^ freq ceros=5 ^ width=2 ^ actividad=1,freq dos=1 ^ pasos=1 ^ simetria=2 ^ entropia=1 ^ transitoriedad=2 ^ time entropy=1,1.927946,0.100893,0.866502,0.000004,1.924118,0.333333
r24=0 ^ freq ceros=5 ^ freq dos=1 ^ width=2,freq unos=1 ^ pasos=1 ^ simetria=2 ^ actividad=1 ^ entropia=1 ^ transitoriedad=2 ^ time entropy=1,1.939272,0.052216,0.883810,0.000003,1.937644,0.166667
r16=2,pasos=1,1.353800,0.062706,0.999357,0.418871,1.332884,1.666667
r27=0 ^ freq ceros=5 ^ simetria=2,pasos=1 ^ transitoriedad=2,1.648702,0.000000,0.923203,0.000076,1.648702,1.166667
r27=0 ^ freq dos=1 ^ width=2 ^ actividad=1,pasos=1 ^ simetria=2 ^ entropia=1 ^ transitoriedad=2 ^ time entropy=1,1.919034,0.124615,0.852912,0.000005,1.913654,0.500000
r24=0 ^ freq ceros=5 ^ freq dos=1 ^ width=2,freq unos=1 ^ pasos=1 ^ simetria=2 ^ actividad=1 ^ entropia=1 ^ transitoriedad=2 ^ time entropy=1,1.939272,0.052216,0.883810,0.000003,1.937644,0.166667
r8=2,pasos=1,1.354536,0.063170,0.999667,0.993820,1.333484,1.666667
r15=0 ^ r20=0,pasos=1 ^ simetria=2 ^ transitoriedad=2,1.805858,0.254825,0.999565,0.966732,1.777510,1.166667
r24=0 ^ freq ceros=5 ^ freq dos=1 ^ width=2,freq unos=1 ^ pasos=1 ^ simetria=2 ^ actividad=1 ^ entropia=1 ^ transitoriedad=2 ^ time entropy=1,1.939272,0.052216,0.883810,0.000003,1.937644,0.166667
r20=0,pasos=1 ^ simetria=2 ^ transitoriedad=2,1.418342,0.256651,0.999914,1.963341,1.332712,1.333333
r24=0 ^ r27=0 ^ freq ceros=5 ^ width=2,freq unos=1 ^ freq dos=1 ^ pasos=1 ^ simetria=2 ^ actividad=1 ^ entropia=1 ^ transitoriedad=2 ^ time entropy=1,1.939272,0.135176,0.883140,0.000003,1.934870,0.000000
r24=0 ^ r27=0 ^ freq ceros=5 ^ width=2,freq unos=1 ^ freq dos=1 ^ pasos=1 ^ simetria=2 ^ actividad=1 ^ entropia=1 ^ transitoriedad=2 ^ time entropy=1,1.939272,0.135176,0.883140,0.000003,1.934870,0.000000
r24=2 ^ simetria=2 ^ transitoriedad=2,pasos=1,1.406550,0.000067,0.962254,0.000144,1.406530,1.333333
r27=0 ^ freq ceros=5 ^ simetria=2 ^ transitoriedad=2,pasos=1,1.648702,0.000000,0.977633,0.000285,1.648702,1.166667
r27=0 ^ freq ceros=5 ^ width=2 ^ actividad=1,pasos=1 ^ simetria=2 ^ entropia=1 ^ transitoriedad=2 ^ time entropy=1,1.925808,0.044543,0.864661,0.000005,1.924118,0.500000
r24=0 ^ freq ceros=5 ^ freq dos=1 ^ width=2,freq unos=1 ^ pasos=1 ^ simetria=2 ^ actividad=1 ^ entropia=1 ^ transitoriedad=2 ^ time entropy=1,1.939272,0.052216,0.883810,0.000003,1.937644,0.166667
r16=2,pasos=1 ^ simetria=2 ^ transitoriedad=2,1.417842,0.254702,0.998614,0.343249,1.332884,1.333333
r27=0 ^ freq ceros=5 ^ width=2 ^ actividad=1,freq dos=1 ^ pasos=1 ^ simetria=2 ^ entropia=1 ^ transitoriedad=2 ^ time entropy=1,1.927946,0.100893,0.866502,0.000004,1.924118,0.333333
r24=0 ^ freq ceros=5 ^ freq dos=1 ^ width=2,freq unos=1 ^ pasos=1 ^ simetria=2 ^ actividad=1 ^ entropia=1 ^ transitoriedad=2 ^ time entropy=1,1.939272,0.052216,0.883810,0.000003,1.937644,0.166667
r8=2,pasos=1 ^ simetria=2 ^ transitoriedad=2,1.418636,0.255514,0.999156,0.716742,1.333484,1.333333
r24=0 ^ freq ceros=5 ^ freq dos=1 ^ width=2,freq unos=1 ^ pasos=1 ^ simetria=2 ^ actividad=1 ^ entropia=1 ^ transitoriedad=2 ^ time entropy=1,1.939272,0.052216,0.883810,0.000003,1.937644,0.166667
r24=0 ^ r27=0 ^ freq ceros=5 ^ width=2,freq unos=1 ^ freq dos=1 ^ pasos=1 ^ simetria=2 ^ actividad=1 ^ entropia=1 ^ transitoriedad=2 ^ time entropy=1,1.939272,0.135176,0.883140,0.000003,1.934870,0.000000
r24=2 ^ simetria=2 ^ transitoriedad=2,pasos=1,1.406550,0.000067,0.962254,0.000144,1.406530,1.333333
r27=0 ^ freq ceros=5 ^ width=2 ^ actividad=1,freq dos=1 ^ pasos=1 ^ simetria=2 ^ entropia=1 ^ transitoriedad=2 ^ time entropy=1,1.927946,0.100893,0.866502,0.000004,1.924118,0.333333
r24=0 ^ freq ceros=5 ^ freq dos=1 ^ width=2,freq unos=1 ^ pasos=1 ^ simetria=2 ^ actividad=1 ^ entropia=1 ^ transitoriedad=2 ^ time entropy=1,1.939272,0.052216,0.883810,0.000003,1.937644,0.166667
r24=0 ^ freq ceros=5 ^ freq dos=1 ^ width=2,freq unos=1 ^ pasos=1 ^ simetria=2 ^ actividad=1 ^ entropia=1 ^ transitoriedad=2 ^ time entropy=1,1.939272,0.052216,0.883810,0.000003,1.937644,0.166667
r24=0 ^ freq ceros=5 ^ freq dos=1 ^ width=2,freq unos=1 ^ pasos=1 ^ simetria=2 ^ actividad=1 ^ entropia=1 ^ transitoriedad=2 ^ time entropy=1,1.939272,0.052216,0.883810,0.000003,1.937644,0.166667
r24=0 ^ r27=0 ^ freq ceros=5 ^ width=2,freq unos=1 ^ freq dos=1 ^ pasos=1 ^ simetria=2 ^ actividad=1 ^ entropia=1 ^ transitoriedad=2 ^ time entropy=1,1.939272,0.135176,0.883140,0.000003,1.934870,0.000000
r24=0 ^ freq ceros=5 ^ freq dos=1 ^ width=2,freq unos=1 ^ pasos=1 ^ simetria=2 ^ actividad=1 ^ entropia=1 ^ transitoriedad=2 ^ time entropy=1,1.939272,0.052216,0.883810,0.000003,1.937644,0.166667
r24=0 ^ freq ceros=5 ^ freq dos=1 ^ width=2,freq unos=1 ^ pasos=1 ^ simetria=2 ^ actividad=1 ^ entropia=1 ^ transitoriedad=2 ^ time entropy=1,1.939272,0.052216,0.883810,0.000003,1.937644,0.166667
r24=0 ^ freq ceros=5 ^ freq dos=1 ^ width=2,freq unos=1 ^ pasos=1 ^ simetria=2 ^ actividad=1 ^ entropia=1 ^ transitoriedad=2 ^ time entropy=1,1.939272,0.052216,0.883810,0.000003,1.937644,0.166667
r24=0 ^ freq ceros=5 ^ freq dos=1 ^ width=2,freq unos=1 ^ pasos=1 ^ simetria=2 ^ actividad=1 ^ entropia=1 ^ transitoriedad=2 ^ time entropy=1,1.939272,0.052216,0.883810,0.000003,1.937644,0.166667
r1=0 ^ pasos=1,simetria=2 ^ transitoriedad=2,1.412584,0.158103,0.937168,0.000197,1.362162,1.333333
r27=0 ^ width=5 ^ transitoriedad=2,freq ceros=5 ^ pasos=1 ^ simetria=2,1.818964,0.237612,0.711753,0.000005,1.794556,1.000000
r27=0 ^ width=5,freq ceros=5 ^ pasos=1 ^ simetria=2 ^ transitoriedad=2,1.818964,0.237612,0.711753,0.000005,1.794556,1.000000
r27=0 ^ freq ceros=5 ^ width=2 ^ time entropy=1,freq dos=1 ^ pasos=1 ^ simetria=2 ^ actividad=1 ^ entropia=1 ^ transitoriedad=2,1.927946,0.162638,0.863408,0.000003,1.921568,0.333333
r24=0 ^ r27=0 ^ freq dos=1 ^ width=2,freq unos=1 ^ pasos=1 ^ simetria=2 ^ actividad=1 ^ entropia=1 ^ transitoriedad=2 ^ time entropy=1,1.937386,0.111419,0.880371,0.000003,1.933692,0.166667
r8=1,pasos=1 ^ simetria=2 ^ transitoriedad=2,1.419406,0.254635,0.998573,0.326547,1.334702,1.333333
r27=0 ^ width=5,freq ceros=5 ^ pasos=1 ^ simetria=2 ^ transitoriedad=2,1.818964,0.237612,0.711753,0.000005,1.794556,1.000000
r27=0 ^ freq ceros=5 ^ width=2 ^ time entropy=1,freq dos=1 ^ pasos=1 ^ simetria=2 ^ actividad=1 ^ entropia=1 ^ transitoriedad=2,1.927946,0.162638,0.863408,0.000003,1.921568,0.333333
r27=0 ^ freq ceros=5 ^ width=2 ^ actividad=1,freq unos=1 ^ freq dos=1 ^ pasos=1 ^ simetria=2 ^ entropia=1 ^ transitoriedad=2 ^ time entropy=1,1.933482,0.246804,0.873438,0.000003,1.924118,0.166667
r8=2,pasos=1 ^ simetria=2 ^ transitoriedad=2,1.418636,0.255514,0.999156,0.716742,1.333484,1.333333
r24=0 ^ r27=0 ^ freq dos=1 ^ width=2,freq unos=1 ^ pasos=1 ^ simetria=2 ^ actividad=1 ^ entropia=1 ^ transitoriedad=2 ^ time entropy=1,1.937386,0.111419,0.880371,0.000003,1.933692,0.166667
r24=0 ^ r27=0 ^ freq dos=1 ^ width=2,freq unos=1 ^ pasos=1 ^ simetria=2 ^ actividad=1 ^ entropia=1 ^ transitoriedad=2 ^ time entropy=1,1.937386,0.111419,0.880371,0.000003,1.933692,0.166667
r24=0 ^ r27=0 ^ freq ceros=5 ^ width=2,freq unos=1 ^ freq dos=1 ^ pasos=1 ^ simetria=2 ^ actividad=1 ^ entropia=1 ^ transitoriedad=2 ^ time entropy=1,1.939272,0.135176,0.883140,0.000003,1.934870,0.000000
r24=0 ^ r27=0 ^ freq ceros=5 ^ width=2,freq unos=1 ^ freq dos=1 ^ pasos=1 ^ simetria=2 ^ actividad=1 ^ entropia=1 ^ transitoriedad=2 ^ time entropy=1,1.939272,0.135176,0.883140,0.000003,1.934870,0.000000
r24=0 ^ r27=0 ^ freq ceros=5 ^ width=2,freq unos=1 ^ freq dos=1 ^ pasos=1 ^ simetria=2 ^ actividad=1 ^ entropia=1 ^ transitoriedad=2 ^ time entropy=1,1.939272,0.135176,0.883140,0.000003,1.934870,0.000000
r24=2,pasos=1 ^ simetria=2 ^ transitoriedad=2,1.406550,0.216502,0.973195,0.001106,1.334510,1.333333
r27=0 ^ freq ceros=5,pasos=1 ^ simetria=2 ^ transitoriedad=2,1.648702,0.134351,0.953894,0.000257,1.623404,1.166667
r27=0 ^ width=2 ^ actividad=1 ^ time entropy=1,freq dos=1 ^ pasos=1 ^ simetria=2 ^ entropia=1 ^ transitoriedad=2,1.919034,0.212750,0.853305,0.000005,1.909396,0.500000
r27=0 ^ freq ceros=5 ^ width=2 ^ actividad=1,freq unos=1 ^ freq dos=1 ^ pasos=1 ^ simetria=2 ^ entropia=1 ^ transitoriedad=2 ^ time entropy=1,1.933482,0.246804,0.873438,0.000003,1.924118,0.166667
r6=0,pasos=1 ^ simetria=2 ^ transitoriedad=2,1.417374,0.255005,0.998815,0.441592,1.332232,1.333333
r9=2 ^ r15=1,pasos=1 ^ simetria=2 ^ transitoriedad=2,1.806664,0.260131,1.000745,0.483581,1.777758,1.166667
r27=0 ^ freq ceros=5 ^ width=2 ^ actividad=1,freq unos=1 ^ freq dos=1 ^ pasos=1 ^ simetria=2 ^ entropia=1 ^ transitoriedad=2 ^ time entropy=1,1.933482,0.246804,0.873438,0.000003,1.924118,0.166667
r8=2,pasos=1 ^ simetria=2 ^ transitoriedad=2,1.418636,0.255514,0.999156,0.716742,1.333484,1.333333
r24=0 ^ r27=0 ^ freq dos=1 ^ width=2,freq unos=1 ^ pasos=1 ^ simetria=2 ^ actividad=1 ^ entropia=1 ^ transitoriedad=2 ^ time entropy=1,1.937386,0.111419,0.880371,0.000003,1.933692,0.166667
r24=0 ^ r27=0 ^ freq ceros=5 ^ width=2,freq unos=1 ^ freq dos=1 ^ pasos=1 ^ simetria=2 ^ actividad=1 ^ entropia=1 ^ transitoriedad=2 ^ time entropy=1,1.939272,0.135176,0.883140,0.000003,1.934870,0.000000
r27=0,pasos=1 ^ simetria=2 ^ transitoriedad=2,1.434584,0.303139,1.030895,0.000833,1.333574,1.333333
r27=0 ^ width=2 ^ actividad=1 ^ time entropy=1,freq dos=1 ^ pasos=1 ^ simetria=2 ^ entropia=1 ^ transitoriedad=2,1.919034,0.212750,0.853305,0.000005,1.909396,0.500000
r27=0 ^ freq ceros=5 ^ width=2 ^ actividad=1,freq unos=1 ^ freq dos=1 ^ pasos=1 ^ simetria=2 ^ entropia=1 ^ transitoriedad=2 ^ time entropy=1,1.933482,0.246804,0.873438,0.000003,1.924118,0.166667
r4=2,pasos=1 ^ simetria=2 ^ transitoriedad=2,1.420412,0.258826,1.001362,0.352907,1.334256,1.333333
r27=0 ^ freq ceros=5 ^ width=2 ^ actividad=1,freq unos=1 ^ freq dos=1 ^ pasos=1 ^ simetria=2 ^ entropia=1 ^ transitoriedad=2 ^ time entropy=1,1.933482,0.246804,0.873438,0.000003,1.924118,0.166667
r24=0 ^ r27=0 ^ freq ceros=5 ^ width=2,freq unos=1 ^ freq dos=1 ^ pasos=1 ^ simetria=2 ^ actividad=1 ^ entropia=1 ^ transitoriedad=2 ^ time entropy=1,1.939272,0.135176,0.883140,0.000003,1.934870,0.000000
r24=0 ^ r27=0 ^ freq dos=1 ^ width=2,freq unos=1 ^ pasos=1 ^ simetria=2 ^ actividad=1 ^ entropia=1 ^ transitoriedad=2 ^ time entropy=1,1.937386,0.111419,0.880371,0.000003,1.933692,0.166667
r27=0 ^ freq ceros=5 ^ width=2 ^ actividad=1,freq unos=1 ^ freq dos=1 ^ pasos=1 ^ simetria=2 ^ entropia=1 ^ transitoriedad=2 ^ time entropy=1,1.933482,0.246804,0.873438,0.000003,1.924118,0.166667
r24=0 ^ r27=0 ^ freq dos=1 ^ width=2,freq unos=1 ^ pasos=1 ^ simetria=2 ^ actividad=1 ^ entropia=1 ^ transitoriedad=2 ^ time entropy=1,1.937386,0.111419,0.880371,0.000003,1.933692,0.166667
r24=0 ^ r27=0 ^ freq dos=1 ^ width=2,freq unos=1 ^ pasos=1 ^ simetria=2 ^ actividad=1 ^ entropia=1 ^ transitoriedad=2 ^ time entropy=1,1.937386,0.111419,0.880371,0.000003,1.933692,0.166667
r27=0 ^ pasos=1 ^ transitoriedad=2,freq ceros=5,1.623404,0.726615,0.475176,0.000004,1.408512,1.333333
r27=0 ^ pasos=1 ^ simetria=2 ^ transitoriedad=2,freq ceros=5,1.648702,0.757382,0.515705,0.000004,1.434584,1.166667
r27=0 ^ freq dos=1 ^ width=2 ^ time entropy=1,pasos=1 ^ simetria=2 ^ actividad=1 ^ entropia=1 ^ transitoriedad=2,1.919034,0.383783,0.850568,0.000004,1.899808,0.500000
r27=0 ^ freq ceros=5 ^ width=2 ^ time entropy=1,freq unos=1 ^ freq dos=1 ^ pasos=1 ^ simetria=2 ^ actividad=1 ^ entropia=1 ^ transitoriedad=2,1.933482,0.303805,0.872563,0.000003,1.921568,0.166667
r27=0 ^ pasos=1 ^ simetria=2 ^ transitoriedad=2,freq ceros=5,1.648702,0.757382,0.515705,0.000004,1.434584,1.166667
r27=0 ^ pasos=1 ^ simetria=2 ^ transitoriedad=2,freq ceros=5,1.648702,0.757382,0.515705,0.000004,1.434584,1.166667
r27=0 ^ freq ceros=5 ^ width=2 ^ time entropy=1,freq unos=1 ^ freq dos=1 ^ pasos=1 ^ simetria=2 ^ actividad=1 ^ entropia=1 ^ transitoriedad=2,1.933482,0.303805,0.872563,0.000003,1.921568,0.166667
r24=0 ^ r27=0 ^ freq ceros=5 ^ width=2,freq unos=1 ^ freq dos=1 ^ pasos=1 ^ simetria=2 ^ actividad=1 ^ entropia=1 ^ transitoriedad=2 ^ time entropy=1,1.939272,0.135176,0.883140,0.000003,1.934870,0.000000
r24=0 ^ r27=0 ^ freq ceros=5 ^ width=2,freq unos=1 ^ freq dos=1 ^ pasos=1 ^ simetria=2 ^ actividad=1 ^ entropia=1 ^ transitoriedad=2 ^ time entropy=1,1.939272,0.135176,0.883140,0.000003,1.934870,0.000000
r24=0 ^ r27=0 ^ freq ceros=5 ^ width=2,freq unos=1 ^ freq dos=1 ^ pasos=1 ^ simetria=2 ^ actividad=1 ^ entropia=1 ^ transitoriedad=2 ^ time entropy=1,1.939272,0.135176,0.883140,0.000003,1.934870,0.000000
r27=0 ^ pasos=1 ^ simetria=2,freq ceros=5 ^ transitoriedad=2,1.648702,0.786397,0.520925,0.000004,1.421066,1.166667
r27=0 ^ simetria=2 ^ time entropy=1,freq dos=1 ^ width=2 ^ pasos=1 ^ entropia=1 ^ transitoriedad=2,1.905350,0.673738,0.828975,0.000004,1.857268,0.666667
r27=0 ^ freq ceros=5 ^ freq dos=1 ^ time entropy=1,width=2 ^ pasos=1 ^ simetria=2 ^ actividad=1 ^ entropia=1 ^ transitoriedad=2,1.927946,0.512172,0.867380,0.000005,1.903142,0.333333
r24=0 ^ r27=0 ^ freq ceros=5 ^ width=2,freq unos=1 ^ freq dos=1 ^ pasos=1 ^ simetria=2 ^ actividad=1 ^ entropia=1 ^ transitoriedad=2 ^ time entropy=1,1.939272,0.135176,0.883140,0.000003,1.934870,0.000000
r27=0 ^ freq ceros=5 ^ freq dos=1 ^ time entropy=1,width=2 ^ pasos=1 ^ simetria=2 ^ actividad=1 ^ entropia=1 ^ transitoriedad=2,1.927946,0.512172,0.867380,0.000005,1.903142,0.333333
r24=0 ^ r27=0 ^ freq ceros=5 ^ width=2,freq unos=1 ^ freq dos=1 ^ pasos=1 ^ simetria=2 ^ actividad=1 ^ entropia=1 ^ transitoriedad=2 ^ time entropy=1,1.939272,0.135176,0.883140,0.000003,1.934870,0.000000
r27=0 ^ freq ceros=5 ^ width=2 ^ actividad=1,freq unos=1 ^ freq dos=1 ^ pasos=1 ^ simetria=2 ^ entropia=1 ^ transitoriedad=2 ^ time entropy=1,1.933482,0.246804,0.873438,0.000003,1.924118,0.166667
r27=0 ^ freq ceros=5 ^ freq dos=1 ^ actividad=1,freq unos=1 ^ width=2 ^ pasos=1 ^ simetria=2 ^ entropia=1 ^ transitoriedad=2 ^ time entropy=1,1.933482,0.444496,0.874969,0.000004,1.914474,0.166667
r27=0 ^ freq ceros=5 ^ width=2 ^ actividad=1,freq unos=1 ^ freq dos=1 ^ pasos=1 ^ simetria=2 ^ entropia=1 ^ transitoriedad=2 ^ time entropy=1,1.933482,0.246804,0.873438,0.000003,1.924118,0.166667
r27=0 ^ freq ceros=5 ^ width=2 ^ actividad=1,freq unos=1 ^ freq dos=1 ^ pasos=1 ^ simetria=2 ^ entropia=1 ^ transitoriedad=2 ^ time entropy=1,1.933482,0.246804,0.873438,0.000003,1.924118,0.166667
r27=0,freq ceros=5 ^ pasos=1 ^ simetria=2 ^ transitoriedad=2,1.648702,0.945725,0.536879,0.000005,1.333574,1.166667
r27=0 ^ transitoriedad=2,freq ceros=5 ^ pasos=1 ^ simetria=2,1.648702,0.812155,0.509950,0.000004,1.408512,1.166667
r27=0 ^ width=2 ^ actividad=1 ^ time entropy=1,freq ceros=5 ^ freq unos=1 ^ freq dos=1 ^ pasos=1 ^ simetria=2 ^ entropia=1 ^ transitoriedad=2,1.933482,0.531676,0.873115,0.000003,1.909396,0.166667
r27=0,freq ceros=5 ^ pasos=1 ^ simetria=2 ^ transitoriedad=2,1.648702,0.945725,0.536879,0.000005,1.333574,1.166667
r27=0 ^ freq ceros=5 ^ width=2 ^ actividad=1,freq unos=1 ^ freq dos=1 ^ pasos=1 ^ simetria=2 ^ entropia=1 ^ transitoriedad=2 ^ time entropy=1,1.933482,0.246804,0.873438,0.000003,1.924118,0.166667
r24=0 ^ r27=0 ^ freq ceros=5 ^ width=2,freq unos=1 ^ freq dos=1 ^ pasos=1 ^ simetria=2 ^ actividad=1 ^ entropia=1 ^ transitoriedad=2 ^ time entropy=1,1.939272,0.135176,0.883140,0.000003,1.934870,0.000000
r27=0,width=2 ^ pasos=1 ^ simetria=2 ^ transitoriedad=2,1.784082,1.352012,0.907176,0.000156,1.333574,1.166667
r27=0 ^ actividad=1 ^ transitoriedad=2,freq ceros=5 ^ freq dos=1 ^ width=2 ^ pasos=1 ^ simetria=2 ^ entropia=1 ^ time entropy=1,1.927946,0.901917,0.865463,0.000004,1.868764,0.333333
r24=0 ^ r27=0 ^ freq ceros=5 ^ width=2,freq unos=1 ^ freq dos=1 ^ pasos=1 ^ simetria=2 ^ actividad=1 ^ entropia=1 ^ transitoriedad=2 ^ time entropy=1,1.939272,0.135176,0.883140,0.000003,1.934870,0.000000
r27=0 ^ freq ceros=5 ^ width=2 ^ time entropy=1,freq unos=1 ^ freq dos=1 ^ pasos=1 ^ simetria=2 ^ actividad=1 ^ entropia=1 ^ transitoriedad=2,1.933482,0.303805,0.872563,0.000003,1.921568,0.166667
r24=0 ^ r27=0 ^ freq ceros=5 ^ width=2,freq unos=1 ^ freq dos=1 ^ pasos=1 ^ simetria=2 ^ actividad=1 ^ entropia=1 ^ transitoriedad=2 ^ time entropy=1,1.939272,0.135176,0.883140,0.000003,1.934870,0.000000
r27=0 ^ freq ceros=5 ^ width=2 ^ time entropy=1,freq unos=1 ^ freq dos=1 ^ pasos=1 ^ simetria=2 ^ actividad=1 ^ entropia=1 ^ transitoriedad=2,1.933482,0.303805,0.872563,0.000003,1.921568,0.166667
r24=0 ^ r27=0 ^ freq ceros=5 ^ width=2,freq unos=1 ^ freq dos=1 ^ pasos=1 ^ simetria=2 ^ actividad=1 ^ entropia=1 ^ transitoriedad=2 ^ time entropy=1,1.939272,0.135176,0.883140,0.000003,1.934870,0.000000
r27=0 ^ pasos=1,freq dos=1 ^ width=2 ^ simetria=2 ^ actividad=1 ^ entropia=1 ^ transitoriedad=2 ^ time entropy=1,1.919034,1.744199,0.895909,0.000028,1.366960,0.500000
r24=0 ^ r27=0 ^ freq ceros=5 ^ width=2,freq unos=1 ^ freq dos=1 ^ pasos=1 ^ simetria=2 ^ actividad=1 ^ entropia=1 ^ transitoriedad=2 ^ time entropy=1,1.939272,0.135176,0.883140,0.000003,1.934870,0.000000
r27=0 ^ pasos=1 ^ simetria=2,transitoriedad=2,1.434584,0.046700,0.900581,0.000065,1.421066,1.333333
r27=0 ^ width=5,freq ceros=5 ^ pasos=1,1.794556,0.000000,0.668432,0.000004,1.794556,1.333333
r27=0 ^ width=5 ^ simetria=2,freq ceros=5 ^ pasos=1 ^ transitoriedad=2,1.818964,0.000000,0.707824,0.000005,1.818964,1.000000
r27=0 ^ freq ceros=5 ^ width=2 ^ actividad=1,pasos=1 ^ simetria=2 ^ entropia=1 ^ transitoriedad=2 ^ time entropy=1,1.925808,0.044543,0.864661,0.000005,1.924118,0.500000
r24=0 ^ freq ceros=5 ^ freq dos=1 ^ width=2,freq unos=1 ^ pasos=1 ^ simetria=2 ^ actividad=1 ^ entropia=1 ^ transitoriedad=2 ^ time entropy=1,1.939272,0.052216,0.883810,0.000003,1.937644,0.166667
r27=0 ^ width=5,freq ceros=5 ^ pasos=1 ^ transitoriedad=2,1.794556,0.000000,0.668432,0.000004,1.794556,1.166667
r27=0 ^ width=5 ^ simetria=2,freq ceros=5 ^ pasos=1 ^ transitoriedad=2,1.818964,0.000000,0.707824,0.000005,1.818964,1.000000
r27=0 ^ freq dos=1 ^ width=2 ^ actividad=1,pasos=1 ^ simetria=2 ^ entropia=1 ^ transitoriedad=2 ^ time entropy=1,1.919034,0.124615,0.852912,0.000005,1.913654,0.500000
r24=0 ^ freq ceros=5 ^ freq dos=1 ^ width=2,freq unos=1 ^ pasos=1 ^ simetria=2 ^ actividad=1 ^ entropia=1 ^ transitoriedad=2 ^ time entropy=1,1.939272,0.052216,0.883810,0.000003,1.937644,0.166667
r24=0 ^ r27=0 ^ freq ceros=5 ^ width=2,freq unos=1 ^ freq dos=1 ^ pasos=1 ^ simetria=2 ^ actividad=1 ^ entropia=1 ^ transitoriedad=2 ^ time entropy=1,1.939272,0.135176,0.883140,0.000003,1.934870,0.000000
r8=2 ^ freq unos=3 ^ width=4 ^ time entropy=1,pasos=1 ^ transitoriedad=2,1.999984,0.000000,0.999997,1.009205,1.999984,1.000000
r24=0 ^ freq ceros=5 ^ freq dos=1 ^ width=2,freq unos=1 ^ pasos=1 ^ simetria=2 ^ actividad=1 ^ entropia=1 ^ transitoriedad=2 ^ time entropy=1,1.939272,0.052216,0.883810,0.000003,1.937644,0.166667
r24=0 ^ r27=0 ^ freq ceros=5 ^ width=2,freq unos=1 ^ freq dos=1 ^ pasos=1 ^ simetria=2 ^ actividad=1 ^ entropia=1 ^ transitoriedad=2 ^ time entropy=1,1.939272,0.135176,0.883140,0.000003,1.934870,0.000000
r24=0 ^ freq ceros=5 ^ freq dos=1 ^ width=2,freq unos=1 ^ pasos=1 ^ simetria=2 ^ actividad=1 ^ entropia=1 ^ transitoriedad=2 ^ time entropy=1,1.939272,0.052216,0.883810,0.000003,1.937644,0.166667
r24=0 ^ r27=0 ^ freq ceros=5 ^ width=2,freq unos=1 ^ freq dos=1 ^ pasos=1 ^ simetria=2 ^ actividad=1 ^ entropia=1 ^ transitoriedad=2 ^ time entropy=1,1.939272,0.135176,0.883140,0.000003,1.934870,0.000000
r27=0 ^ pasos=1 ^ simetria=2,transitoriedad=2,1.434584,0.046700,0.900581,0.000065,1.421066,1.333333
r27=0 ^ width=2,pasos=1 ^ transitoriedad=2,1.783532,0.000000,0.952678,0.000134,1.783532,1.333333
r27=0 ^ freq dos=1 ^ width=2 ^ actividad=1,pasos=1 ^ simetria=2 ^ transitoriedad=2 ^ time entropy=1,1.915922,0.052533,0.849126,0.000005,1.913654,0.666667
r24=0 ^ freq ceros=5 ^ freq dos=1 ^ width=2,freq unos=1 ^ pasos=1 ^ simetria=2 ^ actividad=1 ^ entropia=1 ^ transitoriedad=2 ^ time entropy=1,1.939272,0.052216,0.883810,0.000003,1.937644,0.166667
r16=2,pasos=1 ^ simetria=2 ^ transitoriedad=2,1.417842,0.254702,0.998614,0.343249,1.332884,1.333333
r7=0 ^ freq ceros=5 ^ width=3 ^ time entropy=1,pasos=1 ^ transitoriedad=2,1.999956,0.000000,0.999990,0.540559,1.999956,1.000000
r27=0 ^ freq ceros=5 ^ width=2 ^ actividad=1,freq dos=1 ^ pasos=1 ^ simetria=2 ^ entropia=1 ^ transitoriedad=2 ^ time entropy=1,1.927946,0.100893,0.866502,0.000004,1.924118,0.333333
r15=0 ^ r20=0,pasos=1 ^ simetria=2 ^ transitoriedad=2,1.805858,0.254825,0.999565,0.966732,1.777510,1.166667
r1=2 ^ freq unos=3 ^ width=4 ^ time entropy=1,pasos=1 ^ simetria=2 ^ transitoriedad=2,1.999992,0.000000,0.999998,1.258486,1.999992,0.833333
r24=0 ^ r27=0 ^ freq ceros=5 ^ width=2,freq unos=1 ^ freq dos=1 ^ pasos=1 ^ simetria=2 ^ actividad=1 ^ entropia=1 ^ transitoriedad=2 ^ time entropy=1,1.939272,0.135176,0.883140,0.000003,1.934870,0.000000
r27=0 ^ freq ceros=5 ^ pasos=1 ^ transitoriedad=2,simetria=2,1.648702,0.134351,0.992355,0.005953,1.623404,1.166667
r27=0 ^ freq dos=1 ^ width=2 ^ time entropy=1,pasos=1 ^ simetria=2 ^ transitoriedad=2,1.899808,0.000000,0.974273,0.000257,1.899808,0.833333
r24=0 ^ freq ceros=5 ^ width=2 ^ actividad=1,freq unos=1 ^ pasos=1 ^ simetria=2 ^ entropia=1 ^ transitoriedad=2 ^ time entropy=1,1.938118,0.029549,0.883051,0.000004,1.937190,0.333333
r27=0 ^ freq ceros=5 ^ width=2 ^ actividad=1,freq dos=1 ^ pasos=1 ^ simetria=2 ^ entropia=1 ^ transitoriedad=2 ^ time entropy=1,1.927946,0.100893,0.866502,0.000004,1.924118,0.333333
r27=0 ^ freq ceros=5 ^ width=2 ^ actividad=1,freq dos=1 ^ pasos=1 ^ simetria=2 ^ entropia=1 ^ transitoriedad=2 ^ time entropy=1,1.927946,0.100893,0.866502,0.000004,1.924118,0.333333
r24=0 ^ freq ceros=5 ^ freq dos=1 ^ width=2,freq unos=1 ^ pasos=1 ^ simetria=2 ^ actividad=1 ^ entropia=1 ^ transitoriedad=2 ^ time entropy=1,1.939272,0.052216,0.883810,0.000003,1.937644,0.166667
r27=0 ^ freq ceros=5 ^ width=2 ^ actividad=1,freq dos=1 ^ pasos=1 ^ simetria=2 ^ entropia=1 ^ transitoriedad=2 ^ time entropy=1,1.927946,0.100893,0.866502,0.000004,1.924118,0.333333
r24=0 ^ freq ceros=5 ^ freq dos=1 ^ width=2,freq unos=1 ^ pasos=1 ^ simetria=2 ^ actividad=1 ^ entropia=1 ^ transitoriedad=2 ^ time entropy=1,1.939272,0.052216,0.883810,0.000003,1.937644,0.166667
r24=0 ^ freq ceros=5 ^ freq dos=1 ^ width=2,freq unos=1 ^ pasos=1 ^ simetria=2 ^ actividad=1 ^ entropia=1 ^ transitoriedad=2 ^ time entropy=1,1.939272,0.052216,0.883810,0.000003,1.937644,0.166667
r24=0 ^ freq ceros=5 ^ freq dos=1 ^ width=2,freq unos=1 ^ pasos=1 ^ simetria=2 ^ actividad=1 ^ entropia=1 ^ transitoriedad=2 ^ time entropy=1,1.939272,0.052216,0.883810,0.000003,1.937644,0.166667
r27=0 ^ pasos=1 ^ transitoriedad=2,freq ceros=5,1.623404,0.726615,0.475176,0.000004,1.408512,1.333333
r14=1 ^ r27=1 ^ pasos=1,freq unos=5 ^ transitoriedad=2,1.820488,0.382338,0.729732,0.000007,1.778060,1.166667
r27=0 ^ freq dos=1 ^ width=2,pasos=1 ^ simetria=2 ^ entropia=1 ^ transitoriedad=2 ^ time entropy=1,1.905350,0.318977,0.830059,0.000005,1.887390,0.666667
r27=0 ^ freq ceros=5 ^ width=2 ^ actividad=1,freq unos=1 ^ freq dos=1 ^ pasos=1 ^ simetria=2 ^ entropia=1 ^ transitoriedad=2 ^ time entropy=1,1.933482,0.246804,0.873438,0.000003,1.924118,0.166667
r27=0 ^ pasos=1 ^ simetria=2 ^ transitoriedad=2,freq ceros=5,1.648702,0.757382,0.515705,0.000004,1.434584,1.166667
r14=1 ^ r27=1 ^ pasos=1,freq unos=5 ^ simetria=2 ^ transitoriedad=2,1.823810,0.412274,0.734826,0.000007,1.778060,1.000000
r27=0 ^ freq dos=1 ^ width=2 ^ actividad=1,freq ceros=5 ^ pasos=1 ^ simetria=2 ^ entropia=1 ^ transitoriedad=2 ^ time entropy=1,1.927946,0.331040,0.862793,0.000003,1.913654,0.333333
r24=0 ^ r27=0 ^ freq dos=1 ^ width=2,freq unos=1 ^ pasos=1 ^ simetria=2 ^ actividad=1 ^ entropia=1 ^ transitoriedad=2 ^ time entropy=1,1.937386,0.111419,0.880371,0.000003,1.933692,0.166667
r27=0 ^ freq ceros=5 ^ width=2 ^ actividad=1,freq unos=1 ^ freq dos=1 ^ pasos=1 ^ simetria=2 ^ entropia=1 ^ transitoriedad=2 ^ time entropy=1,1.933482,0.246804,0.873438,0.000003,1.924118,0.166667
r24=0 ^ r27=0 ^ freq ceros=5 ^ width=2,freq unos=1 ^ freq dos=1 ^ pasos=1 ^ simetria=2 ^ actividad=1 ^ entropia=1 ^ transitoriedad=2 ^ time entropy=1,1.939272,0.135176,0.883140,0.000003,1.934870,0.000000
r27=0 ^ freq ceros=5,pasos=1 ^ simetria=2 ^ transitoriedad=2,1.648702,0.134351,0.953894,0.000257,1.623404,1.166667
r1=0 ^ freq unos=1 ^ pasos=1,simetria=2 ^ transitoriedad=2,1.917268,0.565449,1.035622,0.000153,1.884658,1.166667
r27=0 ^ freq dos=1 ^ width=2 ^ actividad=1,freq ceros=5 ^ pasos=1 ^ simetria=2 ^ entropia=1 ^ transitoriedad=2 ^ time entropy=1,1.927946,0.331040,0.862793,0.000003,1.913654,0.333333
r9=2 ^ r15=1,pasos=1 ^ simetria=2 ^ transitoriedad=2,1.806664,0.260131,1.000745,0.483581,1.777758,1.166667
r5=1 ^ freq unos=3 ^ width=4 ^ time entropy=1,pasos=1 ^ simetria=2 ^ transitoriedad=2,1.999990,0.571429,1.000004,0.784854,1.999986,0.833333
r24=0 ^ r27=0 ^ freq dos=1 ^ width=2,freq unos=1 ^ pasos=1 ^ simetria=2 ^ actividad=1 ^ entropia=1 ^ transitoriedad=2 ^ time entropy=1,1.937386,0.111419,0.880371,0.000003,1.933692,0.166667
r27=0 ^ width=2 ^ actividad=1 ^ time entropy=1,freq dos=1 ^ pasos=1 ^ simetria=2 ^ entropia=1 ^ transitoriedad=2,1.919034,0.212750,0.853305,0.000005,1.909396,0.500000
r27=0 ^ freq ceros=5 ^ freq dos=1 ^ actividad=1,width=2 ^ pasos=1 ^ simetria=2 ^ entropia=1 ^ transitoriedad=2 ^ time entropy=1,1.927946,0.315039,0.867727,0.000005,1.914474,0.333333
r27=0 ^ freq ceros=5 ^ width=2 ^ actividad=1,freq unos=1 ^ freq dos=1 ^ pasos=1 ^ simetria=2 ^ entropia=1 ^ transitoriedad=2 ^ time entropy=1,1.933482,0.246804,0.873438,0.000003,1.924118,0.166667
r27=0 ^ freq ceros=5 ^ width=2 ^ actividad=1,freq unos=1 ^ freq dos=1 ^ pasos=1 ^ simetria=2 ^ entropia=1 ^ transitoriedad=2 ^ time entropy=1,1.933482,0.246804,0.873438,0.000003,1.924118,0.166667
r27=0 ^ transitoriedad=2,freq ceros=5 ^ pasos=1 ^ simetria=2,1.648702,0.812155,0.509950,0.000004,1.408512,1.166667
r27=0 ^ time entropy=1,freq dos=1 ^ pasos=1 ^ entropia=1 ^ transitoriedad=2,1.876612,0.876637,0.795892,0.000007,1.780324,1.000000
r27=0 ^ width=2 ^ actividad=1,freq ceros=5 ^ freq dos=1 ^ pasos=1 ^ simetria=2 ^ entropia=1 ^ transitoriedad=2 ^ time entropy=1,1.927946,0.572170,0.863501,0.000003,1.899072,0.333333
r27=0 ^ transitoriedad=2,freq ceros=5 ^ pasos=1 ^ simetria=2,1.648702,0.812155,0.509950,0.000004,1.408512,1.166667
r27=0 ^ width=2 ^ actividad=1,freq ceros=5 ^ freq dos=1 ^ pasos=1 ^ simetria=2 ^ entropia=1 ^ transitoriedad=2 ^ time entropy=1,1.927946,0.572170,0.863501,0.000003,1.899072,0.333333
r24=0 ^ r27=0 ^ freq ceros=5 ^ width=2,freq unos=1 ^ freq dos=1 ^ pasos=1 ^ simetria=2 ^ actividad=1 ^ entropia=1 ^ transitoriedad=2 ^ time entropy=1,1.939272,0.135176,0.883140,0.000003,1.934870,0.000000
r27=0 ^ pasos=1 ^ simetria=2 ^ transitoriedad=2,width=2,1.784082,1.236251,0.856518,0.000060,1.434584,1.166667
r27=0 ^ freq dos=1 ^ actividad=1 ^ time entropy=1,width=2 ^ pasos=1 ^ simetria=2 ^ entropia=1 ^ transitoriedad=2,1.919034,1.006991,0.869879,0.000012,1.836928,0.500000
r27=0 ^ freq dos=1 ^ actividad=1 ^ transitoriedad=2,freq ceros=5 ^ width=2 ^ pasos=1 ^ simetria=2 ^ entropia=1 ^ time entropy=1,1.927946,0.547416,0.863435,0.000003,1.900792,0.333333
r27=0 ^ freq ceros=5 ^ freq dos=1 ^ actividad=1,freq unos=1 ^ width=2 ^ pasos=1 ^ simetria=2 ^ entropia=1 ^ transitoriedad=2 ^ time entropy=1,1.933482,0.444496,0.874969,0.000004,1.914474,0.166667
r27=1,freq unos=5 ^ pasos=1 ^ simetria=2 ^ transitoriedad=2,1.721992,1.166962,0.706245,0.000013,1.332544,1.166667
r27=0 ^ width=2,freq dos=1 ^ pasos=1 ^ simetria=2 ^ actividad=1 ^ entropia=1 ^ transitoriedad=2 ^ time entropy=1,1.919034,1.251936,0.858003,0.000007,1.783532,0.500000
r27=0 ^ freq ceros=5 ^ width=2 ^ time entropy=1,freq unos=1 ^ freq dos=1 ^ pasos=1 ^ simetria=2 ^ actividad=1 ^ entropia=1 ^ transitoriedad=2,1.933482,0.303805,0.872563,0.000003,1.921568,0.166667
r27=1,freq dos=1 ^ width=2 ^ pasos=1 ^ simetria=2 ^ entropia=1 ^ transitoriedad=2 ^ time entropy=1,1.978882,1.936721,1.035034,0.000316,1.332544,0.666667
r27=0 ^ pasos=1,freq dos=1 ^ width=2 ^ simetria=2 ^ actividad=1 ^ entropia=1 ^ transitoriedad=2 ^ time entropy=1,1.919034,1.744199,0.895909,0.000028,1.366960,0.500000
r27=0 ^ width=5 ^ simetria=2,freq ceros=5 ^ pasos=1 ^ transitoriedad=2,1.818964,0.000000,0.707824,0.000005,1.818964,1.000000
r27=0 ^ width=5 ^ simetria=2,freq ceros=5 ^ pasos=1 ^ transitoriedad=2,1.818964,0.000000,0.707824,0.000005,1.818964,1.000000
r27=0 ^ freq ceros=5 ^ width=2 ^ actividad=1,pasos=1 ^ simetria=2 ^ entropia=1 ^ transitoriedad=2 ^ time entropy=1,1.925808,0.044543,0.864661,0.000005,1.924118,0.500000
r24=0 ^ freq ceros=5 ^ freq dos=1 ^ width=2,freq unos=1 ^ pasos=1 ^ simetria=2 ^ actividad=1 ^ entropia=1 ^ transitoriedad=2 ^ time entropy=1,1.939272,0.052216,0.883810,0.000003,1.937644,0.166667
r27=0 ^ width=5 ^ simetria=2,freq ceros=5 ^ pasos=1 ^ transitoriedad=2,1.818964,0.000000,0.707824,0.000005,1.818964,1.000000
r27=0 ^ freq dos=1 ^ width=2 ^ actividad=1,pasos=1 ^ simetria=2 ^ entropia=1 ^ transitoriedad=2 ^ time entropy=1,1.919034,0.124615,0.852912,0.000005,1.913654,0.500000
r27=0 ^ freq ceros=5 ^ width=2 ^ actividad=1,freq dos=1 ^ pasos=1 ^ simetria=2 ^ entropia=1 ^ transitoriedad=2 ^ time entropy=1,1.927946,0.100893,0.866502,0.000004,1.924118,0.333333
r27=0 ^ freq ceros=5 ^ width=2 ^ actividad=1,freq dos=1 ^ pasos=1 ^ simetria=2 ^ entropia=1 ^ transitoriedad=2 ^ time entropy=1,1.927946,0.100893,0.866502,0.000004,1.924118,0.333333
r24=0 ^ freq ceros=5 ^ freq dos=1 ^ width=2,freq unos=1 ^ pasos=1 ^ simetria=2 ^ actividad=1 ^ entropia=1 ^ transitoriedad=2 ^ time entropy=1,1.939272,0.052216,0.883810,0.000003,1.937644,0.166667
r24=0 ^ r27=0 ^ freq ceros=5 ^ width=2,freq unos=1 ^ freq dos=1 ^ pasos=1 ^ simetria=2 ^ actividad=1 ^ entropia=1 ^ transitoriedad=2 ^ time entropy=1,1.939272,0.135176,0.883140,0.000003,1.934870,0.000000
r27=0 ^ width=5 ^ simetria=2,freq ceros=5 ^ pasos=1 ^ transitoriedad=2,1.818964,0.000000,0.707824,0.000005,1.818964,1.000000
r27=0 ^ freq dos=1 ^ width=2 ^ actividad=1,pasos=1 ^ simetria=2 ^ transitoriedad=2 ^ time entropy=1,1.915922,0.052533,0.849126,0.000005,1.913654,0.666667
r24=0 ^ freq ceros=5 ^ width=2 ^ actividad=1,freq unos=1 ^ pasos=1 ^ simetria=2 ^ entropia=1 ^ transitoriedad=2 ^ time entropy=1,1.938118,0.029549,0.883051,0.000004,1.937190,0.333333
r27=0 ^ freq dos=1 ^ width=2 ^ actividad=1,pasos=1 ^ simetria=2 ^ entropia=1 ^ transitoriedad=2 ^ time entropy=1,1.919034,0.124615,0.852912,0.000005,1.913654,0.500000
r27=0 ^ freq ceros=5 ^ width=2 ^ actividad=1,freq dos=1 ^ pasos=1 ^ simetria=2 ^ entropia=1 ^ transitoriedad=2 ^ time entropy=1,1.927946,0.100893,0.866502,0.000004,1.924118,0.333333
r24=0 ^ freq ceros=5 ^ freq dos=1 ^ width=2,freq unos=1 ^ pasos=1 ^ simetria=2 ^ actividad=1 ^ entropia=1 ^ transitoriedad=2 ^ time entropy=1,1.939272,0.052216,0.883810,0.000003,1.937644,0.166667
r27=0 ^ freq dos=1 ^ width=2 ^ actividad=1,pasos=1 ^ simetria=2 ^ entropia=1 ^ transitoriedad=2 ^ time entropy=1,1.919034,0.124615,0.852912,0.000005,1.913654,0.500000
r24=0 ^ freq ceros=5 ^ width=2 ^ actividad=1,freq unos=1 ^ pasos=1 ^ simetria=2 ^ entropia=1 ^ transitoriedad=2 ^ time entropy=1,1.938118,0.029549,0.883051,0.000004,1.937190,0.333333
r24=0 ^ freq ceros=5 ^ freq dos=1 ^ width=2,freq unos=1 ^ pasos=1 ^ simetria=2 ^ actividad=1 ^ entropia=1 ^ transitoriedad=2 ^ time entropy=1,1.939272,0.052216,0.883810,0.000003,1.937644,0.166667
r24=0 ^ freq ceros=5 ^ freq dos=1 ^ width=2,freq unos=1 ^ pasos=1 ^ simetria=2 ^ actividad=1 ^ entropia=1 ^ transitoriedad=2 ^ time entropy=1,1.939272,0.052216,0.883810,0.000003,1.937644,0.166667
r27=0 ^ width=5 ^ transitoriedad=2,freq ceros=5 ^ pasos=1 ^ simetria=2,1.818964,0.237612,0.711753,0.000005,1.794556,1.000000
r27=0 ^ width=2 ^ time entropy=1,freq dos=1 ^ pasos=1 ^ simetria=2 ^ entropia=1 ^ transitoriedad=2,1.905350,0.328860,0.829750,0.000005,1.886724,0.666667
r27=0 ^ freq dos=1 ^ width=2 ^ actividad=1,freq ceros=5 ^ pasos=1 ^ simetria=2 ^ entropia=1 ^ transitoriedad=2 ^ time entropy=1,1.927946,0.331040,0.862793,0.000003,1.913654,0.333333
r27=0 ^ freq ceros=5 ^ width=2 ^ time entropy=1,freq dos=1 ^ pasos=1 ^ simetria=2 ^ actividad=1 ^ entropia=1 ^ transitoriedad=2,1.927946,0.162638,0.863408,0.000003,1.921568,0.333333
r27=0 ^ freq dos=1 ^ width=2 ^ actividad=1,freq ceros=5 ^ pasos=1 ^ simetria=2 ^ entropia=1 ^ transitoriedad=2 ^ time entropy=1,1.927946,0.331040,0.862793,0.000003,1.913654,0.333333
r24=0 ^ r27=0 ^ freq dos=1 ^ width=2,freq unos=1 ^ pasos=1 ^ simetria=2 ^ actividad=1 ^ entropia=1 ^ transitoriedad=2 ^ time entropy=1,1.937386,0.111419,0.880371,0.000003,1.933692,0.166667
r27=0 ^ freq dos=1 ^ width=2,pasos=1 ^ simetria=2 ^ entropia=1 ^ transitoriedad=2 ^ time entropy=1,1.905350,0.318977,0.830059,0.000005,1.887390,0.666667
r27=0 ^ freq dos=1 ^ width=2 ^ actividad=1,freq ceros=5 ^ pasos=1 ^ simetria=2 ^ entropia=1 ^ transitoriedad=2 ^ time entropy=1,1.927946,0.331040,0.862793,0.000003,1.913654,0.333333
r27=0 ^ freq ceros=5 ^ width=2 ^ actividad=1,freq unos=1 ^ freq dos=1 ^ pasos=1 ^ simetria=2 ^ entropia=1 ^ transitoriedad=2 ^ time entropy=1,1.933482,0.246804,0.873438,0.000003,1.924118,0.166667
r27=0 ^ freq ceros=5 ^ width=2 ^ actividad=1,freq unos=1 ^ freq dos=1 ^ pasos=1 ^ simetria=2 ^ entropia=1 ^ transitoriedad=2 ^ time entropy=1,1.933482,0.246804,0.873438,0.000003,1.924118,0.166667
r27=0 ^ simetria=2 ^ time entropy=1,freq dos=1 ^ width=2 ^ pasos=1 ^ entropia=1 ^ transitoriedad=2,1.905350,0.673738,0.828975,0.000004,1.857268,0.666667
r27=0 ^ width=2 ^ actividad=1,freq ceros=5 ^ freq dos=1 ^ pasos=1 ^ simetria=2 ^ entropia=1 ^ transitoriedad=2 ^ time entropy=1,1.927946,0.572170,0.863501,0.000003,1.899072,0.333333
r27=0 ^ freq unos=1 ^ freq dos=1 ^ width=2,freq ceros=5 ^ pasos=1 ^ simetria=2 ^ actividad=1 ^ entropia=1 ^ transitoriedad=2 ^ time entropy=1,1.933482,0.327601,0.872966,0.000003,1.920452,0.166667
r27=0 ^ width=2 ^ actividad=1,freq ceros=5 ^ freq dos=1 ^ pasos=1 ^ simetria=2 ^ entropia=1 ^ transitoriedad=2 ^ time entropy=1,1.927946,0.572170,0.863501,0.000003,1.899072,0.333333
r27=0 ^ width=2 ^ time entropy=1,freq ceros=5 ^ freq dos=1 ^ pasos=1 ^ simetria=2 ^ actividad=1 ^ entropia=1 ^ transitoriedad=2,1.927946,0.727815,0.864093,0.000003,1.886724,0.333333
r27=0 ^ freq dos=1 ^ width=2 ^ actividad=1,pasos=1 ^ simetria=2 ^ entropia=1 ^ transitoriedad=2 ^ time entropy=1,1.919034,0.124615,0.852912,0.000005,1.913654,0.500000
r27=0 ^ freq dos=1 ^ width=2 ^ actividad=1,pasos=1 ^ simetria=2 ^ entropia=1 ^ transitoriedad=2 ^ time entropy=1,1.919034,0.124615,0.852912,0.000005,1.913654,0.500000
r24=0 ^ freq ceros=5 ^ freq dos=1 ^ width=2,freq unos=1 ^ pasos=1 ^ simetria=2 ^ actividad=1 ^ entropia=1 ^ transitoriedad=2 ^ time entropy=1,1.939272,0.052216,0.883810,0.000003,1.937644,0.166667
r27=0 ^ freq ceros=5 ^ width=2 ^ actividad=1,freq dos=1 ^ pasos=1 ^ simetria=2 ^ entropia=1 ^ transitoriedad=2 ^ time entropy=1,1.927946,0.100893,0.866502,0.000004,1.924118,0.333333
r24=0 ^ freq ceros=5 ^ freq dos=1 ^ width=2,freq unos=1 ^ pasos=1 ^ simetria=2 ^ actividad=1 ^ entropia=1 ^ transitoriedad=2 ^ time entropy=1,1.939272,0.052216,0.883810,0.000003,1.937644,0.166667
r24=0 ^ freq ceros=5 ^ freq dos=1 ^ width=2,freq unos=1 ^ pasos=1 ^ simetria=2 ^ actividad=1 ^ entropia=1 ^ transitoriedad=2 ^ time entropy=1,1.939272,0.052216,0.883810,0.000003,1.937644,0.166667
r27=0 ^ freq ceros=5 ^ width=2 ^ actividad=1,freq dos=1 ^ pasos=1 ^ simetria=2 ^ entropia=1 ^ transitoriedad=2 ^ time entropy=1,1.927946,0.100893,0.866502,0.000004,1.924118,0.333333
r24=0 ^ freq ceros=5 ^ freq dos=1 ^ width=2,freq unos=1 ^ pasos=1 ^ simetria=2 ^ actividad=1 ^ entropia=1 ^ transitoriedad=2 ^ time entropy=1,1.939272,0.052216,0.883810,0.000003,1.937644,0.166667
r24=0 ^ freq ceros=5 ^ freq dos=1 ^ width=2,freq unos=1 ^ pasos=1 ^ simetria=2 ^ actividad=1 ^ entropia=1 ^ transitoriedad=2 ^ time entropy=1,1.939272,0.052216,0.883810,0.000003,1.937644,0.166667
r24=0 ^ freq ceros=5 ^ freq dos=1 ^ width=2,freq unos=1 ^ pasos=1 ^ simetria=2 ^ actividad=1 ^ entropia=1 ^ transitoriedad=2 ^ time entropy=1,1.939272,0.052216,0.883810,0.000003,1.937644,0.166667
r27=0 ^ freq ceros=5 ^ width=2 ^ time entropy=1,freq dos=1 ^ pasos=1 ^ simetria=2 ^ actividad=1 ^ entropia=1 ^ transitoriedad=2,1.927946,0.162638,0.863408,0.000003,1.921568,0.333333
r27=0 ^ freq ceros=5 ^ width=2 ^ actividad=1,freq unos=1 ^ freq dos=1 ^ pasos=1 ^ simetria=2 ^ entropia=1 ^ transitoriedad=2 ^ time entropy=1,1.933482,0.246804,0.873438,0.000003,1.924118,0.166667
r27=0 ^ freq ceros=5 ^ width=2 ^ actividad=1,freq unos=1 ^ freq dos=1 ^ pasos=1 ^ simetria=2 ^ entropia=1 ^ transitoriedad=2 ^ time entropy=1,1.933482,0.246804,0.873438,0.000003,1.924118,0.166667
r27=0 ^ freq ceros=5 ^ width=2 ^ actividad=1,freq unos=1 ^ freq dos=1 ^ pasos=1 ^ simetria=2 ^ entropia=1 ^ transitoriedad=2 ^ time entropy=1,1.933482,0.246804,0.873438,0.000003,1.924118,0.166667
r27=0 ^ freq ceros=5 ^ width=2 ^ time entropy=1,freq unos=1 ^ freq dos=1 ^ pasos=1 ^ simetria=2 ^ actividad=1 ^ entropia=1 ^ transitoriedad=2,1.933482,0.303805,0.872563,0.000003,1.921568,0.166667
r27=0 ^ freq ceros=5 ^ width=2 ^ actividad=1,freq dos=1 ^ pasos=1 ^ simetria=2 ^ entropia=1 ^ transitoriedad=2 ^ time entropy=1,1.927946,0.100893,0.866502,0.000004,1.924118,0.333333
r24=0 ^ freq ceros=5 ^ freq dos=1 ^ width=2,freq unos=1 ^ pasos=1 ^ simetria=2 ^ actividad=1 ^ entropia=1 ^ transitoriedad=2 ^ time entropy=1,1.939272,0.052216,0.883810,0.000003,1.937644,0.166667
r24=0 ^ freq ceros=5 ^ freq dos=1 ^ width=2,freq unos=1 ^ pasos=1 ^ simetria=2 ^ actividad=1 ^ entropia=1 ^ transitoriedad=2 ^ time entropy=1,1.939272,0.052216,0.883810,0.000003,1.937644,0.166667
r24=0 ^ freq ceros=5 ^ freq dos=1 ^ width=2,freq unos=1 ^ pasos=1 ^ simetria=2 ^ actividad=1 ^ entropia=1 ^ transitoriedad=2 ^ time entropy=1,1.939272,0.052216,0.883810,0.000003,1.937644,0.166667
r27=0 ^ freq ceros=5 ^ width=2 ^ actividad=1,freq unos=1 ^ freq dos=1 ^ pasos=1 ^ simetria=2 ^ entropia=1 ^ transitoriedad=2 ^ time entropy=1,1.933482,0.246804,0.873438,0.000003,1.924118,0.166667
r24=0 ^ freq ceros=5 ^ freq dos=1 ^ width=2,freq unos=1 ^ pasos=1 ^ simetria=2 ^ actividad=1 ^ entropia=1 ^ transitoriedad=2 ^ time entropy=1,1.939272,0.052216,0.883810,0.000003,1.937644,0.166667
