antecedente,consecuente,support,confidence,leverage,chi_cuadrada,coverage,rule_size
r27=2 ^ transitoriedad=2,pasos=1 ^ simetria=2,1.410510,0.012200,0.904785,0.000058,1.406892,1.333333
r27=2 ^ transitoriedad=2,pasos=1 ^ simetria=2,1.410510,0.012200,0.904785,0.000058,1.406892,1.333333
r27=0 ^ width=5 ^ simetria=2 ^ transitoriedad=2,freq ceros=5 ^ pasos=1,1.818964,0.000000,0.707824,0.000005,1.818964,1.000000
r27=0 ^ width=5 ^ simetria=2 ^ transitoriedad=2,freq ceros=5 ^ pasos=1,1.818964,0.000000,0.707824,0.000005,1.818964,1.000000
r9=2 ^ r18=2 ^ r26=1 ^ r27=0,freq ceros=5 ^ width=5 ^ pasos=1 ^ simetria=2 ^ transitoriedad=2,1.974994,0.000000,0.954665,0.000016,1.974994,0.500000
r9=2 ^ r18=2 ^ r26=1 ^ r27=0,freq ceros=5 ^ width=5 ^ pasos=1 ^ simetria=2 ^ transitoriedad=2,1.974994,0.000000,0.954665,0.000016,1.974994,0.500000
r27=2 ^ transitoriedad=2,pasos=1 ^ simetria=2,1.410510,0.012200,0.904785,0.000058,1.406892,1.333333
r27=0 ^ width=5 ^ transitoriedad=2,freq ceros=5 ^ pasos=1,1.794556,0.000000,0.668432,0.000004,1.794556,1.166667
r27=0 ^ width=5 ^ simetria=2,freq ceros=5 ^ pasos=1 ^ transitoriedad=2,1.818964,0.000000,0.707824,0.000005,1.818964,1.000000
r18=1 ^ r26=1 ^ r27=0 ^ simetria=2,freq ceros=5 ^ width=5 ^ pasos=1 ^ transitoriedad=2,1.948102,0.000000,0.907251,0.000009,1.948102,0.666667
r9=2 ^ r18=2 ^ r26=1 ^ r27=0,freq ceros=5 ^ width=5 ^ pasos=1 ^ simetria=2 ^ transitoriedad=2,1.974994,0.000000,0.954665,0.000016,1.974994,0.500000
r22=0,pasos=1 ^ simetria=2 ^ transitoriedad=2,1.418346,0.255350,0.999047,0.609041,1.333214,1.333333
r27=0 ^ width=5 ^ simetria=2,freq ceros=5 ^ pasos=1 ^ transitoriedad=2,1.818964,0.000000,0.707824,0.000005,1.818964,1.000000
r27=0 ^ width=5 ^ simetria=2,freq ceros=5 ^ pasos=1 ^ transitoriedad=2,1.818964,0.000000,0.707824,0.000005,1.818964,1.000000
r9=2 ^ r18=2 ^ r26=1 ^ r27=0,freq ceros=5 ^ width=5 ^ pasos=1 ^ simetria=2 ^ transitoriedad=2,1.974994,0.000000,0.954665,0.000016,1.974994,0.500000
r8=2,pasos=1 ^ simetria=2,1.390908,0.172311,0.999717,1.555076,1.333484,1.500000
r9=2 ^ r18=2 ^ r26=1 ^ r27=0,freq ceros=5 ^ width=5 ^ pasos=1 ^ simetria=2 ^ transitoriedad=2,1.974994,0.000000,0.954665,0.000016,1.974994,0.500000
r9=2 ^ r18=2 ^ r26=1 ^ r27=0,freq ceros=5 ^ width=5 ^ pasos=1 ^ simetria=2 ^ transitoriedad=2,1.974994,0.000000,0.954665,0.000016,1.974994,0.500000
r9=2 ^ r18=2 ^ r26=1 ^ r27=0,freq ceros=5 ^ width=5 ^ pasos=1 ^ simetria=2 ^ transitoriedad=2,1.974994,0.000000,0.954665,0.000016,1.974994,0.500000
r9=2 ^ r18=2 ^ r26=1 ^ r27=0,freq ceros=5 ^ width=5 ^ pasos=1 ^ simetria=2 ^ transitoriedad=2,1.974994,0.000000,0.954665,0.000016,1.974994,0.500000
r9=2 ^ r18=2 ^ r26=1 ^ r27=0,freq ceros=5 ^ width=5 ^ pasos=1 ^ simetria=2 ^ transitoriedad=2,1.974994,0.000000,0.954665,0.000016,1.974994,0.500000
r27=2 ^ transitoriedad=2,pasos=1 ^ simetria=2,1.410510,0.012200,0.904785,0.000058,1.406892,1.333333
r18=0 ^ transitoriedad=2,pasos=1 ^ simetria=2,1.431578,0.020112,0.912364,0.000067,1.425804,1.333333
r27=0 ^ width=5 ^ simetria=2,freq ceros=5 ^ pasos=1 ^ transitoriedad=2,1.818964,0.000000,0.707824,0.000005,1.818964,1.000000
r18=1 ^ r26=1 ^ r27=0 ^ simetria=2,freq ceros=5 ^ width=5 ^ pasos=1 ^ transitoriedad=2,1.948102,0.000000,0.907251,0.000009,1.948102,0.666667
r9=2 ^ r18=2 ^ r26=1 ^ r27=0,freq ceros=5 ^ width=5 ^ pasos=1 ^ simetria=2 ^ transitoriedad=2,1.974994,0.000000,0.954665,0.000016,1.974994,0.500000
r16=2,pasos=1,1.353800,0.062706,0.999357,0.418871,1.332884,1.666667
r27=0 ^ freq ceros=5 ^ simetria=2,pasos=1 ^ transitoriedad=2,1.648702,0.000000,0.923203,0.000076,1.648702,1.166667
r26=1 ^ r27=0 ^ width=5 ^ simetria=2,freq ceros=5 ^ pasos=1 ^ transitoriedad=2,1.898506,0.000000,0.836198,0.000009,1.898506,0.833333
r9=2 ^ r18=2 ^ r26=1 ^ r27=0,freq ceros=5 ^ width=5 ^ pasos=1 ^ simetria=2 ^ transitoriedad=2,1.974994,0.000000,0.954665,0.000016,1.974994,0.500000
r8=2,pasos=1,1.354536,0.063170,0.999667,0.993820,1.333484,1.666667
r11=0 ^ r22=1,pasos=1 ^ simetria=2 ^ transitoriedad=2,1.805948,0.254881,0.999578,0.996046,1.777606,1.166667
r9=2 ^ r18=2 ^ r26=1 ^ r27=0,freq ceros=5 ^ width=5 ^ pasos=1 ^ simetria=2 ^ transitoriedad=2,1.974994,0.000000,0.954665,0.000016,1.974994,0.500000
r8=2,pasos=1 ^ simetria=2,1.390908,0.172311,0.999717,1.555076,1.333484,1.500000
r5=1 ^ r18=1 ^ r27=0 ^ freq ceros=5,pasos=1 ^ simetria=2 ^ transitoriedad=2,1.949630,0.259141,1.000137,1.458565,1.942132,0.833333
r9=2 ^ r18=2 ^ r26=1 ^ r27=0,freq ceros=5 ^ width=5 ^ pasos=1 ^ simetria=2 ^ transitoriedad=2,1.974994,0.000000,0.954665,0.000016,1.974994,0.500000
r24=2 ^ simetria=2 ^ transitoriedad=2,pasos=1,1.406550,0.000067,0.962254,0.000144,1.406530,1.333333
r27=0 ^ freq ceros=5 ^ simetria=2 ^ transitoriedad=2,pasos=1,1.648702,0.000000,0.977633,0.000285,1.648702,1.166667
r18=1 ^ r26=1 ^ r27=0 ^ simetria=2,freq ceros=5 ^ width=5 ^ pasos=1 ^ transitoriedad=2,1.948102,0.000000,0.907251,0.000009,1.948102,0.666667
r9=2 ^ r18=2 ^ r26=1 ^ r27=0,freq ceros=5 ^ width=5 ^ pasos=1 ^ simetria=2 ^ transitoriedad=2,1.974994,0.000000,0.954665,0.000016,1.974994,0.500000
r16=2,pasos=1 ^ simetria=2 ^ transitoriedad=2,1.417842,0.254702,0.998614,0.343249,1.332884,1.333333
r27=0 ^ freq ceros=5 ^ simetria=2 ^ transitoriedad=2,pasos=1,1.648702,0.000000,0.977633,0.000285,1.648702,1.166667
r9=2 ^ r18=2 ^ r26=1 ^ r27=0,freq ceros=5 ^ width=5 ^ pasos=1 ^ simetria=2 ^ transitoriedad=2,1.974994,0.000000,0.954665,0.000016,1.974994,0.500000
r8=2,pasos=1 ^ simetria=2 ^ transitoriedad=2,1.418636,0.255514,0.999156,0.716742,1.333484,1.333333
r9=2 ^ r18=2 ^ r26=1 ^ r27=0,freq ceros=5 ^ width=5 ^ pasos=1 ^ simetria=2 ^ transitoriedad=2,1.974994,0.000000,0.954665,0.000016,1.974994,0.500000
r9=2 ^ r18=2 ^ r26=1 ^ r27=0,freq ceros=5 ^ width=5 ^ pasos=1 ^ simetria=2 ^ transitoriedad=2,1.974994,0.000000,0.954665,0.000016,1.974994,0.500000
r24=2 ^ simetria=2 ^ transitoriedad=2,pasos=1,1.406550,0.000067,0.962254,0.000144,1.406530,1.333333
r9=2 ^ r18=2 ^ r26=1 ^ r27=0,freq ceros=5 ^ width=5 ^ pasos=1 ^ simetria=2 ^ transitoriedad=2,1.974994,0.000000,0.954665,0.000016,1.974994,0.500000
r9=2 ^ r18=2 ^ r26=1 ^ r27=0,freq ceros=5 ^ width=5 ^ pasos=1 ^ simetria=2 ^ transitoriedad=2,1.974994,0.000000,0.954665,0.000016,1.974994,0.500000
r9=2 ^ r18=2 ^ r26=1 ^ r27=0,freq ceros=5 ^ width=5 ^ pasos=1 ^ simetria=2 ^ transitoriedad=2,1.974994,0.000000,0.954665,0.000016,1.974994,0.500000
r9=2 ^ r18=2 ^ r26=1 ^ r27=0,freq ceros=5 ^ width=5 ^ pasos=1 ^ simetria=2 ^ transitoriedad=2,1.974994,0.000000,0.954665,0.000016,1.974994,0.500000
r9=2 ^ r18=2 ^ r26=1 ^ r27=0,freq ceros=5 ^ width=5 ^ pasos=1 ^ simetria=2 ^ transitoriedad=2,1.974994,0.000000,0.954665,0.000016,1.974994,0.500000
r9=2 ^ r18=2 ^ r26=1 ^ r27=0,freq ceros=5 ^ width=5 ^ pasos=1 ^ simetria=2 ^ transitoriedad=2,1.974994,0.000000,0.954665,0.000016,1.974994,0.500000
r9=2 ^ r18=2 ^ r26=1 ^ r27=0,freq ceros=5 ^ width=5 ^ pasos=1 ^ simetria=2 ^ transitoriedad=2,1.974994,0.000000,0.954665,0.000016,1.974994,0.500000
r9=2 ^ r18=2 ^ r26=1 ^ r27=0,freq ceros=5 ^ width=5 ^ pasos=1 ^ simetria=2 ^ transitoriedad=2,1.974994,0.000000,0.954665,0.000016,1.974994,0.500000
r9=2 ^ r18=2 ^ r26=1 ^ r27=0,freq ceros=5 ^ width=5 ^ pasos=1 ^ simetria=2 ^ transitoriedad=2,1.974994,0.000000,0.954665,0.000016,1.974994,0.500000
r10=1 ^ simetria=2,pasos=1 ^ transitoriedad=2,1.412762,0.094243,0.923355,0.000113,1.383722,1.333333
r27=0 ^ width=5 ^ transitoriedad=2,freq ceros=5 ^ pasos=1 ^ simetria=2,1.818964,0.237612,0.711753,0.000005,1.794556,1.000000
r27=0 ^ width=5 ^ transitoriedad=2,freq ceros=5 ^ pasos=1 ^ simetria=2,1.818964,0.237612,0.711753,0.000005,1.794556,1.000000
r26=1 ^ r27=0 ^ width=5 ^ sensitividad=5,freq ceros=5 ^ pasos=1 ^ simetria=2 ^ transitoriedad=2,1.947242,0.203861,0.915594,0.000019,1.941254,0.666667
r18=2 ^ r26=1 ^ r27=0 ^ sensitividad=5,freq ceros=5 ^ width=5 ^ pasos=1 ^ simetria=2 ^ transitoriedad=2,1.974516,0.115646,0.954091,0.000017,1.972952,0.500000
r8=1,pasos=1 ^ simetria=2 ^ transitoriedad=2,1.419406,0.254635,0.998573,0.326547,1.334702,1.333333
r27=0 ^ width=5 ^ transitoriedad=2,freq ceros=5 ^ pasos=1 ^ simetria=2,1.818964,0.237612,0.711753,0.000005,1.794556,1.000000
r27=0 ^ width=5 ^ transitoriedad=2,freq ceros=5 ^ pasos=1 ^ simetria=2,1.818964,0.237612,0.711753,0.000005,1.794556,1.000000
r18=2 ^ r26=1 ^ r27=0 ^ sensitividad=5,freq ceros=5 ^ width=5 ^ pasos=1 ^ simetria=2 ^ transitoriedad=2,1.974516,0.115646,0.954091,0.000017,1.972952,0.500000
r8=2,pasos=1 ^ simetria=2 ^ transitoriedad=2,1.418636,0.255514,0.999156,0.716742,1.333484,1.333333
r4=2 ^ r16=2,pasos=1 ^ simetria=2 ^ transitoriedad=2,1.805948,0.254740,0.999546,0.924488,1.777624,1.166667
r18=2 ^ r26=1 ^ r27=0 ^ sensitividad=5,freq ceros=5 ^ width=5 ^ pasos=1 ^ simetria=2 ^ transitoriedad=2,1.974516,0.115646,0.954091,0.000017,1.972952,0.500000
r9=2 ^ r18=2 ^ r26=1 ^ r27=0,freq ceros=5 ^ width=5 ^ pasos=1 ^ simetria=2 ^ transitoriedad=2,1.974994,0.000000,0.954665,0.000016,1.974994,0.500000
r18=1 ^ r26=1 ^ r27=0 ^ entropia=5,freq ceros=5 ^ width=5 ^ pasos=1 ^ simetria=2 ^ transitoriedad=2,1.974936,0.078356,0.954751,0.000017,1.973914,0.500000
r9=2 ^ r18=2 ^ r26=1 ^ r27=0,freq ceros=5 ^ width=5 ^ pasos=1 ^ simetria=2 ^ transitoriedad=2,1.974994,0.000000,0.954665,0.000016,1.974994,0.500000
r24=2,pasos=1 ^ simetria=2 ^ transitoriedad=2,1.406550,0.216502,0.973195,0.001106,1.334510,1.333333
r27=0 ^ freq ceros=5,pasos=1 ^ simetria=2 ^ transitoriedad=2,1.648702,0.134351,0.953894,0.000257,1.623404,1.166667
r26=1 ^ r27=0 ^ width=5 ^ transitoriedad=2,freq ceros=5 ^ pasos=1 ^ simetria=2,1.898506,0.357835,0.841430,0.000011,1.876390,0.833333
r18=1 ^ r26=2 ^ r27=0 ^ sensitividad=5,freq ceros=5 ^ width=5 ^ pasos=1 ^ simetria=2 ^ transitoriedad=2,1.974674,0.120101,0.954388,0.000017,1.973056,0.500000
r6=0,pasos=1 ^ simetria=2 ^ transitoriedad=2,1.417374,0.255005,0.998815,0.441592,1.332232,1.333333
r8=2 ^ r24=0,pasos=1 ^ simetria=2 ^ transitoriedad=2,1.806292,0.260368,1.000799,0.434392,1.777300,1.166667
r18=1 ^ r26=1 ^ r27=0 ^ sensitividad=5,freq ceros=5 ^ width=5 ^ pasos=1 ^ simetria=2 ^ transitoriedad=2,1.972726,0.360051,0.951674,0.000019,1.966738,0.500000
r8=2,pasos=1 ^ simetria=2 ^ transitoriedad=2,1.418636,0.255514,0.999156,0.716742,1.333484,1.333333
r8=2 ^ r18=1 ^ r27=0 ^ freq ceros=5,pasos=1 ^ simetria=2 ^ transitoriedad=2,1.948462,0.252890,0.999770,0.986401,1.941002,0.833333
r9=2 ^ r18=2 ^ r26=1 ^ r27=0,freq ceros=5 ^ width=5 ^ pasos=1 ^ simetria=2 ^ transitoriedad=2,1.974994,0.000000,0.954665,0.000016,1.974994,0.500000
r27=0,pasos=1 ^ simetria=2 ^ transitoriedad=2,1.434584,0.303139,1.030895,0.000833,1.333574,1.333333
r27=0 ^ freq ceros=5 ^ width=5 ^ transitoriedad=2,pasos=1 ^ simetria=2,1.818964,0.237612,1.013328,0.001309,1.794556,1.000000
r18=1 ^ r24=1 ^ r26=1 ^ r27=0,freq ceros=5 ^ width=5 ^ pasos=1 ^ simetria=2 ^ transitoriedad=2,1.978412,0.250851,0.961441,0.000022,1.975316,0.500000
r4=2,pasos=1 ^ simetria=2 ^ transitoriedad=2,1.420412,0.258826,1.001362,0.352907,1.334256,1.333333
r18=1 ^ r26=1 ^ r27=0 ^ sensitividad=5,freq ceros=5 ^ width=5 ^ pasos=1 ^ simetria=2 ^ transitoriedad=2,1.972726,0.360051,0.951674,0.000019,1.966738,0.500000
r18=2 ^ r26=1 ^ r27=0 ^ sensitividad=5,freq ceros=5 ^ width=5 ^ pasos=1 ^ simetria=2 ^ transitoriedad=2,1.974516,0.115646,0.954091,0.000017,1.972952,0.500000
r27=0 ^ freq ceros=5 ^ transitoriedad=2,pasos=1 ^ simetria=2,1.648702,0.134351,0.985544,0.001845,1.623404,1.166667
r18=1 ^ r26=2 ^ r27=0 ^ sensitividad=5,freq ceros=5 ^ width=5 ^ pasos=1 ^ simetria=2 ^ transitoriedad=2,1.974674,0.120101,0.954388,0.000017,1.973056,0.500000
r18=2 ^ r26=1 ^ r27=0 ^ sensitividad=5,freq ceros=5 ^ width=5 ^ pasos=1 ^ simetria=2 ^ transitoriedad=2,1.974516,0.115646,0.954091,0.000017,1.972952,0.500000
r18=2 ^ r26=1 ^ r27=0 ^ sensitividad=5,freq ceros=5 ^ width=5 ^ pasos=1 ^ simetria=2 ^ transitoriedad=2,1.974516,0.115646,0.954091,0.000017,1.972952,0.500000
r27=0 ^ transitoriedad=2,freq ceros=5 ^ pasos=1,1.623404,0.726615,0.475176,0.000004,1.408512,1.333333
r27=0 ^ simetria=2 ^ transitoriedad=2,freq ceros=5 ^ pasos=1,1.648702,0.757382,0.515705,0.000004,1.434584,1.166667
r26=1 ^ r27=0 ^ freq ceros=5 ^ simetria=2,width=5 ^ pasos=1 ^ transitoriedad=2,1.898506,0.692526,0.850459,0.000015,1.844748,0.833333
r18=1 ^ r26=1 ^ r27=0 ^ sensitividad=5,freq ceros=5 ^ width=5 ^ pasos=1 ^ simetria=2 ^ transitoriedad=2,1.972726,0.360051,0.951674,0.000019,1.966738,0.500000
r27=0 ^ simetria=2 ^ transitoriedad=2,freq ceros=5 ^ pasos=1,1.648702,0.757382,0.515705,0.000004,1.434584,1.166667
r27=0 ^ simetria=2 ^ transitoriedad=2,freq ceros=5 ^ pasos=1,1.648702,0.757382,0.515705,0.000004,1.434584,1.166667
r18=1 ^ r26=1 ^ r27=0 ^ sensitividad=5,freq ceros=5 ^ width=5 ^ pasos=1 ^ simetria=2 ^ transitoriedad=2,1.972726,0.360051,0.951674,0.000019,1.966738,0.500000
r27=0 ^ simetria=2 ^ transitoriedad=2,freq ceros=5 ^ pasos=1,1.648702,0.757382,0.515705,0.000004,1.434584,1.166667
r18=2 ^ r26=1 ^ r27=0 ^ sensitividad=5,freq ceros=5 ^ width=5 ^ pasos=1 ^ simetria=2 ^ transitoriedad=2,1.974516,0.115646,0.954091,0.000017,1.972952,0.500000
r9=2 ^ r18=2 ^ r26=1 ^ r27=0,freq ceros=5 ^ width=5 ^ pasos=1 ^ simetria=2 ^ transitoriedad=2,1.974994,0.000000,0.954665,0.000016,1.974994,0.500000
r27=0 ^ simetria=2 ^ transitoriedad=2,freq ceros=5 ^ pasos=1,1.648702,0.757382,0.515705,0.000004,1.434584,1.166667
r27=0 ^ freq ceros=5 ^ simetria=2 ^ transitoriedad=2,width=5 ^ pasos=1,1.818964,0.969331,0.758872,0.000011,1.648702,1.000000
r27=0 ^ freq unos=3 ^ width=5 ^ entropia=3,freq ceros=5 ^ pasos=1 ^ simetria=2 ^ transitoriedad=2 ^ sensitividad=5 ^ time entropy=3,1.987932,0.665340,0.976628,0.000011,1.981916,0.333333
r27=0 ^ simetria=2,freq ceros=5 ^ pasos=1 ^ transitoriedad=2,1.648702,0.800834,0.523616,0.000005,1.414096,1.166667
r27=0 ^ freq unos=3 ^ width=5 ^ entropia=3,freq ceros=5 ^ pasos=1 ^ simetria=2 ^ transitoriedad=2 ^ sensitividad=5 ^ time entropy=3,1.987932,0.665340,0.976628,0.000011,1.981916,0.333333
r18=2 ^ r26=1 ^ r27=0 ^ sensitividad=5,freq ceros=5 ^ width=5 ^ pasos=1 ^ simetria=2 ^ transitoriedad=2,1.974516,0.115646,0.954091,0.000017,1.972952,0.500000
r27=0,pasos=1 ^ simetria=2 ^ transitoriedad=2,1.434584,0.303139,1.030895,0.000833,1.333574,1.333333
r18=1 ^ r26=1 ^ r27=0 ^ time entropy=3,freq ceros=5 ^ width=5 ^ pasos=1 ^ simetria=2 ^ transitoriedad=2 ^ sensitividad=5,1.991282,0.599068,0.983775,0.000035,1.987554,0.333333
r18=1 ^ r26=1 ^ r27=0 ^ sensitividad=5,freq ceros=5 ^ width=5 ^ pasos=1 ^ simetria=2 ^ transitoriedad=2,1.972726,0.360051,0.951674,0.000019,1.966738,0.500000
r18=1 ^ r26=1 ^ r27=0 ^ sensitividad=5,freq ceros=5 ^ width=5 ^ pasos=1 ^ simetria=2 ^ transitoriedad=2,1.972726,0.360051,0.951674,0.000019,1.966738,0.500000
r27=0,freq ceros=5 ^ pasos=1 ^ simetria=2 ^ transitoriedad=2,1.648702,0.945725,0.536879,0.000005,1.333574,1.166667
r27=0 ^ freq ceros=5,width=5 ^ pasos=1 ^ simetria=2 ^ transitoriedad=2,1.818964,1.038567,0.756110,0.000011,1.623404,1.000000
r27=0 ^ freq unos=3 ^ width=5 ^ entropia=3,freq ceros=5 ^ pasos=1 ^ simetria=2 ^ transitoriedad=2 ^ sensitividad=5 ^ time entropy=3,1.987932,0.665340,0.976628,0.000011,1.981916,0.333333
r27=0,freq ceros=5 ^ pasos=1 ^ simetria=2 ^ transitoriedad=2,1.648702,0.945725,0.536879,0.000005,1.333574,1.166667
r27=0 ^ freq unos=3 ^ width=5 ^ entropia=3,freq ceros=5 ^ pasos=1 ^ simetria=2 ^ transitoriedad=2 ^ sensitividad=5 ^ time entropy=3,1.987932,0.665340,0.976628,0.000011,1.981916,0.333333
r9=2 ^ r18=2 ^ r26=1 ^ r27=0,freq ceros=5 ^ width=5 ^ pasos=1 ^ simetria=2 ^ transitoriedad=2,1.974994,0.000000,0.954665,0.000016,1.974994,0.500000
r27=0 ^ simetria=2,freq ceros=5 ^ width=5 ^ pasos=1 ^ transitoriedad=2,1.818964,1.382028,0.762642,0.000011,1.414096,1.000000
r18=1 ^ r26=1 ^ r27=0,freq ceros=5 ^ width=5 ^ pasos=1 ^ simetria=2 ^ transitoriedad=2 ^ sensitividad=5,1.972726,1.263004,0.952652,0.000024,1.925986,0.500000
r18=1 ^ r26=1 ^ r27=0 ^ sensitividad=5,freq ceros=5 ^ width=5 ^ pasos=1 ^ simetria=2 ^ transitoriedad=2,1.972726,0.360051,0.951674,0.000019,1.966738,0.500000
r27=0 ^ freq unos=3 ^ width=5 ^ entropia=3,freq ceros=5 ^ pasos=1 ^ simetria=2 ^ transitoriedad=2 ^ sensitividad=5 ^ time entropy=3,1.987932,0.665340,0.976628,0.000011,1.981916,0.333333
r27=0 ^ transitoriedad=2,freq ceros=5 ^ width=5 ^ pasos=1 ^ simetria=2,1.818964,1.387862,0.748563,0.000009,1.408512,1.000000
r27=0 ^ freq unos=3 ^ width=5 ^ entropia=3,freq ceros=5 ^ pasos=1 ^ simetria=2 ^ transitoriedad=2 ^ sensitividad=5 ^ time entropy=3,1.987932,0.665340,0.976628,0.000011,1.981916,0.333333
r9=2 ^ r18=2 ^ r26=1 ^ r27=0,freq ceros=5 ^ width=5 ^ pasos=1 ^ simetria=2 ^ transitoriedad=2,1.974994,0.000000,0.954665,0.000016,1.974994,0.500000
r27=0,freq ceros=5 ^ freq unos=3 ^ freq dos=4 ^ width=5 ^ pasos=1 ^ simetria=2 ^ transitoriedad=2 ^ sensitividad=5,1.974802,1.924379,0.966406,0.000078,1.333574,0.500000
r9=2 ^ r18=2 ^ r26=1 ^ r27=0,freq ceros=5 ^ width=5 ^ pasos=1 ^ simetria=2 ^ transitoriedad=2,1.974994,0.000000,0.954665,0.000016,1.974994,0.500000
r27=2 ^ transitoriedad=2,pasos=1 ^ simetria=2,1.410510,0.012200,0.904785,0.000058,1.406892,1.333333
r27=0 ^ width=5,freq ceros=5 ^ pasos=1,1.794556,0.000000,0.668432,0.000004,1.794556,1.333333
r27=0 ^ width=5 ^ simetria=2,freq ceros=5 ^ pasos=1 ^ transitoriedad=2,1.818964,0.000000,0.707824,0.000005,1.818964,1.000000
r18=1 ^ r26=1 ^ r27=0 ^ simetria=2,freq ceros=5 ^ width=5 ^ pasos=1 ^ transitoriedad=2,1.948102,0.000000,0.907251,0.000009,1.948102,0.666667
r9=2 ^ r18=2 ^ r26=1 ^ r27=0,freq ceros=5 ^ width=5 ^ pasos=1 ^ simetria=2 ^ transitoriedad=2,1.974994,0.000000,0.954665,0.000016,1.974994,0.500000
r27=0 ^ width=5 ^ transitoriedad=2,freq ceros=5 ^ pasos=1,1.794556,0.000000,0.668432,0.000004,1.794556,1.166667
r27=0 ^ width=5 ^ simetria=2 ^ transitoriedad=2,freq ceros=5 ^ pasos=1,1.818964,0.000000,0.707824,0.000005,1.818964,1.000000
r26=1 ^ r27=0 ^ width=5 ^ simetria=2,freq ceros=5 ^ pasos=1 ^ transitoriedad=2,1.898506,0.000000,0.836198,0.000009,1.898506,0.833333
r9=2 ^ r18=2 ^ r26=1 ^ r27=0,freq ceros=5 ^ width=5 ^ pasos=1 ^ simetria=2 ^ transitoriedad=2,1.974994,0.000000,0.954665,0.000016,1.974994,0.500000
r8=2,pasos=1 ^ simetria=2 ^ transitoriedad=2,1.418636,0.255514,0.999156,0.716742,1.333484,1.333333
r5=1 ^ r11=0 ^ r16=1 ^ r22=2,pasos=1 ^ simetria=2,1.977326,0.167461,0.999869,0.950448,1.975254,1.000000
r9=2 ^ r18=2 ^ r26=1 ^ r27=0,freq ceros=5 ^ width=5 ^ pasos=1 ^ simetria=2 ^ transitoriedad=2,1.974994,0.000000,0.954665,0.000016,1.974994,0.500000
r9=2 ^ r18=2 ^ r26=1 ^ r27=0,freq ceros=5 ^ width=5 ^ pasos=1 ^ simetria=2 ^ transitoriedad=2,1.974994,0.000000,0.954665,0.000016,1.974994,0.500000
r8=2 ^ r26=1 ^ r27=0 ^ freq ceros=5,pasos=1 ^ simetria=2 ^ transitoriedad=2,1.948928,0.254903,0.999890,1.616536,1.941468,0.833333
r9=2 ^ r18=2 ^ r26=1 ^ r27=0,freq ceros=5 ^ width=5 ^ pasos=1 ^ simetria=2 ^ transitoriedad=2,1.974994,0.000000,0.954665,0.000016,1.974994,0.500000
r18=0 ^ transitoriedad=2,pasos=1 ^ simetria=2,1.431578,0.020112,0.912364,0.000067,1.425804,1.333333
r18=1 ^ r27=0,pasos=1 ^ transitoriedad=2,1.778532,0.000000,0.951585,0.000131,1.778532,1.333333
r26=1 ^ r27=0 ^ width=5 ^ simetria=2,freq ceros=5 ^ pasos=1 ^ transitoriedad=2,1.898506,0.000000,0.836198,0.000009,1.898506,0.833333
r9=2 ^ r18=2 ^ r26=1 ^ r27=0,freq ceros=5 ^ width=5 ^ pasos=1 ^ simetria=2 ^ transitoriedad=2,1.974994,0.000000,0.954665,0.000016,1.974994,0.500000
r16=2,pasos=1 ^ simetria=2 ^ transitoriedad=2,1.417842,0.254702,0.998614,0.343249,1.332884,1.333333
r5=2 ^ r11=0 ^ r16=1 ^ r22=2,pasos=1,1.976198,0.058723,0.999879,0.577319,1.975478,1.166667
r9=2 ^ r18=2 ^ r26=1 ^ r27=0,freq ceros=5 ^ width=5 ^ pasos=1 ^ simetria=2 ^ transitoriedad=2,1.974994,0.000000,0.954665,0.000016,1.974994,0.500000
r11=0 ^ r22=1,pasos=1 ^ simetria=2 ^ transitoriedad=2,1.805948,0.254881,0.999578,0.996046,1.777606,1.166667
r4=0 ^ r18=1 ^ r27=0 ^ freq ceros=5,pasos=1 ^ simetria=2 ^ transitoriedad=2,1.947962,0.253583,0.999809,1.175468,1.940406,0.833333
r5=1 ^ r18=1 ^ r27=0 ^ freq ceros=5,pasos=1 ^ simetria=2 ^ transitoriedad=2,1.949630,0.259141,1.000137,1.458565,1.942132,0.833333
r27=0 ^ freq ceros=5 ^ simetria=2 ^ transitoriedad=2,pasos=1,1.648702,0.000000,0.977633,0.000285,1.648702,1.166667
r27=0 ^ freq ceros=5 ^ width=5 ^ entropia=5,pasos=1 ^ simetria=2 ^ transitoriedad=2,1.910822,0.026511,0.979189,0.000357,1.909624,0.833333
r9=2 ^ r18=2 ^ r26=1 ^ r27=0,freq ceros=5 ^ width=5 ^ pasos=1 ^ simetria=2 ^ transitoriedad=2,1.974994,0.000000,0.954665,0.000016,1.974994,0.500000
r18=1 ^ r27=0 ^ freq ceros=5,pasos=1 ^ simetria=2 ^ transitoriedad=2,1.845738,0.250780,0.998942,0.227799,1.823622,1.000000
r9=2 ^ r18=2 ^ r26=1 ^ r27=0,freq ceros=5 ^ width=5 ^ pasos=1 ^ simetria=2 ^ transitoriedad=2,1.974994,0.000000,0.954665,0.000016,1.974994,0.500000
r9=2 ^ r18=2 ^ r26=1 ^ r27=0,freq ceros=5 ^ width=5 ^ pasos=1 ^ simetria=2 ^ transitoriedad=2,1.974994,0.000000,0.954665,0.000016,1.974994,0.500000
r9=2 ^ r18=2 ^ r26=1 ^ r27=0,freq ceros=5 ^ width=5 ^ pasos=1 ^ simetria=2 ^ transitoriedad=2,1.974994,0.000000,0.954665,0.000016,1.974994,0.500000
r9=2 ^ r18=2 ^ r26=1 ^ r27=0,freq ceros=5 ^ width=5 ^ pasos=1 ^ simetria=2 ^ transitoriedad=2,1.974994,0.000000,0.954665,0.000016,1.974994,0.500000
r9=2 ^ r18=2 ^ r26=1 ^ r27=0,freq ceros=5 ^ width=5 ^ pasos=1 ^ simetria=2 ^ transitoriedad=2,1.974994,0.000000,0.954665,0.000016,1.974994,0.500000
r9=2 ^ r18=2 ^ r26=1 ^ r27=0,freq ceros=5 ^ width=5 ^ pasos=1 ^ simetria=2 ^ transitoriedad=2,1.974994,0.000000,0.954665,0.000016,1.974994,0.500000
r27=0 ^ transitoriedad=2,freq ceros=5 ^ pasos=1,1.623404,0.726615,0.475176,0.000004,1.408512,1.333333
r26=1 ^ r27=0,freq ceros=5 ^ pasos=1 ^ transitoriedad=2,1.822632,0.407685,0.731277,0.000007,1.777220,1.166667
r26=1 ^ r27=0 ^ width=5 ^ transitoriedad=2,freq ceros=5 ^ pasos=1 ^ simetria=2,1.898506,0.357835,0.841430,0.000011,1.876390,0.833333
r18=1 ^ r24=1 ^ r26=1 ^ r27=0,freq ceros=5 ^ width=5 ^ pasos=1 ^ simetria=2 ^ transitoriedad=2,1.978412,0.250851,0.961441,0.000022,1.975316,0.500000
r27=0 ^ simetria=2 ^ transitoriedad=2,freq ceros=5 ^ pasos=1,1.648702,0.757382,0.515705,0.000004,1.434584,1.166667
r27=0 ^ width=5,freq ceros=5 ^ pasos=1 ^ simetria=2 ^ transitoriedad=2,1.818964,0.237612,0.711753,0.000005,1.794556,1.000000
r18=1 ^ r26=1 ^ r27=0 ^ sensitividad=5,freq ceros=5 ^ width=5 ^ pasos=1 ^ simetria=2 ^ transitoriedad=2,1.972726,0.360051,0.951674,0.000019,1.966738,0.500000
r4=2 ^ r16=2,pasos=1 ^ simetria=2 ^ transitoriedad=2,1.805948,0.254740,0.999546,0.924488,1.777624,1.166667
r8=2 ^ r18=1 ^ r27=0 ^ freq ceros=5,pasos=1 ^ simetria=2 ^ transitoriedad=2,1.948462,0.252890,0.999770,0.986401,1.941002,0.833333
r18=1 ^ r26=1 ^ r27=0 ^ entropia=5,freq ceros=5 ^ width=5 ^ pasos=1 ^ simetria=2 ^ transitoriedad=2,1.974936,0.078356,0.954751,0.000017,1.973914,0.500000
r27=0 ^ freq ceros=5,pasos=1 ^ simetria=2 ^ transitoriedad=2,1.648702,0.134351,0.953894,0.000257,1.623404,1.166667
r18=1 ^ width=5 ^ simetria=2,freq ceros=5 ^ pasos=1 ^ transitoriedad=2,1.897764,0.479106,0.847435,0.000013,1.865558,1.000000
r18=1 ^ r26=1 ^ r27=0 ^ sensitividad=5,freq ceros=5 ^ width=5 ^ pasos=1 ^ simetria=2 ^ transitoriedad=2,1.972726,0.360051,0.951674,0.000019,1.966738,0.500000
r8=2 ^ r24=0,pasos=1 ^ simetria=2 ^ transitoriedad=2,1.806292,0.260368,1.000799,0.434392,1.777300,1.166667
r5=2 ^ r18=1 ^ r27=0 ^ freq ceros=5,pasos=1 ^ simetria=2 ^ transitoriedad=2,1.949016,0.250438,0.999630,0.540915,1.941718,0.833333
r8=2 ^ r18=1 ^ r27=0 ^ freq ceros=5,pasos=1 ^ simetria=2 ^ transitoriedad=2,1.948462,0.252890,0.999770,0.986401,1.941002,0.833333
r27=0 ^ freq ceros=5 ^ width=5 ^ transitoriedad=2,pasos=1 ^ simetria=2,1.818964,0.237612,1.013328,0.001309,1.794556,1.000000
r18=1 ^ r26=1 ^ r27=0 ^ sensitividad=5,freq ceros=5 ^ width=5 ^ pasos=1 ^ simetria=2 ^ transitoriedad=2,1.972726,0.360051,0.951674,0.000019,1.966738,0.500000
r18=1 ^ r26=1 ^ r27=0 ^ sensitividad=5,freq ceros=5 ^ width=5 ^ pasos=1 ^ simetria=2 ^ transitoriedad=2,1.972726,0.360051,0.951674,0.000019,1.966738,0.500000
r18=1 ^ r26=2 ^ r27=0 ^ sensitividad=5,freq ceros=5 ^ width=5 ^ pasos=1 ^ simetria=2 ^ transitoriedad=2,1.974674,0.120101,0.954388,0.000017,1.973056,0.500000
r27=0 ^ transitoriedad=2,freq ceros=5 ^ pasos=1 ^ simetria=2,1.648702,0.812155,0.509950,0.000004,1.408512,1.166667
r27=0 ^ freq ceros=5 ^ simetria=2,width=5 ^ pasos=1 ^ transitoriedad=2,1.818964,0.969331,0.758867,0.000011,1.648702,1.000000
r27=0 ^ freq unos=3 ^ width=5 ^ entropia=3,freq ceros=5 ^ pasos=1 ^ simetria=2 ^ transitoriedad=2 ^ sensitividad=5 ^ time entropy=3,1.987932,0.665340,0.976628,0.000011,1.981916,0.333333
r27=0 ^ transitoriedad=2,freq ceros=5 ^ pasos=1 ^ simetria=2,1.648702,0.812155,0.509950,0.000004,1.408512,1.166667
r26=1 ^ r27=0 ^ freq unos=3 ^ width=5,freq ceros=5 ^ pasos=1 ^ simetria=2 ^ transitoriedad=2 ^ sensitividad=5,1.977182,0.689901,0.959381,0.000022,1.965166,0.500000
r18=2 ^ r26=1 ^ r27=0 ^ sensitividad=5,freq ceros=5 ^ width=5 ^ pasos=1 ^ simetria=2 ^ transitoriedad=2,1.974516,0.115646,0.954091,0.000017,1.972952,0.500000
r27=0 ^ freq ceros=5 ^ transitoriedad=2,width=5 ^ pasos=1 ^ simetria=2,1.818964,1.038567,0.756114,0.000011,1.623404,1.000000
r26=1 ^ r27=0 ^ width=5 ^ entropia=5,freq ceros=5 ^ pasos=1 ^ simetria=2 ^ transitoriedad=2 ^ sensitividad=5,1.976378,1.091601,0.960247,0.000034,1.947992,0.500000
r27=0 ^ freq unos=3 ^ width=5 ^ entropia=3,freq ceros=5 ^ pasos=1 ^ simetria=2 ^ transitoriedad=2 ^ sensitividad=5 ^ time entropy=3,1.987932,0.665340,0.976628,0.000011,1.981916,0.333333
r18=1 ^ r26=1 ^ r27=0 ^ time entropy=3,freq ceros=5 ^ width=5 ^ pasos=1 ^ simetria=2 ^ transitoriedad=2 ^ sensitividad=5,1.991282,0.599068,0.983775,0.000035,1.987554,0.333333
r27=0 ^ transitoriedad=2,freq ceros=5 ^ width=5 ^ pasos=1 ^ simetria=2,1.818964,1.387862,0.748563,0.000009,1.408512,1.000000
r26=1 ^ r27=0 ^ simetria=2,freq ceros=5 ^ width=5 ^ pasos=1 ^ transitoriedad=2 ^ sensitividad=5,1.947242,1.474166,0.915309,0.000020,1.799336,0.666667
r27=0 ^ transitoriedad=2,freq ceros=5 ^ width=5 ^ pasos=1 ^ simetria=2,1.818964,1.387862,0.748563,0.000009,1.408512,1.000000
r26=2,freq ceros=5 ^ freq unos=3 ^ width=5 ^ pasos=1 ^ simetria=2 ^ transitoriedad=2 ^ sensitividad=5,1.978592,1.935636,0.986950,0.000912,1.334784,0.666667
r27=0,freq ceros=5 ^ freq unos=3 ^ freq dos=4 ^ width=5 ^ pasos=1 ^ simetria=2 ^ transitoriedad=2 ^ sensitividad=5,1.974802,1.924379,0.966406,0.000078,1.333574,0.500000
r27=0 ^ width=5 ^ simetria=2 ^ transitoriedad=2,freq ceros=5 ^ pasos=1,1.818964,0.000000,0.707824,0.000005,1.818964,1.000000
r27=0 ^ width=5 ^ simetria=2 ^ transitoriedad=2,freq ceros=5 ^ pasos=1,1.818964,0.000000,0.707824,0.000005,1.818964,1.000000
r26=1 ^ r27=0 ^ width=5 ^ simetria=2,freq ceros=5 ^ pasos=1 ^ transitoriedad=2,1.898506,0.000000,0.836198,0.000009,1.898506,0.833333
r9=2 ^ r18=2 ^ r26=1 ^ r27=0,freq ceros=5 ^ width=5 ^ pasos=1 ^ simetria=2 ^ transitoriedad=2,1.974994,0.000000,0.954665,0.000016,1.974994,0.500000
r27=0 ^ width=5 ^ simetria=2,freq ceros=5 ^ pasos=1 ^ transitoriedad=2,1.818964,0.000000,0.707824,0.000005,1.818964,1.000000
r26=1 ^ r27=0 ^ width=5 ^ simetria=2,freq ceros=5 ^ pasos=1 ^ transitoriedad=2,1.898506,0.000000,0.836198,0.000009,1.898506,0.833333
r9=2 ^ r18=2 ^ r26=1 ^ r27=0,freq ceros=5 ^ width=5 ^ pasos=1 ^ simetria=2 ^ transitoriedad=2,1.974994,0.000000,0.954665,0.000016,1.974994,0.500000
r9=2 ^ r18=2 ^ r26=1 ^ r27=0,freq ceros=5 ^ width=5 ^ pasos=1 ^ simetria=2 ^ transitoriedad=2,1.974994,0.000000,0.954665,0.000016,1.974994,0.500000
r9=2 ^ r18=2 ^ r26=1 ^ r27=0,freq ceros=5 ^ width=5 ^ pasos=1 ^ simetria=2 ^ transitoriedad=2,1.974994,0.000000,0.954665,0.000016,1.974994,0.500000
r9=2 ^ r18=2 ^ r26=1 ^ r27=0,freq ceros=5 ^ width=5 ^ pasos=1 ^ simetria=2 ^ transitoriedad=2,1.974994,0.000000,0.954665,0.000016,1.974994,0.500000
r27=0 ^ width=5 ^ simetria=2 ^ transitoriedad=2,freq ceros=5 ^ pasos=1,1.818964,0.000000,0.707824,0.000005,1.818964,1.000000
r26=1 ^ r27=0 ^ width=5 ^ simetria=2,freq ceros=5 ^ pasos=1 ^ transitoriedad=2,1.898506,0.000000,0.836198,0.000009,1.898506,0.833333
r9=2 ^ r18=2 ^ r26=1 ^ r27=0,freq ceros=5 ^ width=5 ^ pasos=1 ^ simetria=2 ^ transitoriedad=2,1.974994,0.000000,0.954665,0.000016,1.974994,0.500000
r26=1 ^ r27=0 ^ width=5 ^ simetria=2,freq ceros=5 ^ pasos=1 ^ transitoriedad=2,1.898506,0.000000,0.836198,0.000009,1.898506,0.833333
r9=2 ^ r18=2 ^ r26=1 ^ r27=0,freq ceros=5 ^ width=5 ^ pasos=1 ^ simetria=2 ^ transitoriedad=2,1.974994,0.000000,0.954665,0.000016,1.974994,0.500000
r9=2 ^ r18=2 ^ r26=1 ^ r27=0,freq ceros=5 ^ width=5 ^ pasos=1 ^ simetria=2 ^ transitoriedad=2,1.974994,0.000000,0.954665,0.000016,1.974994,0.500000
r18=1 ^ r26=1 ^ r27=0 ^ simetria=2,freq ceros=5 ^ width=5 ^ pasos=1 ^ transitoriedad=2,1.948102,0.000000,0.907251,0.000009,1.948102,0.666667
r9=2 ^ r18=2 ^ r26=1 ^ r27=0,freq ceros=5 ^ width=5 ^ pasos=1 ^ simetria=2 ^ transitoriedad=2,1.974994,0.000000,0.954665,0.000016,1.974994,0.500000
r9=2 ^ r18=2 ^ r26=1 ^ r27=0,freq ceros=5 ^ width=5 ^ pasos=1 ^ simetria=2 ^ transitoriedad=2,1.974994,0.000000,0.954665,0.000016,1.974994,0.500000
r9=2 ^ r18=2 ^ r26=1 ^ r27=0,freq ceros=5 ^ width=5 ^ pasos=1 ^ simetria=2 ^ transitoriedad=2,1.974994,0.000000,0.954665,0.000016,1.974994,0.500000
r27=0 ^ width=5,freq ceros=5 ^ pasos=1 ^ simetria=2 ^ transitoriedad=2,1.818964,0.237612,0.711753,0.000005,1.794556,1.000000
r26=1 ^ r27=0 ^ width=5,freq ceros=5 ^ pasos=1 ^ simetria=2 ^ transitoriedad=2,1.898506,0.357835,0.841430,0.000011,1.876390,0.833333
r18=1 ^ r26=1 ^ r27=0 ^ sensitividad=5,freq ceros=5 ^ width=5 ^ pasos=1 ^ simetria=2 ^ transitoriedad=2,1.972726,0.360051,0.951674,0.000019,1.966738,0.500000
r27=0 ^ width=5,freq ceros=5 ^ pasos=1 ^ simetria=2 ^ transitoriedad=2,1.818964,0.237612,0.711753,0.000005,1.794556,1.000000
r18=1 ^ r26=1 ^ r27=0 ^ sensitividad=5,freq ceros=5 ^ width=5 ^ pasos=1 ^ simetria=2 ^ transitoriedad=2,1.972726,0.360051,0.951674,0.000019,1.966738,0.500000
r18=2 ^ r26=1 ^ r27=0 ^ sensitividad=5,freq ceros=5 ^ width=5 ^ pasos=1 ^ simetria=2 ^ transitoriedad=2,1.974516,0.115646,0.954091,0.000017,1.972952,0.500000
r26=1 ^ r27=0 ^ width=5,freq ceros=5 ^ pasos=1 ^ simetria=2 ^ transitoriedad=2,1.898506,0.357835,0.841430,0.000011,1.876390,0.833333
r18=1 ^ r26=1 ^ r27=0 ^ sensitividad=5,freq ceros=5 ^ width=5 ^ pasos=1 ^ simetria=2 ^ transitoriedad=2,1.972726,0.360051,0.951674,0.000019,1.966738,0.500000
r18=1 ^ r26=1 ^ r27=0 ^ sensitividad=5,freq ceros=5 ^ width=5 ^ pasos=1 ^ simetria=2 ^ transitoriedad=2,1.972726,0.360051,0.951674,0.000019,1.966738,0.500000
r18=1 ^ r26=1 ^ r27=0 ^ sensitividad=5,freq ceros=5 ^ width=5 ^ pasos=1 ^ simetria=2 ^ transitoriedad=2,1.972726,0.360051,0.951674,0.000019,1.966738,0.500000
r27=0 ^ simetria=2 ^ transitoriedad=2,freq ceros=5 ^ pasos=1,1.648702,0.757382,0.515705,0.000004,1.434584,1.166667
r27=0 ^ freq unos=3 ^ width=5 ^ entropia=3,freq ceros=5 ^ pasos=1 ^ simetria=2 ^ transitoriedad=2 ^ sensitividad=5 ^ time entropy=3,1.987932,0.665340,0.976628,0.000011,1.981916,0.333333
r18=1 ^ r26=1 ^ r27=0 ^ sensitividad=5,freq ceros=5 ^ width=5 ^ pasos=1 ^ simetria=2 ^ transitoriedad=2,1.972726,0.360051,0.951674,0.000019,1.966738,0.500000
r27=0 ^ freq unos=3 ^ width=5 ^ entropia=3,freq ceros=5 ^ pasos=1 ^ simetria=2 ^ transitoriedad=2 ^ sensitividad=5 ^ time entropy=3,1.987932,0.665340,0.976628,0.000011,1.981916,0.333333
r27=0 ^ freq unos=3 ^ width=5 ^ entropia=3,freq ceros=5 ^ pasos=1 ^ simetria=2 ^ transitoriedad=2 ^ sensitividad=5 ^ time entropy=3,1.987932,0.665340,0.976628,0.000011,1.981916,0.333333
r27=0 ^ width=5 ^ simetria=2 ^ transitoriedad=2,freq ceros=5 ^ pasos=1,1.818964,0.000000,0.707824,0.000005,1.818964,1.000000
r18=1 ^ r26=1 ^ r27=0 ^ simetria=2,freq ceros=5 ^ width=5 ^ pasos=1 ^ transitoriedad=2,1.948102,0.000000,0.907251,0.000009,1.948102,0.666667
r9=2 ^ r18=2 ^ r26=1 ^ r27=0,freq ceros=5 ^ width=5 ^ pasos=1 ^ simetria=2 ^ transitoriedad=2,1.974994,0.000000,0.954665,0.000016,1.974994,0.500000
r18=1 ^ r26=1 ^ r27=0 ^ simetria=2,freq ceros=5 ^ width=5 ^ pasos=1 ^ transitoriedad=2,1.948102,0.000000,0.907251,0.000009,1.948102,0.666667
r9=2 ^ r18=2 ^ r26=1 ^ r27=0,freq ceros=5 ^ width=5 ^ pasos=1 ^ simetria=2 ^ transitoriedad=2,1.974994,0.000000,0.954665,0.000016,1.974994,0.500000
r9=2 ^ r18=2 ^ r26=1 ^ r27=0,freq ceros=5 ^ width=5 ^ pasos=1 ^ simetria=2 ^ transitoriedad=2,1.974994,0.000000,0.954665,0.000016,1.974994,0.500000
r18=1 ^ r26=1 ^ r27=0 ^ simetria=2,freq ceros=5 ^ width=5 ^ pasos=1 ^ transitoriedad=2,1.948102,0.000000,0.907251,0.000009,1.948102,0.666667
r9=2 ^ r18=2 ^ r26=1 ^ r27=0,freq ceros=5 ^ width=5 ^ pasos=1 ^ simetria=2 ^ transitoriedad=2,1.974994,0.000000,0.954665,0.000016,1.974994,0.500000
r9=2 ^ r18=2 ^ r26=1 ^ r27=0,freq ceros=5 ^ width=5 ^ pasos=1 ^ simetria=2 ^ transitoriedad=2,1.974994,0.000000,0.954665,0.000016,1.974994,0.500000
r9=2 ^ r18=2 ^ r26=1 ^ r27=0,freq ceros=5 ^ width=5 ^ pasos=1 ^ simetria=2 ^ transitoriedad=2,1.974994,0.000000,0.954665,0.000016,1.974994,0.500000
r26=1 ^ r27=0 ^ width=5 ^ sensitividad=5,freq ceros=5 ^ pasos=1 ^ simetria=2 ^ transitoriedad=2,1.947242,0.203861,0.915594,0.000019,1.941254,0.666667
r18=1 ^ r26=1 ^ r27=0 ^ sensitividad=5,freq ceros=5 ^ width=5 ^ pasos=1 ^ simetria=2 ^ transitoriedad=2,1.972726,0.360051,0.951674,0.000019,1.966738,0.500000
r18=2 ^ r26=1 ^ r27=0 ^ sensitividad=5,freq ceros=5 ^ width=5 ^ pasos=1 ^ simetria=2 ^ transitoriedad=2,1.974516,0.115646,0.954091,0.000017,1.972952,0.500000
r18=1 ^ r24=1 ^ r26=1 ^ r27=0,freq ceros=5 ^ width=5 ^ pasos=1 ^ simetria=2 ^ transitoriedad=2,1.978412,0.250851,0.961441,0.000022,1.975316,0.500000
r18=1 ^ r26=1 ^ r27=0 ^ sensitividad=5,freq ceros=5 ^ width=5 ^ pasos=1 ^ simetria=2 ^ transitoriedad=2,1.972726,0.360051,0.951674,0.000019,1.966738,0.500000
r9=2 ^ r18=2 ^ r26=1 ^ r27=0,freq ceros=5 ^ width=5 ^ pasos=1 ^ simetria=2 ^ transitoriedad=2,1.974994,0.000000,0.954665,0.000016,1.974994,0.500000
r9=2 ^ r18=2 ^ r26=1 ^ r27=0,freq ceros=5 ^ width=5 ^ pasos=1 ^ simetria=2 ^ transitoriedad=2,1.974994,0.000000,0.954665,0.000016,1.974994,0.500000
r9=2 ^ r18=2 ^ r26=1 ^ r27=0,freq ceros=5 ^ width=5 ^ pasos=1 ^ simetria=2 ^ transitoriedad=2,1.974994,0.000000,0.954665,0.000016,1.974994,0.500000
r9=2 ^ r18=2 ^ r26=1 ^ r27=0,freq ceros=5 ^ width=5 ^ pasos=1 ^ simetria=2 ^ transitoriedad=2,1.974994,0.000000,0.954665,0.000016,1.974994,0.500000
r18=2 ^ r26=1 ^ r27=0 ^ sensitividad=5,freq ceros=5 ^ width=5 ^ pasos=1 ^ simetria=2 ^ transitoriedad=2,1.974516,0.115646,0.954091,0.000017,1.972952,0.500000
r9=2 ^ r18=2 ^ r26=1 ^ r27=0,freq ceros=5 ^ width=5 ^ pasos=1 ^ simetria=2 ^ transitoriedad=2,1.974994,0.000000,0.954665,0.000016,1.974994,0.500000
